DATE,BFLY
06/20/1986,100.000000
06/23/1986,100.000000
06/24/1986,100.000000
06/25/1986,100.000000
06/26/1986,100.000000
06/27/1986,100.000000
06/30/1986,100.000000
07/01/1986,100.170000
07/02/1986,100.310000
07/03/1986,100.680000
07/07/1986,98.880000
07/08/1986,98.330000
07/09/1986,98.900000
07/10/1986,99.330000
07/11/1986,98.860000
07/14/1986,96.650000
07/15/1986,95.470000
07/16/1986,95.170000
07/17/1986,95.070000
07/18/1986,95.240000
07/21/1986,95.120000
07/22/1986,95.550000
07/23/1986,95.420000
07/24/1986,95.580000
07/25/1986,96.170000
07/28/1986,95.440000
07/29/1986,95.410000
07/30/1986,96.110000
07/31/1986,96.180000
08/01/1986,95.770000
08/04/1986,96.380000
08/05/1986,96.600000
08/06/1986,96.810000
08/07/1986,97.060000
08/08/1986,97.130000
08/11/1986,97.700000
08/12/1986,97.620000
08/13/1986,96.990000
08/14/1986,96.440000
08/15/1986,96.250000
08/18/1986,96.530000
08/19/1986,96.420000
08/20/1986,96.840000
08/21/1986,96.830000
08/22/1986,97.080000
08/25/1986,97.000000
08/26/1986,97.240000
08/27/1986,97.340000
08/28/1986,97.450000
08/29/1986,97.570000
09/02/1986,97.500000
09/03/1986,97.770000
09/04/1986,97.680000
09/05/1986,97.850000
09/08/1986,97.940000
09/09/1986,98.060000
09/10/1986,97.970000
09/11/1986,93.510000
09/12/1986,92.710000
09/15/1986,92.310000
09/16/1986,92.330000
09/17/1986,92.060000
09/18/1986,92.500000
09/19/1986,92.120000
09/22/1986,92.610000
09/23/1986,92.790000
09/24/1986,92.700000
09/25/1986,92.230000
09/26/1986,92.410000
09/29/1986,92.150000
09/30/1986,92.430000
10/01/1986,92.900000
10/02/1986,92.850000
10/03/1986,93.050000
10/06/1986,93.360000
10/07/1986,93.580000
10/08/1986,94.020000
10/09/1986,94.050000
10/10/1986,94.500000
10/13/1986,95.010000
10/14/1986,95.540000
10/15/1986,95.150000
10/16/1986,95.280000
10/17/1986,95.430000
10/20/1986,95.120000
10/21/1986,95.180000
10/22/1986,95.360000
10/23/1986,96.010000
10/24/1986,96.050000
10/27/1986,96.310000
10/28/1986,96.330000
10/29/1986,96.420000
10/30/1986,96.700000
10/31/1986,96.730000
11/03/1986,96.720000
11/04/1986,96.580000
11/05/1986,96.520000
11/06/1986,96.950000
11/07/1986,96.970000
11/10/1986,96.940000
11/11/1986,96.830000
11/12/1986,97.080000
11/13/1986,98.270000
11/14/1986,97.850000
11/17/1986,98.670000
11/18/1986,98.630000
11/19/1986,99.360000
11/20/1986,100.030000
11/21/1986,97.720000
11/24/1986,98.120000
11/25/1986,98.370000
11/26/1986,98.390000
11/28/1986,98.420000
12/01/1986,98.660000
12/02/1986,98.530000
12/03/1986,98.550000
12/04/1986,98.520000
12/05/1986,98.740000
12/08/1986,98.950000
12/09/1986,99.120000
12/10/1986,99.280000
12/11/1986,99.330000
12/12/1986,99.440000
12/15/1986,99.850000
12/16/1986,100.400000
12/17/1986,100.210000
12/18/1986,100.310000
12/19/1986,102.140000
12/22/1986,102.400000
12/23/1986,102.300000
12/24/1986,102.680000
12/26/1986,102.860000
12/29/1986,102.300000
12/30/1986,102.360000
12/31/1986,101.630000
01/02/1987,103.470000
01/05/1987,104.020000
01/06/1987,104.380000
01/07/1987,103.530000
01/08/1987,103.420000
01/09/1987,102.310000
01/12/1987,101.460000
01/13/1987,101.540000
01/14/1987,99.870000
01/15/1987,98.290000
01/16/1987,97.790000
01/19/1987,98.360000
01/20/1987,98.050000
01/21/1987,97.960000
01/22/1987,98.620000
01/23/1987,97.550000
01/26/1987,98.190000
01/27/1987,98.460000
01/28/1987,98.590000
01/29/1987,98.730000
01/30/1987,98.770000
02/02/1987,98.970000
02/03/1987,99.070000
02/04/1987,99.170000
02/05/1987,98.970000
02/06/1987,99.180000
02/09/1987,99.280000
02/10/1987,99.350000
02/11/1987,99.260000
02/12/1987,99.180000
02/13/1987,99.190000
02/17/1987,99.110000
02/18/1987,99.420000
02/19/1987,99.050000
02/20/1987,99.310000
02/23/1987,99.210000
02/24/1987,99.180000
02/25/1987,99.420000
02/26/1987,99.590000
02/27/1987,99.550000
03/02/1987,99.570000
03/03/1987,100.030000
03/04/1987,100.770000
03/05/1987,101.060000
03/06/1987,101.480000
03/09/1987,101.410000
03/10/1987,101.830000
03/11/1987,101.910000
03/12/1987,102.140000
03/13/1987,102.410000
03/16/1987,102.550000
03/17/1987,102.690000
03/18/1987,102.980000
03/19/1987,102.790000
03/20/1987,100.820000
03/23/1987,101.590000
03/24/1987,101.630000
03/25/1987,101.630000
03/26/1987,101.720000
03/27/1987,101.050000
03/30/1987,99.730000
03/31/1987,100.290000
04/01/1987,100.620000
04/02/1987,100.950000
04/03/1987,102.430000
04/06/1987,102.760000
04/07/1987,101.920000
04/08/1987,102.050000
04/09/1987,101.160000
04/10/1987,101.050000
04/13/1987,98.480000
04/14/1987,96.030000
04/15/1987,98.030000
04/16/1987,98.870000
04/20/1987,98.570000
04/21/1987,98.950000
04/22/1987,98.700000
04/23/1987,98.770000
04/24/1987,98.340000
04/27/1987,98.210000
04/28/1987,98.400000
04/29/1987,99.000000
04/30/1987,99.720000
05/01/1987,99.960000
05/04/1987,100.170000
05/05/1987,100.290000
05/06/1987,100.450000
05/07/1987,100.540000
05/08/1987,101.030000
05/11/1987,101.320000
05/12/1987,101.600000
05/13/1987,101.890000
05/14/1987,102.550000
05/15/1987,103.490000
05/18/1987,103.430000
05/19/1987,102.770000
05/20/1987,102.730000
05/21/1987,103.060000
05/22/1987,103.240000
05/26/1987,104.410000
05/27/1987,104.660000
05/28/1987,104.960000
05/29/1987,105.100000
06/01/1987,105.170000
06/02/1987,104.930000
06/03/1987,105.210000
06/04/1987,105.220000
06/05/1987,105.550000
06/08/1987,105.470000
06/09/1987,105.540000
06/10/1987,105.590000
06/11/1987,105.300000
06/12/1987,104.360000
06/15/1987,103.880000
06/16/1987,103.290000
06/17/1987,103.110000
06/18/1987,102.640000
06/19/1987,102.130000
06/22/1987,102.710000
06/23/1987,102.580000
06/24/1987,102.540000
06/25/1987,103.020000
06/26/1987,102.800000
06/29/1987,103.090000
06/30/1987,102.700000
07/01/1987,102.490000
07/02/1987,103.170000
07/06/1987,103.260000
07/07/1987,103.980000
07/08/1987,104.350000
07/09/1987,104.430000
07/10/1987,105.100000
07/13/1987,105.360000
07/14/1987,106.000000
07/15/1987,106.080000
07/16/1987,106.150000
07/17/1987,105.330000
07/20/1987,105.170000
07/21/1987,105.020000
07/22/1987,105.020000
07/23/1987,105.120000
07/24/1987,105.400000
07/27/1987,105.780000
07/28/1987,106.000000
07/29/1987,106.490000
07/30/1987,106.380000
07/31/1987,106.400000
08/03/1987,106.130000
08/04/1987,106.330000
08/05/1987,106.250000
08/06/1987,106.230000
08/07/1987,106.400000
08/10/1987,105.960000
08/11/1987,105.680000
08/12/1987,105.870000
08/13/1987,105.550000
08/14/1987,105.560000
08/17/1987,105.550000
08/18/1987,106.010000
08/19/1987,105.620000
08/20/1987,105.770000
08/21/1987,105.430000
08/24/1987,105.390000
08/25/1987,105.590000
08/26/1987,105.650000
08/27/1987,104.980000
08/28/1987,104.400000
08/31/1987,105.130000
09/01/1987,103.440000
09/02/1987,103.240000
09/03/1987,102.760000
09/04/1987,101.830000
09/08/1987,101.190000
09/09/1987,101.100000
09/10/1987,101.780000
09/11/1987,103.080000
09/14/1987,103.090000
09/15/1987,101.620000
09/16/1987,100.840000
09/17/1987,100.690000
09/18/1987,99.750000
09/21/1987,99.700000
09/22/1987,99.530000
09/23/1987,99.330000
09/24/1987,99.670000
09/25/1987,99.850000
09/28/1987,99.640000
09/29/1987,100.030000
09/30/1987,100.180000
10/01/1987,99.110000
10/02/1987,99.060000
10/05/1987,99.510000
10/06/1987,101.280000
10/07/1987,101.580000
10/08/1987,101.860000
10/09/1987,102.140000
10/12/1987,102.220000
10/13/1987,103.350000
10/14/1987,100.640000
10/15/1987,97.600000
10/16/1987,95.520000
10/19/1987,88.280000
10/20/1987,90.990000
10/21/1987,92.440000
10/22/1987,99.080000
10/23/1987,96.020000
10/26/1987,87.730000
10/27/1987,93.380000
10/28/1987,90.280000
10/29/1987,96.470000
10/30/1987,94.530000
11/02/1987,95.630000
11/03/1987,93.880000
11/04/1987,97.350000
11/05/1987,95.570000
11/06/1987,92.530000
11/09/1987,94.160000
11/10/1987,96.180000
11/11/1987,94.850000
11/12/1987,94.970000
11/13/1987,94.210000
11/16/1987,91.600000
11/17/1987,91.280000
11/18/1987,91.630000
11/19/1987,93.580000
11/20/1987,92.660000
11/23/1987,92.830000
11/24/1987,93.240000
11/25/1987,93.120000
11/27/1987,92.960000
11/30/1987,92.130000
12/01/1987,92.650000
12/02/1987,92.590000
12/03/1987,91.290000
12/04/1987,90.800000
12/07/1987,92.010000
12/08/1987,93.340000
12/09/1987,93.680000
12/10/1987,92.630000
12/11/1987,93.250000
12/14/1987,94.670000
12/15/1987,95.130000
12/16/1987,95.830000
12/17/1987,96.350000
12/18/1987,96.210000
12/21/1987,95.750000
12/22/1987,96.540000
12/23/1987,96.400000
12/24/1987,96.440000
12/28/1987,96.460000
12/29/1987,96.740000
12/30/1987,97.060000
12/31/1987,96.940000
01/04/1988,96.540000
01/05/1988,96.340000
01/06/1988,96.460000
01/07/1988,95.680000
01/08/1988,96.810000
01/11/1988,97.770000
01/12/1988,98.250000
01/13/1988,98.590000
01/14/1988,98.330000
01/15/1988,101.940000
01/18/1988,102.190000
01/19/1988,101.910000
01/20/1988,101.450000
01/21/1988,101.380000
01/22/1988,101.990000
01/25/1988,102.550000
01/26/1988,102.110000
01/27/1988,102.280000
01/28/1988,102.590000
01/29/1988,103.160000
02/01/1988,102.990000
02/02/1988,103.170000
02/03/1988,103.040000
02/04/1988,102.970000
02/05/1988,102.940000
02/08/1988,102.960000
02/09/1988,103.650000
02/10/1988,103.900000
02/11/1988,103.970000
02/12/1988,104.460000
02/16/1988,104.590000
02/17/1988,105.050000
02/18/1988,105.900000
02/19/1988,104.650000
02/22/1988,105.390000
02/23/1988,104.980000
02/24/1988,105.100000
02/25/1988,104.880000
02/26/1988,105.170000
02/29/1988,105.390000
03/01/1988,105.460000
03/02/1988,105.600000
03/03/1988,105.700000
03/04/1988,105.650000
03/07/1988,106.070000
03/08/1988,106.140000
03/09/1988,106.170000
03/10/1988,106.300000
03/11/1988,106.930000
03/14/1988,107.070000
03/15/1988,107.530000
03/16/1988,107.120000
03/17/1988,107.000000
03/18/1988,107.000000
03/21/1988,106.830000
03/22/1988,106.950000
03/23/1988,107.110000
03/24/1988,106.390000
03/25/1988,105.360000
03/28/1988,105.500000
03/29/1988,105.880000
03/30/1988,105.340000
03/31/1988,105.520000
04/04/1988,104.710000
04/05/1988,104.760000
04/06/1988,107.320000
04/07/1988,107.410000
04/08/1988,108.620000
04/11/1988,108.990000
04/12/1988,109.700000
04/13/1988,109.890000
04/14/1988,104.380000
04/15/1988,104.290000
04/18/1988,104.080000
04/19/1988,103.890000
04/20/1988,104.260000
04/21/1988,104.620000
04/22/1988,104.510000
04/25/1988,104.740000
04/26/1988,104.490000
04/27/1988,104.500000
04/28/1988,104.690000
04/29/1988,105.020000
05/02/1988,105.240000
05/03/1988,105.300000
05/04/1988,105.740000
05/05/1988,105.760000
05/06/1988,106.400000
05/09/1988,106.730000
05/10/1988,106.940000
05/11/1988,106.030000
05/12/1988,106.300000
05/13/1988,107.270000
05/16/1988,107.790000
05/17/1988,107.270000
05/18/1988,105.250000
05/19/1988,106.310000
05/20/1988,106.810000
05/23/1988,107.010000
05/24/1988,106.890000
05/25/1988,107.130000
05/26/1988,107.510000
05/27/1988,107.700000
05/31/1988,106.560000
06/01/1988,105.610000
06/02/1988,105.940000
06/03/1988,105.600000
06/06/1988,105.840000
06/07/1988,106.090000
06/08/1988,104.350000
06/09/1988,104.690000
06/10/1988,104.220000
06/13/1988,104.130000
06/14/1988,103.180000
06/15/1988,102.940000
06/16/1988,103.640000
06/17/1988,102.620000
06/20/1988,102.500000
06/21/1988,103.110000
06/22/1988,103.250000
06/23/1988,103.280000
06/24/1988,103.080000
06/27/1988,102.670000
06/28/1988,103.310000
06/29/1988,103.440000
06/30/1988,103.770000
07/01/1988,103.710000
07/05/1988,104.570000
07/06/1988,104.160000
07/07/1988,104.270000
07/08/1988,104.340000
07/11/1988,104.940000
07/12/1988,104.200000
07/13/1988,105.240000
07/14/1988,105.760000
07/15/1988,106.480000
07/18/1988,106.210000
07/19/1988,106.040000
07/20/1988,106.290000
07/21/1988,105.650000
07/22/1988,105.520000
07/25/1988,105.720000
07/26/1988,106.110000
07/27/1988,105.520000
07/28/1988,106.360000
07/29/1988,107.060000
08/01/1988,107.680000
08/02/1988,107.670000
08/03/1988,107.970000
08/04/1988,107.960000
08/05/1988,108.130000
08/08/1988,107.970000
08/09/1988,107.260000
08/10/1988,105.790000
08/11/1988,106.080000
08/12/1988,105.520000
08/15/1988,104.360000
08/16/1988,104.910000
08/17/1988,104.680000
08/18/1988,104.930000
08/19/1988,104.310000
08/22/1988,103.790000
08/23/1988,104.050000
08/24/1988,104.740000
08/25/1988,104.500000
08/26/1988,104.600000
08/29/1988,105.320000
08/30/1988,105.490000
08/31/1988,105.440000
09/01/1988,104.850000
09/02/1988,106.090000
09/06/1988,106.400000
09/07/1988,106.540000
09/08/1988,106.560000
09/09/1988,106.760000
09/12/1988,107.200000
09/13/1988,107.020000
09/14/1988,106.850000
09/15/1988,107.490000
09/16/1988,106.650000
09/19/1988,106.450000
09/20/1988,106.700000
09/21/1988,106.870000
09/22/1988,106.710000
09/23/1988,106.980000
09/26/1988,106.830000
09/27/1988,106.760000
09/28/1988,107.050000
09/29/1988,107.890000
09/30/1988,107.710000
10/03/1988,107.740000
10/04/1988,107.940000
10/05/1988,108.000000
10/06/1988,108.190000
10/07/1988,108.650000
10/10/1988,108.890000
10/11/1988,108.910000
10/12/1988,108.720000
10/13/1988,109.100000
10/14/1988,109.300000
10/17/1988,109.580000
10/18/1988,109.290000
10/19/1988,109.650000
10/20/1988,108.900000
10/21/1988,108.860000
10/24/1988,108.810000
10/25/1988,108.810000
10/26/1988,108.690000
10/27/1988,108.220000
10/28/1988,108.530000
10/31/1988,108.610000
11/01/1988,108.840000
11/02/1988,109.170000
11/03/1988,108.960000
11/04/1988,108.320000
11/07/1988,107.860000
11/08/1988,107.970000
11/09/1988,107.760000
11/10/1988,107.520000
11/11/1988,105.190000
11/14/1988,105.000000
11/15/1988,104.970000
11/16/1988,103.210000
11/17/1988,103.320000
11/18/1988,103.460000
11/21/1988,103.810000
11/22/1988,104.140000
11/23/1988,104.240000
11/25/1988,104.050000
11/28/1988,104.580000
11/29/1988,104.960000
11/30/1988,104.820000
12/01/1988,104.880000
12/02/1988,105.120000
12/05/1988,105.000000
12/06/1988,104.450000
12/07/1988,104.410000
12/08/1988,104.690000
12/09/1988,104.610000
12/12/1988,104.840000
12/13/1988,105.120000
12/14/1988,105.470000
12/15/1988,105.920000
12/16/1988,105.250000
12/19/1988,105.530000
12/20/1988,105.360000
12/21/1988,105.520000
12/22/1988,105.560000
12/23/1988,105.700000
12/27/1988,105.690000
12/28/1988,105.920000
12/29/1988,106.100000
12/30/1988,106.070000
01/03/1989,106.210000
01/04/1989,106.720000
01/05/1989,106.710000
01/06/1989,106.960000
01/09/1989,107.080000
01/10/1989,107.320000
01/11/1989,107.300000
01/12/1989,107.180000
01/13/1989,107.430000
01/16/1989,107.330000
01/17/1989,107.730000
01/18/1989,106.550000
01/19/1989,106.680000
01/20/1989,106.840000
01/23/1989,106.650000
01/24/1989,107.160000
01/25/1989,107.310000
01/26/1989,106.770000
01/27/1989,106.440000
01/30/1989,106.650000
01/31/1989,106.530000
02/01/1989,106.700000
02/02/1989,106.760000
02/03/1989,106.780000
02/06/1989,107.140000
02/07/1989,106.140000
02/08/1989,106.270000
02/09/1989,107.110000
02/10/1989,108.470000
02/13/1989,108.740000
02/14/1989,109.250000
02/15/1989,108.870000
02/16/1989,108.740000
02/17/1989,107.950000
02/21/1989,108.070000
02/22/1989,107.450000
02/23/1989,107.590000
02/24/1989,106.320000
02/27/1989,106.690000
02/28/1989,107.020000
03/01/1989,106.390000
03/02/1989,107.610000
03/03/1989,108.010000
03/06/1989,109.330000
03/07/1989,109.230000
03/08/1989,109.400000
03/09/1989,109.370000
03/10/1989,109.110000
03/13/1989,110.190000
03/14/1989,110.200000
03/15/1989,111.050000
03/16/1989,112.010000
03/17/1989,108.990000
03/20/1989,109.100000
03/21/1989,109.500000
03/22/1989,109.460000
03/23/1989,109.470000
03/27/1989,109.680000
03/28/1989,110.100000
03/29/1989,110.260000
03/30/1989,110.360000
03/31/1989,110.460000
04/03/1989,110.570000
04/04/1989,110.710000
04/05/1989,110.700000
04/06/1989,110.850000
04/07/1989,110.980000
04/10/1989,111.090000
04/11/1989,110.970000
04/12/1989,110.750000
04/13/1989,111.350000
04/14/1989,110.790000
04/17/1989,110.850000
04/18/1989,108.770000
04/19/1989,108.280000
04/20/1989,108.520000
04/21/1989,106.620000
04/24/1989,106.680000
04/25/1989,106.560000
04/26/1989,106.640000
04/27/1989,106.700000
04/28/1989,107.010000
05/01/1989,107.170000
05/02/1989,107.230000
05/03/1989,107.350000
05/04/1989,107.410000
05/05/1989,107.700000
05/08/1989,107.740000
05/09/1989,107.450000
05/10/1989,107.690000
05/11/1989,107.940000
05/12/1989,108.130000
05/15/1989,107.610000
05/16/1989,107.920000
05/17/1989,107.150000
05/18/1989,106.650000
05/19/1989,105.590000
05/22/1989,105.730000
05/23/1989,105.740000
05/24/1989,106.070000
05/25/1989,106.140000
05/26/1989,106.510000
05/30/1989,106.450000
05/31/1989,106.750000
06/01/1989,106.980000
06/02/1989,107.140000
06/05/1989,107.340000
06/06/1989,107.650000
06/07/1989,107.480000
06/08/1989,107.360000
06/09/1989,107.620000
06/12/1989,108.170000
06/13/1989,108.500000
06/14/1989,108.620000
06/15/1989,108.230000
06/16/1989,108.700000
06/19/1989,109.000000
06/20/1989,109.120000
06/21/1989,109.150000
06/22/1989,109.360000
06/23/1989,109.030000
06/26/1989,109.340000
06/27/1989,109.240000
06/28/1989,109.530000
06/29/1989,109.260000
06/30/1989,109.100000
07/03/1989,109.460000
07/05/1989,109.910000
07/06/1989,110.170000
07/07/1989,110.520000
07/10/1989,110.530000
07/11/1989,110.090000
07/12/1989,109.850000
07/13/1989,109.820000
07/14/1989,109.420000
07/17/1989,109.400000
07/18/1989,110.120000
07/19/1989,107.980000
07/20/1989,109.530000
07/21/1989,108.060000
07/24/1989,108.080000
07/25/1989,108.110000
07/26/1989,108.540000
07/27/1989,108.450000
07/28/1989,108.570000
07/31/1989,108.440000
08/01/1989,108.760000
08/02/1989,108.450000
08/03/1989,108.360000
08/04/1989,108.750000
08/07/1989,108.060000
08/08/1989,108.210000
08/09/1989,108.680000
08/10/1989,108.360000
08/11/1989,109.190000
08/14/1989,109.850000
08/15/1989,109.830000
08/16/1989,109.800000
08/17/1989,110.530000
08/18/1989,110.110000
08/21/1989,109.600000
08/22/1989,109.870000
08/23/1989,110.450000
08/24/1989,110.370000
08/25/1989,110.520000
08/28/1989,110.630000
08/29/1989,110.810000
08/30/1989,111.040000
08/31/1989,111.070000
09/01/1989,111.180000
09/05/1989,111.490000
09/06/1989,111.770000
09/07/1989,111.990000
09/08/1989,112.430000
09/11/1989,112.740000
09/12/1989,113.160000
09/13/1989,112.610000
09/14/1989,112.080000
09/15/1989,112.690000
09/18/1989,113.190000
09/19/1989,113.110000
09/20/1989,113.190000
09/21/1989,113.300000
09/22/1989,113.510000
09/25/1989,113.280000
09/26/1989,113.660000
09/27/1989,113.690000
09/28/1989,114.030000
09/29/1989,114.220000
10/02/1989,114.460000
10/03/1989,113.880000
10/04/1989,113.510000
10/05/1989,113.580000
10/06/1989,113.330000
10/09/1989,113.310000
10/10/1989,113.250000
10/11/1989,113.780000
10/12/1989,114.460000
10/13/1989,107.700000
10/16/1989,114.990000
10/17/1989,114.040000
10/18/1989,114.740000
10/19/1989,116.430000
10/20/1989,116.900000
10/23/1989,117.030000
10/24/1989,116.860000
10/25/1989,116.820000
10/26/1989,116.260000
10/27/1989,115.740000
10/30/1989,115.890000
10/31/1989,117.110000
11/01/1989,117.580000
11/02/1989,116.730000
11/03/1989,116.760000
11/06/1989,114.850000
11/07/1989,115.740000
11/08/1989,116.660000
11/09/1989,116.260000
11/10/1989,117.330000
11/13/1989,117.820000
11/14/1989,116.780000
11/15/1989,117.940000
11/16/1989,117.850000
11/17/1989,118.470000
11/20/1989,118.280000
11/21/1989,118.490000
11/22/1989,118.840000
11/24/1989,118.940000
11/27/1989,119.110000
11/28/1989,119.160000
11/29/1989,119.160000
11/30/1989,119.360000
12/01/1989,118.710000
12/04/1989,118.910000
12/05/1989,119.240000
12/06/1989,119.670000
12/07/1989,120.150000
12/08/1989,120.170000
12/11/1989,120.500000
12/12/1989,119.390000
12/13/1989,119.340000
12/14/1989,120.170000
12/15/1989,120.990000
12/18/1989,120.080000
12/19/1989,120.010000
12/20/1989,120.070000
12/21/1989,120.370000
12/22/1989,121.170000
12/26/1989,121.210000
12/27/1989,121.550000
12/28/1989,121.910000
12/29/1989,122.010000
01/02/1990,122.060000
01/03/1990,122.050000
01/04/1990,122.040000
01/05/1990,122.270000
01/08/1990,122.560000
01/09/1990,122.190000
01/10/1990,122.010000
01/11/1990,122.650000
01/12/1990,118.510000
01/15/1990,118.080000
01/16/1990,119.390000
01/17/1990,117.590000
01/18/1990,118.520000
01/19/1990,118.980000
01/22/1990,118.370000
01/23/1990,119.110000
01/24/1990,119.130000
01/25/1990,118.210000
01/26/1990,118.130000
01/29/1990,118.120000
01/30/1990,117.950000
01/31/1990,119.380000
02/01/1990,119.450000
02/02/1990,119.940000
02/05/1990,120.500000
02/06/1990,119.780000
02/07/1990,121.390000
02/08/1990,121.430000
02/09/1990,121.860000
02/12/1990,120.070000
02/13/1990,120.720000
02/14/1990,120.990000
02/15/1990,123.140000
02/16/1990,121.810000
02/20/1990,121.610000
02/21/1990,121.760000
02/22/1990,121.670000
02/23/1990,121.440000
02/26/1990,122.780000
02/27/1990,122.780000
02/28/1990,123.390000
03/01/1990,123.440000
03/02/1990,123.510000
03/05/1990,124.050000
03/06/1990,123.890000
03/07/1990,123.940000
03/08/1990,123.510000
03/09/1990,124.580000
03/12/1990,124.780000
03/13/1990,125.600000
03/14/1990,125.950000
03/15/1990,126.060000
03/16/1990,124.170000
03/19/1990,124.360000
03/20/1990,123.940000
03/21/1990,123.880000
03/22/1990,123.180000
03/23/1990,123.670000
03/26/1990,123.890000
03/27/1990,124.690000
03/28/1990,124.590000
03/29/1990,124.630000
03/30/1990,124.380000
04/02/1990,124.500000
04/03/1990,125.010000
04/04/1990,124.840000
04/05/1990,125.120000
04/06/1990,125.180000
04/09/1990,125.610000
04/10/1990,126.070000
04/11/1990,126.350000
04/12/1990,127.020000
04/16/1990,127.270000
04/17/1990,127.600000
04/18/1990,127.000000
04/19/1990,125.880000
04/20/1990,124.620000
04/23/1990,124.570000
04/24/1990,124.630000
04/25/1990,124.780000
04/26/1990,124.910000
04/27/1990,124.570000
04/30/1990,124.890000
05/01/1990,125.010000
05/02/1990,125.250000
05/03/1990,125.420000
05/04/1990,125.650000
05/07/1990,125.710000
05/08/1990,125.650000
05/09/1990,125.690000
05/10/1990,125.760000
05/11/1990,125.170000
05/14/1990,124.980000
05/15/1990,124.970000
05/16/1990,125.030000
05/17/1990,124.950000
05/18/1990,125.000000
05/21/1990,124.670000
05/22/1990,124.760000
05/23/1990,124.510000
05/24/1990,124.500000
05/25/1990,125.500000
05/29/1990,124.630000
05/30/1990,124.790000
05/31/1990,124.820000
06/01/1990,124.310000
06/04/1990,122.770000
06/05/1990,123.460000
06/06/1990,123.960000
06/07/1990,124.950000
06/08/1990,127.270000
06/11/1990,126.360000
06/12/1990,123.690000
06/13/1990,125.060000
06/14/1990,126.240000
06/15/1990,126.830000
06/18/1990,126.310000
06/19/1990,126.840000
06/20/1990,127.090000
06/21/1990,127.270000
06/22/1990,126.770000
06/25/1990,125.920000
06/26/1990,125.940000
06/27/1990,126.610000
06/28/1990,127.320000
06/29/1990,127.500000
07/02/1990,128.000000
07/03/1990,128.230000
07/05/1990,127.190000
07/06/1990,128.210000
07/09/1990,128.770000
07/10/1990,127.880000
07/11/1990,129.250000
07/12/1990,129.590000
07/13/1990,129.630000
07/16/1990,129.680000
07/17/1990,130.270000
07/18/1990,131.290000
07/19/1990,131.870000
07/20/1990,131.100000
07/23/1990,130.360000
07/24/1990,130.660000
07/25/1990,130.980000
07/26/1990,130.610000
07/27/1990,130.070000
07/30/1990,130.700000
07/31/1990,130.990000
08/01/1990,130.860000
08/02/1990,129.720000
08/03/1990,127.880000
08/06/1990,125.730000
08/07/1990,124.950000
08/08/1990,125.300000
08/09/1990,125.500000
08/10/1990,124.620000
08/13/1990,124.690000
08/14/1990,124.780000
08/15/1990,124.770000
08/16/1990,123.580000
08/17/1990,123.950000
08/20/1990,123.780000
08/21/1990,123.720000
08/22/1990,123.620000
08/23/1990,122.130000
08/24/1990,123.390000
08/27/1990,125.100000
08/28/1990,124.800000
08/29/1990,125.150000
08/30/1990,124.700000
08/31/1990,124.870000
09/04/1990,125.460000
09/05/1990,125.940000
09/06/1990,125.250000
09/07/1990,125.950000
09/10/1990,126.110000
09/11/1990,125.920000
09/12/1990,126.360000
09/13/1990,125.440000
09/14/1990,124.150000
09/17/1990,124.960000
09/18/1990,124.860000
09/19/1990,123.920000
09/20/1990,120.960000
09/21/1990,119.870000
09/24/1990,119.770000
09/25/1990,120.240000
09/26/1990,120.100000
09/27/1990,119.270000
09/28/1990,119.990000
10/01/1990,121.130000
10/02/1990,120.960000
10/03/1990,121.600000
10/04/1990,121.780000
10/05/1990,121.820000
10/08/1990,122.210000
10/09/1990,120.780000
10/10/1990,119.300000
10/11/1990,118.050000
10/12/1990,119.630000
10/15/1990,120.940000
10/16/1990,118.720000
10/17/1990,118.570000
10/18/1990,122.050000
10/19/1990,126.600000
10/22/1990,126.410000
10/23/1990,126.510000
10/24/1990,126.260000
10/25/1990,126.350000
10/26/1990,126.000000
10/29/1990,125.400000
10/30/1990,126.100000
10/31/1990,126.080000
11/01/1990,126.810000
11/02/1990,127.190000
11/05/1990,127.970000
11/06/1990,127.910000
11/07/1990,127.120000
11/08/1990,127.310000
11/09/1990,128.920000
11/12/1990,129.050000
11/13/1990,129.910000
11/14/1990,129.580000
11/15/1990,131.370000
11/16/1990,132.430000
11/19/1990,132.870000
11/20/1990,133.050000
11/21/1990,133.070000
11/23/1990,133.240000
11/26/1990,133.500000
11/27/1990,133.650000
11/28/1990,133.360000
11/29/1990,133.490000
11/30/1990,133.650000
12/03/1990,133.770000
12/04/1990,133.530000
12/05/1990,132.680000
12/06/1990,132.700000
12/07/1990,133.070000
12/10/1990,133.420000
12/11/1990,133.830000
12/12/1990,132.780000
12/13/1990,133.400000
12/14/1990,134.730000
12/17/1990,134.960000
12/18/1990,133.260000
12/19/1990,133.660000
12/20/1990,133.770000
12/21/1990,132.360000
12/24/1990,132.210000
12/26/1990,132.570000
12/27/1990,132.360000
12/28/1990,132.550000
12/31/1990,132.920000
01/02/1991,132.610000
01/03/1991,131.750000
01/04/1991,131.180000
01/07/1991,129.180000
01/08/1991,129.210000
01/09/1991,127.380000
01/10/1991,128.340000
01/11/1991,128.690000
01/14/1991,127.820000
01/15/1991,127.820000
01/16/1991,128.490000
01/17/1991,135.530000
01/18/1991,138.160000
01/21/1991,138.260000
01/22/1991,137.960000
01/23/1991,138.210000
01/24/1991,138.560000
01/25/1991,138.910000
01/28/1991,138.940000
01/29/1991,139.260000
01/30/1991,139.180000
01/31/1991,138.590000
02/01/1991,138.650000
02/04/1991,137.390000
02/05/1991,136.770000
02/06/1991,135.740000
02/07/1991,136.350000
02/08/1991,135.640000
02/11/1991,135.290000
02/12/1991,135.510000
02/13/1991,135.610000
02/14/1991,135.670000
02/15/1991,135.980000
02/19/1991,136.220000
02/20/1991,135.910000
02/21/1991,135.960000
02/22/1991,136.130000
02/25/1991,136.430000
02/26/1991,136.320000
02/27/1991,137.080000
02/28/1991,137.420000
03/04/1991,138.050000
03/05/1991,137.300000
03/06/1991,138.020000
03/07/1991,138.140000
03/08/1991,138.310000
03/11/1991,139.250000
03/12/1991,140.480000
03/13/1991,139.680000
03/14/1991,140.450000
03/15/1991,142.120000
03/18/1991,142.120000
03/19/1991,141.190000
03/20/1991,141.810000
03/21/1991,141.650000
03/22/1991,141.820000
03/25/1991,142.440000
03/26/1991,142.880000
03/27/1991,142.860000
03/28/1991,142.860000
04/01/1991,143.070000
04/02/1991,142.870000
04/03/1991,143.210000
04/04/1991,143.080000
04/05/1991,143.730000
04/08/1991,143.890000
04/09/1991,144.120000
04/10/1991,144.230000
04/11/1991,144.490000
04/12/1991,144.530000
04/15/1991,144.610000
04/16/1991,141.810000
04/17/1991,140.790000
04/18/1991,141.410000
04/19/1991,144.270000
04/22/1991,143.960000
04/23/1991,144.090000
04/24/1991,144.200000
04/25/1991,143.940000
04/26/1991,144.240000
04/29/1991,143.710000
04/30/1991,143.960000
05/01/1991,145.050000
05/02/1991,145.240000
05/03/1991,145.760000
05/06/1991,145.830000
05/07/1991,145.140000
05/08/1991,145.700000
05/09/1991,146.860000
05/10/1991,144.570000
05/13/1991,145.490000
05/14/1991,142.900000
05/15/1991,141.180000
05/16/1991,143.530000
05/17/1991,144.050000
05/20/1991,144.090000
05/21/1991,144.300000
05/22/1991,144.340000
05/23/1991,144.300000
05/24/1991,144.600000
05/28/1991,143.880000
05/29/1991,143.830000
05/30/1991,142.710000
05/31/1991,142.210000
06/03/1991,142.930000
06/04/1991,143.040000
06/05/1991,143.970000
06/06/1991,144.260000
06/07/1991,145.760000
06/10/1991,146.020000
06/11/1991,145.590000
06/12/1991,146.850000
06/13/1991,146.820000
06/14/1991,145.800000
06/17/1991,146.690000
06/18/1991,147.850000
06/19/1991,149.000000
06/20/1991,149.820000
06/21/1991,149.420000
06/24/1991,148.400000
06/25/1991,148.640000
06/26/1991,149.130000
06/27/1991,149.650000
06/28/1991,148.840000
07/01/1991,150.140000
07/02/1991,150.280000
07/03/1991,149.820000
07/05/1991,150.430000
07/08/1991,150.790000
07/09/1991,151.160000
07/10/1991,151.360000
07/11/1991,151.850000
07/12/1991,152.660000
07/15/1991,152.830000
07/16/1991,153.530000
07/17/1991,153.900000
07/18/1991,153.110000
07/19/1991,154.210000
07/22/1991,154.430000
07/23/1991,153.880000
07/24/1991,153.820000
07/25/1991,154.480000
07/26/1991,154.830000
07/29/1991,155.480000
07/30/1991,155.300000
07/31/1991,155.650000
08/01/1991,155.700000
08/02/1991,156.020000
08/05/1991,156.760000
08/06/1991,155.820000
08/07/1991,156.200000
08/08/1991,156.750000
08/09/1991,157.800000
08/12/1991,158.310000
08/13/1991,157.670000
08/14/1991,157.600000
08/15/1991,158.380000
08/16/1991,161.930000
08/19/1991,160.460000
08/20/1991,161.070000
08/21/1991,162.410000
08/22/1991,162.700000
08/23/1991,162.560000
08/26/1991,162.850000
08/27/1991,162.960000
08/28/1991,162.810000
08/29/1991,162.840000
08/30/1991,163.340000
09/03/1991,163.690000
09/04/1991,164.070000
09/05/1991,164.070000
09/06/1991,164.470000
09/09/1991,164.770000
09/10/1991,164.180000
09/11/1991,164.480000
09/12/1991,165.390000
09/13/1991,164.650000
09/16/1991,165.840000
09/17/1991,166.470000
09/18/1991,166.940000
09/19/1991,167.620000
09/20/1991,168.580000
09/23/1991,168.780000
09/24/1991,168.890000
09/25/1991,169.180000
09/26/1991,169.460000
09/27/1991,169.440000
09/30/1991,169.750000
10/01/1991,170.020000
10/02/1991,170.130000
10/03/1991,169.560000
10/04/1991,169.050000
10/07/1991,168.620000
10/08/1991,169.100000
10/09/1991,167.240000
10/10/1991,169.350000
10/11/1991,169.880000
10/14/1991,172.560000
10/15/1991,173.180000
10/16/1991,172.890000
10/17/1991,174.150000
10/18/1991,174.610000
10/21/1991,174.870000
10/22/1991,174.320000
10/23/1991,174.890000
10/24/1991,173.520000
10/25/1991,173.130000
10/28/1991,175.330000
10/29/1991,176.050000
10/30/1991,176.300000
10/31/1991,176.350000
11/01/1991,176.410000
11/04/1991,176.400000
11/05/1991,176.240000
11/06/1991,176.660000
11/07/1991,177.870000
11/08/1991,178.180000
11/11/1991,179.020000
11/12/1991,179.220000
11/13/1991,179.670000
11/14/1991,180.350000
11/15/1991,173.730000
11/18/1991,175.020000
11/19/1991,175.110000
11/20/1991,174.840000
11/21/1991,174.780000
11/22/1991,174.520000
11/25/1991,174.530000
11/26/1991,175.580000
11/27/1991,175.190000
11/29/1991,175.390000
12/02/1991,176.550000
12/03/1991,176.790000
12/04/1991,176.830000
12/05/1991,176.440000
12/06/1991,177.220000
12/09/1991,177.130000
12/10/1991,177.310000
12/11/1991,177.260000
12/12/1991,179.000000
12/13/1991,180.010000
12/16/1991,180.610000
12/17/1991,180.980000
12/18/1991,181.360000
12/19/1991,181.450000
12/20/1991,183.130000
12/23/1991,181.040000
12/24/1991,181.350000
12/26/1991,179.550000
12/27/1991,178.950000
12/30/1991,177.300000
12/31/1991,177.500000
01/02/1992,176.900000
01/03/1992,176.890000
01/06/1992,176.660000
01/07/1992,176.920000
01/08/1992,176.320000
01/09/1992,176.190000
01/10/1992,176.930000
01/13/1992,176.510000
01/14/1992,175.980000
01/15/1992,175.950000
01/16/1992,175.870000
01/17/1992,176.240000
01/20/1992,176.410000
01/21/1992,176.030000
01/22/1992,176.830000
01/23/1992,176.270000
01/24/1992,177.200000
01/27/1992,176.790000
01/28/1992,176.690000
01/29/1992,176.120000
01/30/1992,176.520000
01/31/1992,175.370000
02/03/1992,175.870000
02/04/1992,177.430000
02/05/1992,177.410000
02/06/1992,177.770000
02/07/1992,177.170000
02/10/1992,178.590000
02/11/1992,178.700000
02/12/1992,180.240000
02/13/1992,179.080000
02/14/1992,179.100000
02/18/1992,176.240000
02/19/1992,176.760000
02/20/1992,180.210000
02/21/1992,179.770000
02/24/1992,179.540000
02/25/1992,179.610000
02/26/1992,179.840000
02/27/1992,180.190000
02/28/1992,180.680000
03/02/1992,180.740000
03/03/1992,180.790000
03/04/1992,180.570000
03/05/1992,180.200000
03/06/1992,179.380000
03/09/1992,179.770000
03/10/1992,181.050000
03/11/1992,179.710000
03/12/1992,179.940000
03/13/1992,180.900000
03/16/1992,181.320000
03/17/1992,183.660000
03/18/1992,183.390000
03/19/1992,184.360000
03/20/1992,185.130000
03/23/1992,185.450000
03/24/1992,185.710000
03/25/1992,185.890000
03/26/1992,185.600000
03/27/1992,184.260000
03/30/1992,183.990000
03/31/1992,184.160000
04/01/1992,184.810000
04/02/1992,182.790000
04/03/1992,183.270000
04/06/1992,185.760000
04/07/1992,181.160000
04/08/1992,179.810000
04/09/1992,184.410000
04/10/1992,185.490000
04/13/1992,186.340000
04/14/1992,190.320000
04/15/1992,191.450000
04/16/1992,193.530000
04/20/1992,192.240000
04/21/1992,192.920000
04/22/1992,192.540000
04/23/1992,193.060000
04/24/1992,192.240000
04/27/1992,192.230000
04/28/1992,192.450000
04/29/1992,193.400000
04/30/1992,194.420000
05/01/1992,194.200000
05/04/1992,195.700000
05/05/1992,196.180000
05/06/1992,196.130000
05/07/1992,196.220000
05/08/1992,197.270000
05/11/1992,197.980000
05/12/1992,197.670000
05/13/1992,198.280000
05/14/1992,196.630000
05/15/1992,194.340000
05/18/1992,194.810000
05/19/1992,194.770000
05/20/1992,194.830000
05/21/1992,195.040000
05/22/1992,195.350000
05/26/1992,195.260000
05/27/1992,195.490000
05/28/1992,195.780000
05/29/1992,195.860000
06/01/1992,196.340000
06/02/1992,196.580000
06/03/1992,196.920000
06/04/1992,196.770000
06/05/1992,197.190000
06/08/1992,197.400000
06/09/1992,197.120000
06/10/1992,196.280000
06/11/1992,197.220000
06/12/1992,198.140000
06/15/1992,198.680000
06/16/1992,197.690000
06/17/1992,193.860000
06/18/1992,193.020000
06/19/1992,195.100000
06/22/1992,195.050000
06/23/1992,195.350000
06/24/1992,195.340000
06/25/1992,195.530000
06/26/1992,195.800000
06/29/1992,196.010000
06/30/1992,196.280000
07/01/1992,194.900000
07/02/1992,195.190000
07/06/1992,194.830000
07/07/1992,196.260000
07/08/1992,196.840000
07/09/1992,194.780000
07/10/1992,194.490000
07/13/1992,194.920000
07/14/1992,192.710000
07/15/1992,193.790000
07/16/1992,192.950000
07/17/1992,195.140000
07/20/1992,195.450000
07/21/1992,195.060000
07/22/1992,194.240000
07/23/1992,194.740000
07/24/1992,194.690000
07/27/1992,194.890000
07/28/1992,196.210000
07/29/1992,196.100000
07/30/1992,195.930000
07/31/1992,196.140000
08/03/1992,196.550000
08/04/1992,196.570000
08/05/1992,196.920000
08/06/1992,197.320000
08/07/1992,197.570000
08/10/1992,197.850000
08/11/1992,197.930000
08/12/1992,198.220000
08/13/1992,198.220000
08/14/1992,199.020000
08/17/1992,199.450000
08/18/1992,199.930000
08/19/1992,200.220000
08/20/1992,200.510000
08/21/1992,199.890000
08/24/1992,199.100000
08/25/1992,199.980000
08/26/1992,200.620000
08/27/1992,200.940000
08/28/1992,201.250000
08/31/1992,201.820000
09/01/1992,202.040000
09/02/1992,201.820000
09/03/1992,201.830000
09/04/1992,202.500000
09/08/1992,203.160000
09/09/1992,203.640000
09/10/1992,202.880000
09/11/1992,203.490000
09/14/1992,199.720000
09/15/1992,203.710000
09/16/1992,203.280000
09/17/1992,204.470000
09/18/1992,201.970000
09/21/1992,202.010000
09/22/1992,202.030000
09/23/1992,202.040000
09/24/1992,202.050000
09/25/1992,202.070000
09/28/1992,202.110000
09/29/1992,202.120000
09/30/1992,202.130000
10/01/1992,202.150000
10/02/1992,202.160000
10/05/1992,202.200000
10/06/1992,202.220000
10/07/1992,202.230000
10/08/1992,202.240000
10/09/1992,202.260000
10/12/1992,202.300000
10/13/1992,202.310000
10/14/1992,202.320000
10/15/1992,202.340000
10/16/1992,199.770000
10/19/1992,199.550000
10/20/1992,199.590000
10/21/1992,199.900000
10/22/1992,199.940000
10/23/1992,200.350000
10/26/1992,200.530000
10/27/1992,200.810000
10/28/1992,200.450000
10/29/1992,200.700000
10/30/1992,200.900000
11/02/1992,200.350000
11/03/1992,200.920000
11/04/1992,202.500000
11/05/1992,202.570000
11/06/1992,203.270000
11/09/1992,203.780000
11/10/1992,203.990000
11/11/1992,202.450000
11/12/1992,202.310000
11/13/1992,202.640000
11/16/1992,204.210000
11/17/1992,205.570000
11/18/1992,203.230000
11/19/1992,203.350000
11/20/1992,199.430000
11/23/1992,199.910000
11/24/1992,200.250000
11/25/1992,200.370000
11/27/1992,200.450000
11/30/1992,200.900000
12/01/1992,201.160000
12/02/1992,201.690000
12/03/1992,201.860000
12/04/1992,201.980000
12/07/1992,201.620000
12/08/1992,200.860000
12/09/1992,201.200000
12/10/1992,202.050000
12/11/1992,202.610000
12/14/1992,203.390000
12/15/1992,203.540000
12/16/1992,204.470000
12/17/1992,202.900000
12/18/1992,201.330000
12/21/1992,201.590000
12/22/1992,201.860000
12/23/1992,201.590000
12/24/1992,201.990000
12/28/1992,202.390000
12/29/1992,202.280000
12/30/1992,202.210000
12/31/1992,202.050000
01/04/1993,202.110000
01/05/1993,202.130000
01/06/1993,202.510000
01/07/1993,199.870000
01/08/1993,199.570000
01/11/1993,200.610000
01/12/1993,200.440000
01/13/1993,202.320000
01/14/1993,205.150000
01/15/1993,205.910000
01/18/1993,206.170000
01/19/1993,206.020000
01/20/1993,205.830000
01/21/1993,206.640000
01/22/1993,207.010000
01/25/1993,207.580000
01/26/1993,207.330000
01/27/1993,207.640000
01/28/1993,207.630000
01/29/1993,207.930000
02/01/1993,208.140000
02/02/1993,207.940000
02/03/1993,205.790000
02/04/1993,204.490000
02/05/1993,205.490000
02/08/1993,205.780000
02/09/1993,206.890000
02/10/1993,207.330000
02/11/1993,206.620000
02/12/1993,208.570000
02/16/1993,208.670000
02/17/1993,208.850000
02/18/1993,209.060000
02/19/1993,209.540000
02/22/1993,209.650000
02/23/1993,209.500000
02/24/1993,208.430000
02/25/1993,208.260000
02/26/1993,208.240000
03/01/1993,209.220000
03/02/1993,205.960000
03/03/1993,205.130000
03/04/1993,206.000000
03/05/1993,206.620000
03/08/1993,201.450000
03/09/1993,201.860000
03/10/1993,201.130000
03/11/1993,202.220000
03/12/1993,205.090000
03/15/1993,204.140000
03/16/1993,204.070000
03/17/1993,206.610000
03/18/1993,204.440000
03/19/1993,202.370000
03/22/1993,202.450000
03/23/1993,202.710000
03/24/1993,203.030000
03/25/1993,203.610000
03/26/1993,202.910000
03/29/1993,203.700000
03/30/1993,204.200000
03/31/1993,204.190000
04/01/1993,203.680000
04/02/1993,200.430000
04/05/1993,201.190000
04/06/1993,200.350000
04/07/1993,201.290000
04/08/1993,200.150000
04/12/1993,205.030000
04/13/1993,205.680000
04/14/1993,205.420000
04/15/1993,205.380000
04/16/1993,206.040000
04/19/1993,206.170000
04/20/1993,206.110000
04/21/1993,206.000000
04/22/1993,204.650000
04/23/1993,203.490000
04/26/1993,201.920000
04/27/1993,204.170000
04/28/1993,203.790000
04/29/1993,204.660000
04/30/1993,205.000000
05/03/1993,206.720000
05/04/1993,207.670000
05/05/1993,207.750000
05/06/1993,207.470000
05/07/1993,207.220000
05/10/1993,207.460000
05/11/1993,208.680000
05/12/1993,208.700000
05/13/1993,205.980000
05/14/1993,205.350000
05/17/1993,206.320000
05/18/1993,206.440000
05/19/1993,212.470000
05/20/1993,213.510000
05/21/1993,214.010000
05/24/1993,214.680000
05/25/1993,214.800000
05/26/1993,214.450000
05/27/1993,215.030000
05/28/1993,215.970000
06/01/1993,215.090000
06/02/1993,215.420000
06/03/1993,216.130000
06/04/1993,216.810000
06/07/1993,217.060000
06/08/1993,216.520000
06/09/1993,217.660000
06/10/1993,217.900000
06/11/1993,219.170000
06/14/1993,219.440000
06/15/1993,219.600000
06/16/1993,220.700000
06/17/1993,221.560000
06/18/1993,221.430000
06/21/1993,222.050000
06/22/1993,221.900000
06/23/1993,221.780000
06/24/1993,222.250000
06/25/1993,222.790000
06/28/1993,223.030000
06/29/1993,223.270000
06/30/1993,223.310000
07/01/1993,223.520000
07/02/1993,223.760000
07/06/1993,222.060000
07/07/1993,222.800000
07/08/1993,224.820000
07/09/1993,225.550000
07/12/1993,226.160000
07/13/1993,226.510000
07/14/1993,227.450000
07/15/1993,227.990000
07/16/1993,228.280000
07/19/1993,228.570000
07/20/1993,228.840000
07/21/1993,228.810000
07/22/1993,228.210000
07/23/1993,229.070000
07/26/1993,229.600000
07/27/1993,229.790000
07/28/1993,230.050000
07/29/1993,229.940000
07/30/1993,230.140000
08/02/1993,230.860000
08/03/1993,231.050000
08/04/1993,230.770000
08/05/1993,231.090000
08/06/1993,231.180000
08/09/1993,231.650000
08/10/1993,232.140000
08/11/1993,232.500000
08/12/1993,232.600000
08/13/1993,233.160000
08/16/1993,233.310000
08/17/1993,233.300000
08/18/1993,231.830000
08/19/1993,232.290000
08/20/1993,230.920000
08/23/1993,231.440000
08/24/1993,231.860000
08/25/1993,231.690000
08/26/1993,231.730000
08/27/1993,232.090000
08/30/1993,232.290000
08/31/1993,232.110000
09/01/1993,232.620000
09/02/1993,233.240000
09/03/1993,233.720000
09/07/1993,233.910000
09/08/1993,233.800000
09/09/1993,234.480000
09/10/1993,234.950000
09/13/1993,235.250000
09/14/1993,236.010000
09/15/1993,236.070000
09/16/1993,237.010000
09/17/1993,234.330000
09/20/1993,234.360000
09/21/1993,233.000000
09/22/1993,234.920000
09/23/1993,235.230000
09/24/1993,235.840000
09/27/1993,235.900000
09/28/1993,235.890000
09/29/1993,236.400000
09/30/1993,236.600000
10/01/1993,237.020000
10/04/1993,237.290000
10/05/1993,237.850000
10/06/1993,238.250000
10/07/1993,238.690000
10/08/1993,239.320000
10/11/1993,239.870000
10/12/1993,240.280000
10/13/1993,240.890000
10/14/1993,237.380000
10/15/1993,234.340000
10/18/1993,234.450000
10/19/1993,234.490000
10/20/1993,234.560000
10/21/1993,234.660000
10/22/1993,234.500000
10/25/1993,234.730000
10/26/1993,234.730000
10/27/1993,234.790000
10/28/1993,234.990000
10/29/1993,235.170000
11/01/1993,235.310000
11/02/1993,235.330000
11/03/1993,234.900000
11/04/1993,233.890000
11/05/1993,234.440000
11/08/1993,234.590000
11/09/1993,234.780000
11/10/1993,235.420000
11/11/1993,235.420000
11/12/1993,235.870000
11/15/1993,235.640000
11/16/1993,236.200000
11/17/1993,235.910000
11/18/1993,235.680000
11/19/1993,235.550000
11/22/1993,235.640000
11/23/1993,236.520000
11/24/1993,236.970000
11/26/1993,237.270000
11/29/1993,237.660000
11/30/1993,237.660000
12/01/1993,237.880000
12/02/1993,238.390000
12/03/1993,239.070000
12/06/1993,239.390000
12/07/1993,239.740000
12/08/1993,240.140000
12/09/1993,240.460000
12/10/1993,241.120000
12/13/1993,241.720000
12/14/1993,241.610000
12/15/1993,242.070000
12/16/1993,242.880000
12/17/1993,243.820000
12/20/1993,244.330000
12/21/1993,244.760000
12/22/1993,244.780000
12/23/1993,244.670000
12/27/1993,243.740000
12/28/1993,243.280000
12/29/1993,243.580000
12/30/1993,244.140000
12/31/1993,244.860000
01/03/1994,245.710000
01/04/1994,246.340000
01/05/1994,246.630000
01/06/1994,246.750000
01/07/1994,246.010000
01/10/1994,242.230000
01/11/1994,242.950000
01/12/1994,243.260000
01/13/1994,244.800000
01/14/1994,243.960000
01/17/1994,244.410000
01/18/1994,243.660000
01/19/1994,244.260000
01/20/1994,243.960000
01/21/1994,243.610000
01/24/1994,243.350000
01/25/1994,243.450000
01/26/1994,243.790000
01/27/1994,244.410000
01/28/1994,244.550000
01/31/1994,244.510000
02/01/1994,244.680000
02/02/1994,244.720000
02/03/1994,244.850000
02/04/1994,243.040000
02/07/1994,243.900000
02/08/1994,243.910000
02/09/1994,244.370000
02/10/1994,243.190000
02/11/1994,243.730000
02/14/1994,243.770000
02/15/1994,244.790000
02/16/1994,244.850000
02/17/1994,243.900000
02/18/1994,243.450000
02/22/1994,244.260000
02/23/1994,244.520000
02/24/1994,242.280000
02/25/1994,243.540000
02/28/1994,244.220000
03/01/1994,242.610000
03/02/1994,243.250000
03/03/1994,242.340000
03/04/1994,243.440000
03/07/1994,244.830000
03/08/1994,244.190000
03/09/1994,245.320000
03/10/1994,243.320000
03/11/1994,245.150000
03/14/1994,245.670000
03/15/1994,245.570000
03/16/1994,248.430000
03/17/1994,249.240000
03/18/1994,249.260000
03/21/1994,249.200000
03/22/1994,250.210000
03/23/1994,250.320000
03/24/1994,248.460000
03/25/1994,247.140000
03/28/1994,245.710000
03/29/1994,240.680000
03/30/1994,239.740000
03/31/1994,237.160000
04/04/1994,235.320000
04/05/1994,237.110000
04/06/1994,239.020000
04/07/1994,238.440000
04/08/1994,236.540000
04/11/1994,238.050000
04/12/1994,236.650000
04/13/1994,233.800000
04/14/1994,233.910000
04/15/1994,233.680000
04/18/1994,233.210000
04/19/1994,233.770000
04/20/1994,233.100000
04/21/1994,234.550000
04/22/1994,234.780000
04/25/1994,235.100000
04/26/1994,235.480000
04/28/1994,235.890000
04/29/1994,236.160000
05/02/1994,236.320000
05/03/1994,236.500000
05/04/1994,236.720000
05/05/1994,236.780000
05/06/1994,237.190000
05/09/1994,235.840000
05/10/1994,237.920000
05/11/1994,236.150000
05/12/1994,236.980000
05/13/1994,237.920000
05/16/1994,238.470000
05/17/1994,240.500000
05/18/1994,239.820000
05/19/1994,238.480000
05/20/1994,239.400000
05/23/1994,239.530000
05/24/1994,240.460000
05/25/1994,240.670000
05/26/1994,240.350000
05/27/1994,240.590000
05/31/1994,240.910000
06/01/1994,240.960000
06/02/1994,241.200000
06/03/1994,240.690000
06/06/1994,241.380000
06/07/1994,242.250000
06/08/1994,243.110000
06/09/1994,243.260000
06/10/1994,243.070000
06/13/1994,243.570000
06/14/1994,241.880000
06/15/1994,243.710000
06/16/1994,242.810000
06/17/1994,241.010000
06/20/1994,240.300000
06/21/1994,237.990000
06/22/1994,239.210000
06/23/1994,237.390000
06/24/1994,232.560000
06/27/1994,236.640000
06/28/1994,235.530000
06/29/1994,236.700000
06/30/1994,233.660000
07/01/1994,234.150000
07/05/1994,235.190000
07/06/1994,234.880000
07/07/1994,236.070000
07/08/1994,236.460000
07/11/1994,235.120000
07/12/1994,236.050000
07/13/1994,236.520000
07/14/1994,240.490000
07/15/1994,237.560000
07/18/1994,237.830000
07/19/1994,237.950000
07/20/1994,238.230000
07/21/1994,238.970000
07/22/1994,239.090000
07/25/1994,239.240000
07/26/1994,239.580000
07/27/1994,239.520000
07/28/1994,239.570000
07/29/1994,239.230000
08/01/1994,239.130000
08/02/1994,238.920000
08/03/1994,238.730000
08/04/1994,239.680000
08/05/1994,240.460000
08/08/1994,241.010000
08/09/1994,241.310000
08/10/1994,240.510000
08/11/1994,241.770000
08/12/1994,240.080000
08/15/1994,240.350000
08/16/1994,238.030000
08/17/1994,238.060000
08/18/1994,240.000000
08/19/1994,238.710000
08/22/1994,239.280000
08/23/1994,239.410000
08/24/1994,238.540000
08/25/1994,238.610000
08/26/1994,236.030000
08/29/1994,236.260000
08/30/1994,235.900000
08/31/1994,236.600000
09/01/1994,237.210000
09/02/1994,239.650000
09/06/1994,239.620000
09/07/1994,240.360000
09/08/1994,239.310000
09/09/1994,242.260000
09/12/1994,242.990000
09/13/1994,243.530000
09/14/1994,243.380000
09/15/1994,240.530000
09/16/1994,241.790000
09/19/1994,241.830000
09/20/1994,239.800000
09/21/1994,239.940000
09/22/1994,239.470000
09/23/1994,238.560000
09/26/1994,239.430000
09/27/1994,239.650000
09/28/1994,241.530000
09/29/1994,240.380000
09/30/1994,240.390000
10/03/1994,240.060000
10/04/1994,235.270000
10/05/1994,234.960000
10/06/1994,234.490000
10/07/1994,235.850000
10/10/1994,238.120000
10/11/1994,242.900000
10/12/1994,243.060000
10/13/1994,244.130000
10/14/1994,245.730000
10/17/1994,245.790000
10/18/1994,245.110000
10/19/1994,246.810000
10/20/1994,244.360000
10/21/1994,243.680000
10/24/1994,243.180000
10/25/1994,243.510000
10/26/1994,243.930000
10/27/1994,244.300000
10/28/1994,243.910000
10/31/1994,245.030000
11/01/1994,245.770000
11/02/1994,245.640000
11/03/1994,245.960000
11/04/1994,244.220000
11/07/1994,245.160000
11/08/1994,246.400000
11/09/1994,246.570000
11/10/1994,246.910000
11/11/1994,246.680000
11/14/1994,248.140000
11/15/1994,248.380000
11/16/1994,249.730000
11/17/1994,248.650000
11/18/1994,248.140000
11/21/1994,248.440000
11/22/1994,245.240000
11/23/1994,246.300000
11/25/1994,247.660000
11/28/1994,248.530000
11/29/1994,249.090000
11/30/1994,248.420000
12/01/1994,245.980000
12/02/1994,248.110000
12/05/1994,248.660000
12/06/1994,248.960000
12/07/1994,247.910000
12/08/1994,243.930000
12/09/1994,244.710000
12/12/1994,246.500000
12/13/1994,247.170000
12/14/1994,250.710000
12/15/1994,251.280000
12/16/1994,253.090000
12/19/1994,253.680000
12/20/1994,253.840000
12/21/1994,253.600000
12/22/1994,254.070000
12/23/1994,254.460000
12/27/1994,254.550000
12/28/1994,254.880000
12/29/1994,254.830000
12/30/1994,255.190000
01/03/1995,255.670000
01/04/1995,256.050000
01/05/1995,256.580000
01/06/1995,257.130000
01/09/1995,257.530000
01/10/1995,257.800000
01/11/1995,258.210000
01/12/1995,258.520000
01/13/1995,256.660000
01/16/1995,254.900000
01/17/1995,254.770000
01/18/1995,255.290000
01/19/1995,257.620000
01/20/1995,257.950000
01/23/1995,258.010000
01/24/1995,258.460000
01/25/1995,258.600000
01/26/1995,258.460000
01/27/1995,257.760000
01/30/1995,258.670000
01/31/1995,258.030000
02/01/1995,258.740000
02/02/1995,257.830000
02/03/1995,252.010000
02/06/1995,250.910000
02/07/1995,251.150000
02/08/1995,250.510000
02/09/1995,251.150000
02/10/1995,250.350000
02/13/1995,250.280000
02/14/1995,249.210000
02/15/1995,246.830000
02/16/1995,247.100000
02/17/1995,248.180000
02/21/1995,248.750000
02/22/1995,248.810000
02/23/1995,248.850000
02/24/1995,248.800000
02/27/1995,249.650000
02/28/1995,249.580000
03/01/1995,250.090000
03/02/1995,250.580000
03/03/1995,250.890000
03/06/1995,251.210000
03/07/1995,251.060000
03/08/1995,251.780000
03/09/1995,252.300000
03/10/1995,250.920000
03/13/1995,251.370000
03/14/1995,249.270000
03/15/1995,250.540000
03/16/1995,247.740000
03/17/1995,247.800000
03/20/1995,247.970000
03/21/1995,248.250000
03/22/1995,248.420000
03/23/1995,248.510000
03/24/1995,248.130000
03/27/1995,248.270000
03/28/1995,247.930000
03/29/1995,248.260000
03/30/1995,248.220000
03/31/1995,248.720000
04/03/1995,249.130000
04/04/1995,248.950000
04/05/1995,248.530000
04/06/1995,247.960000
04/07/1995,248.690000
04/10/1995,249.290000
04/11/1995,250.210000
04/12/1995,250.330000
04/13/1995,248.980000
04/17/1995,251.060000
04/18/1995,252.360000
04/19/1995,253.360000
04/20/1995,252.590000
04/21/1995,250.970000
04/24/1995,250.250000
04/25/1995,250.510000
04/26/1995,250.490000
04/27/1995,250.610000
04/28/1995,250.750000
05/01/1995,251.230000
05/02/1995,251.330000
05/03/1995,249.190000
05/04/1995,249.740000
05/05/1995,249.960000
05/08/1995,248.280000
05/09/1995,248.790000
05/10/1995,248.360000
05/11/1995,247.940000
05/12/1995,247.480000
05/15/1995,246.470000
05/16/1995,246.030000
05/17/1995,247.670000
05/18/1995,251.940000
05/19/1995,254.350000
05/22/1995,254.050000
05/23/1995,253.020000
05/24/1995,252.700000
05/25/1995,253.010000
05/26/1995,254.640000
05/30/1995,255.400000
05/31/1995,251.010000
06/01/1995,251.660000
06/02/1995,251.900000
06/05/1995,250.250000
06/06/1995,249.960000
06/07/1995,252.080000
06/08/1995,253.020000
06/09/1995,256.310000
06/12/1995,254.010000
06/13/1995,249.820000
06/14/1995,250.410000
06/15/1995,249.130000
06/16/1995,247.830000
06/19/1995,246.270000
06/20/1995,246.370000
06/21/1995,247.010000
06/22/1995,244.370000
06/23/1995,245.450000
06/26/1995,247.880000
06/27/1995,247.940000
06/28/1995,247.920000
06/29/1995,248.960000
06/30/1995,249.180000
07/03/1995,248.540000
07/05/1995,248.020000
07/06/1995,244.810000
07/07/1995,243.950000
07/10/1995,242.860000
07/11/1995,244.940000
07/12/1995,240.710000
07/13/1995,241.170000
07/14/1995,242.120000
07/17/1995,239.390000
07/18/1995,243.290000
07/19/1995,249.720000
07/20/1995,247.400000
07/21/1995,248.010000
07/24/1995,247.950000
07/25/1995,246.700000
07/26/1995,246.750000
07/27/1995,245.620000
07/28/1995,246.970000
07/31/1995,247.340000
08/01/1995,248.910000
08/02/1995,249.800000
08/03/1995,250.110000
08/04/1995,250.620000
08/07/1995,251.150000
08/08/1995,251.600000
08/09/1995,252.340000
08/10/1995,252.890000
08/11/1995,254.320000
08/14/1995,253.850000
08/15/1995,254.590000
08/16/1995,254.300000
08/17/1995,255.070000
08/18/1995,254.440000
08/21/1995,254.310000
08/22/1995,254.610000
08/23/1995,254.290000
08/24/1995,254.980000
08/25/1995,255.630000
08/28/1995,255.720000
08/29/1995,256.430000
08/30/1995,256.800000
08/31/1995,257.500000
09/01/1995,258.230000
09/05/1995,257.630000
09/06/1995,257.310000
09/07/1995,257.720000
09/08/1995,257.220000
09/11/1995,256.250000
09/12/1995,255.440000
09/13/1995,253.160000
09/14/1995,250.180000
09/15/1995,248.130000
09/18/1995,248.120000
09/19/1995,248.230000
09/20/1995,248.440000
09/21/1995,248.570000
09/22/1995,248.720000
09/25/1995,248.850000
09/26/1995,249.270000
09/27/1995,249.190000
09/28/1995,249.530000
09/29/1995,249.720000
10/02/1995,249.220000
10/03/1995,249.570000
10/04/1995,249.570000
10/05/1995,249.730000
10/06/1995,251.100000
10/09/1995,250.320000
10/10/1995,250.470000
10/11/1995,251.500000
10/12/1995,252.360000
10/13/1995,252.680000
10/16/1995,253.340000
10/17/1995,253.830000
10/18/1995,253.870000
10/19/1995,253.060000
10/20/1995,253.920000
10/23/1995,254.000000
10/24/1995,254.320000
10/25/1995,253.910000
10/26/1995,252.560000
10/27/1995,253.930000
10/30/1995,255.040000
10/31/1995,255.300000
11/01/1995,256.060000
11/02/1995,256.630000
11/03/1995,257.190000
11/06/1995,258.020000
11/07/1995,258.030000
11/08/1995,258.530000
11/09/1995,258.260000
11/10/1995,258.510000
11/13/1995,259.430000
11/14/1995,260.300000
11/15/1995,259.910000
11/16/1995,258.510000
11/17/1995,258.390000
11/20/1995,259.600000
11/21/1995,259.730000
11/22/1995,260.130000
11/24/1995,260.690000
11/27/1995,260.550000
11/28/1995,259.960000
11/29/1995,259.500000
11/30/1995,260.660000
12/01/1995,260.920000
12/04/1995,257.010000
12/05/1995,254.890000
12/06/1995,253.740000
12/07/1995,255.560000
12/08/1995,255.180000
12/11/1995,253.290000
12/12/1995,255.160000
12/13/1995,253.130000
12/14/1995,256.340000
12/15/1995,256.000000
12/18/1995,254.130000
12/19/1995,255.800000
12/20/1995,254.920000
12/21/1995,256.330000
12/22/1995,256.690000
12/26/1995,257.210000
12/27/1995,257.100000
12/28/1995,257.230000
12/29/1995,257.140000
01/02/1996,257.990000
01/03/1996,258.200000
01/04/1996,257.860000
01/05/1996,258.350000
01/08/1996,259.370000
01/09/1996,256.640000
01/10/1996,250.930000
01/11/1996,253.680000
01/12/1996,253.760000
01/15/1996,252.470000
01/16/1996,257.210000
01/17/1996,255.810000
01/18/1996,257.540000
01/19/1996,256.260000
01/22/1996,256.210000
01/23/1996,256.480000
01/24/1996,255.110000
01/25/1996,256.450000
01/26/1996,254.760000
01/29/1996,254.270000
01/30/1996,251.480000
01/31/1996,249.200000
02/01/1996,248.080000
02/02/1996,249.260000
02/05/1996,247.720000
02/06/1996,246.640000
02/07/1996,245.840000
02/08/1996,245.570000
02/09/1996,245.410000
02/12/1996,245.120000
02/13/1996,245.100000
02/14/1996,245.420000
02/15/1996,245.600000
02/16/1996,245.560000
02/20/1996,245.640000
02/21/1996,247.400000
02/22/1996,245.760000
02/23/1996,245.600000
02/26/1996,247.290000
02/27/1996,247.420000
02/28/1996,247.700000
02/29/1996,246.910000
03/01/1996,248.370000
03/04/1996,248.790000
03/05/1996,248.760000
03/06/1996,249.640000
03/07/1996,250.180000
03/08/1996,244.500000
03/11/1996,250.810000
03/12/1996,249.150000
03/13/1996,250.010000
03/14/1996,252.900000
03/15/1996,252.120000
03/18/1996,251.350000
03/19/1996,251.260000
03/20/1996,251.010000
03/21/1996,252.370000
03/22/1996,252.120000
03/25/1996,252.700000
03/26/1996,252.310000
03/27/1996,253.470000
03/28/1996,253.330000
03/29/1996,253.400000
04/01/1996,253.200000
04/02/1996,253.650000
04/03/1996,253.960000
04/04/1996,254.080000
04/08/1996,257.530000
04/09/1996,258.040000
04/10/1996,255.600000
04/11/1996,255.760000
04/12/1996,258.420000
04/15/1996,260.970000
04/16/1996,261.790000
04/17/1996,262.030000
04/18/1996,264.410000
04/19/1996,266.620000
04/22/1996,266.850000
04/23/1996,266.780000
04/24/1996,267.200000
04/25/1996,267.110000
04/26/1996,267.220000
04/29/1996,267.270000
04/30/1996,267.380000
05/01/1996,267.720000
05/02/1996,267.600000
05/03/1996,268.640000
05/06/1996,269.470000
05/07/1996,268.630000
05/08/1996,271.430000
05/09/1996,271.050000
05/10/1996,272.210000
05/13/1996,268.590000
05/14/1996,267.290000
05/15/1996,267.610000
05/16/1996,268.120000
05/17/1996,265.860000
05/20/1996,265.390000
05/21/1996,265.390000
05/22/1996,264.670000
05/23/1996,264.920000
05/24/1996,264.920000
05/28/1996,266.280000
05/29/1996,267.040000
05/30/1996,267.170000
05/31/1996,267.860000
06/03/1996,268.130000
06/04/1996,268.040000
06/05/1996,266.950000
06/06/1996,268.110000
06/07/1996,268.780000
06/10/1996,269.330000
06/11/1996,269.760000
06/12/1996,270.110000
06/13/1996,270.730000
06/14/1996,271.090000
06/17/1996,272.320000
06/18/1996,272.030000
06/19/1996,272.650000
06/20/1996,272.250000
06/21/1996,273.640000
06/24/1996,273.600000
06/25/1996,274.430000
06/26/1996,275.400000
06/27/1996,275.770000
06/28/1996,275.650000
07/01/1996,275.140000
07/02/1996,275.720000
07/03/1996,276.220000
07/05/1996,277.770000
07/08/1996,277.210000
07/09/1996,278.440000
07/10/1996,279.870000
07/11/1996,273.720000
07/12/1996,274.350000
07/15/1996,262.600000
07/16/1996,263.870000
07/17/1996,265.820000
07/18/1996,272.140000
07/19/1996,271.580000
07/22/1996,270.940000
07/23/1996,269.840000
07/24/1996,270.190000
07/25/1996,271.390000
07/26/1996,273.100000
07/29/1996,271.940000
07/30/1996,273.110000
07/31/1996,273.730000
08/01/1996,273.600000
08/02/1996,271.000000
08/05/1996,272.190000
08/06/1996,271.470000
08/07/1996,271.090000
08/08/1996,271.680000
08/09/1996,272.980000
08/12/1996,270.930000
08/13/1996,274.400000
08/14/1996,273.680000
08/15/1996,272.970000
08/16/1996,272.470000
08/19/1996,272.760000
08/20/1996,272.950000
08/21/1996,273.260000
08/22/1996,273.810000
08/23/1996,274.330000
08/26/1996,273.780000
08/27/1996,274.150000
08/28/1996,274.680000
08/29/1996,273.740000
08/30/1996,272.130000
09/03/1996,273.570000
09/04/1996,273.540000
09/05/1996,271.560000
09/06/1996,274.840000
09/09/1996,277.400000
09/10/1996,278.040000
09/11/1996,278.970000
09/12/1996,278.920000
09/13/1996,276.690000
09/16/1996,274.730000
09/17/1996,276.000000
09/18/1996,276.990000
09/19/1996,276.810000
09/20/1996,275.750000
09/23/1996,275.820000
09/24/1996,276.360000
09/25/1996,276.810000
09/26/1996,277.030000
09/27/1996,277.720000
09/30/1996,278.040000
10/01/1996,277.640000
10/02/1996,276.260000
10/03/1996,276.570000
10/04/1996,274.160000
10/07/1996,273.750000
10/08/1996,275.560000
10/09/1996,277.910000
10/10/1996,279.470000
10/11/1996,277.200000
10/14/1996,275.320000
10/15/1996,276.020000
10/16/1996,275.040000
10/17/1996,274.070000
10/18/1996,272.630000
10/21/1996,272.920000
10/22/1996,273.250000
10/23/1996,273.660000
10/24/1996,273.620000
10/25/1996,273.500000
10/28/1996,273.430000
10/29/1996,274.180000
10/30/1996,274.300000
10/31/1996,274.590000
11/01/1996,275.670000
11/04/1996,276.500000
11/05/1996,276.010000
11/06/1996,273.380000
11/07/1996,272.120000
11/08/1996,270.760000
11/11/1996,270.450000
11/12/1996,272.830000
11/13/1996,271.500000
11/14/1996,268.010000
11/15/1996,264.340000
11/18/1996,264.530000
11/19/1996,264.450000
11/20/1996,264.100000
11/21/1996,264.540000
11/22/1996,264.510000
11/25/1996,263.090000
11/26/1996,263.260000
11/27/1996,263.700000
11/29/1996,263.350000
12/02/1996,263.670000
12/03/1996,265.220000
12/04/1996,266.510000
12/05/1996,266.650000
12/06/1996,266.630000
12/09/1996,267.690000
12/10/1996,268.280000
12/11/1996,268.450000
12/12/1996,266.300000
12/13/1996,266.730000
12/16/1996,262.190000
12/17/1996,266.030000
12/18/1996,268.750000
12/19/1996,275.630000
12/20/1996,268.020000
12/23/1996,268.500000
12/24/1996,268.400000
12/26/1996,268.220000
12/27/1996,268.380000
12/30/1996,268.940000
12/31/1996,270.360000
01/02/1997,270.980000
01/03/1997,272.030000
01/06/1997,272.520000
01/07/1997,272.360000
01/08/1997,273.180000
01/09/1997,272.260000
01/10/1997,272.020000
01/13/1997,273.410000
01/14/1997,270.090000
01/15/1997,271.110000
01/16/1997,270.250000
01/17/1997,270.660000
01/20/1997,271.030000
01/21/1997,270.680000
01/22/1997,270.420000
01/23/1997,271.430000
01/24/1997,272.500000
01/27/1997,272.740000
01/28/1997,273.010000
01/29/1997,272.550000
01/30/1997,272.060000
02/03/1997,272.240000
02/04/1997,272.080000
02/05/1997,273.310000
02/06/1997,274.380000
02/07/1997,272.820000
02/10/1997,274.120000
02/11/1997,273.440000
02/12/1997,269.630000
02/13/1997,266.060000
02/14/1997,266.520000
02/18/1997,263.300000
02/19/1997,264.690000
02/20/1997,270.500000
02/21/1997,270.120000
02/24/1997,270.620000
02/25/1997,270.850000
02/26/1997,271.310000
02/27/1997,272.230000
02/28/1997,272.100000
03/03/1997,273.090000
03/04/1997,273.250000
03/05/1997,274.260000
03/06/1997,274.220000
03/07/1997,275.050000
03/10/1997,275.220000
03/11/1997,276.410000
03/12/1997,277.830000
03/13/1997,276.150000
03/14/1997,277.980000
03/17/1997,279.750000
03/18/1997,277.640000
03/19/1997,275.580000
03/20/1997,273.110000
03/21/1997,276.530000
03/24/1997,276.160000
03/25/1997,277.250000
03/26/1997,277.530000
03/27/1997,278.020000
03/31/1997,274.110000
04/01/1997,275.120000
04/02/1997,272.090000
04/03/1997,271.870000
04/04/1997,274.370000
04/07/1997,275.480000
04/08/1997,277.930000
04/09/1997,274.830000
04/10/1997,273.740000
04/11/1997,265.580000
04/14/1997,267.490000
04/15/1997,271.380000
04/16/1997,276.710000
04/17/1997,274.680000
04/18/1997,276.040000
04/21/1997,276.200000
04/22/1997,275.270000
04/23/1997,275.320000
04/24/1997,276.040000
04/25/1997,277.080000
04/28/1997,276.610000
04/29/1997,271.800000
04/30/1997,270.660000
05/01/1997,271.250000
05/02/1997,267.830000
05/05/1997,266.280000
05/06/1997,266.520000
05/07/1997,268.400000
05/08/1997,267.570000
05/09/1997,266.360000
05/12/1997,265.090000
05/13/1997,265.360000
05/14/1997,265.000000
05/15/1997,265.090000
05/16/1997,264.960000
05/19/1997,265.200000
05/20/1997,265.320000
05/21/1997,265.790000
05/22/1997,266.490000
05/23/1997,265.880000
05/27/1997,266.090000
05/28/1997,266.030000
05/29/1997,266.780000
05/30/1997,266.360000
06/02/1997,267.350000
06/03/1997,267.500000
06/04/1997,268.160000
06/05/1997,267.970000
06/06/1997,266.340000
06/09/1997,266.090000
06/10/1997,265.830000
06/11/1997,264.580000
06/12/1997,259.740000
06/13/1997,256.780000
06/16/1997,256.130000
06/17/1997,255.920000
06/18/1997,257.190000
06/19/1997,253.840000
06/20/1997,252.940000
06/23/1997,251.980000
06/24/1997,253.390000
06/25/1997,253.460000
06/26/1997,253.600000
06/27/1997,254.230000
06/30/1997,253.980000
07/01/1997,254.900000
07/02/1997,255.660000
07/03/1997,254.090000
07/07/1997,255.840000
07/08/1997,254.990000
07/09/1997,256.990000
07/10/1997,257.060000
07/11/1997,257.420000
07/14/1997,257.270000
07/15/1997,254.800000
07/16/1997,249.680000
07/17/1997,252.740000
07/18/1997,253.350000
07/21/1997,253.860000
07/22/1997,254.040000
07/23/1997,253.840000
07/24/1997,254.110000
07/25/1997,254.660000
07/28/1997,254.330000
07/29/1997,254.430000
07/30/1997,252.740000
07/31/1997,253.020000
08/01/1997,253.900000
08/04/1997,254.120000
08/05/1997,253.610000
08/06/1997,252.330000
08/07/1997,253.970000
08/08/1997,259.390000
08/11/1997,259.000000
08/12/1997,262.690000
08/13/1997,264.050000
08/14/1997,267.660000
08/15/1997,270.290000
08/18/1997,270.020000
08/19/1997,270.710000
08/20/1997,270.380000
08/21/1997,271.090000
08/22/1997,271.490000
08/25/1997,271.580000
08/26/1997,271.860000
08/27/1997,272.470000
08/28/1997,272.890000
08/29/1997,272.530000
09/02/1997,272.550000
09/03/1997,273.010000
09/04/1997,272.860000
09/05/1997,274.160000
09/08/1997,274.390000
09/09/1997,274.930000
09/10/1997,276.530000
09/11/1997,277.220000
09/12/1997,279.290000
09/15/1997,280.810000
09/16/1997,274.280000
09/17/1997,276.340000
09/18/1997,273.640000
09/19/1997,276.540000
09/22/1997,276.520000
09/23/1997,277.030000
09/24/1997,277.830000
09/25/1997,277.930000
09/26/1997,278.440000
09/29/1997,278.320000
09/30/1997,278.550000
10/01/1997,278.860000
10/02/1997,278.660000
10/03/1997,278.430000
10/06/1997,277.520000
10/07/1997,275.690000
10/08/1997,278.000000
10/09/1997,279.090000
10/10/1997,280.470000
10/13/1997,281.270000
10/14/1997,281.240000
10/15/1997,284.060000
10/16/1997,289.510000
10/17/1997,292.870000
10/20/1997,292.950000
10/21/1997,292.410000
10/22/1997,292.550000
10/23/1997,293.430000
10/24/1997,292.890000
10/27/1997,283.420000
10/28/1997,293.560000
10/29/1997,293.440000
10/30/1997,292.030000
10/31/1997,292.070000
11/03/1997,295.580000
11/04/1997,294.620000
11/05/1997,294.910000
11/06/1997,295.860000
11/07/1997,294.120000
11/10/1997,295.430000
11/11/1997,295.700000
11/12/1997,292.980000
11/13/1997,294.840000
11/14/1997,298.510000
11/17/1997,302.040000
11/18/1997,302.610000
11/19/1997,305.570000
11/20/1997,305.210000
11/21/1997,304.140000
11/24/1997,304.870000
11/25/1997,305.980000
11/26/1997,306.030000
11/28/1997,306.830000
12/01/1997,306.630000
12/02/1997,306.830000
12/03/1997,307.300000
12/04/1997,308.480000
12/05/1997,308.060000
12/08/1997,308.710000
12/09/1997,311.030000
12/10/1997,312.220000
12/11/1997,312.010000
12/12/1997,312.840000
12/15/1997,315.180000
12/16/1997,316.110000
12/17/1997,317.040000
12/18/1997,318.900000
12/19/1997,313.380000
12/22/1997,312.410000
12/23/1997,314.090000
12/24/1997,315.030000
12/26/1997,314.740000
12/29/1997,314.710000
12/30/1997,312.470000
12/31/1997,312.930000
01/02/1998,312.450000
01/05/1998,312.000000
01/06/1998,313.940000
01/07/1998,314.470000
01/08/1998,317.130000
01/09/1998,320.630000
01/12/1998,321.920000
01/13/1998,322.110000
01/14/1998,320.640000
01/15/1998,326.080000
01/16/1998,321.090000
01/20/1998,321.460000
01/21/1998,322.110000
01/22/1998,322.460000
01/23/1998,322.220000
01/26/1998,323.010000
01/27/1998,323.540000
01/28/1998,323.410000
01/29/1998,322.530000
01/30/1998,323.240000
02/02/1998,322.020000
02/03/1998,321.290000
02/04/1998,321.440000
02/05/1998,321.970000
02/06/1998,320.970000
02/09/1998,320.580000
02/10/1998,319.760000
02/11/1998,319.570000
02/12/1998,318.620000
02/13/1998,319.070000
02/17/1998,318.650000
02/18/1998,317.350000
02/19/1998,317.700000
02/20/1998,317.010000
02/23/1998,317.480000
02/24/1998,318.980000
02/25/1998,317.690000
02/26/1998,316.930000
02/27/1998,316.780000
03/02/1998,317.450000
03/03/1998,316.920000
03/04/1998,318.030000
03/05/1998,319.870000
03/06/1998,317.130000
03/09/1998,317.740000
03/10/1998,315.140000
03/11/1998,313.480000
03/12/1998,312.590000
03/13/1998,313.490000
03/16/1998,310.060000
03/17/1998,309.070000
03/18/1998,307.110000
03/19/1998,306.720000
03/20/1998,305.140000
03/23/1998,305.950000
03/24/1998,304.550000
03/25/1998,304.290000
03/26/1998,304.940000
03/27/1998,305.490000
03/30/1998,305.790000
03/31/1998,305.500000
04/01/1998,304.940000
04/02/1998,303.840000
04/03/1998,303.410000
04/06/1998,303.830000
04/07/1998,307.160000
04/08/1998,309.750000
04/09/1998,310.020000
04/13/1998,311.150000
04/14/1998,310.660000
04/15/1998,310.250000
04/16/1998,316.200000
04/17/1998,316.480000
04/20/1998,317.020000
04/21/1998,317.190000
04/22/1998,317.360000
04/23/1998,317.730000
04/24/1998,318.050000
04/27/1998,315.780000
04/28/1998,317.610000
04/29/1998,318.560000
04/30/1998,320.110000
05/01/1998,321.690000
05/04/1998,322.070000
05/05/1998,322.340000
05/06/1998,321.460000
05/07/1998,319.860000
05/08/1998,324.730000
05/11/1998,325.340000
05/12/1998,327.410000
05/13/1998,329.670000
05/14/1998,331.800000
05/15/1998,334.460000
05/18/1998,334.970000
05/19/1998,335.130000
05/20/1998,334.670000
05/21/1998,335.860000
05/22/1998,337.270000
05/26/1998,336.490000
05/27/1998,336.620000
05/28/1998,337.740000
05/29/1998,336.820000
06/01/1998,337.580000
06/02/1998,337.980000
06/03/1998,335.960000
06/04/1998,339.750000
06/05/1998,341.880000
06/08/1998,342.650000
06/09/1998,342.840000
06/10/1998,343.490000
06/11/1998,340.360000
06/12/1998,342.290000
06/15/1998,334.200000
06/16/1998,338.140000
06/17/1998,347.730000
06/18/1998,348.840000
06/19/1998,349.530000
06/22/1998,350.460000
06/23/1998,349.920000
06/24/1998,347.500000
06/25/1998,348.470000
06/26/1998,348.780000
06/29/1998,348.310000
06/30/1998,349.520000
07/01/1998,346.840000
07/02/1998,348.040000
07/06/1998,344.850000
07/07/1998,345.500000
07/08/1998,343.060000
07/09/1998,344.400000
07/10/1998,343.160000
07/13/1998,342.020000
07/14/1998,339.660000
07/15/1998,339.500000
07/16/1998,338.710000
07/17/1998,338.100000
07/20/1998,339.330000
07/21/1998,338.430000
07/22/1998,338.350000
07/23/1998,335.770000
07/24/1998,335.600000
07/27/1998,336.590000
07/28/1998,334.740000
07/29/1998,333.060000
07/30/1998,336.470000
07/31/1998,331.650000
08/03/1998,330.590000
08/04/1998,324.800000
08/05/1998,325.190000
08/06/1998,325.330000
08/07/1998,325.080000
08/10/1998,324.190000
08/11/1998,323.320000
08/12/1998,323.660000
08/13/1998,323.190000
08/14/1998,322.910000
08/17/1998,323.070000
08/18/1998,323.460000
08/19/1998,323.090000
08/20/1998,323.000000
08/21/1998,322.930000
08/24/1998,323.130000
08/25/1998,322.810000
08/26/1998,323.900000
08/27/1998,324.200000
08/28/1998,323.790000
08/31/1998,316.550000
09/01/1998,321.180000
09/02/1998,320.790000
09/03/1998,319.590000
09/04/1998,318.110000
09/08/1998,325.300000
09/09/1998,321.990000
09/10/1998,317.180000
09/11/1998,322.990000
09/14/1998,327.380000
09/15/1998,328.850000
09/16/1998,333.840000
09/17/1998,318.560000
09/18/1998,318.480000
09/21/1998,319.190000
09/22/1998,319.950000
09/23/1998,319.410000
09/24/1998,320.010000
09/25/1998,320.490000
09/28/1998,320.770000
09/29/1998,320.460000
09/30/1998,320.490000
10/01/1998,320.320000
10/02/1998,320.780000
10/05/1998,321.420000
10/06/1998,320.930000
10/07/1998,319.670000
10/08/1998,316.840000
10/09/1998,321.790000
10/12/1998,325.770000
10/13/1998,326.200000
10/14/1998,329.040000
10/15/1998,327.280000
10/16/1998,322.460000
10/19/1998,323.750000
10/20/1998,323.880000
10/21/1998,324.240000
10/22/1998,325.010000
10/23/1998,324.250000
10/26/1998,325.570000
10/27/1998,325.850000
10/28/1998,326.070000
10/29/1998,326.280000
10/30/1998,325.940000
11/02/1998,324.640000
11/03/1998,324.500000
11/04/1998,324.260000
11/05/1998,323.210000
11/06/1998,322.080000
11/09/1998,323.220000
11/10/1998,323.850000
11/11/1998,324.290000
11/12/1998,324.560000
11/13/1998,323.960000
11/16/1998,322.750000
11/17/1998,322.560000
11/18/1998,321.050000
11/19/1998,320.620000
11/20/1998,321.660000
11/23/1998,320.120000
11/24/1998,320.500000
11/25/1998,321.050000
11/27/1998,320.590000
11/30/1998,322.560000
12/01/1998,322.540000
12/02/1998,322.820000
12/03/1998,322.250000
12/04/1998,324.050000
12/07/1998,323.350000
12/08/1998,324.550000
12/09/1998,325.040000
12/10/1998,327.110000
12/11/1998,326.870000
12/14/1998,324.580000
12/15/1998,331.420000
12/16/1998,331.950000
12/17/1998,333.560000
12/18/1998,334.690000
12/21/1998,335.030000
12/22/1998,334.850000
12/23/1998,332.050000
12/24/1998,331.940000
12/28/1998,332.910000
12/29/1998,329.990000
12/30/1998,331.910000
12/31/1998,332.730000
01/04/1999,332.990000
01/05/1999,330.300000
01/06/1999,327.020000
01/07/1999,327.070000
01/08/1999,326.560000
01/11/1999,327.040000
01/12/1999,331.840000
01/13/1999,333.650000
01/14/1999,342.110000
01/15/1999,336.770000
01/19/1999,336.640000
01/20/1999,336.310000
01/21/1999,336.600000
01/22/1999,337.590000
01/25/1999,338.070000
01/26/1999,336.930000
01/27/1999,337.530000
01/28/1999,337.120000
01/29/1999,336.230000
02/01/1999,337.350000
02/02/1999,338.180000
02/03/1999,337.460000
02/04/1999,339.460000
02/05/1999,340.620000
02/08/1999,341.570000
02/09/1999,343.450000
02/10/1999,345.190000
02/11/1999,344.320000
02/12/1999,347.350000
02/16/1999,349.400000
02/17/1999,352.110000
02/18/1999,356.170000
02/19/1999,358.250000
02/22/1999,356.190000
02/23/1999,356.820000
02/24/1999,359.530000
02/25/1999,360.350000
02/26/1999,361.430000
03/01/1999,362.370000
03/02/1999,363.420000
03/03/1999,363.350000
03/04/1999,363.280000
03/05/1999,359.620000
03/08/1999,358.980000
03/09/1999,360.080000
03/10/1999,359.110000
03/11/1999,356.560000
03/12/1999,358.170000
03/15/1999,353.300000
03/16/1999,353.400000
03/17/1999,356.820000
03/18/1999,348.240000
03/19/1999,344.580000
03/22/1999,345.050000
03/23/1999,342.540000
03/24/1999,343.150000
03/25/1999,345.390000
03/26/1999,345.620000
03/29/1999,347.530000
03/30/1999,347.840000
03/31/1999,346.840000
04/01/1999,349.080000
04/05/1999,351.290000
04/06/1999,351.890000
04/07/1999,351.830000
04/08/1999,349.000000
04/09/1999,349.140000
04/12/1999,346.090000
04/13/1999,349.640000
04/14/1999,356.360000
04/15/1999,362.690000
04/16/1999,366.350000
04/19/1999,367.250000
04/20/1999,366.630000
04/21/1999,366.130000
04/22/1999,362.880000
04/23/1999,363.290000
04/26/1999,363.730000
04/27/1999,363.300000
04/28/1999,364.860000
04/29/1999,366.250000
04/30/1999,367.950000
05/03/1999,366.230000
05/04/1999,368.870000
05/05/1999,367.700000
05/06/1999,368.780000
05/07/1999,368.090000
05/10/1999,369.800000
05/11/1999,367.430000
05/12/1999,365.520000
05/13/1999,365.300000
05/14/1999,372.630000
05/17/1999,374.960000
05/18/1999,377.810000
05/19/1999,377.860000
05/20/1999,381.750000
05/21/1999,382.860000
05/24/1999,382.130000
05/25/1999,380.840000
05/26/1999,382.730000
05/27/1999,381.060000
05/28/1999,383.640000
06/01/1999,383.630000
06/02/1999,384.010000
06/03/1999,384.610000
06/04/1999,389.100000
06/07/1999,390.340000
06/08/1999,390.220000
06/09/1999,390.770000
06/10/1999,387.680000
06/11/1999,384.880000
06/14/1999,385.270000
06/15/1999,388.180000
06/16/1999,398.790000
06/17/1999,402.520000
06/18/1999,403.670000
06/21/1999,403.700000
06/22/1999,405.290000
06/23/1999,407.170000
06/24/1999,406.480000
06/25/1999,407.560000
06/28/1999,407.530000
06/29/1999,406.240000
06/30/1999,404.710000
07/01/1999,402.260000
07/02/1999,399.790000
07/06/1999,401.940000
07/07/1999,399.910000
07/08/1999,400.200000
07/09/1999,398.020000
07/12/1999,399.210000
07/13/1999,401.390000
07/14/1999,400.170000
07/15/1999,394.550000
07/16/1999,393.280000
07/19/1999,394.160000
07/20/1999,394.160000
07/21/1999,394.570000
07/22/1999,393.360000
07/23/1999,392.890000
07/26/1999,391.760000
07/27/1999,395.140000
07/28/1999,394.900000
07/29/1999,391.730000
07/30/1999,389.270000
08/02/1999,389.040000
08/03/1999,387.600000
08/04/1999,384.110000
08/05/1999,385.320000
08/06/1999,382.710000
08/09/1999,382.000000
08/10/1999,379.960000
08/11/1999,380.780000
08/12/1999,379.840000
08/13/1999,383.920000
08/16/1999,384.660000
08/17/1999,388.350000
08/18/1999,383.520000
08/19/1999,380.010000
08/20/1999,379.950000
08/23/1999,379.560000
08/24/1999,379.460000
08/25/1999,377.820000
08/26/1999,380.110000
08/27/1999,381.790000
08/30/1999,382.890000
08/31/1999,384.010000
09/01/1999,385.190000
09/02/1999,384.790000
09/03/1999,384.220000
09/07/1999,385.620000
09/08/1999,387.090000
09/09/1999,387.990000
09/10/1999,389.260000
09/13/1999,391.930000
09/14/1999,393.310000
09/15/1999,393.040000
09/16/1999,395.190000
09/17/1999,398.650000
09/20/1999,399.190000
09/21/1999,398.240000
09/22/1999,398.870000
09/23/1999,395.750000
09/24/1999,396.250000
09/27/1999,397.420000
09/28/1999,396.630000
09/29/1999,394.350000
09/30/1999,397.280000
10/01/1999,397.180000
10/04/1999,401.710000
10/05/1999,401.990000
10/06/1999,407.070000
10/07/1999,406.080000
10/08/1999,411.260000
10/11/1999,412.970000
10/12/1999,408.200000
10/13/1999,394.800000
10/14/1999,392.360000
10/15/1999,384.610000
10/18/1999,385.780000
10/19/1999,384.970000
10/20/1999,384.690000
10/21/1999,385.130000
10/22/1999,385.090000
10/25/1999,385.260000
10/26/1999,386.630000
10/27/1999,384.810000
10/28/1999,381.670000
10/29/1999,380.690000
11/01/1999,381.370000
11/02/1999,382.110000
11/03/1999,381.830000
11/04/1999,381.030000
11/05/1999,380.330000
11/08/1999,380.310000
11/09/1999,380.800000
11/10/1999,380.130000
11/11/1999,379.890000
11/12/1999,379.580000
11/15/1999,379.650000
11/16/1999,379.610000
11/17/1999,379.400000
11/18/1999,379.740000
11/19/1999,379.100000
11/22/1999,379.820000
11/23/1999,380.620000
11/24/1999,381.070000
11/26/1999,380.600000
11/29/1999,381.310000
11/30/1999,381.240000
12/01/1999,382.760000
12/02/1999,382.780000
12/03/1999,382.890000
12/06/1999,385.710000
12/07/1999,386.500000
12/08/1999,386.530000
12/09/1999,387.900000
12/10/1999,391.050000
12/13/1999,391.840000
12/14/1999,390.870000
12/15/1999,394.490000
12/16/1999,397.880000
12/17/1999,397.670000
12/20/1999,397.020000
12/21/1999,397.490000
12/22/1999,397.240000
12/23/1999,396.250000
12/27/1999,395.770000
12/28/1999,396.030000
12/29/1999,396.110000
12/30/1999,396.200000
12/31/1999,395.760000
01/03/2000,399.110000
01/04/2000,399.030000
01/05/2000,399.890000
01/06/2000,400.390000
01/07/2000,404.120000
01/10/2000,403.090000
01/11/2000,405.750000
01/12/2000,406.880000
01/13/2000,407.410000
01/14/2000,406.720000
01/18/2000,410.460000
01/19/2000,411.850000
01/20/2000,419.160000
01/21/2000,413.910000
01/24/2000,412.090000
01/25/2000,413.570000
01/26/2000,413.250000
01/27/2000,412.840000
01/28/2000,406.330000
01/31/2000,411.820000
02/01/2000,414.330000
02/02/2000,415.060000
02/03/2000,417.780000
02/04/2000,418.650000
02/07/2000,418.950000
02/08/2000,421.380000
02/09/2000,417.830000
02/10/2000,418.970000
02/11/2000,411.290000
02/14/2000,412.060000
02/15/2000,416.670000
02/16/2000,409.900000
02/17/2000,408.570000
02/18/2000,407.730000
02/22/2000,408.850000
02/23/2000,409.760000
02/24/2000,408.550000
02/25/2000,408.770000
02/28/2000,410.410000
02/29/2000,412.340000
03/01/2000,413.450000
03/02/2000,414.330000
03/03/2000,412.900000
03/06/2000,415.120000
03/07/2000,414.930000
03/08/2000,416.570000
03/09/2000,415.310000
03/10/2000,417.100000
03/13/2000,420.280000
03/14/2000,419.930000
03/15/2000,421.360000
03/16/2000,400.750000
03/17/2000,400.680000
03/20/2000,400.240000
03/21/2000,399.730000
03/22/2000,399.790000
03/23/2000,397.590000
03/24/2000,398.340000
03/27/2000,398.750000
03/28/2000,398.730000
03/29/2000,400.150000
03/30/2000,400.950000
03/31/2000,400.910000
04/03/2000,401.160000
04/04/2000,402.120000
04/05/2000,401.390000
04/06/2000,401.540000
04/07/2000,401.370000
04/10/2000,402.460000
04/11/2000,403.050000
04/12/2000,405.130000
04/13/2000,404.050000
04/14/2000,388.030000
04/17/2000,396.120000
04/18/2000,408.400000
04/19/2000,405.040000
04/20/2000,406.290000
04/24/2000,405.980000
04/25/2000,405.740000
04/26/2000,405.830000
04/27/2000,407.020000
04/28/2000,407.590000
05/01/2000,407.800000
05/02/2000,407.570000
05/03/2000,406.450000
05/04/2000,406.380000
05/05/2000,409.500000
05/08/2000,409.630000
05/09/2000,409.530000
05/10/2000,404.960000
05/11/2000,409.700000
05/12/2000,413.210000
05/15/2000,416.660000
05/16/2000,417.480000
05/17/2000,421.310000
05/18/2000,425.310000
05/19/2000,417.670000
05/22/2000,417.990000
05/23/2000,417.090000
05/24/2000,419.450000
05/25/2000,418.760000
05/26/2000,419.280000
05/30/2000,421.440000
05/31/2000,421.930000
06/01/2000,421.070000
06/02/2000,417.090000
06/05/2000,417.890000
06/06/2000,419.790000
06/07/2000,417.970000
06/08/2000,419.960000
06/09/2000,420.650000
06/12/2000,424.520000
06/13/2000,419.370000
06/14/2000,417.830000
06/15/2000,413.890000
06/16/2000,414.280000
06/19/2000,414.310000
06/20/2000,414.700000
06/21/2000,415.150000
06/22/2000,414.990000
06/23/2000,414.730000
06/26/2000,415.720000
06/27/2000,416.130000
06/28/2000,418.280000
06/29/2000,418.070000
06/30/2000,419.560000
07/03/2000,420.240000
07/05/2000,419.490000
07/06/2000,420.350000
07/07/2000,422.340000
07/10/2000,423.340000
07/11/2000,423.650000
07/12/2000,423.240000
07/13/2000,422.800000
07/14/2000,421.440000
07/17/2000,421.720000
07/18/2000,426.800000
07/19/2000,430.850000
07/20/2000,429.690000
07/21/2000,432.980000
07/24/2000,433.870000
07/25/2000,434.400000
07/26/2000,434.500000
07/27/2000,434.360000
07/28/2000,430.270000
07/31/2000,431.360000
08/01/2000,433.310000
08/02/2000,434.270000
08/03/2000,436.170000
08/04/2000,438.470000
08/07/2000,440.610000
08/08/2000,442.120000
08/09/2000,442.830000
08/10/2000,442.030000
08/11/2000,444.850000
08/14/2000,448.140000
08/15/2000,449.920000
08/16/2000,451.300000
08/17/2000,452.670000
08/18/2000,453.050000
08/21/2000,453.580000
08/22/2000,454.510000
08/23/2000,454.430000
08/24/2000,454.620000
08/25/2000,455.600000
08/28/2000,456.050000
08/29/2000,457.210000
08/30/2000,457.960000
08/31/2000,456.760000
09/01/2000,456.240000
09/05/2000,459.140000
09/06/2000,461.010000
09/07/2000,462.680000
09/08/2000,465.620000
09/11/2000,467.310000
09/12/2000,467.310000
09/13/2000,469.630000
09/14/2000,470.230000
09/15/2000,470.340000
09/18/2000,470.620000
09/19/2000,471.280000
09/20/2000,471.560000
09/21/2000,471.320000
09/22/2000,471.510000
09/25/2000,472.170000
09/26/2000,471.990000
09/27/2000,472.510000
09/28/2000,475.790000
09/29/2000,474.620000
10/02/2000,475.180000
10/03/2000,473.230000
10/04/2000,475.340000
10/05/2000,476.500000
10/06/2000,469.790000
10/09/2000,467.900000
10/10/2000,463.290000
10/11/2000,458.230000
10/12/2000,455.390000
10/13/2000,458.680000
10/16/2000,456.850000
10/17/2000,454.300000
10/18/2000,454.100000
10/19/2000,455.130000
10/20/2000,453.660000
10/23/2000,454.480000
10/24/2000,454.440000
10/25/2000,453.750000
10/26/2000,454.290000
10/27/2000,455.070000
10/30/2000,456.050000
10/31/2000,455.020000
11/01/2000,455.510000
11/02/2000,455.110000
11/03/2000,456.260000
11/06/2000,456.040000
11/07/2000,456.350000
11/08/2000,459.950000
11/09/2000,459.880000
11/10/2000,458.740000
11/13/2000,456.520000
11/14/2000,466.400000
11/15/2000,470.450000
11/16/2000,467.350000
11/17/2000,467.410000
11/20/2000,467.060000
11/21/2000,467.270000
11/22/2000,465.620000
11/24/2000,468.920000
11/27/2000,469.730000
11/28/2000,468.650000
11/29/2000,469.710000
11/30/2000,465.010000
12/01/2000,466.970000
12/04/2000,469.440000
12/05/2000,474.550000
12/06/2000,474.870000
12/07/2000,474.190000
12/08/2000,479.000000
12/11/2000,478.020000
12/12/2000,479.240000
12/13/2000,484.920000
12/14/2000,479.040000
12/15/2000,468.220000
12/18/2000,469.100000
12/19/2000,468.840000
12/20/2000,464.870000
12/21/2000,466.710000
12/22/2000,470.060000
12/26/2000,470.430000
12/27/2000,470.700000
12/28/2000,471.540000
12/29/2000,472.140000
01/02/2001,469.330000
01/03/2001,473.960000
01/04/2001,473.780000
01/05/2001,472.680000
01/08/2001,473.720000
01/09/2001,475.680000
01/10/2001,478.540000
01/11/2001,480.330000
01/12/2001,481.480000
01/16/2001,485.620000
01/17/2001,488.150000
01/18/2001,485.590000
01/19/2001,483.950000
01/22/2001,485.220000
01/23/2001,485.940000
01/24/2001,485.970000
01/25/2001,486.130000
01/26/2001,486.790000
01/29/2001,487.220000
01/30/2001,486.530000
01/31/2001,489.050000
02/01/2001,488.790000
02/02/2001,490.550000
02/05/2001,491.810000
02/06/2001,492.860000
02/07/2001,493.840000
02/08/2001,494.310000
02/09/2001,490.330000
02/12/2001,495.930000
02/13/2001,492.920000
02/14/2001,493.410000
02/15/2001,498.600000
02/16/2001,484.070000
02/20/2001,482.170000
02/21/2001,477.480000
02/22/2001,477.040000
02/23/2001,475.950000
02/26/2001,480.610000
02/27/2001,478.630000
02/28/2001,473.860000
03/01/2001,473.990000
03/02/2001,471.870000
03/05/2001,473.500000
03/06/2001,477.200000
03/07/2001,479.540000
03/08/2001,479.950000
03/09/2001,468.210000
03/12/2001,458.720000
03/13/2001,460.590000
03/14/2001,458.100000
03/15/2001,458.320000
03/16/2001,459.510000
03/19/2001,459.000000
03/20/2001,459.290000
03/21/2001,458.370000
03/22/2001,458.020000
03/23/2001,459.570000
03/26/2001,460.930000
03/27/2001,461.360000
03/28/2001,461.900000
03/29/2001,461.670000
03/30/2001,462.360000
04/02/2001,462.650000
04/03/2001,459.700000
04/04/2001,458.530000
04/05/2001,464.580000
04/06/2001,462.610000
04/09/2001,464.770000
04/10/2001,467.080000
04/11/2001,469.930000
04/12/2001,469.300000
04/16/2001,471.610000
04/17/2001,469.260000
04/18/2001,454.230000
04/19/2001,453.210000
04/20/2001,452.790000
04/23/2001,451.790000
04/24/2001,451.360000
04/25/2001,452.780000
04/26/2001,453.570000
04/27/2001,455.060000
04/30/2001,455.270000
05/01/2001,455.350000
05/02/2001,456.040000
05/03/2001,457.150000
05/04/2001,456.970000
05/07/2001,457.890000
05/08/2001,459.490000
05/09/2001,461.130000
05/10/2001,461.290000
05/11/2001,463.710000
05/14/2001,465.140000
05/15/2001,467.750000
05/16/2001,459.320000
05/17/2001,456.510000
05/18/2001,457.220000
05/21/2001,454.910000
05/22/2001,455.400000
05/23/2001,458.400000
05/24/2001,459.700000
05/25/2001,461.660000
05/29/2001,461.870000
05/30/2001,459.630000
05/31/2001,460.780000
06/01/2001,462.730000
06/04/2001,464.470000
06/05/2001,467.560000
06/06/2001,466.740000
06/07/2001,468.440000
06/08/2001,466.020000
06/11/2001,462.490000
06/12/2001,463.470000
06/13/2001,456.930000
06/14/2001,446.030000
06/15/2001,443.740000
06/18/2001,444.310000
06/19/2001,445.390000
06/20/2001,446.030000
06/21/2001,447.110000
06/22/2001,446.970000
06/25/2001,447.640000
06/26/2001,448.150000
06/27/2001,448.170000
06/28/2001,449.500000
06/29/2001,450.170000
07/02/2001,451.180000
07/03/2001,451.340000
07/05/2001,452.240000
07/06/2001,447.710000
07/09/2001,450.180000
07/10/2001,445.710000
07/11/2001,444.890000
07/12/2001,454.190000
07/13/2001,457.750000
07/16/2001,455.670000
07/17/2001,459.310000
07/18/2001,458.840000
07/19/2001,465.860000
07/20/2001,461.760000
07/23/2001,460.150000
07/24/2001,457.590000
07/25/2001,460.640000
07/26/2001,463.710000
07/27/2001,464.470000
07/30/2001,464.520000
07/31/2001,466.110000
08/01/2001,467.760000
08/02/2001,468.390000
08/03/2001,468.540000
08/06/2001,467.140000
08/07/2001,468.580000
08/08/2001,462.600000
08/09/2001,462.300000
08/10/2001,465.710000
08/13/2001,466.130000
08/14/2001,464.180000
08/15/2001,459.600000
08/16/2001,460.750000
08/17/2001,453.770000
08/20/2001,454.530000
08/21/2001,455.090000
08/22/2001,455.790000
08/23/2001,456.760000
08/24/2001,455.880000
08/27/2001,457.460000
08/28/2001,458.060000
08/29/2001,457.410000
08/30/2001,454.920000
08/31/2001,455.560000
09/04/2001,455.010000
09/05/2001,455.900000
09/06/2001,449.590000
09/07/2001,444.760000
09/10/2001,445.770000
09/17/2001,436.430000
09/18/2001,435.490000
09/19/2001,435.430000
09/20/2001,436.180000
09/21/2001,435.910000
09/24/2001,435.990000
09/25/2001,435.740000
09/26/2001,436.320000
09/27/2001,436.030000
09/28/2001,433.830000
10/01/2001,435.090000
10/02/2001,433.860000
10/03/2001,432.330000
10/04/2001,432.270000
10/05/2001,432.460000
10/08/2001,432.710000
10/09/2001,432.780000
10/10/2001,431.460000
10/11/2001,431.370000
10/12/2001,431.120000
10/15/2001,431.050000
10/16/2001,430.550000
10/17/2001,430.870000
10/18/2001,430.660000
10/19/2001,431.060000
10/22/2001,432.110000
10/23/2001,432.650000
10/24/2001,433.020000
10/25/2001,432.620000
10/26/2001,432.910000
10/29/2001,434.590000
10/30/2001,433.730000
10/31/2001,433.990000
11/01/2001,434.840000
11/02/2001,435.780000
11/05/2001,435.140000
11/06/2001,433.550000
11/07/2001,433.790000
11/08/2001,433.720000
11/09/2001,433.690000
11/12/2001,433.900000
11/13/2001,430.000000
11/14/2001,429.910000
11/15/2001,428.120000
11/16/2001,428.560000
11/19/2001,429.120000
11/20/2001,429.570000
11/21/2001,429.820000
11/23/2001,430.320000
11/26/2001,431.240000
11/27/2001,431.070000
11/28/2001,429.960000
11/29/2001,432.250000
11/30/2001,432.310000
12/03/2001,431.800000
12/04/2001,434.210000
12/05/2001,432.160000
12/06/2001,433.370000
12/07/2001,434.560000
12/10/2001,435.370000
12/11/2001,436.580000
12/12/2001,436.970000
12/13/2001,433.200000
12/14/2001,435.400000
12/17/2001,439.940000
12/18/2001,444.060000
12/19/2001,446.210000
12/20/2001,447.830000
12/21/2001,453.630000
12/24/2001,454.630000
12/26/2001,455.010000
12/27/2001,455.130000
12/28/2001,455.070000
12/31/2001,456.660000
01/02/2002,456.880000
01/03/2002,456.500000
01/04/2002,455.550000
01/07/2002,458.040000
01/08/2002,459.910000
01/09/2002,461.730000
01/10/2002,462.500000
01/11/2002,464.780000
01/14/2002,465.770000
01/15/2002,468.420000
01/16/2002,463.920000
01/17/2002,470.820000
01/18/2002,464.630000
01/22/2002,465.420000
01/23/2002,466.800000
01/24/2002,467.220000
01/25/2002,467.810000
01/28/2002,469.250000
01/29/2002,466.510000
01/30/2002,468.820000
01/31/2002,470.980000
02/01/2002,471.640000
02/04/2002,465.330000
02/05/2002,464.030000
02/06/2002,461.780000
02/07/2002,459.300000
02/08/2002,465.440000
02/11/2002,473.710000
02/12/2002,471.610000
02/13/2002,478.470000
02/14/2002,478.050000
02/15/2002,478.570000
02/19/2002,476.290000
02/20/2002,479.170000
02/21/2002,476.460000
02/22/2002,478.790000
02/25/2002,481.830000
02/26/2002,482.120000
02/27/2002,483.210000
02/28/2002,483.720000
03/01/2002,482.770000
03/04/2002,477.680000
03/05/2002,480.490000
03/06/2002,475.530000
03/07/2002,477.750000
03/08/2002,474.920000
03/11/2002,473.270000
03/12/2002,473.940000
03/13/2002,480.050000
03/14/2002,481.120000
03/15/2002,476.920000
03/18/2002,477.170000
03/19/2002,478.130000
03/20/2002,478.100000
03/21/2002,478.330000
03/22/2002,478.120000
03/25/2002,475.780000
03/26/2002,477.460000
03/27/2002,479.030000
03/28/2002,480.380000
04/01/2002,479.800000
04/02/2002,477.850000
04/03/2002,473.610000
04/04/2002,474.050000
04/05/2002,472.650000
04/08/2002,473.730000
04/09/2002,470.180000
04/10/2002,476.510000
04/11/2002,463.720000
04/12/2002,465.040000
04/15/2002,461.390000
04/16/2002,474.450000
04/17/2002,473.950000
04/18/2002,471.750000
04/19/2002,475.930000
04/22/2002,475.700000
04/23/2002,474.720000
04/24/2002,473.730000
04/25/2002,473.550000
04/26/2002,469.350000
04/29/2002,466.380000
04/30/2002,469.940000
05/01/2002,473.160000
05/02/2002,472.680000
05/03/2002,468.640000
05/06/2002,460.740000
05/07/2002,458.740000
05/08/2002,474.280000
05/09/2002,467.860000
05/10/2002,459.840000
05/13/2002,467.220000
05/14/2002,480.310000
05/15/2002,477.470000
05/16/2002,482.190000
05/17/2002,484.000000
05/20/2002,485.040000
05/21/2002,484.310000
05/22/2002,485.780000
05/23/2002,486.720000
05/24/2002,486.510000
05/28/2002,486.410000
05/29/2002,485.000000
05/30/2002,484.980000
05/31/2002,486.060000
06/03/2002,476.650000
06/04/2002,477.850000
06/05/2002,480.770000
06/06/2002,474.040000
06/07/2002,472.900000
06/10/2002,472.720000
06/11/2002,468.170000
06/12/2002,469.010000
06/13/2002,466.850000
06/14/2002,466.160000
06/17/2002,471.670000
06/18/2002,470.120000
06/19/2002,464.420000
06/20/2002,464.270000
06/21/2002,463.950000
06/24/2002,466.110000
06/25/2002,465.950000
06/26/2002,466.040000
06/27/2002,467.900000
06/28/2002,468.370000
07/01/2002,466.970000
07/02/2002,461.350000
07/03/2002,463.910000
07/05/2002,471.640000
07/08/2002,470.120000
07/09/2002,463.280000
07/10/2002,454.440000
07/11/2002,456.460000
07/12/2002,453.650000
07/15/2002,452.740000
07/16/2002,450.430000
07/17/2002,450.200000
07/18/2002,449.390000
07/19/2002,447.660000
07/22/2002,445.100000
07/23/2002,442.500000
07/24/2002,448.280000
07/25/2002,447.830000
07/26/2002,450.450000
07/29/2002,452.840000
07/30/2002,451.460000
07/31/2002,451.710000
08/01/2002,452.590000
08/02/2002,451.850000
08/05/2002,448.260000
08/06/2002,453.090000
08/07/2002,455.890000
08/08/2002,453.570000
08/09/2002,453.720000
08/12/2002,456.050000
08/13/2002,461.960000
08/14/2002,451.810000
08/15/2002,446.420000
08/16/2002,444.920000
08/19/2002,445.420000
08/20/2002,445.960000
08/21/2002,446.580000
08/22/2002,444.660000
08/23/2002,446.630000
08/26/2002,446.000000
08/27/2002,447.230000
08/28/2002,446.650000
08/29/2002,446.930000
08/30/2002,447.470000
09/03/2002,441.800000
09/04/2002,444.810000
09/05/2002,442.540000
09/06/2002,445.890000
09/09/2002,447.900000
09/10/2002,449.870000
09/11/2002,450.500000
09/12/2002,444.630000
09/13/2002,444.480000
09/16/2002,444.030000
09/17/2002,436.090000
09/18/2002,432.040000
09/19/2002,428.930000
09/20/2002,429.470000
09/23/2002,430.060000
09/24/2002,429.520000
09/25/2002,430.450000
09/26/2002,431.880000
09/27/2002,431.060000
09/30/2002,430.700000
10/01/2002,432.860000
10/02/2002,431.930000
10/03/2002,431.710000
10/04/2002,429.690000
10/07/2002,426.900000
10/08/2002,429.210000
10/09/2002,423.720000
10/10/2002,431.360000
10/11/2002,438.020000
10/14/2002,440.510000
10/15/2002,432.850000
10/16/2002,438.920000
10/17/2002,432.030000
10/18/2002,434.860000
10/21/2002,436.530000
10/22/2002,435.430000
10/23/2002,436.970000
10/24/2002,435.470000
10/25/2002,437.680000
10/28/2002,437.710000
10/29/2002,436.700000
10/30/2002,437.690000
10/31/2002,437.620000
11/01/2002,440.660000
11/04/2002,441.400000
11/05/2002,441.930000
11/06/2002,441.790000
11/07/2002,442.360000
11/08/2002,442.930000
11/11/2002,439.550000
11/12/2002,443.120000
11/13/2002,443.980000
11/14/2002,451.960000
11/15/2002,455.050000
11/18/2002,456.180000
11/19/2002,456.930000
11/20/2002,455.470000
11/21/2002,452.890000
11/22/2002,453.940000
11/25/2002,454.330000
11/26/2002,457.730000
11/27/2002,452.940000
11/29/2002,453.760000
12/02/2002,454.590000
12/03/2002,457.700000
12/04/2002,456.930000
12/05/2002,459.150000
12/06/2002,459.800000
12/09/2002,462.210000
12/10/2002,463.400000
12/11/2002,464.150000
12/12/2002,467.670000
12/13/2002,467.860000
12/16/2002,469.990000
12/17/2002,473.710000
12/18/2002,475.370000
12/19/2002,474.400000
12/20/2002,482.290000
12/23/2002,483.790000
12/24/2002,483.610000
12/26/2002,484.050000
12/27/2002,482.560000
12/30/2002,483.810000
12/31/2002,485.160000
01/02/2003,487.490000
01/03/2003,488.510000
01/06/2003,485.040000
01/07/2003,487.000000
01/08/2003,490.590000
01/09/2003,486.850000
01/10/2003,487.370000
01/13/2003,487.880000
01/14/2003,486.420000
01/15/2003,493.980000
01/16/2003,496.890000
01/17/2003,502.230000
01/21/2003,501.140000
01/22/2003,499.700000
01/23/2003,501.310000
01/24/2003,497.130000
01/27/2003,493.880000
01/28/2003,496.250000
01/29/2003,497.800000
01/30/2003,492.250000
01/31/2003,495.060000
02/03/2003,496.640000
02/04/2003,493.570000
02/05/2003,491.350000
02/06/2003,490.480000
02/07/2003,487.430000
02/10/2003,488.550000
02/11/2003,485.530000
02/12/2003,482.590000
02/13/2003,482.880000
02/14/2003,485.110000
02/18/2003,488.090000
02/19/2003,483.510000
02/20/2003,479.050000
02/21/2003,479.150000
02/24/2003,479.320000
02/25/2003,479.650000
02/26/2003,478.570000
02/27/2003,480.300000
02/28/2003,481.410000
03/03/2003,481.730000
03/04/2003,480.380000
03/05/2003,481.690000
03/06/2003,481.080000
03/07/2003,482.270000
03/10/2003,478.460000
03/11/2003,475.670000
03/12/2003,477.320000
03/13/2003,486.050000
03/14/2003,487.950000
03/17/2003,486.270000
03/18/2003,485.920000
03/19/2003,485.060000
03/20/2003,481.350000
03/21/2003,476.070000
03/24/2003,474.480000
03/25/2003,476.770000
03/26/2003,476.370000
03/27/2003,476.550000
03/28/2003,476.020000
03/31/2003,472.910000
04/01/2003,476.000000
04/02/2003,479.640000
04/03/2003,479.820000
04/04/2003,479.500000
04/07/2003,481.650000
04/08/2003,482.890000
04/09/2003,480.130000
04/10/2003,483.980000
04/11/2003,484.480000
04/14/2003,492.440000
04/15/2003,495.700000
04/16/2003,496.180000
04/17/2003,495.880000
04/21/2003,496.690000
04/22/2003,494.430000
04/23/2003,492.220000
04/24/2003,495.300000
04/25/2003,498.470000
04/28/2003,495.170000
04/29/2003,494.610000
04/30/2003,495.900000
05/01/2003,495.460000
05/02/2003,490.720000
05/05/2003,493.220000
05/06/2003,488.450000
05/07/2003,491.130000
05/08/2003,496.580000
05/09/2003,488.800000
05/12/2003,481.630000
05/13/2003,482.540000
05/14/2003,484.290000
05/15/2003,477.700000
05/16/2003,479.800000
05/19/2003,477.670000
05/20/2003,477.710000
05/21/2003,478.600000
05/22/2003,480.480000
05/23/2003,481.190000
05/27/2003,480.690000
05/28/2003,480.610000
05/29/2003,481.570000
05/30/2003,479.440000
06/02/2003,478.850000
06/03/2003,477.760000
06/04/2003,473.660000
06/05/2003,472.290000
06/06/2003,473.530000
06/09/2003,477.890000
06/10/2003,474.530000
06/11/2003,469.460000
06/12/2003,469.430000
06/13/2003,472.610000
06/16/2003,464.420000
06/17/2003,464.090000
06/18/2003,463.530000
06/19/2003,465.500000
06/20/2003,462.630000
06/23/2003,460.510000
06/24/2003,460.990000
06/25/2003,459.660000
06/26/2003,462.630000
06/27/2003,460.550000
06/30/2003,460.040000
07/01/2003,463.070000
07/02/2003,465.540000
07/03/2003,463.800000
07/07/2003,468.130000
07/08/2003,468.690000
07/09/2003,470.000000
07/10/2003,468.000000
07/11/2003,472.410000
07/14/2003,474.960000
07/15/2003,475.960000
07/16/2003,475.490000
07/17/2003,467.910000
07/18/2003,475.190000
07/21/2003,475.570000
07/22/2003,476.580000
07/23/2003,477.630000
07/24/2003,477.380000
07/25/2003,477.390000
07/28/2003,478.630000
07/29/2003,479.670000
07/30/2003,480.040000
07/31/2003,480.000000
08/01/2003,478.830000
08/04/2003,480.910000
08/05/2003,475.860000
08/06/2003,478.850000
08/07/2003,482.710000
08/08/2003,485.360000
08/11/2003,487.150000
08/12/2003,490.680000
08/13/2003,491.840000
08/14/2003,496.220000
08/15/2003,499.960000
08/18/2003,500.290000
08/19/2003,500.180000
08/20/2003,501.160000
08/21/2003,500.930000
08/22/2003,502.440000
08/25/2003,502.390000
08/26/2003,502.400000
08/27/2003,503.710000
08/28/2003,503.080000
08/29/2003,502.780000
09/02/2003,498.420000
09/03/2003,496.890000
09/04/2003,496.460000
09/05/2003,501.450000
09/08/2003,495.870000
09/09/2003,500.170000
09/10/2003,507.160000
09/11/2003,505.530000
09/12/2003,505.090000
09/15/2003,508.690000
09/16/2003,498.310000
09/17/2003,501.240000
09/18/2003,487.820000
09/19/2003,488.220000
09/22/2003,487.980000
09/23/2003,488.780000
09/24/2003,486.430000
09/25/2003,485.200000
09/26/2003,484.400000
09/29/2003,487.000000
09/30/2003,484.320000
10/01/2003,489.590000
10/02/2003,490.860000
10/03/2003,492.820000
10/06/2003,495.020000
10/07/2003,494.740000
10/08/2003,495.990000
10/09/2003,497.090000
10/10/2003,498.560000
10/13/2003,498.830000
10/14/2003,498.390000
10/15/2003,501.520000
10/16/2003,500.540000
10/17/2003,499.900000
10/20/2003,501.220000
10/21/2003,502.030000
10/22/2003,501.100000
10/23/2003,502.580000
10/24/2003,501.900000
10/27/2003,503.480000
10/28/2003,505.010000
10/29/2003,505.560000
10/30/2003,505.590000
10/31/2003,506.350000
11/03/2003,504.460000
11/04/2003,506.450000
11/05/2003,506.400000
11/06/2003,506.120000
11/07/2003,507.890000
11/10/2003,510.580000
11/11/2003,511.730000
11/12/2003,510.800000
11/13/2003,511.540000
11/14/2003,515.360000
11/17/2003,516.950000
11/18/2003,515.950000
11/19/2003,522.110000
11/20/2003,522.120000
11/21/2003,524.640000
11/24/2003,524.340000
11/25/2003,524.170000
11/26/2003,523.310000
11/28/2003,523.520000
12/01/2003,519.740000
12/02/2003,521.410000
12/03/2003,521.750000
12/04/2003,519.880000
12/05/2003,523.550000
12/08/2003,520.920000
12/09/2003,525.930000
12/10/2003,526.980000
12/11/2003,519.420000
12/12/2003,517.640000
12/15/2003,521.690000
12/16/2003,516.410000
12/17/2003,515.040000
12/18/2003,507.530000
12/19/2003,506.100000
12/22/2003,506.230000
12/23/2003,507.120000
12/24/2003,507.670000
12/26/2003,507.160000
12/29/2003,505.740000
12/30/2003,505.050000
12/31/2003,505.080000
01/02/2004,505.840000
01/05/2004,502.160000
01/06/2004,502.240000
01/07/2004,501.040000
01/08/2004,498.380000
01/09/2004,503.520000
01/12/2004,500.820000
01/13/2004,505.860000
01/14/2004,499.100000
01/15/2004,497.500000
01/16/2004,491.290000
01/20/2004,492.700000
01/21/2004,491.860000
01/22/2004,492.730000
01/23/2004,493.410000
01/26/2004,491.300000
01/27/2004,494.130000
01/28/2004,494.300000
01/29/2004,494.220000
01/30/2004,495.300000
02/02/2004,495.630000
02/03/2004,496.240000
02/04/2004,496.130000
02/05/2004,497.370000
02/06/2004,498.810000
02/09/2004,500.580000
02/10/2004,500.250000
02/11/2004,495.790000
02/12/2004,498.940000
02/13/2004,502.470000
02/17/2004,498.380000
02/18/2004,502.370000
02/19/2004,506.310000
02/20/2004,505.010000
02/23/2004,505.650000
02/24/2004,506.510000
02/25/2004,507.600000
02/26/2004,508.200000
02/27/2004,509.000000
03/01/2004,508.210000
03/02/2004,509.490000
03/03/2004,509.820000
03/04/2004,509.270000
03/05/2004,509.660000
03/08/2004,512.280000
03/09/2004,511.580000
03/10/2004,506.920000
03/11/2004,498.680000
03/12/2004,507.940000
03/15/2004,498.830000
03/16/2004,502.010000
03/17/2004,511.610000
03/18/2004,510.700000
03/19/2004,508.240000
03/22/2004,506.100000
03/23/2004,506.770000
03/24/2004,506.340000
03/25/2004,511.170000
03/26/2004,513.050000
03/29/2004,514.660000
03/30/2004,515.040000
03/31/2004,514.770000
04/01/2004,514.180000
04/02/2004,513.580000
04/05/2004,510.720000
04/06/2004,512.190000
04/07/2004,515.630000
04/08/2004,517.140000
04/12/2004,516.230000
04/13/2004,522.930000
04/14/2004,527.740000
04/15/2004,530.480000
04/16/2004,528.110000
04/19/2004,529.300000
04/20/2004,528.340000
04/21/2004,529.910000
04/22/2004,530.240000
04/23/2004,531.390000
04/26/2004,531.730000
04/27/2004,532.020000
04/28/2004,531.050000
04/29/2004,529.680000
04/30/2004,528.070000
05/03/2004,531.480000
05/04/2004,532.840000
05/05/2004,533.900000
05/06/2004,531.330000
05/07/2004,525.300000
05/10/2004,519.190000
05/11/2004,523.930000
05/12/2004,525.310000
05/13/2004,524.270000
05/14/2004,523.520000
05/17/2004,515.660000
05/18/2004,519.790000
05/19/2004,517.240000
05/20/2004,517.190000
05/21/2004,521.500000
05/24/2004,523.130000
05/25/2004,522.180000
05/26/2004,521.460000
05/27/2004,520.640000
05/28/2004,521.670000
06/01/2004,521.240000
06/02/2004,520.220000
06/03/2004,523.880000
06/04/2004,522.430000
06/07/2004,514.000000
06/08/2004,513.150000
06/09/2004,520.020000
06/10/2004,516.820000
06/14/2004,525.200000
06/15/2004,520.170000
06/16/2004,519.590000
06/17/2004,522.060000
06/18/2004,523.540000
06/21/2004,524.540000
06/22/2004,526.230000
06/23/2004,525.390000
06/24/2004,525.970000
06/25/2004,526.530000
06/28/2004,525.990000
06/29/2004,527.160000
06/30/2004,529.870000
07/01/2004,528.690000
07/02/2004,528.180000
07/06/2004,525.230000
07/07/2004,527.070000
07/08/2004,521.500000
07/09/2004,523.970000
07/12/2004,525.600000
07/13/2004,526.140000
07/14/2004,523.100000
07/15/2004,519.040000
07/16/2004,526.220000
07/19/2004,527.100000
07/20/2004,527.950000
07/21/2004,526.490000
07/22/2004,527.980000
07/23/2004,526.090000
07/26/2004,526.480000
07/27/2004,529.180000
07/28/2004,530.370000
07/29/2004,531.780000
07/30/2004,532.900000
08/02/2004,534.290000
08/03/2004,533.250000
08/04/2004,533.560000
08/05/2004,526.820000
08/06/2004,517.830000
08/09/2004,517.860000
08/10/2004,526.370000
08/11/2004,523.920000
08/12/2004,515.260000
08/13/2004,515.510000
08/16/2004,526.830000
08/17/2004,528.140000
08/18/2004,540.460000
08/19/2004,536.480000
08/20/2004,536.570000
08/23/2004,538.320000
08/24/2004,539.120000
08/25/2004,538.250000
08/26/2004,538.600000
08/27/2004,538.450000
08/30/2004,540.650000
08/31/2004,540.160000
09/01/2004,540.950000
09/02/2004,536.270000
09/03/2004,539.320000
09/07/2004,536.160000
09/08/2004,540.390000
09/09/2004,539.940000
09/10/2004,536.320000
09/13/2004,534.740000
09/14/2004,532.290000
09/15/2004,539.690000
09/16/2004,537.570000
09/17/2004,535.690000
09/20/2004,536.220000
09/21/2004,537.460000
09/22/2004,535.690000
09/23/2004,534.710000
09/24/2004,536.340000
09/27/2004,533.690000
09/28/2004,538.310000
09/29/2004,539.680000
09/30/2004,539.590000
10/01/2004,543.390000
10/04/2004,542.440000
10/05/2004,543.280000
10/06/2004,541.850000
10/07/2004,544.400000
10/08/2004,546.540000
10/11/2004,549.920000
10/12/2004,549.640000
10/13/2004,543.960000
10/14/2004,535.310000
10/15/2004,538.830000
10/18/2004,539.350000
10/19/2004,540.150000
10/20/2004,540.490000
10/21/2004,541.530000
10/22/2004,540.840000
10/25/2004,540.210000
10/26/2004,540.890000
10/27/2004,538.650000
10/28/2004,539.000000
10/29/2004,537.820000
11/01/2004,538.010000
11/02/2004,538.440000
11/03/2004,534.800000
11/04/2004,526.850000
11/05/2004,524.180000
11/08/2004,524.110000
11/09/2004,523.830000
11/10/2004,523.900000
11/11/2004,519.640000
11/12/2004,517.920000
11/15/2004,516.690000
11/16/2004,517.730000
11/17/2004,516.950000
11/18/2004,516.860000
11/19/2004,517.060000
11/22/2004,518.280000
11/23/2004,519.140000
11/24/2004,519.240000
11/26/2004,519.990000
11/29/2004,520.930000
11/30/2004,521.380000
12/01/2004,518.370000
12/02/2004,519.150000
12/03/2004,519.850000
12/06/2004,521.130000
12/07/2004,524.700000
12/08/2004,524.900000
12/09/2004,523.740000
12/10/2004,525.610000
12/13/2004,520.270000
12/14/2004,516.430000
12/15/2004,515.790000
12/16/2004,518.380000
12/17/2004,528.130000
12/20/2004,529.520000
12/21/2004,529.670000
12/22/2004,529.550000
12/23/2004,529.880000
12/27/2004,531.130000
12/28/2004,530.030000
12/29/2004,529.570000
12/30/2004,529.920000
12/31/2004,529.950000
01/03/2005,532.560000
01/04/2005,532.890000
01/05/2005,532.260000
01/06/2005,534.370000
01/07/2005,534.510000
01/10/2005,536.870000
01/11/2005,535.390000
01/12/2005,538.310000
01/13/2005,534.560000
01/14/2005,538.800000
01/18/2005,544.890000
01/19/2005,540.370000
01/20/2005,533.490000
01/21/2005,533.670000
01/24/2005,533.610000
01/25/2005,535.490000
01/26/2005,537.260000
01/27/2005,538.580000
01/28/2005,538.180000
01/31/2005,539.730000
02/01/2005,539.970000
02/02/2005,538.760000
02/03/2005,540.640000
02/04/2005,535.490000
02/07/2005,536.550000
02/08/2005,536.970000
02/09/2005,542.650000
02/10/2005,541.070000
02/11/2005,535.390000
02/14/2005,535.840000
02/15/2005,532.780000
02/16/2005,533.390000
02/17/2005,541.070000
02/18/2005,541.290000
02/22/2005,537.640000
02/23/2005,540.760000
02/24/2005,543.500000
02/25/2005,542.280000
02/28/2005,542.910000
03/01/2005,542.600000
03/02/2005,542.400000
03/03/2005,543.080000
03/04/2005,540.700000
03/07/2005,539.930000
03/08/2005,544.040000
03/09/2005,547.600000
03/10/2005,549.080000
03/11/2005,550.350000
03/14/2005,552.640000
03/15/2005,552.160000
03/16/2005,547.180000
03/17/2005,549.550000
03/18/2005,550.380000
03/21/2005,551.190000
03/22/2005,549.450000
03/23/2005,550.810000
03/24/2005,551.380000
03/28/2005,553.190000
03/29/2005,549.390000
03/30/2005,555.080000
03/31/2005,555.030000
04/01/2005,553.380000
04/04/2005,555.950000
04/05/2005,559.130000
04/06/2005,560.370000
04/07/2005,562.130000
04/08/2005,562.000000
04/11/2005,563.510000
04/12/2005,568.130000
04/13/2005,560.660000
04/14/2005,550.870000
04/15/2005,544.260000
04/18/2005,545.880000
04/19/2005,548.280000
04/20/2005,544.650000
04/21/2005,550.920000
04/22/2005,549.430000
04/25/2005,552.480000
04/26/2005,550.860000
04/27/2005,552.130000
04/28/2005,548.110000
04/29/2005,552.520000
05/02/2005,554.160000
05/03/2005,555.060000
05/04/2005,556.000000
05/05/2005,556.990000
05/06/2005,557.740000
05/09/2005,558.670000
05/10/2005,558.990000
05/11/2005,561.190000
05/12/2005,558.690000
05/13/2005,558.500000
05/16/2005,564.670000
05/17/2005,566.370000
05/18/2005,561.490000
05/19/2005,558.230000
05/20/2005,557.780000
05/23/2005,558.980000
05/24/2005,559.850000
05/25/2005,561.070000
05/26/2005,559.750000
05/27/2005,560.240000
05/31/2005,562.060000
06/01/2005,561.770000
06/02/2005,560.850000
06/03/2005,564.290000
06/06/2005,565.370000
06/07/2005,565.210000
06/08/2005,566.730000
06/09/2005,565.770000
06/10/2005,568.420000
06/13/2005,568.790000
06/14/2005,566.960000
06/15/2005,566.690000
06/16/2005,563.450000
06/17/2005,553.090000
06/20/2005,553.920000
06/21/2005,554.900000
06/22/2005,555.070000
06/23/2005,552.230000
06/24/2005,549.380000
06/27/2005,549.640000
06/28/2005,554.690000
06/29/2005,554.090000
06/30/2005,549.710000
07/01/2005,552.460000
07/05/2005,557.700000
07/06/2005,552.750000
07/07/2005,554.400000
07/08/2005,561.500000
07/11/2005,563.270000
07/12/2005,564.290000
07/13/2005,565.810000
07/14/2005,565.800000
07/15/2005,566.610000
07/18/2005,568.300000
07/19/2005,568.080000
07/20/2005,567.760000
07/21/2005,568.740000
07/22/2005,568.060000
07/25/2005,569.660000
07/26/2005,570.030000
07/27/2005,569.830000
07/28/2005,566.720000
07/29/2005,569.430000
08/01/2005,570.280000
08/02/2005,567.530000
08/03/2005,567.010000
08/04/2005,571.720000
08/05/2005,574.540000
08/08/2005,575.980000
08/09/2005,576.390000
08/10/2005,577.780000
08/11/2005,575.580000
08/12/2005,579.580000
08/15/2005,580.390000
08/16/2005,582.440000
08/17/2005,585.050000
08/18/2005,586.150000
08/19/2005,591.390000
08/22/2005,592.620000
08/23/2005,593.030000
08/24/2005,592.400000
08/25/2005,593.970000
08/26/2005,592.660000
08/29/2005,596.190000
08/30/2005,595.530000
08/31/2005,598.380000
09/01/2005,598.180000
09/02/2005,598.630000
09/06/2005,598.780000
09/07/2005,599.550000
09/08/2005,602.260000
09/09/2005,598.550000
09/12/2005,600.420000
09/13/2005,606.730000
09/14/2005,610.270000
09/15/2005,612.340000
09/16/2005,609.510000
09/19/2005,610.950000
09/20/2005,611.910000
09/21/2005,608.730000
09/22/2005,610.330000
09/23/2005,611.690000
09/26/2005,612.740000
09/27/2005,613.230000
09/28/2005,614.100000
09/29/2005,616.190000
09/30/2005,617.250000
10/03/2005,617.810000
10/04/2005,614.460000
10/05/2005,604.630000
10/06/2005,601.640000
10/07/2005,604.710000
10/10/2005,598.510000
10/11/2005,596.550000
10/12/2005,590.700000
10/13/2005,589.620000
10/14/2005,595.120000
10/17/2005,597.200000
10/18/2005,587.280000
10/19/2005,601.290000
10/20/2005,583.830000
10/21/2005,589.790000
10/24/2005,587.320000
10/25/2005,588.360000
10/26/2005,590.080000
10/27/2005,591.870000
10/28/2005,589.420000
10/31/2005,586.690000
11/01/2005,588.100000
11/02/2005,582.740000
11/03/2005,579.320000
11/04/2005,579.820000
11/07/2005,578.160000
11/08/2005,581.510000
11/09/2005,580.530000
11/10/2005,571.670000
11/11/2005,569.270000
11/14/2005,569.270000
11/15/2005,572.670000
11/16/2005,570.390000
11/17/2005,561.770000
11/18/2005,561.500000
11/21/2005,560.540000
11/22/2005,558.780000
11/23/2005,556.270000
11/25/2005,555.760000
11/28/2005,560.100000
11/29/2005,561.150000
11/30/2005,564.060000
12/01/2005,559.030000
12/02/2005,559.940000
12/05/2005,562.220000
12/06/2005,562.500000
12/07/2005,565.620000
12/08/2005,567.070000
12/09/2005,566.890000
12/12/2005,567.770000
12/13/2005,563.430000
12/14/2005,559.320000
12/15/2005,561.540000
12/16/2005,558.900000
12/19/2005,558.900000
12/20/2005,559.710000
12/21/2005,560.360000
12/22/2005,561.660000
12/23/2005,562.530000
12/27/2005,560.780000
12/28/2005,561.380000
12/29/2005,561.200000
12/30/2005,558.170000
01/03/2006,565.470000
01/04/2006,565.190000
01/05/2006,565.850000
01/06/2006,564.910000
01/09/2006,563.460000
01/10/2006,565.070000
01/11/2006,563.240000
01/12/2006,567.940000
01/13/2006,568.730000
01/17/2006,571.880000
01/18/2006,575.030000
01/19/2006,573.980000
01/20/2006,573.080000
01/23/2006,575.830000
01/24/2006,576.670000
01/25/2006,577.330000
01/26/2006,579.320000
01/27/2006,578.780000
01/30/2006,579.150000
01/31/2006,579.340000
02/01/2006,580.660000
02/02/2006,580.430000
02/03/2006,580.320000
02/06/2006,582.460000
02/07/2006,577.520000
02/08/2006,584.210000
02/09/2006,584.100000
02/10/2006,586.690000
02/13/2006,585.470000
02/14/2006,591.820000
02/15/2006,593.920000
02/16/2006,592.210000
02/17/2006,593.180000
02/21/2006,594.530000
02/22/2006,595.040000
02/23/2006,595.470000
02/24/2006,596.550000
02/27/2006,597.250000
02/28/2006,597.150000
03/01/2006,598.320000
03/02/2006,598.900000
03/03/2006,599.960000
03/06/2006,599.340000
03/07/2006,598.840000
03/08/2006,601.200000
03/09/2006,598.390000
03/10/2006,603.790000
03/13/2006,606.890000
03/14/2006,606.560000
03/15/2006,604.220000
03/16/2006,603.390000
03/17/2006,600.200000
03/20/2006,601.480000
03/21/2006,602.630000
03/22/2006,603.350000
03/23/2006,604.100000
03/24/2006,604.750000
03/27/2006,605.000000
03/28/2006,604.810000
03/29/2006,607.210000
03/30/2006,606.060000
03/31/2006,606.040000
04/03/2006,607.840000
04/04/2006,609.410000
04/05/2006,609.020000
04/06/2006,609.050000
04/07/2006,607.920000
04/10/2006,609.940000
04/11/2006,605.600000
04/12/2006,607.710000
04/13/2006,608.980000
04/17/2006,607.200000
04/18/2006,619.450000
04/19/2006,622.030000
04/20/2006,624.930000
04/21/2006,620.040000
04/24/2006,621.450000
04/25/2006,621.710000
04/26/2006,622.940000
04/27/2006,623.360000
04/28/2006,623.900000
05/01/2006,623.170000
05/02/2006,625.070000
05/03/2006,625.450000
05/04/2006,626.150000
05/05/2006,623.830000
05/08/2006,625.610000
05/09/2006,626.450000
05/10/2006,628.210000
05/11/2006,629.850000
05/12/2006,622.410000
05/15/2006,626.100000
05/16/2006,624.540000
05/17/2006,605.280000
05/18/2006,597.640000
05/19/2006,599.510000
05/22/2006,601.650000
05/23/2006,602.880000
05/24/2006,603.830000
05/25/2006,602.800000
05/26/2006,601.980000
05/30/2006,603.590000
05/31/2006,605.300000
06/01/2006,601.850000
06/02/2006,602.000000
06/05/2006,608.480000
06/06/2006,610.020000
06/07/2006,611.850000
06/08/2006,613.560000
06/09/2006,613.030000
06/12/2006,605.780000
06/13/2006,596.810000
06/14/2006,601.760000
06/15/2006,625.420000
06/16/2006,622.490000
06/19/2006,624.890000
06/20/2006,626.290000
06/21/2006,625.640000
06/22/2006,627.320000
06/23/2006,627.300000
06/26/2006,628.180000
06/27/2006,628.540000
06/28/2006,628.600000
06/29/2006,623.860000
06/30/2006,625.640000
07/03/2006,622.140000
07/05/2006,627.220000
07/06/2006,626.390000
07/07/2006,631.510000
07/10/2006,632.470000
07/11/2006,630.800000
07/12/2006,636.970000
07/13/2006,636.240000
07/14/2006,639.850000
07/17/2006,641.180000
07/18/2006,642.790000
07/19/2006,647.430000
07/20/2006,656.410000
07/21/2006,660.100000
07/24/2006,659.900000
07/25/2006,657.460000
07/26/2006,658.620000
07/27/2006,660.590000
07/28/2006,656.070000
07/31/2006,657.510000
08/01/2006,660.720000
08/02/2006,658.210000
08/03/2006,657.860000
08/04/2006,658.570000
08/07/2006,661.270000
08/08/2006,664.750000
08/09/2006,669.450000
08/10/2006,667.430000
08/11/2006,672.250000
08/14/2006,672.700000
08/15/2006,660.180000
08/16/2006,651.460000
08/17/2006,648.700000
08/18/2006,645.780000
08/21/2006,647.260000
08/22/2006,648.040000
08/23/2006,649.340000
08/24/2006,650.030000
08/25/2006,650.530000
08/28/2006,651.720000
08/29/2006,651.620000
08/30/2006,652.790000
08/31/2006,653.030000
09/01/2006,651.730000
09/05/2006,651.930000
09/06/2006,656.290000
09/07/2006,658.470000
09/08/2006,661.370000
09/11/2006,663.090000
09/12/2006,658.930000
09/13/2006,655.710000
09/14/2006,658.300000
09/15/2006,652.450000
09/18/2006,653.980000
09/19/2006,656.040000
09/20/2006,654.760000
09/21/2006,654.050000
09/22/2006,654.690000
09/25/2006,655.610000
09/26/2006,653.140000
09/27/2006,652.330000
09/28/2006,652.760000
09/29/2006,654.180000
10/02/2006,657.120000
10/03/2006,656.990000
10/04/2006,650.090000
10/05/2006,647.990000
10/06/2006,651.480000
10/09/2006,652.180000
10/10/2006,650.790000
10/11/2006,654.640000
10/12/2006,644.610000
10/13/2006,642.970000
10/16/2006,639.520000
10/17/2006,644.030000
10/18/2006,643.820000
10/19/2006,642.820000
10/20/2006,639.600000
10/23/2006,637.040000
10/24/2006,637.790000
10/25/2006,636.360000
10/26/2006,634.260000
10/27/2006,639.030000
10/30/2006,640.200000
10/31/2006,641.600000
11/01/2006,644.470000
11/02/2006,646.560000
11/03/2006,648.470000
11/06/2006,645.410000
11/07/2006,643.750000
11/08/2006,643.190000
11/09/2006,647.990000
11/10/2006,648.310000
11/13/2006,646.850000
11/14/2006,639.660000
11/15/2006,636.810000
11/16/2006,635.160000
11/17/2006,640.620000
11/20/2006,642.310000
11/21/2006,643.200000
11/22/2006,642.960000
11/24/2006,643.810000
11/27/2006,642.890000
11/28/2006,645.590000
11/29/2006,647.390000
11/30/2006,647.970000
12/01/2006,647.820000
12/04/2006,646.940000
12/05/2006,645.000000
12/06/2006,646.420000
12/07/2006,648.700000
12/08/2006,650.320000
12/11/2006,650.360000
12/12/2006,652.600000
12/13/2006,653.000000
12/14/2006,644.060000
12/15/2006,640.540000
12/18/2006,641.820000
12/19/2006,643.110000
12/20/2006,643.380000
12/21/2006,643.130000
12/22/2006,641.390000
12/26/2006,644.780000
12/27/2006,646.300000
12/28/2006,646.780000
12/29/2006,645.100000
01/03/2007,646.110000
01/04/2007,647.940000
01/05/2007,643.890000
01/08/2007,647.070000
01/09/2007,646.970000
01/10/2007,648.840000
01/11/2007,653.910000
01/12/2007,657.260000
01/16/2007,658.410000
01/17/2007,659.570000
01/18/2007,659.240000
01/19/2007,661.750000
01/22/2007,662.300000
01/23/2007,663.870000
01/24/2007,662.980000
01/25/2007,663.210000
01/26/2007,664.010000
01/29/2007,664.240000
01/30/2007,665.970000
01/31/2007,666.150000
02/01/2007,664.400000
02/02/2007,664.990000
02/05/2007,666.240000
02/06/2007,667.020000
02/07/2007,666.930000
02/08/2007,668.600000
02/09/2007,673.020000
02/12/2007,675.150000
02/13/2007,675.150000
02/14/2007,668.050000
02/15/2007,666.970000
02/16/2007,672.110000
02/20/2007,672.400000
02/21/2007,673.900000
02/22/2007,674.690000
02/23/2007,675.090000
02/26/2007,675.850000
02/27/2007,654.130000
02/28/2007,659.760000
03/01/2007,659.160000
03/02/2007,650.200000
03/05/2007,643.470000
03/06/2007,651.930000
03/07/2007,648.450000
03/08/2007,654.710000
03/09/2007,654.290000
03/12/2007,656.590000
03/13/2007,637.100000
03/14/2007,640.940000
03/15/2007,641.570000
03/16/2007,645.790000
03/19/2007,645.350000
03/20/2007,644.130000
03/21/2007,635.890000
03/22/2007,635.920000
03/23/2007,635.510000
03/26/2007,636.250000
03/27/2007,639.770000
03/28/2007,643.450000
03/29/2007,641.780000
03/30/2007,643.210000
04/02/2007,643.150000
04/03/2007,638.640000
04/04/2007,638.300000
04/05/2007,635.700000
04/09/2007,635.490000
04/10/2007,633.720000
04/11/2007,640.050000
04/12/2007,634.570000
04/13/2007,630.670000
04/16/2007,623.780000
04/17/2007,622.580000
04/18/2007,621.860000
04/19/2007,621.610000
04/20/2007,619.730000
04/23/2007,620.550000
04/24/2007,620.550000
04/25/2007,617.660000
04/26/2007,619.230000
04/27/2007,620.590000
04/30/2007,621.350000
05/01/2007,622.800000
05/02/2007,621.780000
05/03/2007,619.930000
05/04/2007,619.450000
05/07/2007,619.020000
05/08/2007,620.070000
05/09/2007,619.030000
05/10/2007,628.420000
05/11/2007,623.990000
05/14/2007,626.460000
05/15/2007,629.090000
05/16/2007,622.510000
05/17/2007,624.300000
05/18/2007,620.910000
05/21/2007,620.680000
05/22/2007,621.980000
05/23/2007,622.400000
05/24/2007,623.700000
05/25/2007,625.560000
05/29/2007,626.180000
05/30/2007,625.290000
05/31/2007,625.390000
06/01/2007,624.610000
06/04/2007,624.330000
06/05/2007,627.810000
06/06/2007,630.850000
06/07/2007,624.170000
06/08/2007,632.490000
06/11/2007,635.170000
06/12/2007,627.340000
06/13/2007,639.190000
06/14/2007,643.300000
06/15/2007,638.360000
06/18/2007,640.230000
06/19/2007,641.530000
06/20/2007,638.970000
06/21/2007,641.080000
06/22/2007,637.830000
06/25/2007,637.320000
06/26/2007,635.780000
06/27/2007,641.520000
06/28/2007,641.480000
06/29/2007,640.630000
07/02/2007,646.490000
07/03/2007,648.770000
07/05/2007,649.100000
07/06/2007,651.440000
07/09/2007,652.500000
07/10/2007,646.310000
07/11/2007,650.440000
07/12/2007,652.170000
07/13/2007,652.280000
07/16/2007,656.100000
07/17/2007,658.440000
07/18/2007,661.060000
07/19/2007,660.760000
07/20/2007,663.440000
07/23/2007,664.910000
07/24/2007,663.890000
07/25/2007,665.010000
07/26/2007,658.180000
07/27/2007,650.820000
07/30/2007,654.950000
07/31/2007,648.020000
08/01/2007,652.970000
08/02/2007,653.760000
08/03/2007,639.170000
08/06/2007,650.030000
08/07/2007,653.280000
08/08/2007,664.590000
08/09/2007,645.700000
08/10/2007,643.670000
08/13/2007,640.190000
08/14/2007,631.060000
08/15/2007,630.740000
08/16/2007,630.560000
08/17/2007,629.020000
08/20/2007,631.770000
08/21/2007,631.150000
08/22/2007,631.420000
08/23/2007,632.020000
08/24/2007,630.510000
08/27/2007,632.240000
08/28/2007,635.480000
08/29/2007,633.920000
08/30/2007,633.770000
08/31/2007,631.750000
09/04/2007,630.570000
09/05/2007,633.000000
09/06/2007,632.460000
09/07/2007,637.600000
09/10/2007,639.000000
09/11/2007,637.130000
09/12/2007,637.330000
09/13/2007,634.120000
09/14/2007,634.940000
09/17/2007,638.710000
09/18/2007,622.910000
09/19/2007,621.760000
09/20/2007,621.010000
09/21/2007,621.560000
09/24/2007,623.130000
09/25/2007,624.670000
09/26/2007,625.380000
09/27/2007,625.170000
09/28/2007,626.480000
10/01/2007,622.630000
10/02/2007,623.460000
10/03/2007,626.480000
10/04/2007,626.480000
10/05/2007,622.980000
10/08/2007,626.500000
10/09/2007,623.000000
10/10/2007,625.630000
10/11/2007,627.850000
10/12/2007,627.470000
10/15/2007,634.780000
10/16/2007,641.020000
10/17/2007,643.520000
10/18/2007,648.650000
10/19/2007,657.320000
10/22/2007,659.610000
10/23/2007,660.090000
10/24/2007,660.350000
10/25/2007,660.200000
10/26/2007,658.710000
10/29/2007,657.880000
10/30/2007,660.090000
10/31/2007,659.650000
11/01/2007,662.820000
11/02/2007,665.820000
11/05/2007,667.460000
11/06/2007,670.780000
11/07/2007,663.130000
11/08/2007,664.110000
11/09/2007,654.420000
11/12/2007,646.220000
11/13/2007,668.020000
11/14/2007,659.820000
11/15/2007,643.570000
11/16/2007,651.540000
11/19/2007,655.560000
11/20/2007,656.190000
11/21/2007,655.980000
11/23/2007,656.080000
11/26/2007,655.120000
11/27/2007,657.450000
11/28/2007,654.000000
11/29/2007,655.380000
11/30/2007,654.280000
12/03/2007,657.600000
12/04/2007,659.640000
12/05/2007,656.780000
12/06/2007,652.360000
12/07/2007,653.720000
12/10/2007,650.280000
12/11/2007,662.210000
12/12/2007,660.210000
12/13/2007,662.050000
12/14/2007,670.530000
12/17/2007,677.980000
12/18/2007,683.810000
12/19/2007,689.890000
12/20/2007,692.950000
12/21/2007,683.440000
12/24/2007,682.860000
12/26/2007,683.370000
12/27/2007,686.370000
12/28/2007,686.300000
12/31/2007,687.530000
01/02/2008,687.220000
01/03/2008,687.700000
01/04/2008,678.650000
01/07/2008,680.290000
01/08/2008,668.920000
01/09/2008,676.550000
01/10/2008,680.930000
01/11/2008,669.610000
01/14/2008,676.700000
01/15/2008,659.860000
01/16/2008,657.630000
01/17/2008,655.050000
01/18/2008,656.870000
01/22/2008,656.970000
01/23/2008,658.130000
01/24/2008,657.520000
01/25/2008,658.730000
01/28/2008,658.020000
01/29/2008,657.870000
01/30/2008,659.290000
01/31/2008,650.880000
02/01/2008,654.440000
02/04/2008,658.880000
02/05/2008,665.640000
02/06/2008,667.560000
02/07/2008,670.060000
02/08/2008,672.710000
02/11/2008,677.950000
02/12/2008,680.350000
02/13/2008,677.980000
02/14/2008,693.390000
02/15/2008,700.240000
02/19/2008,701.240000
02/20/2008,701.080000
02/21/2008,703.510000
02/22/2008,702.910000
02/25/2008,702.670000
02/26/2008,702.180000
02/27/2008,702.290000
02/28/2008,703.630000
02/29/2008,707.630000
03/03/2008,709.070000
03/04/2008,711.180000
03/05/2008,712.950000
03/06/2008,710.000000
03/07/2008,709.460000
03/10/2008,703.280000
03/11/2008,718.110000
03/12/2008,716.080000
03/13/2008,718.720000
03/14/2008,709.780000
03/17/2008,700.840000
03/18/2008,731.510000
03/19/2008,709.080000
03/20/2008,712.280000
03/24/2008,710.830000
03/25/2008,710.840000
03/26/2008,712.710000
03/27/2008,715.020000
03/28/2008,716.510000
03/31/2008,718.060000
04/01/2008,710.290000
04/02/2008,711.670000
04/03/2008,711.680000
04/04/2008,711.900000
04/07/2008,712.120000
04/08/2008,714.480000
04/09/2008,718.600000
04/10/2008,717.260000
04/11/2008,728.950000
04/14/2008,735.220000
04/15/2008,735.360000
04/16/2008,716.900000
04/17/2008,713.760000
04/18/2008,695.650000
04/21/2008,696.450000
04/22/2008,697.620000
04/23/2008,698.650000
04/24/2008,699.410000
04/25/2008,698.620000
04/28/2008,700.300000
04/29/2008,701.370000
04/30/2008,703.090000
05/01/2008,701.070000
05/02/2008,702.070000
05/05/2008,705.330000
05/06/2008,702.830000
05/07/2008,710.940000
05/08/2008,713.080000
05/09/2008,716.520000
05/12/2008,717.660000
05/13/2008,720.000000
05/14/2008,718.860000
05/15/2008,706.740000
05/16/2008,705.290000
05/19/2008,705.010000
05/20/2008,706.040000
05/21/2008,706.530000
05/22/2008,708.240000
05/23/2008,705.060000
05/27/2008,708.200000
05/28/2008,709.240000
05/29/2008,711.700000
05/30/2008,713.360000
06/02/2008,710.330000
06/03/2008,708.320000
06/04/2008,708.160000
06/05/2008,716.810000
06/06/2008,702.170000
06/09/2008,703.000000
06/10/2008,699.940000
06/11/2008,687.930000
06/12/2008,689.590000
06/13/2008,699.560000
06/16/2008,696.180000
06/17/2008,687.950000
06/18/2008,680.350000
06/19/2008,678.590000
06/20/2008,676.350000
06/23/2008,678.140000
06/24/2008,678.840000
06/25/2008,679.490000
06/26/2008,675.780000
06/27/2008,676.200000
06/30/2008,676.570000
07/01/2008,678.350000
07/02/2008,670.900000
07/03/2008,671.500000
07/07/2008,665.460000
07/08/2008,674.480000
07/09/2008,661.340000
07/10/2008,664.930000
07/11/2008,660.570000
07/14/2008,654.370000
07/15/2008,651.440000
07/16/2008,655.050000
07/17/2008,656.370000
07/18/2008,653.990000
07/21/2008,656.060000
07/22/2008,655.830000
07/23/2008,654.660000
07/24/2008,657.680000
07/25/2008,659.230000
07/28/2008,659.450000
07/29/2008,661.370000
07/30/2008,658.280000
07/31/2008,662.670000
08/01/2008,664.020000
08/04/2008,664.840000
08/05/2008,662.120000
08/06/2008,662.040000
08/07/2008,671.360000
08/08/2008,660.470000
08/11/2008,655.420000
08/12/2008,665.790000
08/13/2008,670.530000
08/14/2008,666.810000
08/15/2008,666.260000
08/18/2008,666.330000
08/19/2008,665.630000
08/20/2008,667.080000
08/21/2008,668.560000
08/22/2008,670.420000
08/25/2008,668.160000
08/26/2008,669.260000
08/27/2008,671.910000
08/28/2008,672.780000
08/29/2008,672.280000
09/02/2008,671.680000
09/03/2008,672.500000
09/04/2008,659.770000
09/05/2008,661.550000
09/08/2008,670.960000
09/09/2008,654.810000
09/10/2008,655.930000
09/11/2008,664.620000
09/12/2008,665.570000
09/15/2008,646.460000
09/16/2008,648.850000
09/17/2008,640.840000
09/18/2008,641.940000
09/19/2008,683.580000
09/22/2008,686.930000
09/23/2008,686.260000
09/24/2008,677.220000
09/25/2008,687.890000
09/26/2008,686.880000
09/29/2008,678.890000
09/30/2008,684.000000
10/01/2008,683.480000
10/02/2008,678.160000
10/03/2008,675.360000
10/06/2008,672.470000
10/07/2008,667.820000
10/08/2008,667.420000
10/09/2008,668.340000
10/10/2008,669.430000
10/13/2008,668.180000
10/14/2008,667.720000
10/15/2008,667.220000
10/16/2008,667.350000
10/17/2008,667.620000
10/20/2008,669.230000
10/21/2008,668.290000
10/22/2008,666.680000
10/23/2008,667.410000
10/24/2008,664.270000
10/27/2008,668.080000
10/28/2008,665.960000
10/29/2008,669.260000
10/30/2008,669.410000
10/31/2008,669.040000
11/03/2008,670.950000
11/04/2008,668.910000
11/05/2008,673.660000
11/06/2008,670.300000
11/07/2008,673.450000
11/10/2008,677.400000
11/11/2008,674.040000
11/12/2008,668.560000
11/13/2008,675.290000
11/14/2008,669.920000
11/17/2008,667.260000
11/18/2008,666.280000
11/19/2008,660.840000
11/20/2008,658.020000
11/21/2008,652.140000
11/24/2008,653.670000
11/25/2008,652.140000
11/26/2008,651.340000
11/28/2008,650.710000
12/01/2008,653.950000
12/02/2008,652.690000
12/03/2008,651.430000
12/04/2008,653.410000
12/05/2008,651.480000
12/08/2008,650.490000
12/09/2008,650.410000
12/10/2008,649.190000
12/11/2008,650.760000
12/12/2008,649.470000
12/15/2008,649.190000
12/16/2008,647.350000
12/17/2008,647.080000
12/18/2008,647.170000
12/19/2008,646.290000
12/22/2008,645.730000
12/23/2008,645.240000
12/24/2008,646.080000
12/26/2008,647.820000
12/29/2008,648.310000
12/30/2008,649.570000
12/31/2008,650.830000
01/02/2009,651.250000
01/05/2009,651.740000
01/06/2009,651.390000
01/07/2009,654.600000
01/08/2009,656.350000
01/09/2009,659.110000
01/12/2009,654.220000
01/13/2009,656.070000
01/14/2009,638.530000
01/15/2009,632.830000
01/16/2009,636.070000
01/20/2009,634.150000
01/21/2009,636.610000
01/22/2009,638.000000
01/23/2009,637.690000
01/26/2009,640.010000
01/27/2009,641.240000
01/28/2009,637.930000
01/29/2009,640.240000
01/30/2009,641.240000
02/02/2009,642.090000
02/03/2009,643.560000
02/04/2009,644.400000
02/05/2009,643.020000
02/06/2009,640.480000
02/09/2009,642.790000
02/10/2009,645.560000
02/11/2009,648.640000
02/12/2009,652.300000
02/13/2009,651.490000
02/17/2009,634.670000
02/18/2009,629.940000
02/19/2009,623.470000
02/20/2009,624.080000
02/23/2009,623.860000
02/24/2009,626.420000
02/25/2009,625.750000
02/26/2009,627.630000
02/27/2009,625.830000
03/02/2009,621.630000
03/03/2009,620.430000
03/04/2009,623.670000
03/05/2009,617.700000
03/06/2009,616.950000
03/09/2009,614.900000
03/10/2009,623.770000
03/11/2009,624.970000
03/12/2009,635.040000
03/13/2009,636.890000
03/16/2009,638.590000
03/17/2009,644.230000
03/18/2009,638.630000
03/19/2009,651.220000
03/20/2009,644.770000
03/23/2009,647.710000
03/24/2009,647.020000
03/25/2009,646.550000
03/26/2009,644.780000
03/27/2009,646.710000
03/30/2009,646.410000
03/31/2009,649.650000
04/01/2009,649.270000
04/02/2009,647.340000
04/03/2009,646.800000
04/06/2009,649.590000
04/07/2009,653.370000
04/08/2009,651.100000
04/09/2009,644.800000
04/13/2009,644.730000
04/14/2009,647.550000
04/15/2009,644.000000
04/16/2009,641.770000
04/17/2009,641.840000
04/20/2009,639.770000
04/21/2009,641.910000
04/22/2009,641.910000
04/23/2009,642.740000
04/24/2009,642.810000
04/27/2009,643.430000
04/28/2009,644.470000
04/29/2009,644.820000
04/30/2009,645.920000
05/01/2009,646.270000
05/04/2009,641.540000
05/05/2009,643.160000
05/06/2009,638.680000
05/07/2009,642.750000
05/08/2009,635.920000
05/11/2009,640.890000
05/12/2009,640.750000
05/13/2009,657.710000
05/14/2009,652.910000
05/15/2009,653.850000
05/18/2009,654.910000
05/19/2009,655.830000
05/20/2009,656.040000
05/21/2009,656.180000
05/22/2009,657.030000
05/26/2009,656.480000
05/27/2009,657.890000
05/28/2009,657.890000
05/29/2009,656.270000
06/01/2009,652.610000
06/02/2009,652.540000
06/03/2009,655.580000
06/04/2009,654.210000
06/05/2009,653.750000
06/08/2009,655.060000
06/09/2009,654.180000
06/10/2009,654.960000
06/11/2009,652.530000
06/12/2009,651.330000
06/15/2009,662.790000
06/16/2009,671.180000
06/17/2009,675.520000
06/18/2009,672.390000
06/19/2009,662.060000
06/22/2009,682.300000
06/23/2009,658.960000
06/24/2009,660.730000
06/25/2009,664.790000
06/26/2009,665.790000
06/29/2009,668.200000
06/30/2009,667.840000
07/01/2009,668.940000
07/02/2009,663.010000
07/06/2009,664.020000
07/07/2009,653.290000
07/08/2009,653.040000
07/09/2009,653.590000
07/10/2009,650.390000
07/13/2009,666.140000
07/14/2009,672.190000
07/15/2009,687.530000
07/16/2009,687.370000
07/17/2009,691.760000
07/20/2009,692.060000
07/21/2009,691.770000
07/22/2009,692.740000
07/23/2009,689.630000
07/24/2009,689.370000
07/27/2009,688.670000
07/28/2009,689.720000
07/29/2009,690.530000
07/30/2009,688.090000
07/31/2009,688.760000
08/03/2009,684.770000
08/04/2009,684.320000
08/05/2009,684.030000
08/06/2009,685.630000
08/07/2009,681.890000
08/10/2009,681.780000
08/11/2009,685.500000
08/12/2009,680.860000
08/13/2009,679.270000
08/14/2009,680.570000
08/17/2009,690.480000
08/18/2009,683.370000
08/19/2009,678.220000
08/20/2009,674.960000
08/21/2009,674.480000
08/24/2009,675.990000
08/25/2009,676.130000
08/26/2009,677.040000
08/27/2009,677.240000
08/28/2009,678.220000
08/31/2009,679.540000
09/01/2009,675.320000
09/02/2009,675.620000
09/03/2009,679.250000
09/04/2009,685.010000
09/08/2009,687.730000
09/09/2009,688.450000
09/10/2009,685.840000
09/11/2009,687.340000
09/14/2009,684.180000
09/15/2009,681.470000
09/16/2009,667.410000
09/17/2009,666.140000
09/18/2009,659.070000
09/21/2009,659.770000
09/22/2009,661.110000
09/23/2009,661.640000
09/24/2009,660.500000
09/25/2009,659.950000
09/28/2009,662.900000
09/29/2009,663.860000
09/30/2009,663.890000
10/01/2009,656.800000
10/02/2009,655.890000
10/05/2009,662.990000
10/06/2009,668.770000
10/07/2009,670.790000
10/08/2009,673.680000
10/09/2009,677.910000
10/12/2009,678.090000
10/13/2009,681.100000
10/14/2009,671.320000
10/15/2009,670.500000
10/16/2009,680.640000
10/19/2009,681.370000
10/20/2009,682.520000
10/21/2009,682.520000
10/22/2009,683.980000
10/23/2009,683.640000
10/26/2009,683.010000
10/27/2009,683.190000
10/28/2009,679.200000
10/29/2009,685.500000
10/30/2009,677.720000
11/02/2009,680.840000
11/03/2009,682.050000
11/04/2009,682.240000
11/05/2009,688.350000
11/06/2009,691.500000
11/09/2009,692.710000
11/10/2009,694.800000
11/11/2009,694.740000
11/12/2009,698.160000
11/13/2009,699.890000
11/16/2009,692.810000
11/17/2009,693.930000
11/18/2009,695.350000
11/19/2009,712.970000
11/20/2009,719.440000
11/23/2009,719.250000
11/24/2009,720.390000
11/25/2009,719.250000
11/27/2009,720.750000
11/30/2009,721.860000
12/01/2009,721.580000
12/02/2009,722.690000
12/03/2009,725.430000
12/04/2009,725.720000
12/07/2009,728.040000
12/08/2009,731.130000
12/09/2009,733.160000
12/10/2009,732.750000
12/11/2009,732.560000
12/14/2009,729.950000
12/15/2009,735.460000
12/16/2009,735.110000
12/17/2009,750.320000
12/18/2009,747.340000
12/21/2009,747.140000
12/22/2009,747.670000
12/23/2009,747.240000
12/24/2009,745.460000
12/28/2009,745.890000
12/29/2009,747.210000
12/30/2009,748.260000
12/31/2009,752.990000
01/04/2010,746.220000
01/05/2010,744.100000
01/06/2010,743.480000
01/07/2010,739.740000
01/08/2010,737.330000
01/11/2010,734.590000
01/12/2010,744.200000
01/13/2010,733.410000
01/14/2010,729.180000
01/15/2010,730.950000
01/19/2010,731.070000
01/20/2010,732.260000
01/21/2010,729.620000
01/22/2010,722.530000
01/25/2010,725.500000
01/26/2010,722.420000
01/27/2010,724.490000
01/28/2010,719.750000
01/29/2010,713.820000
02/01/2010,720.790000
02/02/2010,728.200000
02/03/2010,724.820000
02/04/2010,708.550000
02/05/2010,707.990000
02/08/2010,702.120000
02/09/2010,708.020000
02/10/2010,704.490000
02/11/2010,709.560000
02/12/2010,706.960000
02/16/2010,718.900000
02/17/2010,723.560000
02/18/2010,730.970000
02/19/2010,723.190000
02/22/2010,724.750000
02/23/2010,723.510000
02/24/2010,725.840000
02/25/2010,726.570000
02/26/2010,728.230000
03/01/2010,729.410000
03/02/2010,728.840000
03/03/2010,729.730000
03/04/2010,729.000000
03/05/2010,723.050000
03/08/2010,724.360000
03/09/2010,723.430000
03/10/2010,719.360000
03/11/2010,715.220000
03/12/2010,715.310000
03/15/2010,714.300000
03/16/2010,705.570000
03/17/2010,699.300000
03/18/2010,697.260000
03/19/2010,695.240000
03/22/2010,696.910000
03/23/2010,696.120000
03/24/2010,697.980000
03/25/2010,695.480000
03/26/2010,697.530000
03/29/2010,698.750000
03/30/2010,699.510000
03/31/2010,700.770000
04/01/2010,699.210000
04/05/2010,697.060000
04/06/2010,696.780000
04/07/2010,701.440000
04/08/2010,700.150000
04/09/2010,694.480000
04/12/2010,692.610000
04/13/2010,692.250000
04/14/2010,679.320000
04/15/2010,677.270000
04/16/2010,681.720000
04/19/2010,683.580000
04/20/2010,683.090000
04/21/2010,684.140000
04/22/2010,682.820000
04/23/2010,680.720000
04/26/2010,681.970000
04/27/2010,680.260000
04/28/2010,683.860000
04/29/2010,684.110000
04/30/2010,682.870000
05/03/2010,685.420000
05/04/2010,681.970000
05/05/2010,681.120000
05/06/2010,668.020000
05/07/2010,664.320000
05/10/2010,680.020000
05/11/2010,676.020000
05/12/2010,685.060000
05/13/2010,676.860000
05/14/2010,663.700000
05/17/2010,659.650000
05/18/2010,652.830000
05/19/2010,648.690000
05/20/2010,646.920000
05/21/2010,645.470000
05/24/2010,650.260000
05/25/2010,650.260000
05/26/2010,653.760000
05/27/2010,647.940000
05/28/2010,651.730000
06/01/2010,651.740000
06/02/2010,651.280000
06/03/2010,651.400000
06/04/2010,655.470000
06/07/2010,657.380000
06/08/2010,660.580000
06/09/2010,661.370000
06/10/2010,661.460000
06/11/2010,664.230000
06/14/2010,666.720000
06/15/2010,653.240000
06/16/2010,653.680000
06/17/2010,651.940000
06/18/2010,646.630000
06/21/2010,647.140000
06/22/2010,646.000000
06/23/2010,645.610000
06/24/2010,641.820000
06/25/2010,643.450000
06/28/2010,642.010000
06/29/2010,632.680000
06/30/2010,627.290000
07/01/2010,624.680000
07/02/2010,620.810000
07/06/2010,621.470000
07/07/2010,631.530000
07/08/2010,636.140000
07/09/2010,639.670000
07/12/2010,639.800000
07/13/2010,652.600000
07/14/2010,652.890000
07/15/2010,654.180000
07/16/2010,651.400000
07/19/2010,653.190000
07/20/2010,653.510000
07/21/2010,653.010000
07/22/2010,651.670000
07/23/2010,649.890000
07/26/2010,648.060000
07/27/2010,647.610000
07/28/2010,650.030000
07/29/2010,652.580000
07/30/2010,653.160000
08/02/2010,646.480000
08/03/2010,648.430000
08/04/2010,646.430000
08/05/2010,647.100000
08/06/2010,649.260000
08/09/2010,646.410000
08/10/2010,649.180000
08/11/2010,662.990000
08/12/2010,665.730000
08/13/2010,667.680000
08/16/2010,675.230000
08/17/2010,676.030000
08/18/2010,676.250000
08/19/2010,689.750000
08/20/2010,691.400000
08/23/2010,694.370000
08/24/2010,693.600000
08/25/2010,693.870000
08/26/2010,694.340000
08/27/2010,696.500000
08/30/2010,696.850000
08/31/2010,697.390000
09/01/2010,697.600000
09/02/2010,695.780000
09/03/2010,691.130000
09/07/2010,698.690000
09/08/2010,694.860000
09/09/2010,692.840000
09/10/2010,688.090000
09/13/2010,678.940000
09/14/2010,678.500000
09/15/2010,673.990000
09/16/2010,671.100000
09/17/2010,667.600000
09/20/2010,665.820000
09/21/2010,666.200000
09/22/2010,668.000000
09/23/2010,669.740000
09/24/2010,666.180000
09/27/2010,668.630000
09/28/2010,667.980000
09/29/2010,668.420000
09/30/2010,670.290000
10/01/2010,670.430000
10/04/2010,674.700000
10/05/2010,667.940000
10/06/2010,669.010000
10/07/2010,670.550000
10/08/2010,667.410000
10/11/2010,666.820000
10/12/2010,663.100000
10/13/2010,655.690000
10/14/2010,657.790000
10/15/2010,648.300000
10/18/2010,648.840000
10/19/2010,649.900000
10/20/2010,649.750000
10/21/2010,651.050000
10/22/2010,651.260000
10/25/2010,650.370000
10/26/2010,650.610000
10/27/2010,651.220000
10/28/2010,651.330000
10/29/2010,651.020000
11/01/2010,652.430000
11/02/2010,650.810000
11/03/2010,651.160000
11/04/2010,644.000000
11/05/2010,642.280000
11/08/2010,643.430000
11/09/2010,647.280000
11/10/2010,644.950000
11/11/2010,647.760000
11/12/2010,656.360000
11/15/2010,660.240000
11/16/2010,669.840000
11/17/2010,675.230000
11/18/2010,665.840000
11/19/2010,668.240000
11/22/2010,669.520000
11/23/2010,669.110000
11/24/2010,669.120000
11/26/2010,668.120000
11/29/2010,670.000000
11/30/2010,668.720000
12/01/2010,667.940000
12/02/2010,665.280000
12/03/2010,665.720000
12/06/2010,668.220000
12/07/2010,668.630000
12/08/2010,666.570000
12/09/2010,663.320000
12/10/2010,658.470000
12/13/2010,657.520000
12/14/2010,655.570000
12/15/2010,660.700000
12/16/2010,653.440000
12/17/2010,654.240000
12/20/2010,654.880000
12/21/2010,654.170000
12/22/2010,654.120000
12/23/2010,653.610000
12/27/2010,654.030000
12/28/2010,654.150000
12/29/2010,654.820000
12/30/2010,655.800000
12/31/2010,655.750000
01/03/2011,653.590000
01/04/2011,653.940000
01/05/2011,651.750000
01/06/2011,653.450000
01/07/2011,655.340000
01/10/2011,657.260000
01/11/2011,655.840000
01/12/2011,648.510000
01/13/2011,650.530000
01/14/2011,643.640000
01/18/2011,640.990000
01/19/2011,651.340000
01/20/2011,653.360000
01/21/2011,645.100000
01/24/2011,646.070000
01/25/2011,646.680000
01/26/2011,646.300000
01/27/2011,647.390000
01/28/2011,646.250000
01/31/2011,648.780000
02/01/2011,645.950000
02/02/2011,647.790000
02/03/2011,648.550000
02/04/2011,648.230000
02/07/2011,644.880000
02/08/2011,641.280000
02/09/2011,643.970000
02/10/2011,643.750000
02/11/2011,638.090000
02/14/2011,636.360000
02/15/2011,640.040000
02/16/2011,632.690000
02/17/2011,628.670000
02/18/2011,628.080000
02/22/2011,622.940000
02/23/2011,621.390000
02/24/2011,621.850000
02/25/2011,626.430000
02/28/2011,628.950000
03/01/2011,621.400000
03/02/2011,623.270000
03/03/2011,630.850000
03/04/2011,629.300000
03/07/2011,624.570000
03/08/2011,629.760000
03/09/2011,629.810000
03/10/2011,616.280000
03/11/2011,621.080000
03/14/2011,615.220000
03/15/2011,606.210000
03/16/2011,594.510000
03/17/2011,595.540000
03/18/2011,605.540000
03/21/2011,605.610000
03/22/2011,607.080000
03/23/2011,608.160000
03/24/2011,605.770000
03/25/2011,606.030000
03/28/2011,607.310000
03/29/2011,605.230000
03/30/2011,603.280000
03/31/2011,602.910000
04/01/2011,602.750000
04/04/2011,602.040000
04/05/2011,603.450000
04/06/2011,601.310000
04/07/2011,602.460000
04/08/2011,605.380000
04/11/2011,608.980000
04/12/2011,616.580000
04/13/2011,618.850000
04/14/2011,618.620000
04/15/2011,615.320000
04/18/2011,618.080000
04/19/2011,619.310000
04/20/2011,616.340000
04/21/2011,615.510000
04/25/2011,616.350000
04/26/2011,612.240000
04/27/2011,609.420000
04/28/2011,608.820000
04/29/2011,607.220000
05/02/2011,608.400000
05/03/2011,610.190000
05/04/2011,614.540000
05/05/2011,617.350000
05/06/2011,616.380000
05/09/2011,616.590000
05/10/2011,612.070000
05/11/2011,619.690000
05/12/2011,618.070000
05/13/2011,624.100000
05/16/2011,628.570000
05/17/2011,631.630000
05/18/2011,628.160000
05/19/2011,626.980000
05/20/2011,628.820000
05/23/2011,628.730000
05/24/2011,629.580000
05/25/2011,630.670000
05/26/2011,632.530000
05/27/2011,632.700000
05/31/2011,633.500000
06/01/2011,631.490000
06/02/2011,631.610000
06/03/2011,627.300000
06/06/2011,619.490000
06/07/2011,618.330000
06/08/2011,614.870000
06/09/2011,620.410000
06/10/2011,608.620000
06/13/2011,607.530000
06/14/2011,617.680000
06/15/2011,601.750000
06/16/2011,600.340000
06/17/2011,608.490000
06/20/2011,609.000000
06/21/2011,607.000000
06/22/2011,609.990000
06/23/2011,610.610000
06/24/2011,611.650000
06/27/2011,611.950000
06/28/2011,610.430000
06/29/2011,608.730000
06/30/2011,604.400000
07/01/2011,596.140000
07/05/2011,596.580000
07/06/2011,595.520000
07/07/2011,590.730000
07/08/2011,593.120000
07/11/2011,606.380000
07/12/2011,610.390000
07/13/2011,608.360000
07/14/2011,617.220000
07/15/2011,611.830000
07/18/2011,613.360000
07/19/2011,610.990000
07/20/2011,611.410000
07/21/2011,607.640000
07/22/2011,608.150000
07/25/2011,609.450000
07/26/2011,610.530000
07/27/2011,613.830000
07/28/2011,614.300000
07/29/2011,613.370000
08/01/2011,616.300000
08/02/2011,610.480000
08/03/2011,613.230000
08/04/2011,596.650000
08/05/2011,595.690000
08/08/2011,588.500000
08/09/2011,588.080000
08/10/2011,587.150000
08/11/2011,589.830000
08/12/2011,588.790000
08/15/2011,588.670000
08/16/2011,587.380000
08/17/2011,586.970000
08/18/2011,586.880000
08/19/2011,587.510000
08/22/2011,588.620000
08/23/2011,587.800000
08/24/2011,587.020000
08/25/2011,587.410000
08/26/2011,586.000000
08/29/2011,584.830000
08/30/2011,586.390000
08/31/2011,584.590000
09/01/2011,586.970000
09/02/2011,591.200000
09/06/2011,592.460000
09/07/2011,587.890000
09/08/2011,591.730000
09/09/2011,594.940000
09/12/2011,599.170000
09/13/2011,600.750000
09/14/2011,595.500000
09/15/2011,582.380000
09/16/2011,578.270000
09/19/2011,579.140000
09/20/2011,579.040000
09/21/2011,579.620000
09/22/2011,577.220000
09/23/2011,578.150000
09/26/2011,580.340000
09/27/2011,580.430000
09/28/2011,579.860000
09/29/2011,580.770000
09/30/2011,554.750000
10/03/2011,572.990000
10/04/2011,576.430000
10/05/2011,578.660000
10/06/2011,582.360000
10/07/2011,581.900000
10/10/2011,588.740000
10/11/2011,590.420000
10/12/2011,592.440000
10/13/2011,595.580000
10/14/2011,593.900000
10/17/2011,598.250000
10/18/2011,596.640000
10/19/2011,603.960000
10/20/2011,612.770000
10/21/2011,607.480000
10/24/2011,608.230000
10/25/2011,609.020000
10/26/2011,609.300000
10/27/2011,606.000000
10/28/2011,605.670000
10/31/2011,610.040000
11/01/2011,610.690000
11/02/2011,610.880000
11/03/2011,610.270000
11/04/2011,611.620000
11/07/2011,612.500000
11/08/2011,610.900000
11/09/2011,614.250000
11/10/2011,617.750000
11/11/2011,615.620000
11/14/2011,622.010000
11/15/2011,622.540000
11/16/2011,630.760000
11/17/2011,629.740000
11/18/2011,633.820000
11/21/2011,634.140000
11/22/2011,634.610000
11/23/2011,632.960000
11/25/2011,632.670000
11/28/2011,637.810000
11/29/2011,638.670000
11/30/2011,636.610000
12/01/2011,637.020000
12/02/2011,637.860000
12/05/2011,636.210000
12/06/2011,636.790000
12/07/2011,636.240000
12/08/2011,642.060000
12/09/2011,641.950000
12/12/2011,652.620000
12/13/2011,658.800000
12/14/2011,660.240000
12/15/2011,669.490000
12/16/2011,684.520000
12/19/2011,682.840000
12/20/2011,682.050000
12/21/2011,683.170000
12/22/2011,682.050000
12/23/2011,680.080000
12/27/2011,680.360000
12/28/2011,683.570000
12/29/2011,681.320000
12/30/2011,683.400000
01/03/2012,679.350000
01/04/2012,678.790000
01/05/2012,678.820000
01/06/2012,679.210000
01/09/2012,678.900000
01/10/2012,674.710000
01/11/2012,673.590000
01/12/2012,670.950000
01/13/2012,673.250000
01/17/2012,669.090000
01/18/2012,664.510000
01/19/2012,663.670000
01/20/2012,664.430000
01/23/2012,665.200000
01/24/2012,665.630000
01/25/2012,664.030000
01/26/2012,665.350000
01/27/2012,666.200000
01/30/2012,667.330000
01/31/2012,667.880000
02/01/2012,668.030000
02/02/2012,669.530000
02/03/2012,663.410000
02/06/2012,664.680000
02/07/2012,664.010000
02/08/2012,661.460000
02/09/2012,660.310000
02/10/2012,665.410000
02/13/2012,661.990000
02/14/2012,663.590000
02/15/2012,669.010000
02/16/2012,656.790000
02/17/2012,650.730000
02/21/2012,651.930000
02/22/2012,653.940000
02/23/2012,654.530000
02/24/2012,655.140000
02/27/2012,654.990000
02/28/2012,654.670000
02/29/2012,656.780000
03/01/2012,656.320000
03/02/2012,659.770000
03/05/2012,662.470000
03/06/2012,659.500000
03/07/2012,663.450000
03/08/2012,663.200000
03/09/2012,664.820000
03/12/2012,668.300000
03/13/2012,649.320000
03/14/2012,651.210000
03/15/2012,644.180000
03/16/2012,642.110000
03/19/2012,641.210000
03/20/2012,642.360000
03/21/2012,643.600000
03/22/2012,643.600000
03/23/2012,644.930000
03/26/2012,643.740000
03/27/2012,643.540000
03/28/2012,646.130000
03/29/2012,647.070000
03/30/2012,646.740000
04/02/2012,645.820000
04/03/2012,648.310000
04/04/2012,649.620000
04/05/2012,650.430000
04/09/2012,648.320000
04/10/2012,636.760000
04/11/2012,643.060000
04/12/2012,653.390000
04/13/2012,643.900000
04/16/2012,643.160000
04/17/2012,657.220000
04/18/2012,656.340000
04/19/2012,649.730000
04/20/2012,655.150000
04/23/2012,654.780000
04/24/2012,655.470000
04/25/2012,656.710000
04/26/2012,656.920000
04/27/2012,656.690000
04/30/2012,658.710000
05/01/2012,657.870000
05/02/2012,659.130000
05/03/2012,661.240000
05/04/2012,659.410000
05/07/2012,661.020000
05/08/2012,662.240000
05/09/2012,655.090000
05/10/2012,657.460000
05/11/2012,654.560000
05/14/2012,644.870000
05/15/2012,638.670000
05/16/2012,632.970000
05/17/2012,621.900000
05/18/2012,620.450000
05/21/2012,622.080000
05/22/2012,622.190000
05/23/2012,622.830000
05/24/2012,623.660000
05/25/2012,624.150000
05/29/2012,623.980000
05/30/2012,625.870000
05/31/2012,627.010000
06/01/2012,623.210000
06/04/2012,624.400000
06/05/2012,626.600000
06/06/2012,634.420000
06/07/2012,636.280000
06/08/2012,635.650000
06/11/2012,639.500000
06/12/2012,642.550000
06/13/2012,644.920000
06/14/2012,643.740000
06/15/2012,641.080000
06/18/2012,643.520000
06/19/2012,641.500000
06/20/2012,643.090000
06/21/2012,645.140000
06/22/2012,647.000000
06/25/2012,645.990000
06/26/2012,647.400000
06/27/2012,647.650000
06/28/2012,648.100000
06/29/2012,646.040000
07/02/2012,646.470000
07/03/2012,643.840000
07/05/2012,646.800000
07/06/2012,654.690000
07/09/2012,654.280000
07/10/2012,658.060000
07/11/2012,659.490000
07/12/2012,660.650000
07/13/2012,661.060000
07/16/2012,662.890000
07/17/2012,658.590000
07/18/2012,651.360000
07/19/2012,649.300000
07/20/2012,656.710000
07/23/2012,655.630000
07/24/2012,652.700000
07/25/2012,653.220000
07/26/2012,657.700000
07/27/2012,653.910000
07/30/2012,653.350000
07/31/2012,654.280000
08/01/2012,655.860000
08/02/2012,660.820000
08/03/2012,658.430000
08/06/2012,658.240000
08/07/2012,655.530000
08/08/2012,655.530000
08/09/2012,655.920000
08/10/2012,654.770000
08/13/2012,655.850000
08/14/2012,656.270000
08/15/2012,655.290000
08/16/2012,644.970000
08/17/2012,642.440000
08/20/2012,644.210000
08/21/2012,643.940000
08/22/2012,643.480000
08/23/2012,642.680000
08/24/2012,644.510000
08/27/2012,644.240000
08/28/2012,644.680000
08/29/2012,644.810000
08/30/2012,643.720000
08/31/2012,643.640000
09/04/2012,645.770000
09/05/2012,646.380000
09/06/2012,647.410000
09/07/2012,648.470000
09/10/2012,649.750000
09/11/2012,649.060000
09/12/2012,649.170000
09/13/2012,637.640000
09/14/2012,634.760000
09/17/2012,638.010000
09/18/2012,639.310000
09/19/2012,638.810000
09/20/2012,638.770000
09/21/2012,634.810000
09/24/2012,635.100000
09/25/2012,632.320000
09/26/2012,630.380000
09/27/2012,635.390000
09/28/2012,633.210000
10/01/2012,634.520000
10/02/2012,635.820000
10/03/2012,637.500000
10/04/2012,638.820000
10/05/2012,641.230000
10/08/2012,641.360000
10/09/2012,636.990000
10/10/2012,632.610000
10/11/2012,633.400000
10/12/2012,629.870000
10/15/2012,639.410000
10/16/2012,649.050000
10/17/2012,653.220000
10/18/2012,654.590000
10/19/2012,651.970000
10/22/2012,651.910000
10/23/2012,646.710000
10/24/2012,646.160000
10/25/2012,647.380000
10/26/2012,647.360000
10/31/2012,646.710000
11/01/2012,653.340000
11/02/2012,647.720000
11/05/2012,649.580000
11/06/2012,654.100000
11/07/2012,639.160000
11/08/2012,628.440000
11/09/2012,628.820000
11/12/2012,626.530000
11/13/2012,622.950000
11/14/2012,615.910000
11/15/2012,614.000000
11/16/2012,613.670000
11/19/2012,609.890000
11/20/2012,609.520000
11/21/2012,608.730000
11/23/2012,604.720000
11/26/2012,604.520000
11/27/2012,606.760000
11/28/2012,603.590000
11/29/2012,601.630000
11/30/2012,601.120000
12/03/2012,603.460000
12/04/2012,604.520000
12/05/2012,603.820000
12/06/2012,602.370000
12/07/2012,600.580000
12/10/2012,599.610000
12/11/2012,596.150000
12/12/2012,595.080000
12/13/2012,597.230000
12/14/2012,599.130000
12/17/2012,592.270000
12/18/2012,589.610000
12/19/2012,589.680000
12/20/2012,588.960000
12/21/2012,590.120000
12/24/2012,590.980000
12/26/2012,591.200000
12/27/2012,591.200000
12/28/2012,588.180000
12/31/2012,592.970000
01/02/2013,588.030000
01/03/2013,590.880000
01/04/2013,589.450000
01/07/2013,592.660000
01/08/2013,595.940000
01/09/2013,593.880000
01/10/2013,586.540000
01/11/2013,586.210000
01/14/2013,587.400000
01/15/2013,587.290000
01/16/2013,587.230000
01/17/2013,579.600000
01/18/2013,579.820000
01/22/2013,579.860000
01/23/2013,579.460000
01/24/2013,579.950000
01/25/2013,576.940000
01/28/2013,578.220000
01/29/2013,575.380000
01/30/2013,577.260000
01/31/2013,579.280000
02/01/2013,575.580000
02/04/2013,581.700000
02/05/2013,576.680000
02/06/2013,577.100000
02/07/2013,578.950000
02/08/2013,574.590000
02/11/2013,575.180000
02/12/2013,574.120000
02/13/2013,572.990000
02/14/2013,572.100000
02/15/2013,571.350000
02/19/2013,571.730000
02/20/2013,569.490000
02/21/2013,567.750000
02/22/2013,571.010000
02/25/2013,563.590000
02/26/2013,567.890000
02/27/2013,572.600000
02/28/2013,572.620000
03/01/2013,574.340000
03/04/2013,576.860000
03/05/2013,574.350000
03/06/2013,574.640000
03/07/2013,574.330000
03/08/2013,572.070000
03/11/2013,569.020000
03/12/2013,571.560000
03/13/2013,570.710000
03/14/2013,565.450000
03/15/2013,569.610000
03/18/2013,568.130000
03/19/2013,567.950000
03/20/2013,569.270000
03/21/2013,568.260000
03/22/2013,568.470000
03/25/2013,569.770000
03/26/2013,570.700000
03/27/2013,570.720000
03/28/2013,570.720000
04/01/2013,572.510000
04/02/2013,572.530000
04/03/2013,573.070000
04/04/2013,573.200000
04/05/2013,574.220000
04/08/2013,576.050000
04/09/2013,576.730000
04/10/2013,569.900000
04/11/2013,567.660000
04/12/2013,570.720000
04/15/2013,578.170000
04/16/2013,579.230000
04/17/2013,582.630000
04/18/2013,579.640000
04/19/2013,583.280000
04/22/2013,583.280000
04/23/2013,579.470000
04/24/2013,579.320000
04/25/2013,577.230000
04/26/2013,579.050000
04/29/2013,575.210000
04/30/2013,573.690000
05/01/2013,579.550000
05/02/2013,574.230000
05/03/2013,565.960000
05/06/2013,565.060000
05/07/2013,561.040000
05/08/2013,558.270000
05/09/2013,559.320000
05/10/2013,556.660000
05/13/2013,556.470000
05/14/2013,552.620000
05/15/2013,552.070000
05/16/2013,552.720000
05/17/2013,550.930000
05/20/2013,550.880000
05/21/2013,549.770000
05/22/2013,550.400000
05/23/2013,551.120000
05/24/2013,551.340000
05/28/2013,551.990000
05/29/2013,552.270000
05/30/2013,553.250000
05/31/2013,550.960000
06/03/2013,553.380000
06/04/2013,551.940000
06/05/2013,545.770000
06/06/2013,550.630000
06/07/2013,557.080000
06/10/2013,557.580000
06/11/2013,553.000000
06/12/2013,547.500000
06/13/2013,557.800000
06/14/2013,554.040000
06/17/2013,560.320000
06/18/2013,563.680000
06/19/2013,555.980000
06/20/2013,531.970000
06/21/2013,538.890000
06/24/2013,540.020000
06/25/2013,540.670000
06/26/2013,540.690000
06/27/2013,539.710000
06/28/2013,542.100000
07/01/2013,542.020000
07/02/2013,543.110000
07/03/2013,542.490000
07/05/2013,540.790000
07/08/2013,537.600000
07/09/2013,533.200000
07/10/2013,532.870000
07/11/2013,524.370000
07/12/2013,523.280000
07/15/2013,520.580000
07/16/2013,521.770000
07/17/2013,519.520000
07/18/2013,518.510000
07/19/2013,517.950000
07/22/2013,519.470000
07/23/2013,519.840000
07/24/2013,519.830000
07/25/2013,520.800000
07/26/2013,521.390000
07/29/2013,522.110000
07/30/2013,522.250000
07/31/2013,522.010000
08/01/2013,520.760000
08/02/2013,522.790000
08/05/2013,525.240000
08/06/2013,526.870000
08/07/2013,528.220000
08/08/2013,528.520000
08/09/2013,529.740000
08/12/2013,531.780000
08/13/2013,533.180000
08/14/2013,535.070000
08/15/2013,523.010000
08/16/2013,520.930000
08/19/2013,521.280000
08/20/2013,521.780000
08/21/2013,521.830000
08/22/2013,522.810000
08/23/2013,523.410000
08/26/2013,523.960000
08/27/2013,521.300000
08/28/2013,522.700000
08/29/2013,522.920000
08/30/2013,522.700000
09/03/2013,524.610000
09/04/2013,526.810000
09/05/2013,527.450000
09/06/2013,528.170000
09/09/2013,529.010000
09/10/2013,528.320000
09/11/2013,529.570000
09/12/2013,530.380000
09/13/2013,529.830000
09/16/2013,525.770000
09/17/2013,522.350000
09/18/2013,510.940000
09/19/2013,512.620000
09/20/2013,511.330000
09/23/2013,510.940000
09/24/2013,510.740000
09/25/2013,510.480000
09/26/2013,511.090000
09/27/2013,510.280000
09/30/2013,508.000000
10/01/2013,512.220000
10/02/2013,511.430000
10/03/2013,507.400000
10/04/2013,511.480000
10/07/2013,506.350000
10/08/2013,499.060000
10/09/2013,498.410000
10/10/2013,513.140000
10/11/2013,518.210000
10/14/2013,519.880000
10/15/2013,515.970000
10/16/2013,515.970000
10/17/2013,527.530000
10/18/2013,524.510000
10/21/2013,525.430000
10/22/2013,523.520000
10/23/2013,522.040000
10/24/2013,524.630000
10/25/2013,523.550000
10/28/2013,523.810000
10/29/2013,520.660000
10/30/2013,523.340000
10/31/2013,525.710000
11/01/2013,525.810000
11/04/2013,525.390000
11/05/2013,527.180000
11/06/2013,524.830000
11/07/2013,531.080000
11/08/2013,525.510000
11/11/2013,526.010000
11/12/2013,528.020000
11/13/2013,520.800000
11/14/2013,514.450000
11/15/2013,515.230000
11/18/2013,515.940000
11/19/2013,516.210000
11/20/2013,516.520000
11/21/2013,516.860000
11/22/2013,517.350000
11/25/2013,518.070000
11/26/2013,518.110000
11/27/2013,518.130000
11/29/2013,518.060000
12/02/2013,519.100000
12/03/2013,519.990000
12/04/2013,519.690000
12/05/2013,519.610000
12/06/2013,520.660000
12/09/2013,520.850000
12/10/2013,522.080000
12/11/2013,521.840000
12/12/2013,521.030000
12/13/2013,520.980000
12/16/2013,524.140000
12/17/2013,524.170000
12/18/2013,526.600000
12/19/2013,528.760000
12/20/2013,527.560000
12/23/2013,528.070000
12/24/2013,527.750000
12/26/2013,526.410000
12/27/2013,526.860000
12/30/2013,526.640000
12/31/2013,524.360000
01/02/2014,529.130000
01/03/2014,531.180000
01/06/2014,533.850000
01/07/2014,532.620000
01/08/2014,532.700000
01/09/2014,533.230000
01/10/2014,533.100000
01/13/2014,538.200000
01/14/2014,536.470000
01/15/2014,532.190000
01/16/2014,533.810000
01/17/2014,534.330000
01/21/2014,534.950000
01/22/2014,535.180000
01/23/2014,534.890000
01/24/2014,527.870000
01/27/2014,524.980000
01/28/2014,527.150000
01/29/2014,522.360000
01/30/2014,528.180000
01/31/2014,524.840000
02/03/2014,514.020000
02/04/2014,515.040000
02/05/2014,514.930000
02/06/2014,521.130000
02/07/2014,529.060000
02/10/2014,530.110000
02/11/2014,538.730000
02/12/2014,539.310000
02/13/2014,543.560000
02/14/2014,547.850000
02/18/2014,548.370000
02/19/2014,546.170000
02/20/2014,552.060000
02/21/2014,555.940000
02/24/2014,555.050000
02/25/2014,555.930000
02/26/2014,556.460000
02/27/2014,554.700000
02/28/2014,553.660000
03/03/2014,556.450000
03/04/2014,552.210000
03/05/2014,552.940000
03/06/2014,551.660000
03/07/2014,551.070000
03/10/2014,553.770000
03/11/2014,557.150000
03/12/2014,558.150000
03/13/2014,559.820000
03/14/2014,559.960000
03/17/2014,562.920000
03/18/2014,560.780000
03/19/2014,566.820000
03/20/2014,562.320000
03/21/2014,549.380000
03/24/2014,548.900000
03/25/2014,550.590000
03/26/2014,548.540000
03/27/2014,547.470000
03/28/2014,549.850000
03/31/2014,553.350000
04/01/2014,554.080000
04/02/2014,554.050000
04/03/2014,554.300000
04/04/2014,554.210000
04/07/2014,548.320000
04/08/2014,551.580000
04/09/2014,558.660000
04/10/2014,543.090000
04/11/2014,535.330000
04/14/2014,540.850000
04/15/2014,547.690000
04/16/2014,558.680000
04/17/2014,557.200000
04/21/2014,557.660000
04/22/2014,556.750000
04/23/2014,557.570000
04/24/2014,557.840000
04/25/2014,558.990000
04/28/2014,559.840000
04/29/2014,558.930000
04/30/2014,559.390000
05/01/2014,560.340000
05/02/2014,562.830000
05/05/2014,563.210000
05/06/2014,565.340000
05/07/2014,565.110000
05/08/2014,567.000000
05/09/2014,568.660000
05/12/2014,562.390000
05/13/2014,562.450000
05/14/2014,567.620000
05/15/2014,575.820000
05/16/2014,579.210000
05/19/2014,578.980000
05/20/2014,580.890000
05/21/2014,579.190000
05/22/2014,576.710000
05/23/2014,577.160000
05/27/2014,575.080000
05/28/2014,575.430000
05/29/2014,572.660000
05/30/2014,571.540000
06/02/2014,571.110000
06/03/2014,571.860000
06/04/2014,569.800000
06/05/2014,564.920000
06/06/2014,560.340000
06/09/2014,559.190000
06/10/2014,559.350000
06/11/2014,561.980000
06/12/2014,569.110000
06/13/2014,565.800000
06/16/2014,565.020000
06/17/2014,561.620000
06/18/2014,553.420000
06/19/2014,551.670000
06/20/2014,547.850000
06/23/2014,548.020000
06/24/2014,547.040000
06/25/2014,547.070000
06/26/2014,548.400000
06/27/2014,549.540000
06/30/2014,550.270000
07/01/2014,549.830000
07/02/2014,550.320000
07/03/2014,548.700000
07/07/2014,550.900000
07/08/2014,551.520000
07/09/2014,552.640000
07/10/2014,553.330000
07/11/2014,554.800000
07/14/2014,554.480000
07/15/2014,555.900000
07/16/2014,554.750000
07/17/2014,559.830000
07/18/2014,563.300000
07/21/2014,563.730000
07/22/2014,563.400000
07/23/2014,563.170000
07/24/2014,563.370000
07/25/2014,564.190000
07/28/2014,565.890000
07/29/2014,565.970000
07/30/2014,566.340000
07/31/2014,558.540000
08/01/2014,557.310000
08/04/2014,562.380000
08/05/2014,554.720000
08/06/2014,554.340000
08/07/2014,549.490000
08/08/2014,559.210000
08/11/2014,561.840000
08/12/2014,560.470000
08/13/2014,567.890000
08/14/2014,572.390000
08/15/2014,577.610000
08/18/2014,577.050000
08/19/2014,575.210000
08/20/2014,574.150000
08/21/2014,572.800000
08/22/2014,574.280000
08/25/2014,571.970000
08/26/2014,572.200000
08/27/2014,572.460000
08/28/2014,573.220000
08/29/2014,571.170000
09/02/2014,572.430000
09/03/2014,572.710000
09/04/2014,574.030000
09/05/2014,571.040000
09/08/2014,573.680000
09/09/2014,578.320000
09/10/2014,575.880000
09/11/2014,575.940000
09/12/2014,580.520000
09/15/2014,581.710000
09/16/2014,576.390000
09/17/2014,575.760000
09/18/2014,570.190000
09/19/2014,564.780000
09/22/2014,562.960000
09/23/2014,560.800000
09/24/2014,564.140000
09/25/2014,556.440000
09/26/2014,561.210000
09/29/2014,560.090000
09/30/2014,559.700000
10/01/2014,549.260000
10/02/2014,548.210000
10/03/2014,556.390000
10/06/2014,555.260000
10/07/2014,543.160000
10/08/2014,556.110000
10/09/2014,541.610000
10/10/2014,534.560000
10/13/2014,527.190000
10/14/2014,525.870000
10/15/2014,526.150000
10/16/2014,524.730000
10/17/2014,523.630000
10/20/2014,524.560000
10/21/2014,520.290000
10/22/2014,521.540000
10/23/2014,519.200000
10/24/2014,517.310000
10/27/2014,518.420000
10/28/2014,515.930000
10/29/2014,515.670000
10/30/2014,514.230000
10/31/2014,511.700000
11/03/2014,511.380000
11/04/2014,512.060000
11/05/2014,510.500000
11/06/2014,509.270000
11/07/2014,508.900000
11/10/2014,507.670000
11/11/2014,506.090000
11/12/2014,507.360000
11/13/2014,507.280000
11/14/2014,507.010000
11/17/2014,506.880000
11/18/2014,506.680000
11/19/2014,506.960000
11/20/2014,506.850000
11/21/2014,507.810000
11/24/2014,508.560000
11/25/2014,508.780000
11/26/2014,508.950000
11/28/2014,508.100000
12/01/2014,507.470000
12/02/2014,509.300000
12/03/2014,509.320000
12/04/2014,510.580000
12/05/2014,511.850000
12/08/2014,511.580000
12/09/2014,511.670000
12/10/2014,503.680000
12/11/2014,506.910000
12/12/2014,498.190000
12/15/2014,491.900000
12/16/2014,485.960000
12/17/2014,499.050000
12/18/2014,520.720000
12/19/2014,521.900000
12/22/2014,522.360000
12/23/2014,522.140000
12/24/2014,522.990000
12/26/2014,523.550000
12/29/2014,523.540000
12/30/2014,525.980000
12/31/2014,526.000000
01/02/2015,528.250000
01/05/2015,523.270000
01/06/2015,516.910000
01/07/2015,524.130000
01/08/2015,531.420000
01/09/2015,530.280000
01/12/2015,525.000000
01/13/2015,522.960000
01/14/2015,517.550000
01/15/2015,508.300000
01/16/2015,506.320000
01/20/2015,506.790000
01/21/2015,506.500000
01/22/2015,503.330000
01/23/2015,505.600000
01/26/2015,505.860000
01/27/2015,509.690000
01/28/2015,512.080000
01/29/2015,511.290000
01/30/2015,512.820000
02/02/2015,513.050000
02/03/2015,509.500000
02/04/2015,511.090000
02/05/2015,506.920000
02/06/2015,508.430000
02/09/2015,512.280000
02/10/2015,506.830000
02/11/2015,507.100000
02/12/2015,500.310000
02/13/2015,496.590000
02/17/2015,494.310000
02/18/2015,493.750000
02/19/2015,493.960000
02/20/2015,494.550000
02/23/2015,495.230000
02/24/2015,495.920000
02/25/2015,496.620000
02/26/2015,497.570000
02/27/2015,498.890000
03/02/2015,498.410000
03/03/2015,499.200000
03/04/2015,500.600000
03/05/2015,500.930000
03/06/2015,500.350000
03/09/2015,502.590000
03/10/2015,494.840000
03/11/2015,493.180000
03/12/2015,500.910000
03/13/2015,497.930000
03/16/2015,505.760000
03/17/2015,504.850000
03/18/2015,510.430000
03/19/2015,513.400000
03/20/2015,516.590000
03/23/2015,517.520000
03/24/2015,517.400000
03/25/2015,513.010000
03/26/2015,511.990000
03/27/2015,513.360000
03/30/2015,518.500000
03/31/2015,515.230000
04/01/2015,513.580000
04/02/2015,515.600000
04/06/2015,519.070000
04/07/2015,518.610000
04/08/2015,521.210000
04/09/2015,525.000000
04/10/2015,528.360000
04/13/2015,526.620000
04/14/2015,529.010000
04/15/2015,532.930000
04/16/2015,534.200000
04/17/2015,529.100000
04/20/2015,528.730000
04/21/2015,529.590000
04/22/2015,528.550000
04/23/2015,527.550000
04/24/2015,527.680000
04/27/2015,529.370000
04/28/2015,529.290000
04/29/2015,530.900000
04/30/2015,532.410000
05/01/2015,532.130000
05/04/2015,532.450000
05/05/2015,535.090000
05/06/2015,535.250000
05/07/2015,535.850000
05/08/2015,534.990000
05/11/2015,539.050000
05/12/2015,540.510000
05/13/2015,543.290000
05/14/2015,535.110000
05/15/2015,534.350000
05/18/2015,534.240000
05/19/2015,534.700000
05/20/2015,535.080000
05/21/2015,535.830000
05/22/2015,536.630000
05/26/2015,536.320000
05/27/2015,537.470000
05/28/2015,537.420000
05/29/2015,537.640000
06/01/2015,538.490000
06/02/2015,538.650000
06/03/2015,539.520000
06/04/2015,537.400000
06/05/2015,537.970000
06/08/2015,534.570000
06/09/2015,534.650000
06/10/2015,542.650000
06/11/2015,544.570000
06/12/2015,540.720000
06/15/2015,537.230000
06/16/2015,542.420000
06/17/2015,545.270000
06/18/2015,553.960000
06/19/2015,554.020000
06/22/2015,555.430000
06/23/2015,556.390000
06/24/2015,556.370000
06/25/2015,556.180000
06/26/2015,556.190000
06/29/2015,548.790000
06/30/2015,550.180000
07/01/2015,553.440000
07/02/2015,554.150000
07/06/2015,552.230000
07/07/2015,556.110000
07/08/2015,544.940000
07/09/2015,546.160000
07/10/2015,554.860000
07/13/2015,565.410000
07/14/2015,569.450000
07/15/2015,570.130000
07/16/2015,574.220000
07/17/2015,575.430000
07/20/2015,575.870000
07/21/2015,576.740000
07/22/2015,578.010000
07/23/2015,577.150000
07/24/2015,573.440000
07/27/2015,569.850000
07/28/2015,576.810000
07/29/2015,580.020000
07/30/2015,580.660000
07/31/2015,581.190000
08/03/2015,579.900000
08/04/2015,579.200000
08/05/2015,581.290000
08/06/2015,576.400000
08/07/2015,574.740000
08/10/2015,584.390000
08/11/2015,577.520000
08/12/2015,578.550000
08/13/2015,577.790000
08/14/2015,581.370000
08/17/2015,587.060000
08/18/2015,584.790000
08/19/2015,576.320000
08/20/2015,552.690000
08/21/2015,542.250000
08/24/2015,537.930000
08/25/2015,544.120000
08/26/2015,544.120000
08/27/2015,543.800000
08/28/2015,543.990000
08/31/2015,546.820000
09/01/2015,539.090000
09/02/2015,545.520000
09/03/2015,545.590000
09/04/2015,540.260000
09/08/2015,549.510000
09/09/2015,544.950000
09/10/2015,546.840000
09/11/2015,549.880000
09/14/2015,547.670000
09/15/2015,555.770000
09/16/2015,558.930000
09/17/2015,564.220000
09/18/2015,556.040000
09/21/2015,557.800000
09/22/2015,557.490000
09/23/2015,558.910000
09/24/2015,557.940000
09/25/2015,558.650000
09/28/2015,551.790000
09/29/2015,552.900000
09/30/2015,558.220000
10/01/2015,558.860000
10/02/2015,562.770000
10/05/2015,564.380000
10/06/2015,566.910000
10/07/2015,566.520000
10/08/2015,562.390000
10/09/2015,563.950000
10/12/2015,564.540000
10/13/2015,570.790000
10/14/2015,576.310000
10/15/2015,562.390000
10/16/2015,558.410000
10/19/2015,558.590000
10/20/2015,558.480000
10/21/2015,557.990000
10/22/2015,555.680000
10/23/2015,552.200000
10/26/2015,552.640000
10/27/2015,553.710000
10/28/2015,549.670000
10/29/2015,549.870000
10/30/2015,551.210000
11/02/2015,546.940000
11/03/2015,545.860000
11/04/2015,547.100000
11/05/2015,548.240000
11/06/2015,548.840000
11/09/2015,554.880000
11/10/2015,554.880000
11/11/2015,557.650000
11/12/2015,564.570000
11/13/2015,566.980000
11/16/2015,568.590000
11/17/2015,569.830000
11/18/2015,557.890000
11/19/2015,558.840000
11/20/2015,553.840000
11/23/2015,555.530000
11/24/2015,555.560000
11/25/2015,556.680000
11/27/2015,556.770000
11/30/2015,556.560000
12/01/2015,557.230000
12/02/2015,557.540000
12/03/2015,553.630000
12/04/2015,559.690000
12/07/2015,559.840000
12/08/2015,557.510000
12/09/2015,553.490000
12/10/2015,555.680000
12/11/2015,544.530000
12/14/2015,544.510000
12/15/2015,553.200000
12/16/2015,565.810000
12/17/2015,552.320000
12/18/2015,546.650000
12/21/2015,548.020000
12/22/2015,548.080000
12/23/2015,545.010000
12/24/2015,547.080000
12/28/2015,547.850000
12/29/2015,543.140000
12/30/2015,547.580000
12/31/2015,551.210000
01/04/2016,553.780000
01/05/2016,555.590000
01/06/2016,554.390000
01/07/2016,542.620000
01/08/2016,536.150000
01/11/2016,533.160000
01/12/2016,536.920000
01/13/2016,524.040000
01/14/2016,526.330000
01/15/2016,523.630000
01/19/2016,524.570000
01/20/2016,526.310000
01/21/2016,525.500000
01/22/2016,525.060000
01/25/2016,527.540000
01/26/2016,526.310000
01/27/2016,527.550000
01/28/2016,528.030000
01/29/2016,524.260000
02/01/2016,524.180000
02/02/2016,528.940000
02/03/2016,528.330000
02/04/2016,528.630000
02/05/2016,531.780000
02/08/2016,532.210000
02/09/2016,533.680000
02/10/2016,534.370000
02/11/2016,531.480000
02/12/2016,540.900000
02/16/2016,546.030000
02/17/2016,535.840000
02/18/2016,540.970000
02/19/2016,545.110000
02/22/2016,543.410000
02/23/2016,545.880000
02/24/2016,544.230000
02/25/2016,542.840000
02/26/2016,543.340000
02/29/2016,545.090000
03/01/2016,540.470000
03/02/2016,539.420000
03/03/2016,538.160000
03/04/2016,536.660000
03/07/2016,536.650000
03/08/2016,541.520000
03/09/2016,539.640000
03/10/2016,539.310000
03/11/2016,530.330000
03/14/2016,529.850000
03/15/2016,530.070000
03/16/2016,526.030000
03/17/2016,525.020000
03/18/2016,524.910000
03/21/2016,526.420000
03/22/2016,526.690000
03/23/2016,526.670000
03/24/2016,527.320000
03/28/2016,528.860000
03/29/2016,530.100000
03/30/2016,529.880000
03/31/2016,530.420000
04/01/2016,529.550000
04/04/2016,531.620000
04/05/2016,532.520000
04/06/2016,532.660000
04/07/2016,533.920000
04/08/2016,537.040000
04/11/2016,537.560000
04/12/2016,539.140000
04/13/2016,532.630000
04/14/2016,532.380000
04/15/2016,526.630000
04/18/2016,526.510000
04/19/2016,525.890000
04/20/2016,525.800000
04/21/2016,527.090000
04/22/2016,528.040000
04/25/2016,528.390000
04/26/2016,528.490000
04/27/2016,528.660000
04/28/2016,529.050000
04/29/2016,529.160000
05/02/2016,531.330000
05/03/2016,530.380000
05/04/2016,528.690000
05/05/2016,528.990000
05/06/2016,531.520000
05/09/2016,532.770000
05/10/2016,536.810000
05/11/2016,535.340000
05/12/2016,536.130000
05/13/2016,531.070000
05/16/2016,539.590000
05/17/2016,532.070000
05/18/2016,532.560000
05/19/2016,529.030000
05/20/2016,534.110000
05/23/2016,535.290000
05/24/2016,533.820000
05/25/2016,531.520000
05/26/2016,532.270000
05/27/2016,530.680000
05/31/2016,531.590000
06/01/2016,530.970000
06/02/2016,530.070000
06/03/2016,533.450000
06/06/2016,529.880000
06/07/2016,529.030000
06/08/2016,526.570000
06/09/2016,527.840000
06/10/2016,535.500000
06/13/2016,541.980000
06/14/2016,545.440000
06/15/2016,548.720000
06/16/2016,547.570000
06/17/2016,547.560000
06/20/2016,547.480000
06/21/2016,546.330000
06/22/2016,544.500000
06/23/2016,543.090000
06/24/2016,550.010000
06/27/2016,547.620000
06/28/2016,553.840000
06/29/2016,556.060000
06/30/2016,553.070000
07/01/2016,553.960000
07/05/2016,558.820000
07/06/2016,557.090000
07/07/2016,558.400000
07/08/2016,547.520000
07/11/2016,544.110000
07/12/2016,536.450000
07/13/2016,536.030000
07/14/2016,530.590000
07/15/2016,525.630000
07/18/2016,526.170000
07/19/2016,527.080000
07/20/2016,526.730000
07/21/2016,526.720000
07/22/2016,527.550000
07/25/2016,527.900000
07/26/2016,528.000000
07/27/2016,528.860000
07/28/2016,528.720000
07/29/2016,530.320000
08/01/2016,530.980000
08/02/2016,530.290000
08/03/2016,531.840000
08/04/2016,532.670000
08/05/2016,533.710000
08/08/2016,534.910000
08/09/2016,534.950000
08/10/2016,536.080000
08/11/2016,535.620000
08/12/2016,537.360000
08/15/2016,536.450000
08/16/2016,539.880000
08/17/2016,539.940000
08/18/2016,539.030000
08/19/2016,543.170000
08/22/2016,543.610000
08/23/2016,543.150000
08/24/2016,542.720000
08/25/2016,542.780000
08/26/2016,543.280000
08/29/2016,545.250000
08/30/2016,546.040000
08/31/2016,545.350000
09/01/2016,545.340000
09/02/2016,549.030000
09/06/2016,550.080000
09/07/2016,550.890000
09/08/2016,551.540000
09/09/2016,534.440000
09/12/2016,546.840000
09/13/2016,533.610000
09/14/2016,532.400000
09/15/2016,542.650000
09/16/2016,539.680000
09/19/2016,540.220000
09/20/2016,539.720000
09/21/2016,539.060000
09/22/2016,538.540000
09/23/2016,541.510000
09/26/2016,542.440000
09/27/2016,542.720000
09/28/2016,541.360000
09/29/2016,542.510000
09/30/2016,541.730000
10/03/2016,543.840000
10/04/2016,545.790000
10/05/2016,545.650000
10/06/2016,546.840000
10/07/2016,548.960000
10/10/2016,549.190000
10/11/2016,551.270000
10/12/2016,552.350000
10/13/2016,552.840000
10/14/2016,555.040000
10/17/2016,556.270000
10/18/2016,559.830000
10/19/2016,561.400000
10/20/2016,564.500000
10/21/2016,564.480000
10/24/2016,564.810000
10/25/2016,564.710000
10/26/2016,564.420000
10/27/2016,564.580000
10/28/2016,563.860000
10/31/2016,563.630000
11/01/2016,562.650000
11/02/2016,561.360000
11/03/2016,560.660000
11/04/2016,561.150000
11/07/2016,565.150000
11/08/2016,565.740000
11/09/2016,568.530000
11/10/2016,568.880000
11/11/2016,571.470000
11/14/2016,573.680000
11/15/2016,568.690000
11/16/2016,570.750000
11/17/2016,565.870000
11/18/2016,566.890000
11/21/2016,566.960000
11/22/2016,566.510000
11/23/2016,566.700000
11/25/2016,565.610000
11/28/2016,567.890000
11/29/2016,567.640000
11/30/2016,568.540000
12/01/2016,569.250000
12/02/2016,570.300000
12/05/2016,572.670000
12/06/2016,572.340000
12/07/2016,560.780000
12/08/2016,558.770000
12/09/2016,552.740000
12/12/2016,553.680000
12/13/2016,547.130000
12/14/2016,554.990000
12/15/2016,550.760000
12/16/2016,548.440000
12/19/2016,547.400000
12/20/2016,549.370000
12/21/2016,550.040000
12/22/2016,550.590000
12/23/2016,550.960000
12/27/2016,551.710000
12/28/2016,551.300000
12/29/2016,551.160000
12/30/2016,550.710000
01/03/2017,554.150000
01/04/2017,555.800000
01/05/2017,556.890000
01/06/2017,556.920000
01/09/2017,559.340000
01/10/2017,560.700000
01/11/2017,560.970000
01/12/2017,562.370000
01/13/2017,563.850000
01/17/2017,565.290000
01/18/2017,566.350000
01/19/2017,567.120000
01/20/2017,570.980000
01/23/2017,571.280000
01/24/2017,571.420000
01/25/2017,568.630000
01/26/2017,569.060000
01/27/2017,570.940000
01/30/2017,572.400000
01/31/2017,573.280000
02/01/2017,574.510000
02/02/2017,574.890000
02/03/2017,573.900000
02/06/2017,576.110000
02/07/2017,576.850000
02/08/2017,576.850000
02/09/2017,572.840000
02/10/2017,569.120000
02/13/2017,563.250000
02/14/2017,558.270000
02/15/2017,552.540000
02/16/2017,553.560000
02/17/2017,556.840000
02/21/2017,555.000000
02/22/2017,555.370000
02/23/2017,555.540000
02/24/2017,555.720000
02/27/2017,554.830000
02/28/2017,555.150000
03/01/2017,548.850000
03/02/2017,553.820000
03/03/2017,555.130000
03/06/2017,558.220000
03/07/2017,560.330000
03/08/2017,561.800000
03/09/2017,561.130000
03/10/2017,559.820000
03/13/2017,560.490000
03/14/2017,563.370000
03/15/2017,556.940000
03/16/2017,559.310000
03/17/2017,557.040000
03/20/2017,557.730000
03/21/2017,554.450000
03/22/2017,555.010000
03/23/2017,554.430000
03/24/2017,554.660000
03/27/2017,554.690000
03/28/2017,558.440000
03/29/2017,559.640000
03/30/2017,560.910000
03/31/2017,560.570000
04/03/2017,560.500000
04/04/2017,561.590000
04/05/2017,559.370000
04/06/2017,561.330000
04/07/2017,561.410000
04/10/2017,562.460000
04/11/2017,561.570000
04/12/2017,558.080000
04/13/2017,552.150000
04/17/2017,560.530000
04/18/2017,557.220000
04/19/2017,555.670000
04/20/2017,564.070000
04/21/2017,563.030000
04/24/2017,565.470000
04/25/2017,563.190000
04/26/2017,563.670000
04/27/2017,563.650000
04/28/2017,564.910000
05/01/2017,564.810000
05/02/2017,564.350000
05/03/2017,565.470000
05/04/2017,565.210000
05/05/2017,562.200000
05/08/2017,564.540000
05/09/2017,565.280000
05/10/2017,564.230000
05/11/2017,565.850000
05/12/2017,568.610000
05/15/2017,563.610000
05/16/2017,564.500000
05/17/2017,576.140000
05/18/2017,579.840000
05/19/2017,577.860000
05/22/2017,578.620000
05/23/2017,578.320000
05/24/2017,578.520000
05/25/2017,576.150000
05/26/2017,576.540000
05/30/2017,577.830000
05/31/2017,578.090000
06/01/2017,573.020000
06/02/2017,571.050000
06/05/2017,572.060000
06/06/2017,574.300000
06/07/2017,573.500000
06/08/2017,573.910000
06/09/2017,574.910000
06/12/2017,575.720000
06/13/2017,572.080000
06/14/2017,573.510000
06/15/2017,575.790000
06/16/2017,575.310000
06/19/2017,571.930000
06/20/2017,574.050000
06/21/2017,574.740000
06/22/2017,575.850000
06/23/2017,576.700000
06/26/2017,577.630000
06/27/2017,578.410000
06/28/2017,577.690000
06/29/2017,578.450000
06/30/2017,579.360000
07/03/2017,579.470000
07/05/2017,580.300000
07/06/2017,580.210000
07/07/2017,582.710000
07/10/2017,584.060000
07/11/2017,584.910000
07/12/2017,583.860000
07/13/2017,582.880000
07/14/2017,578.990000
07/17/2017,579.560000
07/18/2017,579.160000
07/19/2017,573.550000
07/20/2017,573.260000
07/21/2017,578.110000
07/24/2017,579.080000
07/25/2017,578.860000
07/26/2017,579.290000
07/27/2017,579.350000
07/28/2017,580.040000
07/31/2017,580.820000
08/01/2017,581.540000
08/02/2017,581.900000
08/03/2017,582.270000
08/04/2017,583.030000
08/07/2017,583.190000
08/08/2017,583.190000
08/09/2017,583.430000
08/10/2017,577.760000
08/11/2017,579.790000
08/14/2017,585.760000
08/15/2017,587.420000
08/16/2017,589.140000
08/17/2017,576.030000
08/18/2017,574.180000
08/21/2017,575.520000
08/22/2017,574.710000
08/23/2017,575.770000
08/24/2017,576.600000
08/25/2017,577.930000
08/28/2017,579.220000
08/29/2017,579.090000
08/30/2017,577.620000
08/31/2017,574.620000
09/01/2017,573.750000
09/05/2017,578.590000
09/06/2017,577.850000
09/07/2017,578.600000
09/08/2017,579.030000
09/11/2017,570.880000
09/12/2017,567.000000
09/13/2017,566.640000
09/14/2017,567.190000
09/15/2017,567.340000
09/18/2017,567.320000
09/19/2017,567.130000
09/20/2017,567.290000
09/21/2017,568.510000
09/22/2017,569.060000
09/25/2017,569.430000
09/26/2017,569.740000
09/27/2017,568.880000
09/28/2017,569.580000
09/29/2017,568.490000
10/02/2017,566.560000
10/03/2017,565.110000
10/04/2017,563.840000
10/05/2017,559.490000
10/06/2017,560.680000
10/09/2017,562.010000
10/10/2017,559.670000
10/11/2017,558.760000
10/12/2017,560.640000
10/13/2017,559.660000
10/16/2017,557.920000
10/17/2017,557.580000
10/18/2017,556.970000
10/19/2017,556.930000
10/20/2017,552.080000
10/23/2017,551.860000
10/24/2017,551.630000
10/25/2017,551.060000
10/26/2017,551.610000
10/27/2017,552.050000
10/30/2017,553.250000
10/31/2017,553.530000
11/01/2017,553.300000
11/02/2017,553.770000
11/03/2017,553.750000
11/06/2017,554.090000
11/07/2017,554.030000
11/08/2017,553.850000
11/09/2017,554.920000
11/10/2017,556.050000
11/13/2017,557.200000
11/14/2017,558.990000
11/15/2017,560.450000
11/16/2017,560.230000
11/17/2017,563.250000
11/20/2017,564.240000
11/21/2017,563.420000
11/22/2017,564.150000
11/24/2017,563.710000
11/27/2017,564.340000
11/28/2017,557.450000
11/29/2017,557.240000
11/30/2017,549.770000
12/01/2017,551.220000
12/04/2017,552.560000
12/05/2017,556.830000
12/06/2017,557.620000
12/07/2017,555.990000
12/08/2017,550.850000
12/11/2017,547.490000
12/12/2017,545.570000
12/13/2017,545.850000
12/14/2017,550.710000
12/15/2017,543.640000
12/18/2017,540.750000
12/19/2017,541.990000
12/20/2017,543.160000
12/21/2017,542.540000
12/22/2017,542.680000
12/26/2017,543.530000
12/27/2017,544.240000
12/28/2017,544.780000
12/29/2017,546.510000
01/02/2018,544.770000
01/03/2018,540.490000
01/04/2018,536.990000
01/05/2018,530.670000
01/08/2018,529.060000
01/09/2018,526.920000
01/10/2018,528.780000
01/11/2018,521.540000
01/12/2018,514.570000
01/16/2018,517.600000
01/17/2018,509.630000
01/18/2018,509.100000
01/19/2018,505.790000
01/22/2018,502.940000
01/23/2018,501.950000
01/24/2018,501.620000
01/25/2018,501.680000
01/26/2018,495.440000
01/29/2018,497.230000
01/30/2018,501.840000
01/31/2018,503.130000
02/01/2018,504.330000
02/02/2018,503.440000
02/05/2018,489.720000
02/06/2018,490.820000
02/07/2018,487.530000
02/08/2018,476.660000
02/09/2018,477.270000
02/12/2018,479.050000
02/13/2018,479.710000
02/14/2018,486.680000
02/15/2018,497.560000
02/16/2018,495.940000
02/20/2018,496.940000
02/21/2018,496.430000
02/22/2018,498.270000
02/23/2018,499.790000
02/26/2018,496.290000
02/27/2018,498.630000
02/28/2018,500.250000
03/01/2018,497.180000
03/02/2018,499.720000
03/05/2018,503.000000
03/06/2018,504.150000
03/07/2018,505.020000
03/08/2018,506.200000
03/09/2018,500.780000
03/12/2018,502.230000
03/13/2018,508.440000
03/14/2018,511.890000
03/15/2018,516.230000
03/16/2018,517.630000
03/19/2018,516.580000
03/20/2018,516.930000
03/21/2018,517.720000
03/22/2018,509.200000
03/23/2018,500.940000
03/26/2018,509.970000
03/27/2018,503.810000
03/28/2018,502.300000
03/29/2018,506.380000
04/02/2018,498.680000
04/03/2018,502.500000
04/04/2018,507.320000
04/05/2018,510.530000
04/06/2018,499.760000
04/09/2018,500.760000
04/10/2018,508.120000
04/11/2018,504.360000
04/12/2018,508.990000
04/13/2018,505.960000
04/16/2018,511.840000
04/17/2018,521.550000
04/18/2018,522.530000
04/19/2018,516.380000
04/20/2018,516.980000
04/23/2018,517.660000
04/24/2018,516.510000
04/25/2018,516.480000
04/26/2018,518.710000
04/27/2018,520.300000
04/30/2018,520.680000
05/01/2018,521.510000
05/02/2018,520.000000
05/03/2018,520.010000
05/04/2018,525.360000
05/07/2018,526.350000
05/08/2018,527.620000
05/09/2018,528.060000
05/10/2018,523.780000
05/11/2018,522.960000
05/14/2018,522.420000
05/15/2018,528.830000
05/16/2018,526.420000
05/17/2018,527.570000
05/18/2018,529.500000
05/21/2018,528.770000
05/22/2018,529.980000
05/23/2018,530.530000
05/24/2018,532.120000
05/25/2018,532.510000
05/29/2018,531.060000
05/30/2018,532.940000
05/31/2018,534.230000
06/01/2018,533.710000
06/04/2018,532.620000
06/05/2018,532.610000
06/06/2018,526.730000
06/07/2018,527.260000
06/08/2018,525.010000
06/11/2018,524.560000
06/12/2018,523.220000
06/13/2018,527.540000
06/14/2018,524.940000
06/15/2018,527.040000
06/18/2018,528.170000
06/19/2018,528.200000
06/20/2018,528.840000
06/21/2018,528.280000
06/22/2018,529.180000
06/25/2018,526.010000
06/26/2018,526.570000
06/27/2018,523.660000
06/28/2018,525.360000
06/29/2018,527.400000
07/02/2018,527.800000
07/03/2018,525.730000
07/05/2018,530.350000
07/06/2018,534.170000
07/09/2018,535.700000
07/10/2018,534.900000
07/11/2018,536.890000
07/12/2018,535.350000
07/13/2018,535.670000
07/16/2018,537.250000
07/17/2018,534.580000
07/18/2018,533.170000
07/19/2018,537.690000
07/20/2018,539.140000
07/23/2018,539.850000
07/24/2018,538.750000
07/25/2018,534.550000
07/26/2018,536.700000
07/27/2018,540.310000
07/30/2018,540.500000
07/31/2018,541.110000
08/01/2018,542.130000
08/02/2018,541.780000
08/03/2018,540.830000
08/06/2018,539.230000
08/07/2018,537.490000
08/08/2018,538.450000
08/09/2018,539.970000
08/10/2018,543.640000
08/13/2018,546.230000
08/14/2018,544.740000
08/15/2018,550.040000
08/16/2018,545.780000
08/17/2018,546.560000
08/20/2018,546.530000
08/21/2018,545.790000
08/22/2018,546.530000
08/23/2018,547.200000
08/24/2018,544.790000
08/27/2018,541.050000
08/28/2018,540.620000
08/29/2018,537.240000
08/30/2018,539.190000
08/31/2018,540.010000
09/04/2018,541.540000
09/05/2018,543.850000
09/06/2018,545.350000
09/07/2018,547.600000
09/10/2018,548.620000
09/11/2018,547.330000
09/12/2018,547.820000
09/13/2018,543.640000
09/14/2018,543.460000
09/17/2018,548.530000
09/18/2018,543.790000
09/19/2018,542.670000
09/20/2018,534.210000
09/21/2018,531.080000
09/24/2018,531.660000
09/25/2018,531.700000
09/26/2018,531.230000
09/27/2018,532.830000
09/28/2018,533.420000
10/01/2018,534.730000
10/02/2018,534.960000
10/03/2018,535.190000
10/04/2018,532.150000
10/05/2018,530.230000
10/08/2018,530.580000
10/09/2018,529.540000
10/10/2018,508.240000
10/11/2018,500.600000
10/12/2018,500.910000
10/15/2018,497.080000
10/16/2018,505.300000
10/17/2018,504.760000
10/18/2018,494.640000
10/19/2018,494.720000
10/22/2018,495.760000
10/23/2018,494.850000
10/24/2018,486.810000
10/25/2018,491.550000
10/26/2018,486.320000
10/29/2018,484.830000
10/30/2018,489.190000
10/31/2018,492.990000
11/01/2018,497.430000
11/02/2018,495.740000
11/05/2018,498.620000
11/06/2018,500.430000
11/07/2018,504.220000
11/08/2018,506.360000
11/09/2018,507.470000
11/12/2018,498.210000
11/13/2018,496.330000
11/14/2018,490.070000
11/15/2018,498.740000
11/16/2018,494.310000
11/19/2018,495.440000
11/20/2018,493.780000
11/21/2018,494.790000
11/23/2018,493.370000
11/26/2018,497.710000
11/27/2018,497.980000
11/28/2018,497.070000
11/29/2018,497.250000
11/30/2018,496.610000
12/04/2018,499.040000
12/06/2018,500.230000
12/07/2018,494.870000
12/10/2018,495.640000
12/11/2018,495.160000
12/12/2018,497.540000
12/13/2018,497.250000
12/14/2018,486.450000
12/17/2018,478.090000
12/18/2018,478.840000
12/19/2018,474.800000
12/20/2018,474.800000
12/21/2018,474.410000
12/24/2018,472.320000
12/26/2018,474.150000
12/27/2018,473.540000
12/28/2018,474.640000
12/31/2018,476.090000
01/02/2019,478.900000
01/03/2019,480.670000
01/04/2019,478.790000
01/07/2019,477.860000
01/08/2019,474.370000
01/09/2019,472.710000
01/10/2019,471.300000
01/11/2019,470.840000
01/14/2019,474.040000
01/15/2019,466.490000
01/16/2019,464.670000
01/17/2019,462.500000
01/18/2019,461.770000
01/22/2019,461.610000
01/23/2019,461.800000
01/24/2019,463.670000
01/25/2019,463.550000
01/28/2019,463.830000
01/29/2019,463.970000
01/30/2019,463.940000
01/31/2019,463.080000
02/01/2019,463.960000
02/04/2019,462.290000
02/05/2019,459.470000
02/06/2019,460.990000
02/07/2019,466.970000
02/08/2019,467.520000
02/11/2019,467.610000
02/12/2019,458.540000
02/13/2019,456.030000
02/14/2019,461.820000
02/15/2019,450.640000
02/19/2019,451.480000
02/20/2019,451.910000
02/21/2019,453.150000
02/22/2019,452.540000
02/25/2019,452.520000
02/26/2019,453.000000
02/27/2019,453.970000
02/28/2019,455.320000
03/01/2019,454.450000
03/04/2019,456.170000
03/05/2019,457.520000
03/06/2019,458.980000
03/07/2019,458.760000
03/08/2019,460.100000
03/11/2019,462.680000
03/12/2019,462.900000
03/13/2019,458.580000
03/14/2019,459.650000
03/15/2019,458.410000
03/18/2019,457.280000
03/19/2019,456.740000
03/20/2019,457.670000
03/21/2019,454.270000
03/22/2019,455.320000
03/25/2019,456.690000
03/26/2019,457.950000
03/27/2019,458.580000
03/28/2019,459.810000
03/29/2019,460.560000
04/01/2019,457.110000
04/02/2019,457.870000
04/03/2019,456.780000
04/04/2019,456.060000
04/05/2019,453.920000
04/08/2019,453.570000
04/09/2019,457.270000
04/10/2019,455.640000
04/11/2019,456.310000
04/12/2019,450.650000
04/15/2019,451.580000
04/16/2019,450.990000
04/17/2019,453.620000
04/18/2019,451.800000
04/22/2019,452.540000
04/23/2019,449.800000
04/24/2019,450.090000
04/25/2019,450.780000
04/26/2019,449.590000
04/29/2019,449.530000
04/30/2019,449.850000
05/01/2019,451.960000
05/02/2019,453.220000
05/03/2019,450.910000
05/06/2019,451.450000
05/07/2019,450.580000
05/08/2019,451.220000
05/09/2019,451.860000
05/10/2019,455.460000
05/13/2019,445.010000
05/14/2019,450.170000
05/15/2019,455.340000
05/16/2019,462.980000
05/17/2019,455.840000
05/20/2019,456.950000
05/21/2019,457.380000
05/22/2019,458.350000
05/23/2019,456.210000
05/24/2019,456.990000
05/28/2019,455.620000
05/29/2019,453.330000
05/30/2019,453.640000
05/31/2019,448.310000
06/03/2019,446.120000
06/04/2019,455.650000
06/05/2019,459.030000
06/06/2019,461.280000
06/07/2019,462.620000
06/10/2019,463.480000
06/11/2019,464.160000
06/12/2019,465.770000
06/13/2019,466.310000
06/14/2019,468.070000
06/17/2019,470.150000
06/18/2019,466.040000
06/19/2019,466.460000
06/20/2019,458.290000
06/21/2019,457.890000
06/24/2019,458.890000
06/25/2019,458.900000
06/26/2019,459.410000
06/27/2019,460.500000
06/28/2019,461.090000
07/01/2019,463.730000
07/02/2019,465.190000
07/03/2019,462.370000
07/08/2019,467.200000
07/09/2019,466.870000
07/10/2019,465.570000
07/11/2019,464.540000
07/12/2019,461.190000
07/15/2019,461.480000
07/16/2019,464.970000
07/17/2019,471.110000
07/18/2019,468.550000
07/19/2019,464.950000
07/22/2019,466.260000
07/23/2019,466.150000
07/24/2019,465.420000
07/25/2019,466.690000
07/26/2019,465.240000
07/29/2019,466.920000
07/30/2019,465.810000
07/31/2019,466.630000
08/01/2019,465.090000
08/02/2019,463.610000
08/05/2019,450.000000
08/06/2019,454.460000
08/07/2019,454.520000
08/08/2019,465.330000
08/09/2019,460.830000
08/12/2019,452.370000
08/13/2019,461.810000
08/14/2019,442.430000
08/15/2019,439.850000
08/16/2019,444.290000
08/19/2019,444.340000
08/20/2019,445.810000
08/21/2019,445.080000
08/22/2019,445.650000
08/23/2019,446.690000
08/26/2019,447.280000
08/27/2019,447.740000
08/28/2019,448.580000
08/29/2019,446.700000
08/30/2019,446.620000
09/03/2019,448.970000
09/04/2019,447.530000
09/05/2019,443.840000
09/06/2019,444.200000
09/09/2019,444.790000
09/10/2019,445.560000
09/11/2019,441.190000
09/12/2019,438.830000
09/13/2019,439.400000
09/16/2019,441.780000
09/17/2019,439.770000
09/18/2019,438.870000
09/19/2019,438.750000
09/20/2019,436.110000
09/23/2019,437.210000
09/24/2019,436.590000
09/25/2019,437.250000
09/26/2019,437.410000
09/27/2019,436.220000
09/30/2019,438.520000
10/01/2019,435.340000
10/02/2019,427.810000
10/03/2019,431.610000
10/04/2019,436.860000
10/07/2019,436.290000
10/08/2019,427.210000
10/09/2019,430.950000
10/10/2019,434.660000
10/11/2019,440.240000
10/14/2019,441.530000
10/15/2019,447.860000
10/16/2019,447.980000
10/17/2019,450.750000
10/18/2019,450.920000
10/21/2019,450.970000
10/22/2019,451.720000
10/23/2019,451.930000
10/24/2019,452.710000
10/25/2019,452.880000
10/28/2019,450.720000
10/29/2019,450.950000
10/30/2019,450.490000
10/31/2019,451.840000
11/01/2019,447.530000
11/04/2019,445.190000
11/05/2019,446.240000
11/06/2019,446.570000
11/07/2019,444.240000
11/08/2019,442.270000
11/11/2019,444.140000
11/12/2019,442.590000
11/13/2019,441.910000
11/14/2019,440.970000
11/15/2019,436.500000
11/18/2019,436.770000
11/19/2019,436.830000
11/20/2019,438.170000
11/21/2019,438.110000
11/22/2019,438.490000
11/25/2019,438.090000
11/26/2019,438.260000
11/27/2019,436.050000
11/29/2019,437.350000
12/02/2019,438.780000
12/03/2019,438.840000
12/04/2019,438.690000
12/05/2019,439.590000
12/06/2019,438.350000
12/09/2019,439.330000
12/10/2019,440.090000
12/11/2019,439.910000
12/12/2019,437.180000
12/13/2019,438.410000
12/16/2019,433.590000
12/17/2019,434.290000
12/18/2019,434.290000
12/19/2019,430.770000
12/20/2019,423.220000
12/23/2019,423.710000
12/24/2019,423.950000
12/26/2019,423.050000
12/27/2019,422.010000
12/30/2019,422.870000
12/31/2019,423.860000
01/02/2020,422.760000
01/03/2020,423.640000
01/06/2020,424.430000
01/07/2020,426.070000
01/08/2020,424.550000
01/09/2020,422.490000
01/10/2020,424.800000
01/13/2020,421.190000
01/14/2020,422.560000
01/15/2020,421.190000
01/16/2020,414.240000
01/17/2020,412.120000
01/21/2020,411.760000
01/22/2020,412.200000
01/23/2020,412.170000
01/24/2020,411.940000
01/27/2020,409.920000
01/28/2020,411.580000
01/29/2020,411.570000
01/30/2020,412.670000
01/31/2020,408.150000
02/03/2020,410.710000
02/04/2020,414.020000
02/05/2020,414.190000
02/06/2020,414.770000
02/07/2020,415.860000
02/10/2020,415.330000
02/11/2020,415.040000
02/12/2020,413.530000
02/13/2020,414.080000
02/14/2020,414.180000
02/18/2020,417.030000
02/19/2020,414.330000
02/20/2020,417.990000
02/21/2020,422.460000
02/24/2020,420.640000
02/25/2020,412.610000
02/26/2020,410.400000
02/27/2020,404.590000
02/28/2020,405.920000
03/02/2020,407.560000
03/03/2020,403.490000
03/04/2020,410.620000
03/05/2020,404.740000
03/06/2020,401.690000
03/09/2020,400.330000
03/10/2020,400.550000
03/11/2020,400.270000
03/12/2020,400.070000
03/13/2020,400.160000
03/16/2020,400.150000
03/17/2020,395.080000
03/18/2020,400.160000
03/19/2020,400.180000
03/20/2020,400.780000
03/23/2020,401.190000
03/24/2020,401.560000
03/25/2020,400.380000
03/26/2020,398.860000
03/27/2020,399.610000
03/30/2020,399.140000
03/31/2020,400.130000
04/01/2020,400.990000
04/02/2020,401.130000
04/03/2020,402.960000
04/06/2020,410.040000
04/07/2020,399.920000
04/08/2020,398.400000
04/09/2020,398.110000
04/13/2020,397.340000
04/14/2020,396.400000
04/15/2020,396.430000
04/16/2020,396.290000
04/17/2020,396.160000
04/20/2020,395.940000
04/21/2020,396.980000
04/22/2020,397.200000
04/23/2020,398.370000
04/24/2020,399.700000
04/27/2020,399.770000
04/28/2020,399.940000
04/29/2020,396.950000
04/30/2020,398.110000
05/01/2020,400.770000
05/04/2020,402.630000
05/05/2020,402.540000
05/06/2020,404.250000
05/07/2020,404.430000
05/08/2020,402.060000
05/11/2020,403.240000
05/12/2020,411.490000
05/13/2020,414.700000
05/14/2020,421.300000
05/15/2020,423.660000
05/18/2020,421.360000
05/19/2020,422.430000
05/20/2020,420.950000
05/21/2020,421.940000
05/22/2020,421.650000
05/26/2020,420.420000
05/27/2020,419.300000
05/28/2020,419.980000
05/29/2020,418.780000
06/01/2020,418.990000
06/02/2020,417.970000
06/03/2020,416.500000
06/04/2020,417.400000
06/05/2020,415.890000
06/08/2020,415.650000
06/09/2020,415.690000
06/10/2020,416.000000
06/11/2020,421.770000
06/12/2020,419.900000
06/15/2020,418.240000
06/16/2020,415.840000
06/17/2020,415.330000
06/18/2020,414.460000
06/19/2020,415.380000
06/22/2020,416.230000
06/23/2020,416.340000
06/24/2020,417.660000
06/25/2020,418.770000
06/26/2020,418.350000
06/29/2020,421.510000
06/30/2020,421.280000
07/01/2020,422.630000
07/02/2020,420.760000
07/06/2020,420.810000
07/07/2020,423.380000
07/08/2020,422.820000
07/09/2020,424.890000
07/10/2020,424.230000
07/13/2020,426.680000
07/14/2020,424.050000
07/15/2020,419.980000
07/16/2020,423.640000
07/17/2020,420.310000
07/20/2020,420.110000
07/21/2020,419.530000
07/22/2020,418.740000
07/23/2020,420.100000
07/24/2020,422.000000
07/27/2020,422.260000
07/28/2020,422.880000
07/29/2020,421.780000
07/30/2020,422.150000
07/31/2020,420.850000
08/03/2020,420.080000
08/04/2020,419.330000
08/05/2020,418.010000
08/06/2020,416.110000
08/07/2020,416.160000
08/10/2020,414.800000
08/11/2020,417.720000
08/12/2020,413.090000
08/13/2020,412.870000
08/14/2020,413.190000
08/17/2020,410.770000
08/18/2020,409.340000
08/19/2020,410.330000
08/20/2020,407.590000
08/21/2020,406.260000
08/24/2020,404.130000
08/25/2020,403.370000
08/26/2020,399.730000
08/27/2020,399.100000
08/28/2020,398.200000
08/31/2020,408.750000
09/01/2020,396.120000
09/02/2020,392.930000
09/03/2020,399.690000
09/04/2020,402.230000
09/08/2020,405.390000
09/09/2020,406.370000
09/10/2020,407.680000
09/11/2020,409.420000
09/14/2020,414.000000
09/15/2020,416.190000
09/16/2020,419.780000
09/17/2020,420.160000
09/18/2020,422.120000
09/21/2020,422.320000
09/22/2020,422.390000
09/23/2020,422.490000
09/24/2020,423.130000
09/25/2020,424.250000
09/28/2020,422.760000
09/29/2020,423.390000
09/30/2020,423.110000
10/01/2020,422.280000
10/02/2020,424.440000
10/05/2020,422.180000
10/06/2020,426.380000
10/07/2020,423.050000
10/08/2020,421.080000
10/09/2020,417.000000
10/12/2020,409.260000
10/13/2020,410.890000
10/14/2020,412.710000
10/15/2020,412.210000
10/19/2020,410.280000
10/20/2020,410.090000
10/21/2020,410.100000
10/22/2020,410.450000
10/23/2020,410.790000
10/26/2020,409.700000
10/27/2020,409.990000
10/28/2020,407.160000
10/29/2020,408.650000
10/30/2020,409.550000
11/02/2020,412.460000
11/03/2020,410.780000
11/04/2020,413.630000
11/05/2020,413.830000
11/06/2020,415.950000
11/09/2020,431.240000
11/10/2020,415.830000
11/11/2020,415.940000
11/12/2020,418.440000
11/13/2020,415.470000
11/16/2020,409.570000
11/17/2020,413.430000
11/18/2020,422.890000
11/19/2020,421.190000
11/20/2020,422.430000
11/23/2020,423.330000
11/24/2020,420.430000
11/25/2020,421.460000
11/27/2020,420.530000
11/30/2020,422.320000
12/01/2020,421.240000
12/02/2020,419.790000
12/03/2020,419.470000
12/04/2020,416.420000
12/07/2020,417.690000
12/08/2020,416.980000
12/09/2020,421.310000
12/10/2020,421.970000
12/11/2020,422.860000
12/14/2020,426.480000
12/15/2020,418.290000
12/16/2020,417.610000
12/17/2020,412.060000
12/18/2020,423.510000
12/21/2020,412.640000
12/22/2020,412.560000
12/23/2020,414.120000
12/24/2020,414.810000
12/28/2020,414.170000
12/29/2020,413.890000
12/30/2020,414.610000
12/31/2020,416.310000
01/04/2021,415.990000
01/05/2021,416.020000
01/06/2021,414.030000
01/07/2021,410.980000
01/08/2021,407.870000
01/11/2021,412.290000
01/12/2021,413.590000
01/13/2021,412.500000
01/14/2021,415.260000
01/15/2021,420.060000
01/19/2021,419.730000
01/20/2021,416.770000
01/21/2021,416.900000
01/22/2021,417.880000
01/25/2021,416.970000
01/26/2021,416.930000
01/27/2021,418.190000
01/28/2021,419.260000
01/29/2021,432.150000
02/01/2021,422.370000
02/02/2021,419.910000
02/03/2021,421.580000
02/04/2021,419.370000
02/05/2021,417.610000
02/08/2021,414.990000
02/09/2021,414.790000
02/10/2021,415.190000
02/11/2021,414.080000
02/12/2021,411.370000
02/16/2021,411.450000
02/17/2021,410.300000
02/18/2021,413.690000
02/19/2021,411.310000
02/22/2021,411.580000
02/23/2021,412.040000
02/24/2021,412.180000
02/25/2021,410.130000
02/26/2021,410.570000
03/01/2021,413.970000
03/02/2021,413.230000
03/03/2021,411.170000
03/04/2021,408.040000
03/05/2021,412.910000
03/08/2021,411.440000
03/09/2021,414.490000
03/10/2021,417.150000
03/11/2021,418.070000
03/12/2021,420.070000
03/15/2021,420.160000
03/16/2021,421.160000
03/17/2021,421.540000
03/18/2021,427.680000
03/19/2021,430.380000
03/22/2021,431.090000
03/23/2021,431.610000
03/24/2021,432.410000
03/25/2021,432.900000
03/26/2021,429.600000
03/29/2021,429.120000
03/30/2021,431.630000
03/31/2021,430.420000
04/01/2021,426.810000
04/05/2021,419.860000
04/06/2021,419.560000
04/07/2021,418.770000
04/08/2021,416.140000
04/09/2021,413.170000
04/12/2021,412.500000
04/13/2021,410.640000
04/14/2021,411.240000
04/15/2021,409.890000
04/16/2021,409.550000
04/19/2021,409.720000
04/20/2021,409.630000
04/21/2021,409.780000
04/22/2021,409.910000
04/23/2021,410.230000
04/26/2021,410.490000
04/27/2021,411.170000
04/28/2021,411.690000
04/29/2021,410.650000
04/30/2021,413.440000
05/03/2021,413.050000
05/04/2021,413.700000
05/05/2021,414.330000
05/06/2021,414.250000
05/07/2021,413.230000
05/10/2021,415.150000
05/11/2021,414.890000
05/12/2021,409.860000
05/13/2021,414.490000
05/14/2021,419.740000
05/17/2021,420.930000
05/18/2021,418.780000
05/19/2021,417.850000
05/20/2021,425.890000
05/21/2021,431.780000
05/24/2021,431.830000
05/25/2021,432.190000
05/26/2021,433.350000
05/27/2021,433.780000
05/28/2021,434.500000
06/01/2021,434.830000
06/02/2021,435.570000
06/03/2021,436.530000
06/04/2021,435.140000
06/07/2021,436.850000
06/08/2021,436.550000
06/09/2021,436.890000
06/10/2021,437.290000
06/11/2021,437.000000
06/14/2021,435.470000
06/15/2021,436.960000
06/16/2021,440.470000
06/17/2021,443.280000
06/18/2021,452.260000
06/21/2021,450.980000
06/22/2021,450.700000
06/23/2021,451.130000
06/24/2021,449.060000
06/25/2021,447.920000
06/28/2021,447.000000
06/29/2021,446.750000
06/30/2021,446.410000
07/01/2021,442.940000
07/02/2021,438.880000
07/06/2021,439.660000
07/07/2021,437.660000
07/08/2021,442.080000
07/09/2021,436.480000
07/12/2021,434.050000
07/13/2021,435.410000
07/14/2021,433.900000
07/15/2021,437.060000
07/16/2021,433.390000
07/19/2021,432.910000
07/20/2021,434.130000
07/21/2021,434.200000
07/22/2021,434.020000
07/23/2021,431.660000
07/26/2021,430.870000
07/27/2021,431.970000
07/28/2021,433.010000
07/29/2021,432.340000
07/30/2021,433.940000
08/02/2021,435.020000
08/03/2021,433.670000
08/04/2021,436.120000
08/05/2021,434.180000
08/06/2021,434.740000
08/09/2021,435.970000
08/10/2021,435.660000
08/11/2021,435.070000
08/12/2021,433.310000
08/13/2021,432.440000
08/16/2021,430.480000
08/17/2021,435.880000
08/18/2021,442.360000
08/19/2021,444.310000
08/20/2021,444.310000
08/23/2021,443.360000
08/24/2021,442.860000
08/25/2021,442.260000
08/26/2021,443.830000
08/27/2021,442.120000
08/30/2021,440.310000
08/31/2021,440.820000
09/01/2021,441.190000
09/02/2021,439.620000
09/03/2021,440.330000
09/07/2021,442.930000
09/08/2021,444.470000
09/09/2021,447.050000
09/10/2021,449.580000
09/13/2021,451.910000
09/14/2021,455.780000
09/15/2021,453.790000
09/16/2021,456.070000
09/17/2021,459.270000
09/20/2021,459.200000
09/21/2021,459.500000
09/22/2021,461.320000
09/23/2021,461.770000
09/24/2021,462.740000
09/27/2021,464.130000
09/28/2021,460.970000
09/29/2021,462.260000
09/30/2021,459.260000
10/01/2021,462.250000
10/04/2021,456.880000
10/05/2021,461.400000
10/06/2021,463.220000
10/07/2021,467.280000
10/08/2021,468.070000
10/11/2021,464.370000
10/12/2021,462.630000
10/13/2021,465.290000
10/14/2021,478.990000
10/15/2021,477.860000
10/18/2021,477.320000
10/19/2021,475.660000
10/20/2021,474.320000
10/21/2021,473.250000
10/22/2021,473.310000
10/25/2021,471.570000
10/26/2021,470.400000
10/27/2021,471.910000
10/28/2021,468.140000
10/29/2021,466.740000
11/01/2021,466.410000
11/02/2021,464.810000
11/03/2021,462.440000
11/04/2021,460.690000
11/05/2021,459.160000
11/08/2021,458.400000
11/09/2021,459.960000
11/10/2021,464.020000
11/11/2021,463.880000
11/12/2021,458.680000
11/15/2021,458.020000
11/16/2021,455.310000
11/17/2021,455.730000
11/18/2021,453.810000
11/19/2021,453.040000
11/22/2021,452.620000
11/23/2021,453.270000
11/24/2021,453.830000
11/26/2021,452.280000
11/29/2021,454.530000
11/30/2021,451.240000
12/01/2021,447.680000
12/02/2021,452.220000
12/03/2021,450.560000
12/06/2021,453.850000
12/07/2021,457.710000
12/08/2021,459.340000
12/09/2021,459.060000
12/10/2021,461.750000
12/13/2021,461.410000
12/14/2021,459.250000
12/15/2021,466.540000
12/16/2021,466.140000
12/17/2021,461.960000
12/20/2021,462.750000
12/21/2021,461.560000
12/22/2021,461.350000
12/23/2021,460.310000
12/27/2021,455.340000
12/28/2021,456.100000
12/29/2021,456.050000
12/30/2021,457.350000
12/31/2021,459.010000
01/03/2022,456.740000
01/04/2022,457.120000
01/05/2022,464.610000
01/06/2022,465.880000
01/07/2022,469.370000
01/10/2022,470.550000
01/11/2022,468.560000
01/12/2022,468.280000
01/13/2022,472.280000
01/14/2022,475.210000
01/18/2022,472.210000
01/19/2022,464.790000
01/20/2022,455.010000
01/21/2022,452.720000
01/24/2022,455.560000
01/25/2022,455.030000
01/26/2022,454.000000
01/27/2022,454.630000
01/28/2022,456.020000
01/31/2022,455.530000
02/01/2022,456.160000
02/02/2022,453.740000
02/03/2022,457.210000
02/04/2022,458.610000
02/07/2022,461.410000
02/08/2022,461.590000
02/09/2022,457.110000
02/10/2022,461.820000
02/11/2022,462.340000
02/14/2022,463.810000
02/15/2022,470.450000
02/16/2022,474.470000
02/17/2022,463.450000
02/18/2022,465.050000
02/22/2022,466.710000
02/23/2022,467.350000
02/24/2022,468.300000
02/25/2022,466.800000
02/28/2022,467.070000
03/01/2022,467.030000
03/02/2022,466.740000
03/03/2022,468.010000
03/04/2022,468.990000
03/07/2022,468.600000
03/08/2022,467.380000
03/09/2022,472.670000
03/10/2022,473.560000
03/11/2022,468.470000
03/14/2022,465.460000
03/15/2022,475.320000
03/16/2022,486.730000
03/17/2022,487.990000
03/18/2022,488.270000
03/21/2022,489.170000
03/22/2022,486.550000
03/23/2022,489.900000
03/24/2022,486.750000
03/25/2022,485.410000
03/28/2022,483.950000
03/29/2022,480.260000
03/30/2022,482.160000
03/31/2022,489.260000
04/01/2022,489.560000
04/04/2022,485.340000
04/05/2022,492.040000
04/06/2022,497.880000
04/07/2022,496.310000
04/08/2022,499.820000
04/11/2022,507.840000
04/12/2022,512.170000
04/13/2022,514.190000
04/14/2022,514.840000
04/18/2022,515.820000
04/19/2022,513.670000
04/20/2022,514.340000
04/21/2022,516.250000
04/22/2022,515.910000
04/25/2022,517.290000
04/26/2022,512.460000
04/27/2022,512.810000
04/28/2022,516.960000
04/29/2022,509.490000
05/02/2022,509.450000
05/03/2022,510.080000
05/04/2022,519.010000
05/05/2022,508.970000
05/06/2022,505.390000
05/09/2022,498.730000
05/10/2022,497.960000
05/11/2022,496.520000
05/12/2022,495.730000
05/13/2022,496.270000
05/16/2022,495.240000
05/17/2022,495.870000
05/18/2022,495.020000
05/19/2022,494.970000
05/20/2022,494.970000
05/23/2022,493.990000
05/24/2022,494.920000
05/25/2022,494.570000
05/26/2022,493.110000
05/27/2022,489.250000
05/31/2022,522.590000
06/01/2022,491.830000
06/02/2022,489.070000
06/03/2022,491.600000
06/06/2022,491.300000
06/07/2022,489.080000
06/08/2022,491.310000
06/09/2022,498.480000
06/10/2022,504.590000
06/13/2022,500.030000
06/14/2022,497.930000
06/15/2022,505.740000
06/16/2022,484.730000
06/17/2022,480.970000
06/21/2022,479.370000
06/22/2022,479.810000
06/23/2022,478.660000
06/24/2022,477.950000
06/27/2022,476.100000
06/28/2022,478.500000
06/29/2022,479.030000
06/30/2022,480.960000
07/01/2022,479.190000
07/05/2022,479.100000
07/06/2022,478.110000
07/07/2022,474.910000
07/08/2022,473.920000
07/11/2022,476.870000
07/12/2022,479.470000
07/13/2022,481.230000
07/14/2022,481.720000
07/15/2022,468.970000
07/18/2022,469.810000
07/19/2022,466.980000
07/20/2022,466.500000
07/21/2022,465.680000
07/22/2022,467.580000
07/25/2022,467.800000
07/26/2022,469.320000
07/27/2022,465.540000
07/28/2022,463.370000
07/29/2022,461.740000
08/01/2022,461.810000
08/02/2022,462.860000
08/03/2022,459.400000
08/04/2022,460.280000
08/05/2022,459.850000
08/08/2022,459.640000
08/09/2022,460.530000
08/10/2022,457.560000
08/11/2022,456.620000
08/12/2022,455.930000
08/15/2022,455.900000
08/16/2022,455.900000
08/17/2022,455.830000
08/18/2022,455.910000
08/19/2022,456.650000
08/22/2022,456.440000
08/23/2022,456.730000
08/24/2022,457.920000
08/25/2022,458.840000
08/26/2022,454.940000
08/29/2022,452.750000
08/30/2022,449.380000
08/31/2022,446.450000
09/01/2022,446.970000
09/02/2022,443.410000
09/06/2022,441.870000
09/07/2022,445.310000
09/08/2022,446.500000
09/09/2022,453.320000
09/12/2022,459.060000
09/13/2022,440.260000
09/14/2022,438.950000
09/15/2022,437.810000
09/16/2022,438.260000
09/19/2022,438.230000
09/20/2022,438.760000
09/21/2022,439.280000
09/22/2022,440.100000
09/23/2022,439.850000
09/26/2022,438.890000
09/27/2022,439.300000
09/28/2022,441.150000
09/29/2022,439.410000
09/30/2022,436.880000
10/03/2022,441.070000
10/04/2022,444.560000
10/05/2022,444.560000
10/06/2022,443.900000
10/07/2022,439.140000
10/10/2022,436.830000
10/11/2022,435.080000
10/12/2022,434.560000
10/13/2022,439.580000
10/14/2022,432.380000
10/17/2022,439.640000
10/18/2022,444.700000
10/19/2022,439.830000
10/20/2022,431.380000
10/21/2022,425.860000
10/24/2022,426.040000
10/25/2022,425.020000
10/26/2022,426.180000
10/27/2022,426.760000
10/28/2022,424.620000
10/31/2022,425.890000
11/01/2022,426.590000
11/02/2022,430.230000
11/03/2022,431.900000
11/04/2022,431.100000
11/07/2022,430.440000
11/08/2022,429.380000
11/09/2022,433.730000
11/10/2022,421.280000
11/11/2022,418.410000
11/14/2022,419.030000
11/15/2022,417.900000
11/16/2022,417.620000
11/17/2022,417.330000
11/18/2022,417.450000
11/21/2022,418.550000
11/22/2022,418.230000
11/23/2022,417.890000
11/25/2022,418.200000
11/28/2022,420.000000
11/29/2022,420.330000
11/30/2022,417.420000
12/01/2022,417.990000
12/02/2022,418.760000
12/05/2022,422.090000
12/06/2022,422.570000
12/07/2022,422.850000
12/08/2022,423.430000
12/09/2022,424.150000
12/12/2022,422.750000
12/13/2022,426.580000
12/14/2022,434.500000
12/15/2022,435.600000
12/16/2022,430.030000
12/19/2022,431.830000
12/20/2022,432.400000
12/21/2022,431.600000
12/22/2022,432.590000
12/23/2022,432.860000
12/27/2022,434.010000
12/28/2022,433.820000
12/29/2022,434.250000
12/30/2022,434.680000
01/03/2023,435.830000
01/04/2023,436.470000
01/05/2023,437.000000
01/06/2023,437.280000
01/09/2023,438.230000
01/10/2023,437.700000
01/11/2023,433.600000
01/12/2023,433.010000
01/13/2023,430.020000
01/17/2023,431.220000
01/18/2023,444.610000
01/19/2023,452.170000
01/20/2023,447.140000
01/23/2023,445.630000
01/24/2023,445.680000
01/25/2023,446.220000
01/26/2023,443.520000
01/27/2023,443.720000
01/30/2023,446.690000
01/31/2023,443.390000
02/01/2023,440.850000
02/02/2023,437.360000
02/03/2023,440.150000
02/06/2023,442.250000
02/07/2023,438.340000
02/08/2023,442.100000
02/09/2023,444.990000
02/10/2023,444.750000
02/13/2023,440.050000
02/14/2023,436.680000
02/15/2023,434.770000
02/16/2023,439.780000
02/17/2023,444.840000
02/21/2023,446.420000
02/22/2023,448.070000
02/23/2023,448.570000
02/24/2023,448.120000
02/27/2023,449.300000
02/28/2023,449.380000
03/01/2023,448.390000
03/02/2023,450.330000
03/03/2023,452.870000
03/06/2023,454.130000
03/07/2023,452.750000
03/08/2023,454.000000
03/09/2023,446.910000
03/10/2023,440.600000
03/13/2023,440.230000
03/14/2023,446.000000
03/15/2023,441.700000
03/16/2023,453.330000
03/17/2023,452.440000
03/20/2023,452.120000
03/21/2023,451.270000
03/22/2023,453.630000
03/23/2023,453.210000
03/24/2023,452.840000
03/27/2023,453.900000
03/28/2023,455.170000
03/29/2023,452.450000
03/30/2023,451.310000
03/31/2023,448.480000
04/03/2023,447.590000
04/04/2023,449.300000
04/05/2023,450.380000
04/06/2023,448.960000
04/10/2023,448.210000
04/11/2023,448.440000
04/12/2023,449.380000
04/13/2023,444.160000
04/14/2023,443.710000
04/17/2023,442.120000
04/18/2023,441.900000
04/19/2023,441.440000
04/20/2023,441.600000
04/21/2023,440.560000
04/24/2023,441.320000
04/25/2023,442.350000
04/26/2023,443.460000
04/27/2023,442.640000
04/28/2023,441.530000
05/01/2023,443.060000
05/02/2023,444.930000
05/03/2023,446.220000
05/04/2023,446.060000
05/05/2023,447.500000
05/08/2023,449.840000
05/09/2023,450.290000
05/10/2023,452.440000
05/11/2023,454.180000
05/12/2023,456.000000
05/15/2023,457.600000
05/16/2023,459.060000
05/17/2023,456.980000
05/18/2023,449.600000
05/19/2023,448.110000
05/22/2023,448.690000
05/23/2023,449.000000
05/24/2023,448.140000
05/25/2023,449.570000
05/26/2023,449.310000
05/30/2023,450.800000
05/31/2023,452.340000
06/01/2023,453.120000
06/02/2023,448.900000
06/05/2023,450.570000
06/06/2023,450.230000
06/07/2023,453.160000
06/08/2023,449.890000
06/09/2023,449.130000
06/12/2023,442.590000
06/13/2023,437.360000
06/14/2023,436.470000
06/15/2023,427.550000
06/16/2023,427.370000
06/20/2023,428.270000
06/21/2023,429.250000
06/22/2023,430.780000
06/23/2023,429.690000
06/26/2023,428.910000
06/27/2023,431.930000
06/28/2023,431.750000
06/29/2023,433.000000
06/30/2023,433.020000
07/03/2023,432.930000
07/05/2023,433.720000
07/06/2023,434.530000
07/07/2023,435.460000
07/10/2023,436.560000
07/11/2023,436.450000
07/12/2023,436.000000
07/13/2023,431.820000
07/14/2023,433.310000
07/17/2023,431.580000
07/18/2023,425.120000
07/19/2023,423.290000
07/20/2023,429.790000
07/21/2023,426.630000
07/24/2023,426.670000
07/25/2023,426.120000
07/26/2023,427.320000
07/27/2023,428.530000
07/28/2023,427.410000
07/31/2023,427.650000
08/01/2023,428.740000
08/02/2023,430.040000
08/03/2023,429.910000
08/04/2023,430.120000
08/07/2023,433.510000
08/08/2023,432.800000
08/09/2023,430.120000
08/10/2023,431.050000
08/11/2023,431.090000
08/14/2023,435.760000
08/15/2023,427.200000
08/16/2023,420.490000
08/17/2023,413.930000
08/18/2023,406.430000
08/21/2023,406.500000
08/22/2023,407.550000
08/23/2023,405.480000
08/24/2023,409.450000
08/25/2023,409.210000
08/28/2023,408.400000
08/29/2023,402.540000
08/30/2023,400.970000
08/31/2023,402.170000
09/01/2023,401.170000
09/05/2023,404.040000
09/06/2023,408.520000
09/07/2023,411.360000
09/08/2023,411.100000
09/11/2023,406.770000
09/12/2023,411.280000
09/13/2023,411.060000
09/14/2023,404.080000
09/15/2023,407.130000
09/18/2023,407.280000
09/19/2023,407.700000
09/20/2023,407.640000
09/21/2023,404.820000
09/22/2023,404.530000
09/25/2023,406.080000
09/26/2023,401.670000
09/27/2023,401.340000
09/28/2023,403.120000
09/29/2023,402.650000
10/02/2023,402.500000
10/03/2023,397.540000
10/04/2023,399.380000
10/05/2023,398.940000
10/06/2023,403.390000
10/09/2023,406.880000
10/10/2023,409.680000
10/11/2023,412.550000
10/12/2023,409.160000
10/13/2023,405.990000
10/16/2023,412.480000
10/17/2023,412.590000
10/18/2023,402.010000
10/19/2023,394.790000
10/20/2023,395.260000
10/23/2023,396.490000
10/24/2023,396.550000
10/25/2023,397.700000
10/26/2023,397.390000
10/27/2023,397.210000
10/30/2023,399.620000
10/31/2023,401.200000
11/01/2023,402.390000
11/02/2023,398.990000
11/03/2023,395.790000
11/06/2023,395.430000
11/07/2023,394.320000
11/08/2023,393.860000
11/09/2023,399.130000
11/10/2023,389.750000
11/13/2023,390.440000
11/14/2023,382.680000
11/15/2023,381.630000
11/16/2023,382.150000
11/17/2023,381.520000
11/20/2023,380.550000
11/21/2023,381.650000
11/22/2023,381.350000
11/24/2023,382.150000
11/27/2023,383.510000
11/28/2023,383.500000
11/29/2023,383.400000
11/30/2023,382.540000
12/01/2023,380.720000
12/04/2023,383.660000
12/05/2023,384.260000
12/06/2023,386.310000
12/07/2023,383.440000
12/08/2023,381.960000
12/11/2023,379.980000
12/12/2023,376.930000
12/13/2023,366.980000
12/14/2023,364.510000
12/15/2023,368.610000
12/18/2023,367.900000
12/19/2023,366.760000
12/20/2023,368.780000
12/21/2023,367.660000
12/22/2023,367.600000
12/26/2023,367.670000
12/27/2023,367.800000
12/28/2023,368.200000
12/29/2023,369.580000
01/02/2024,372.330000
01/03/2024,373.490000
01/04/2024,373.860000
01/05/2024,374.970000
01/08/2024,374.370000
01/09/2024,375.790000
01/10/2024,373.870000
01/11/2024,375.550000
01/12/2024,375.690000
01/16/2024,378.850000
01/17/2024,382.320000
01/18/2024,378.300000
01/19/2024,374.060000
01/22/2024,374.330000
01/23/2024,374.190000
01/24/2024,373.900000
01/25/2024,371.950000
01/26/2024,372.910000
01/29/2024,370.020000
01/30/2024,370.590000
01/31/2024,376.690000
02/01/2024,372.450000
02/02/2024,367.620000
02/05/2024,370.110000
02/06/2024,368.800000
02/07/2024,364.160000
02/08/2024,363.630000
02/09/2024,360.580000
02/12/2024,360.790000
02/13/2024,369.280000
02/14/2024,362.810000
02/15/2024,358.260000
02/16/2024,358.000000
02/20/2024,358.500000
02/21/2024,359.020000
02/22/2024,356.380000
02/23/2024,356.990000
02/26/2024,359.020000
02/27/2024,359.020000
02/28/2024,359.650000
02/29/2024,358.920000
03/01/2024,354.750000
03/04/2024,355.630000
03/05/2024,360.310000
03/06/2024,358.350000
03/07/2024,353.720000
03/08/2024,357.560000
03/11/2024,358.720000
03/12/2024,352.360000
03/13/2024,353.720000
03/14/2024,355.530000
03/15/2024,363.800000
03/18/2024,363.570000
03/19/2024,363.250000
03/20/2024,361.740000
03/21/2024,361.170000
03/22/2024,361.880000
03/25/2024,363.480000
03/26/2024,364.420000
03/27/2024,361.730000
03/28/2024,361.900000
04/01/2024,363.240000
04/02/2024,365.580000
04/03/2024,365.560000
04/04/2024,367.810000
04/05/2024,365.960000
04/08/2024,367.480000
04/09/2024,367.110000
04/10/2024,370.750000
04/11/2024,370.160000
04/12/2024,372.790000
04/15/2024,371.510000
04/16/2024,371.800000
04/17/2024,368.500000
04/18/2024,366.780000
04/19/2024,367.400000
04/22/2024,368.550000
04/23/2024,367.210000
04/24/2024,367.300000
04/25/2024,368.450000
04/26/2024,367.120000
04/29/2024,366.630000
04/30/2024,370.440000
05/01/2024,372.210000
05/02/2024,370.900000
05/03/2024,367.850000
05/06/2024,363.300000
05/07/2024,362.730000
05/08/2024,362.810000
05/09/2024,359.880000
05/10/2024,359.090000
05/13/2024,359.580000
05/14/2024,356.840000
05/15/2024,352.560000
05/16/2024,352.490000
05/17/2024,352.640000
05/20/2024,352.780000
05/21/2024,352.940000
05/22/2024,353.460000
05/23/2024,354.640000
05/24/2024,354.920000
05/28/2024,355.170000
05/29/2024,355.260000
05/30/2024,355.030000
05/31/2024,355.960000
06/03/2024,356.080000
06/04/2024,356.080000
06/05/2024,354.460000
06/06/2024,355.340000
06/07/2024,356.680000
06/10/2024,356.200000
06/11/2024,355.730000
06/12/2024,352.840000
06/13/2024,352.070000
06/14/2024,351.850000
06/17/2024,346.580000
06/18/2024,345.130000
06/20/2024,347.180000
06/21/2024,348.480000
06/24/2024,349.190000
06/25/2024,349.300000
06/26/2024,349.640000
06/27/2024,350.240000
06/28/2024,351.180000
07/01/2024,352.480000
07/02/2024,351.530000
07/03/2024,350.480000
07/05/2024,348.480000
07/08/2024,348.640000
07/09/2024,348.440000
07/10/2024,342.660000
07/11/2024,348.320000
07/12/2024,344.950000
07/15/2024,343.370000
07/16/2024,339.440000
07/17/2024,349.580000
07/18/2024,355.120000
07/19/2024,355.410000
07/22/2024,355.070000
07/23/2024,355.910000
07/24/2024,355.600000
07/25/2024,355.170000
07/26/2024,356.920000
07/29/2024,357.110000
07/30/2024,356.400000
07/31/2024,357.870000
08/01/2024,357.290000
08/02/2024,353.170000
08/05/2024,347.580000
08/06/2024,347.580000
08/07/2024,345.140000
08/08/2024,352.200000
08/09/2024,353.030000
08/12/2024,353.230000
08/13/2024,361.940000
08/14/2024,364.550000
08/15/2024,371.680000
08/16/2024,374.330000
08/19/2024,372.800000
08/20/2024,372.880000
08/21/2024,372.000000
08/22/2024,373.650000
08/23/2024,371.830000
08/26/2024,373.310000
08/27/2024,373.320000
08/28/2024,374.620000
08/29/2024,375.740000
08/30/2024,373.480000
09/03/2024,378.460000
09/04/2024,378.520000
09/05/2024,379.450000
09/06/2024,378.080000
09/09/2024,381.070000
09/10/2024,381.770000
09/11/2024,382.140000
09/12/2024,381.570000
09/13/2024,380.440000
09/16/2024,380.110000
09/17/2024,380.270000
09/18/2024,383.930000
09/19/2024,371.890000
09/20/2024,374.230000
09/23/2024,374.430000
09/24/2024,373.820000
09/25/2024,374.860000
09/26/2024,374.000000
09/27/2024,373.860000
09/30/2024,373.210000
10/01/2024,374.870000
10/02/2024,375.460000
10/03/2024,375.870000
10/04/2024,375.730000
10/07/2024,377.680000
10/08/2024,376.600000
10/09/2024,374.810000
10/10/2024,376.770000
10/11/2024,374.590000
10/14/2024,369.480000
10/15/2024,375.630000
10/16/2024,372.800000
10/17/2024,372.900000
10/18/2024,370.110000
10/21/2024,370.560000
10/22/2024,370.800000
10/23/2024,371.420000
10/24/2024,371.710000
10/25/2024,371.740000
10/28/2024,372.000000
10/29/2024,371.940000
10/30/2024,372.140000
10/31/2024,370.890000
11/01/2024,372.170000
11/04/2024,372.270000
11/05/2024,374.440000
11/06/2024,376.130000
11/07/2024,373.610000
11/08/2024,371.480000
11/11/2024,371.360000
11/12/2024,374.200000
11/13/2024,374.150000
11/14/2024,379.270000
11/15/2024,385.400000
11/18/2024,385.460000
11/19/2024,384.520000
11/20/2024,384.160000
11/21/2024,383.270000
11/22/2024,383.710000
11/25/2024,383.680000
11/26/2024,381.900000
11/27/2024,383.720000
11/29/2024,381.380000
12/02/2024,380.700000
12/03/2024,381.100000
12/04/2024,378.210000
12/05/2024,378.970000
12/06/2024,378.260000
12/09/2024,381.750000
12/10/2024,383.760000
12/11/2024,379.130000
12/12/2024,382.980000
12/13/2024,383.580000
12/16/2024,380.510000
12/17/2024,384.010000
12/18/2024,398.450000
12/19/2024,402.440000
12/20/2024,402.060000
12/23/2024,401.800000
12/24/2024,399.800000
12/26/2024,400.110000
12/27/2024,404.230000
12/30/2024,407.340000
12/31/2024,408.620000
01/02/2025,408.740000
01/03/2025,409.510000
01/06/2025,408.750000
01/07/2025,411.120000
01/08/2025,412.060000
01/10/2025,411.130000
01/13/2025,412.780000
01/14/2025,413.550000
01/15/2025,418.470000
01/16/2025,421.740000
01/17/2025,412.980000
01/21/2025,412.550000
01/22/2025,411.440000
01/23/2025,409.680000
01/24/2025,411.190000
01/27/2025,413.600000
01/28/2025,412.720000
01/29/2025,414.060000
01/30/2025,413.640000
01/31/2025,414.860000
02/03/2025,415.460000
02/04/2025,416.210000
02/05/2025,416.570000
02/06/2025,416.420000
02/07/2025,419.690000
02/10/2025,419.820000
02/11/2025,420.180000
02/12/2025,422.280000
02/13/2025,417.940000
02/14/2025,419.280000
02/18/2025,418.200000
02/19/2025,416.380000
02/20/2025,420.140000
02/21/2025,422.010000
02/24/2025,421.760000
02/25/2025,421.280000
02/26/2025,421.090000
02/27/2025,417.260000
02/28/2025,421.620000
03/03/2025,417.160000
03/04/2025,413.120000
03/05/2025,416.780000
03/06/2025,411.040000
03/07/2025,411.860000
03/10/2025,404.020000
03/11/2025,401.940000
03/12/2025,401.300000
03/13/2025,399.750000
03/14/2025,400.600000
03/17/2025,400.920000
03/18/2025,399.730000
03/19/2025,399.710000
03/20/2025,399.340000
03/21/2025,399.050000
03/24/2025,396.950000
03/25/2025,396.700000
03/26/2025,399.410000
03/27/2025,399.970000
03/28/2025,401.490000
03/31/2025,402.150000
04/01/2025,402.150000
04/02/2025,401.650000
04/03/2025,398.960000
04/04/2025,388.860000
04/07/2025,389.400000
04/08/2025,387.440000
04/09/2025,402.110000
04/10/2025,394.920000
04/11/2025,397.710000
04/14/2025,398.280000
04/15/2025,393.730000
04/16/2025,384.980000
04/17/2025,384.300000
04/21/2025,385.410000
04/22/2025,385.060000
04/23/2025,384.250000
04/24/2025,381.740000
04/25/2025,381.650000
04/28/2025,381.890000
04/29/2025,381.290000
04/30/2025,380.740000
05/01/2025,380.520000
05/02/2025,378.410000
05/05/2025,379.240000
05/06/2025,380.520000
05/07/2025,379.780000
05/08/2025,378.390000
05/09/2025,378.190000
05/12/2025,375.400000
05/13/2025,375.790000
05/14/2025,375.870000
05/15/2025,375.860000
05/16/2025,374.670000
05/19/2025,374.350000
05/20/2025,375.250000
05/21/2025,376.480000
05/22/2025,376.920000
05/23/2025,376.780000
05/27/2025,378.030000
05/28/2025,378.720000
05/29/2025,378.750000
05/30/2025,379.280000
06/02/2025,379.470000
06/03/2025,379.180000
06/04/2025,379.840000
06/05/2025,381.050000
06/06/2025,380.340000
06/09/2025,381.090000
06/10/2025,379.000000
06/11/2025,380.210000
06/12/2025,378.740000
06/13/2025,383.050000
06/16/2025,381.860000
06/17/2025,385.560000
06/18/2025,389.290000
06/20/2025,387.790000
06/23/2025,387.090000
06/24/2025,384.960000
06/25/2025,385.390000
06/26/2025,382.960000
06/27/2025,381.390000
06/30/2025,380.410000
07/01/2025,380.550000
07/02/2025,379.560000
07/03/2025,376.580000
07/07/2025,379.180000
07/08/2025,379.630000
07/09/2025,376.470000
07/10/2025,375.240000
07/11/2025,376.470000
07/14/2025,375.350000
07/15/2025,376.890000
07/16/2025,374.920000
07/17/2025,372.680000
07/18/2025,371.510000
07/21/2025,371.860000
07/22/2025,372.220000
07/23/2025,371.040000
07/24/2025,371.360000
07/25/2025,370.670000
07/28/2025,371.650000
07/29/2025,372.150000
07/30/2025,373.260000
07/31/2025,374.550000
08/01/2025,375.670000
08/04/2025,376.920000
08/05/2025,378.170000
08/06/2025,377.890000
08/07/2025,378.590000
08/08/2025,376.850000
08/11/2025,378.540000
08/12/2025,372.800000
08/13/2025,370.600000
08/14/2025,370.640000
08/15/2025,368.410000
08/18/2025,369.290000
08/19/2025,370.110000
08/20/2025,370.210000
08/21/2025,369.770000
08/22/2025,370.160000
08/25/2025,371.600000
08/26/2025,371.260000
08/27/2025,370.760000
08/28/2025,370.680000
08/29/2025,371.980000
09/02/2025,372.990000
09/03/2025,373.490000
09/04/2025,372.640000
09/05/2025,374.550000
09/08/2025,374.730000
09/09/2025,374.420000
09/10/2025,373.510000
09/11/2025,370.090000
09/12/2025,370.910000
09/15/2025,367.810000
09/16/2025,368.900000
09/17/2025,370.650000
09/18/2025,367.320000
09/19/2025,363.960000
09/22/2025,363.000000
09/23/2025,364.120000
09/24/2025,365.440000
09/25/2025,366.340000
09/26/2025,367.020000
09/29/2025,367.310000
09/30/2025,366.650000
10/01/2025,365.980000
10/02/2025,365.820000
10/03/2025,366.730000
10/06/2025,366.340000
10/07/2025,367.850000
10/08/2025,366.550000
10/09/2025,368.240000
10/10/2025,368.640000
10/13/2025,374.070000
10/14/2025,374.550000
10/15/2025,375.290000
10/16/2025,378.110000
10/17/2025,379.990000
10/20/2025,379.320000
10/21/2025,379.700000
10/22/2025,380.630000
10/23/2025,379.850000
10/24/2025,378.150000
10/27/2025,375.020000
10/28/2025,374.780000
10/29/2025,375.090000
10/30/2025,377.540000
10/31/2025,377.060000
11/03/2025,377.160000
11/04/2025,380.360000
11/05/2025,379.850000
11/06/2025,383.260000
11/07/2025,383.840000
11/10/2025,379.400000
11/11/2025,378.800000
11/12/2025,378.640000
11/13/2025,386.010000
11/14/2025,386.770000
11/17/2025,391.100000
11/18/2025,393.760000
11/19/2025,395.500000
11/20/2025,397.060000
11/21/2025,400.030000
11/24/2025,398.570000
11/25/2025,397.270000
11/26/2025,395.910000
11/28/2025,394.920000
12/01/2025,396.230000
12/02/2025,396.020000
12/03/2025,395.100000
12/04/2025,394.740000
12/05/2025,394.370000
12/08/2025,395.500000
12/09/2025,395.920000
12/10/2025,393.260000
12/11/2025,392.010000
12/12/2025,395.990000
12/15/2025,396.670000
12/16/2025,398.100000
12/17/2025,406.700000
12/18/2025,400.730000
12/19/2025,398.050000
12/22/2025,397.950000
12/23/2025,396.910000
12/24/2025,395.860000
12/26/2025,396.630000
12/29/2025,398.770000
12/30/2025,399.680000
12/31/2025,402.050000
01/02/2026,402.820000
01/05/2026,401.630000
01/06/2026,399.120000
01/07/2026,401.190000
01/08/2026,401.900000
01/09/2026,399.040000
01/12/2026,398.330000
01/13/2026,400.330000
01/14/2026,404.470000
01/15/2026,402.820000
01/16/2026,401.510000
01/20/2026,401.740000
01/21/2026,403.230000
01/22/2026,403.850000
01/23/2026,404.240000
01/26/2026,404.160000
01/27/2026,403.530000
01/28/2026,403.470000
01/29/2026,404.150000
01/30/2026,404.820000
02/02/2026,405.770000
02/03/2026,406.540000
02/04/2026,405.880000
02/05/2026,404.110000
02/06/2026,408.440000
02/09/2026,409.480000
02/10/2026,410.610000
02/11/2026,411.690000
02/12/2026,408.980000
02/13/2026,410.200000
02/17/2026,411.950000
02/18/2026,415.950000
02/19/2026,414.750000
02/20/2026,411.690000
02/23/2026,412.920000
02/24/2026,413.400000
02/25/2026,413.100000
02/26/2026,414.790000
02/27/2026,415.310000
03/02/2026,415.560000
03/03/2026,415.780000
03/04/2026,417.030000
03/05/2026,417.250000
03/06/2026,415.140000
03/09/2026,418.150000
03/10/2026,417.970000
03/11/2026,418.420000
03/12/2026,412.710000
03/13/2026,409.780000
03/16/2026,413.460000
03/17/2026,414.670000
03/18/2026,404.220000
03/19/2026,400.280000
03/20/2026,397.720000
03/23/2026,397.890000
03/24/2026,398.370000
03/25/2026,398.170000
03/26/2026,399.620000
03/27/2026,399.920000
03/30/2026,401.160000
03/31/2026,402.950000
04/01/2026,402.360000
04/02/2026,403.260000
04/06/2026,403.980000
04/07/2026,402.440000
04/08/2026,396.890000
04/09/2026,394.890000
04/10/2026,395.080000
04/13/2026,390.540000
04/14/2026,387.350000
04/15/2026,386.330000
04/16/2026,386.020000
04/17/2026,385.950000
04/20/2026,386.140000
04/21/2026,386.250000
04/22/2026,386.280000
04/23/2026,387.010000
04/24/2026,385.770000
04/27/2026,386.660000
04/28/2026,388.460000
04/29/2026,388.580000
04/30/2026,388.020000
05/01/2026,387.580000
05/04/2026,389.410000
05/05/2026,387.480000
05/06/2026,380.240000
05/07/2026,382.450000
05/08/2026,377.960000
05/11/2026,376.130000
05/12/2026,377.090000
05/13/2026,373.180000
05/14/2026,368.840000
05/15/2026,373.530000
05/18/2026,374.690000
05/19/2026,375.560000
05/20/2026,374.710000
05/21/2026,375.490000
05/22/2026,375.100000
05/26/2026,374.640000
05/27/2026,375.250000
05/28/2026,374.170000
05/29/2026,373.210000
06/01/2026,372.730000
06/02/2026,372.520000
06/03/2026,375.640000
06/04/2026,374.920000
06/05/2026,380.210000
06/08/2026,381.870000
06/09/2026,381.500000
06/10/2026,378.260000
06/11/2026,382.420000
06/12/2026,385.540000
06/15/2026,381.480000
06/16/2026,385.900000
06/17/2026,392.130000
06/18/2026,388.790000
06/22/2026,390.440000
06/23/2026,390.470000
06/24/2026,390.580000
06/25/2026,390.790000
06/26/2026,390.330000
06/29/2026,393.760000
06/30/2026,394.980000
07/01/2026,396.030000
07/02/2026,396.930000
07/06/2026,398.000000
07/07/2026,399.180000
07/08/2026,399.730000
07/09/2026,399.780000
07/10/2026,399.400000
07/13/2026,401.960000
07/14/2026,403.080000
07/15/2026,402.430000
07/16/2026,406.480000
07/17/2026,405.390000
07/20/2026,406.540000
07/21/2026,406.060000
07/22/2026,406.700000
07/23/2026,408.020000
07/24/2026,408.590000
07/27/2026,409.250000
07/28/2026,409.460000
07/29/2026,408.960000
07/30/2026,411.010000
07/31/2026,412.150000
08/03/2026,408.240000
08/04/2026,400.420000
08/05/2026,401.680000
08/06/2026,402.370000
08/07/2026,399.610000
08/10/2026,399.680000
08/11/2026,401.800000
08/12/2026,400.030000
08/13/2026,395.800000
08/14/2026,396.720000
08/17/2026,399.930000
08/18/2026,405.810000
08/19/2026,403.960000
08/20/2026,411.430000
08/21/2026,407.310000
08/24/2026,408.420000
08/25/2026,408.480000
08/26/2026,408.740000
08/27/2026,408.630000
08/28/2026,410.110000
08/31/2026,411.670000
09/01/2026,411.700000
09/02/2026,412.440000
09/03/2026,411.040000
09/04/2026,413.200000
09/08/2026,414.990000
09/09/2026,415.150000
09/10/2026,414.090000
09/11/2026,417.710000
09/14/2026,417.840000
09/15/2026,416.390000
09/16/2026,414.250000
09/17/2026,423.110000
09/18/2026,425.560000
09/21/2026,421.220000
09/22/2026,421.760000
09/23/2026,424.110000
09/24/2026,424.640000
09/25/2026,423.710000
09/28/2026,426.580000
