time,close
1727650800,0.3978
1727654400,0.3949
1727658000,0.3886
1727661600,0.3885
1727665200,0.3895
1727668800,0.3888
1727672400,0.3901
1727676000,0.389
1727679600,0.3906
1727683200,0.3887
1727686800,0.3837
1727690400,0.3835
1727694000,0.3852
1727697600,0.3851
1727701200,0.3843
1727704800,0.3805
1727708400,0.3783
1727712000,0.3808
1727715600,0.3816
1727719200,0.38
1727722800,0.3793
1727726400,0.3805
1727730000,0.3817
1727733600,0.3761
1727737200,0.3732
1727740800,0.3771
1727744400,0.3775
1727748000,0.3784
1727751600,0.3818
1727755200,0.3824
1727758800,0.3817
1727762400,0.3846
1727766000,0.3839
1727769600,0.3834
1727773200,0.3836
1727776800,0.3854
1727780400,0.3844
1727784000,0.385
1727787600,0.3763
1727791200,0.3684
1727794800,0.3665
1727798400,0.3625
1727802000,0.3566
1727805600,0.3568
1727809200,0.3532
1727812800,0.3534
1727816400,0.3532
1727820000,0.3502
1727823600,0.352
1727827200,0.3541
1727830800,0.3573
1727834400,0.3595
1727838000,0.3619
1727841600,0.3575
1727845200,0.3564
1727848800,0.3591
1727852400,0.3593
1727856000,0.3587
1727859600,0.3517
1727863200,0.3496
1727866800,0.3507
1727870400,0.3472
1727874000,0.3502
1727877600,0.3474
1727881200,0.3521
1727884800,0.3492
1727888400,0.3468
1727892000,0.339
1727895600,0.3392
1727899200,0.3439
1727902800,0.3435
1727906400,0.3455
1727910000,0.3432
1727913600,0.3426
1727917200,0.3467
1727920800,0.3479
1727924400,0.3493
1727928000,0.3477
1727931600,0.3456
1727935200,0.3482
1727938800,0.3426
1727942400,0.3351
1727946000,0.3399
1727949600,0.3426
1727953200,0.3393
1727956800,0.3395
1727960400,0.3397
1727964000,0.3358
1727967600,0.3391
1727971200,0.336
1727974800,0.3381
1727978400,0.3377
1727982000,0.3428
1727985600,0.3416
1727989200,0.3436
1727992800,0.3455
1727996400,0.3454
1728000000,0.3431
1728003600,0.3467
1728007200,0.3466
1728010800,0.3454
1728014400,0.3466
1728018000,0.3498
1728021600,0.3475
1728025200,0.35
1728028800,0.3499
1728032400,0.3511
1728036000,0.3502
1728039600,0.3533
1728043200,0.3549
1728046800,0.3523
1728050400,0.3504
1728054000,0.3528
1728057600,0.3551
1728061200,0.3518
1728064800,0.3532
1728068400,0.3533
1728072000,0.3518
1728075600,0.3512
1728079200,0.351
1728082800,0.3516
1728086400,0.3548
1728090000,0.3536
1728093600,0.3503
1728097200,0.3494
1728100800,0.3509
1728104400,0.3532
1728108000,0.3537
1728111600,0.3555
1728115200,0.3549
1728118800,0.3533
1728122400,0.3528
1728126000,0.3531
1728129600,0.3547
1728133200,0.3519
1728136800,0.3521
1728140400,0.3529
1728144000,0.349
1728147600,0.3501
1728151200,0.349
1728154800,0.348
1728158400,0.3459
1728162000,0.3471
1728165600,0.3502
1728169200,0.3509
1728172800,0.349
1728176400,0.352
1728180000,0.3506
1728183600,0.3487
1728187200,0.3491
1728190800,0.3497
1728194400,0.3493
1728198000,0.3491
1728201600,0.3498
1728205200,0.35
1728208800,0.3482
1728212400,0.3493
1728216000,0.3501
1728219600,0.3504
1728223200,0.3537
1728226800,0.3533
1728230400,0.3525
1728234000,0.3526
1728237600,0.3536
1728241200,0.3547
1728244800,0.3552
1728248400,0.3527
1728252000,0.3557
1728255600,0.3572
1728259200,0.3617
1728262800,0.367
1728266400,0.3651
1728270000,0.3653
1728273600,0.3637
1728277200,0.3628
1728280800,0.3637
1728284400,0.3626
1728288000,0.3618
1728291600,0.3584
1728295200,0.3561
1728298800,0.3576
1728302400,0.3551
1728306000,0.3584
1728309600,0.3614
1728313200,0.3583
1728316800,0.3607
1728320400,0.3589
1728324000,0.3512
1728327600,0.3569
1728331200,0.355
1728334800,0.3569
1728338400,0.3524
1728342000,0.3515
1728345600,0.3535
1728349200,0.3559
1728352800,0.3565
1728356400,0.3556
1728360000,0.355
1728363600,0.3523
1728367200,0.3529
1728370800,0.3519
1728374400,0.3521
1728378000,0.3525
1728381600,0.3515
1728385200,0.3517
1728388800,0.3484
1728392400,0.3512
1728396000,0.3481
1728399600,0.3449
1728403200,0.3469
1728406800,0.3454
1728410400,0.3443
1728414000,0.3438
1728417600,0.3452
1728421200,0.3459
1728424800,0.3435
1728428400,0.3444
1728432000,0.3439
1728435600,0.3459
1728439200,0.3442
1728442800,0.3447
1728446400,0.3452
1728450000,0.3476
1728453600,0.3461
1728457200,0.3442
1728460800,0.343
1728464400,0.3433
1728468000,0.342
1728471600,0.3425
1728475200,0.34
1728478800,0.3382
1728482400,0.3391
1728486000,0.3431
1728489600,0.3403
1728493200,0.341
1728496800,0.3391
1728500400,0.3395
1728504000,0.3344
1728507600,0.3386
1728511200,0.3383
1728514800,0.3392
1728518400,0.3372
1728522000,0.3397
1728525600,0.3405
1728529200,0.3397
1728532800,0.3399
1728536400,0.3399
1728540000,0.3392
1728543600,0.3374
1728547200,0.3364
1728550800,0.336
1728554400,0.3371
1728558000,0.3388
1728561600,0.3356
1728565200,0.3351
1728568800,0.3349
1728572400,0.3372
1728576000,0.3371
1728579600,0.3342
1728583200,0.3354
1728586800,0.3361
1728590400,0.3373
1728594000,0.3396
1728597600,0.3378
1728601200,0.3395
1728604800,0.3403
1728608400,0.3407
1728612000,0.3397
1728615600,0.3408
1728619200,0.3409
1728622800,0.3429
1728626400,0.3433
1728630000,0.3447
1728633600,0.3447
1728637200,0.3462
1728640800,0.3461
1728644400,0.346
1728648000,0.3462
1728651600,0.3483
1728655200,0.3477
1728658800,0.3503
1728662400,0.3502
1728666000,0.3522
1728669600,0.3521
1728673200,0.3532
1728676800,0.3527
1728680400,0.3523
1728684000,0.3516
1728687600,0.3515
1728691200,0.3522
1728694800,0.3531
1728698400,0.352
1728702000,0.3514
1728705600,0.3529
1728709200,0.3535
1728712800,0.3531
1728716400,0.3532
1728720000,0.3528
1728723600,0.3537
1728727200,0.355
1728730800,0.3546
1728734400,0.3545
1728738000,0.355
1728741600,0.3552
1728745200,0.3543
1728748800,0.3533
1728752400,0.3541
1728756000,0.3526
1728759600,0.3522
1728763200,0.3528
1728766800,0.3532
1728770400,0.3535
1728774000,0.3529
1728777600,0.3533
1728781200,0.3521
1728784800,0.3543
1728788400,0.355
1728792000,0.3552
1728795600,0.3566
1728799200,0.3579
1728802800,0.3584
1728806400,0.3557
1728810000,0.3559
1728813600,0.3539
1728817200,0.3521
1728820800,0.3524
1728824400,0.3525
1728828000,0.3483
1728831600,0.3454
1728835200,0.3476
1728838800,0.3461
1728842400,0.3458
1728846000,0.3471
1728849600,0.3465
1728853200,0.3468
1728856800,0.3473
1728860400,0.3486
1728864000,0.3444
1728867600,0.3443
1728871200,0.3444
1728874800,0.3555
1728878400,0.3552
1728882000,0.3519
1728885600,0.3545
1728889200,0.3554
1728892800,0.3534
1728896400,0.3551
1728900000,0.3559
1728903600,0.3554
1728907200,0.3543
1728910800,0.3576
1728914400,0.3603
1728918000,0.3631
1728921600,0.3618
1728925200,0.3615
1728928800,0.3627
1728932400,0.3636
1728936000,0.3628
1728939600,0.3623
1728943200,0.365
1728946800,0.3644
1728950400,0.3635
1728954000,0.3635
1728957600,0.3638
1728961200,0.3598
1728964800,0.3608
1728968400,0.3578
1728972000,0.3588
1728975600,0.3591
1728979200,0.361
1728982800,0.3617
1728986400,0.3654
1728990000,0.3551
1728993600,0.3607
1728997200,0.3695
1729000800,0.3544
1729004400,0.3555
1729008000,0.361
1729011600,0.3594
1729015200,0.3597
1729018800,0.3574
1729022400,0.352
1729026000,0.355
1729029600,0.3549
1729033200,0.359
1729036800,0.3575
1729040400,0.3574
1729044000,0.3564
1729047600,0.3552
1729051200,0.3542
1729054800,0.3564
1729058400,0.3546
1729062000,0.3522
1729065600,0.3522
1729069200,0.3563
1729072800,0.357
1729076400,0.3592
1729080000,0.3579
1729083600,0.3561
1729087200,0.3557
1729090800,0.3537
1729094400,0.3546
1729098000,0.3548
1729101600,0.3535
1729105200,0.3534
1729108800,0.3543
1729112400,0.3539
1729116000,0.356
1729119600,0.352
1729123200,0.3518
1729126800,0.355
1729130400,0.3508
1729134000,0.3529
1729137600,0.351
1729141200,0.3505
1729144800,0.3499
1729148400,0.3482
1729152000,0.3486
1729155600,0.3475
1729159200,0.3448
1729162800,0.3432
1729166400,0.3447
1729170000,0.3456
1729173600,0.3468
1729177200,0.3487
1729180800,0.3461
1729184400,0.3432
1729188000,0.3414
1729191600,0.3429
1729195200,0.3429
1729198800,0.342
1729202400,0.3444
1729206000,0.3432
1729209600,0.3432
1729213200,0.3488
1729216800,0.3494
1729220400,0.346
1729224000,0.3455
1729227600,0.3468
1729231200,0.3474
1729234800,0.3475
1729238400,0.3472
1729242000,0.3469
1729245600,0.3474
1729249200,0.3461
1729252800,0.344
1729256400,0.347
1729260000,0.3482
1729263600,0.3494
1729267200,0.3521
1729270800,0.3512
1729274400,0.3509
1729278000,0.3482
1729281600,0.3483
1729285200,0.3478
1729288800,0.3493
1729292400,0.3506
1729296000,0.3512
1729299600,0.3523
1729303200,0.3549
1729306800,0.3548
1729310400,0.3536
1729314000,0.3547
1729317600,0.3536
1729321200,0.3532
1729324800,0.3547
1729328400,0.3552
1729332000,0.3536
1729335600,0.3496
1729339200,0.3512
1729342800,0.3507
1729346400,0.3532
1729350000,0.3517
1729353600,0.3504
1729357200,0.3505
1729360800,0.3508
1729364400,0.3497
1729368000,0.351
1729371600,0.3507
1729375200,0.3522
1729378800,0.3513
1729382400,0.3503
1729386000,0.35
1729389600,0.3497
1729393200,0.3499
1729396800,0.3496
1729400400,0.35
1729404000,0.3507
1729407600,0.3506
1729411200,0.35
1729414800,0.3508
1729418400,0.3513
1729422000,0.3531
1729425600,0.352
1729429200,0.3567
1729432800,0.3589
1729436400,0.3597
1729440000,0.3589
1729443600,0.3592
1729447200,0.3604
1729450800,0.3598
1729454400,0.3619
1729458000,0.3616
1729461600,0.3651
1729465200,0.3649
1729468800,0.3671
1729472400,0.3673
1729476000,0.3658
1729479600,0.3665
1729483200,0.3702
1729486800,0.369
1729490400,0.3669
1729494000,0.366
1729497600,0.3646
1729501200,0.3641
1729504800,0.3618
1729508400,0.362
1729512000,0.3605
1729515600,0.3554
1729519200,0.3573
1729522800,0.3578
1729526400,0.3557
1729530000,0.3586
1729533600,0.3573
1729537200,0.3593
1729540800,0.3614
1729544400,0.3631
1729548000,0.364
1729551600,0.3607
1729555200,0.3614
1729558800,0.3659
1729562400,0.3631
1729566000,0.3641
1729569600,0.3637
1729573200,0.3658
1729576800,0.3661
1729580400,0.3657
1729584000,0.3611
1729587600,0.36
1729591200,0.3613
1729594800,0.3616
1729598400,0.3587
1729602000,0.3576
1729605600,0.3647
1729609200,0.363
1729612800,0.3598
1729616400,0.3642
1729620000,0.3636
1729623600,0.3633
1729627200,0.3639
1729630800,0.3639
1729634400,0.3654
1729638000,0.3641
1729641600,0.3627
1729645200,0.3645
1729648800,0.3627
1729652400,0.3626
1729656000,0.3635
1729659600,0.3642
1729663200,0.3665
1729666800,0.3642
1729670400,0.3596
1729674000,0.3579
1729677600,0.3553
1729681200,0.3538
1729684800,0.3529
1729688400,0.3558
1729692000,0.3543
1729695600,0.3499
1729699200,0.3456
1729702800,0.3459
1729706400,0.347
1729710000,0.3493
1729713600,0.3512
1729717200,0.3492
1729720800,0.3478
1729724400,0.3493
1729728000,0.354
1729731600,0.3523
1729735200,0.3533
1729738800,0.3512
1729742400,0.3523
1729746000,0.3518
1729749600,0.3487
1729753200,0.3453
1729756800,0.3411
1729760400,0.3402
1729764000,0.3417
1729767600,0.3425
1729771200,0.3432
1729774800,0.3451
1729778400,0.3428
1729782000,0.3433
1729785600,0.3439
1729789200,0.3449
1729792800,0.3458
1729796400,0.3483
1729800000,0.3476
1729803600,0.3485
1729807200,0.347
1729810800,0.3463
1729814400,0.3449
1729818000,0.3434
1729821600,0.3435
1729825200,0.3441
1729828800,0.3415
1729832400,0.3426
1729836000,0.3409
1729839600,0.3392
1729843200,0.341
1729846800,0.3441
1729850400,0.3434
1729854000,0.3428
1729857600,0.3433
1729861200,0.3467
1729864800,0.3454
1729868400,0.3418
1729872000,0.3424
1729875600,0.3374
1729879200,0.3358
1729882800,0.3356
1729886400,0.3351
1729890000,0.343
1729893600,0.3375
1729897200,0.3261
1729900800,0.3264
1729904400,0.3288
1729908000,0.3299
1729911600,0.3311
1729915200,0.3319
1729918800,0.3318
1729922400,0.3328
1729926000,0.3318
1729929600,0.3302
1729933200,0.3305
1729936800,0.3298
1729940400,0.3303
1729944000,0.3301
1729947600,0.3275
1729951200,0.3237
1729954800,0.3251
1729958400,0.3263
1729962000,0.3303
1729965600,0.329
1729969200,0.3314
1729972800,0.3319
1729976400,0.3329
1729980000,0.3335
1729983600,0.3334
1729987200,0.3312
1729990800,0.3319
1729994400,0.332
1729998000,0.3335
1730001600,0.3328
1730005200,0.3329
1730008800,0.3329
1730012400,0.3334
1730016000,0.3327
1730019600,0.3321
1730023200,0.3325
1730026800,0.3334
1730030400,0.3354
1730034000,0.3373
1730037600,0.3376
1730041200,0.3394
1730044800,0.3413
1730048400,0.3405
1730052000,0.3384
1730055600,0.3392
1730059200,0.3391
1730062800,0.3406
1730066400,0.3405
1730070000,0.3394
1730073600,0.3397
1730077200,0.3368
1730080800,0.3368
1730084400,0.333
1730088000,0.3332
1730091600,0.3339
1730095200,0.3325
1730098800,0.3359
1730102400,0.3364
1730106000,0.3381
1730109600,0.3385
1730113200,0.3385
1730116800,0.3397
1730120400,0.3379
1730124000,0.3379
1730127600,0.3332
1730131200,0.3328
1730134800,0.3346
1730138400,0.337
1730142000,0.3423
1730145600,0.3425
1730149200,0.3449
1730152800,0.3439
1730156400,0.3434
1730160000,0.3464
1730163600,0.3469
1730167200,0.3491
1730170800,0.3489
1730174400,0.3479
1730178000,0.3449
1730181600,0.3454
1730185200,0.3468
1730188800,0.3461
1730192400,0.347
1730196000,0.346
1730199600,0.3478
1730203200,0.3466
1730206800,0.3483
1730210400,0.3476
1730214000,0.3503
1730217600,0.3537
1730221200,0.3531
1730224800,0.3549
1730228400,0.3528
1730232000,0.3513
1730235600,0.3537
1730239200,0.3553
1730242800,0.3562
1730246400,0.3584
1730250000,0.3601
1730253600,0.3602
1730257200,0.3587
1730260800,0.3581
1730264400,0.359
1730268000,0.3583
1730271600,0.3565
1730275200,0.3547
1730278800,0.356
1730282400,0.3539
1730286000,0.3518
1730289600,0.3529
1730293200,0.3539
1730296800,0.3553
1730300400,0.3544
1730304000,0.3575
1730307600,0.356
1730311200,0.3559
1730314800,0.3549
1730318400,0.359
1730322000,0.3568
1730325600,0.355
1730329200,0.355
1730332800,0.3561
1730336400,0.358
1730340000,0.3587
1730343600,0.3576
1730347200,0.3562
1730350800,0.3564
1730354400,0.3553
1730358000,0.3557
1730361600,0.3543
1730365200,0.3571
1730368800,0.3608
1730372400,0.3588
1730376000,0.3605
1730379600,0.3544
1730383200,0.3486
1730386800,0.3445
1730390400,0.3449
1730394000,0.3439
1730397600,0.3426
1730401200,0.3405
1730404800,0.342
1730408400,0.3425
1730412000,0.3425
1730415600,0.3413
1730419200,0.3417
1730422800,0.3377
1730426400,0.3388
1730430000,0.3396
1730433600,0.3419
1730437200,0.3423
1730440800,0.3398
1730444400,0.3424
1730448000,0.344
1730451600,0.3462
1730455200,0.346
1730458800,0.347
1730462400,0.3532
1730466000,0.3571
1730469600,0.3603
1730473200,0.3522
1730476800,0.3554
1730480400,0.3558
1730484000,0.3551
1730487600,0.3531
1730491200,0.3564
1730494800,0.3553
1730498400,0.3572
1730502000,0.3574
1730505600,0.3601
1730509200,0.3595
1730512800,0.3607
1730516400,0.361
1730520000,0.3576
1730523600,0.3571
1730527200,0.3563
1730530800,0.3567
1730534400,0.3555
1730538000,0.3569
1730541600,0.3567
1730545200,0.3582
1730548800,0.3531
1730552400,0.3514
1730556000,0.3516
1730559600,0.354
1730563200,0.3556
1730566800,0.3529
1730570400,0.351
1730574000,0.3518
1730577600,0.3508
1730581200,0.3489
1730584800,0.3465
1730588400,0.3481
1730592000,0.3452
1730595600,0.344
1730599200,0.338
1730602800,0.3405
1730606400,0.3441
1730610000,0.3401
1730613600,0.3425
1730617200,0.3408
1730620800,0.3405
1730624400,0.3381
1730628000,0.3376
1730631600,0.3356
1730635200,0.3352
1730638800,0.3321
1730642400,0.3317
1730646000,0.3334
1730649600,0.3317
1730653200,0.3319
1730656800,0.3296
1730660400,0.3337
1730664000,0.3338
1730667600,0.3344
1730671200,0.3349
1730674800,0.3338
1730678400,0.3324
1730682000,0.3344
1730685600,0.3359
1730689200,0.3332
1730692800,0.3321
1730696400,0.3294
1730700000,0.3334
1730703600,0.3302
1730707200,0.3295
1730710800,0.3314
1730714400,0.3322
1730718000,0.3325
1730721600,0.3332
1730725200,0.329
1730728800,0.3272
1730732400,0.328
1730736000,0.3256
1730739600,0.3256
1730743200,0.3274
1730746800,0.328
1730750400,0.3276
1730754000,0.3216
1730757600,0.3269
1730761200,0.3262
1730764800,0.3283
1730768400,0.3292
1730772000,0.3289
1730775600,0.3299
1730779200,0.33
1730782800,0.3307
1730786400,0.33
1730790000,0.3311
1730793600,0.3324
1730797200,0.3313
1730800800,0.3307
1730804400,0.3313
1730808000,0.332
1730811600,0.3322
1730815200,0.3355
1730818800,0.3338
1730822400,0.3369
1730826000,0.3356
1730829600,0.3364
1730833200,0.3304
1730836800,0.3354
1730840400,0.3331
1730844000,0.3349
1730847600,0.3335
1730851200,0.3402
1730854800,0.3404
1730858400,0.3508
1730862000,0.3586
1730865600,0.3587
1730869200,0.36
1730872800,0.3611
1730876400,0.3597
1730880000,0.3583
1730883600,0.3593
1730887200,0.3583
1730890800,0.3583
1730894400,0.3589
1730898000,0.3579
1730901600,0.3519
1730905200,0.3534
1730908800,0.3543
1730912400,0.3537
1730916000,0.3573
1730919600,0.3577
1730923200,0.359
1730926800,0.361
1730930400,0.3648
1730934000,0.3633
1730937600,0.3635
1730941200,0.3719
1730944800,0.3765
1730948400,0.3737
1730952000,0.3725
1730955600,0.3711
1730959200,0.3685
1730962800,0.3688
1730966400,0.3695
1730970000,0.3717
1730973600,0.3703
1730977200,0.3701
1730980800,0.3764
1730984400,0.372
1730988000,0.3752
1730991600,0.3887
1730995200,0.3917
1730998800,0.3905
1731002400,0.3944
1731006000,0.3935
1731009600,0.3973
1731013200,0.401
1731016800,0.3966
1731020400,0.4069
1731024000,0.4127
1731027600,0.4146
1731031200,0.4125
1731034800,0.4221
1731038400,0.4209
1731042000,0.435
1731045600,0.431
1731049200,0.4285
1731052800,0.4262
1731056400,0.4321
1731060000,0.4322
1731063600,0.4354
1731067200,0.4409
1731070800,0.4407
1731074400,0.4396
1731078000,0.4505
1731081600,0.4407
1731085200,0.4475
1731088800,0.4477
1731092400,0.4447
1731096000,0.4413
1731099600,0.4417
1731103200,0.4442
1731106800,0.4451
1731110400,0.438
1731114000,0.4361
1731117600,0.4343
1731121200,0.43
1731124800,0.4284
1731128400,0.4352
1731132000,0.4372
1731135600,0.4354
1731139200,0.4367
1731142800,0.4397
1731146400,0.4387
1731150000,0.4418
1731153600,0.4397
1731157200,0.4401
1731160800,0.435
1731164400,0.438
1731168000,0.4392
1731171600,0.4406
1731175200,0.4408
1731178800,0.4397
1731182400,0.4428
1731186000,0.446
1731189600,0.4675
1731193200,0.4965
1731196800,0.5114
1731200400,0.5188
1731204000,0.5169
1731207600,0.533
1731211200,0.5645
1731214800,0.5799
1731218400,0.5767
1731222000,0.5841
1731225600,0.5789
1731229200,0.5873
1731232800,0.5856
1731236400,0.5875
1731240000,0.6395
1731243600,0.6153
1731247200,0.5979
1731250800,0.5991
1731254400,0.6082
1731258000,0.6242
1731261600,0.617
1731265200,0.6128
1731268800,0.571
1731272400,0.5882
1731276000,0.5911
1731279600,0.5902
1731283200,0.5933
1731286800,0.6026
1731290400,0.5986
1731294000,0.5987
1731297600,0.5949
1731301200,0.5739
1731304800,0.5723
1731308400,0.5739
1731312000,0.5839
1731315600,0.5885
1731319200,0.5936
1731322800,0.5974
1731326400,0.6174
1731330000,0.5943
1731333600,0.5931
1731337200,0.6022
1731340800,0.6
1731344400,0.5995
1731348000,0.601
1731351600,0.5986
1731355200,0.6072
1731358800,0.6095
1731362400,0.6005
1731366000,0.6139
1731369600,0.5973
1731373200,0.5886
1731376800,0.5869
1731380400,0.5943
1731384000,0.5881
1731387600,0.5874
1731391200,0.5972
1731394800,0.6124
1731398400,0.6436
1731402000,0.6042
1731405600,0.5828
1731409200,0.5862
1731412800,0.5716
1731416400,0.5724
1731420000,0.5817
1731423600,0.5711
1731427200,0.5709
1731430800,0.5704
1731434400,0.5803
1731438000,0.5774
1731441600,0.5757
1731445200,0.5786
1731448800,0.5871
1731452400,0.5715
1731456000,0.5618
1731459600,0.5587
1731463200,0.554
1731466800,0.5353
1731470400,0.5345
1731474000,0.5288
1731477600,0.5261
1731481200,0.535
1731484800,0.5328
1731488400,0.5334
1731492000,0.5387
1731495600,0.5389
1731499200,0.5359
1731502800,0.5655
1731506400,0.6068
1731510000,0.5967
1731513600,0.5917
1731517200,0.5849
1731520800,0.5892
1731524400,0.5709
1731528000,0.5737
1731531600,0.5676
1731535200,0.5773
1731538800,0.5791
1731542400,0.5726
1731546000,0.5776
1731549600,0.5756
1731553200,0.5734
1731556800,0.5751
1731560400,0.5779
1731564000,0.5721
1731567600,0.5815
1731571200,0.5796
1731574800,0.579
1731578400,0.5668
1731582000,0.5684
1731585600,0.5675
1731589200,0.5625
1731592800,0.5457
1731596400,0.5484
1731600000,0.5578
1731603600,0.5575
1731607200,0.5566
1731610800,0.565
1731614400,0.5584
1731618000,0.5815
1731621600,0.5786
1731625200,0.579
1731628800,0.5826
1731632400,0.5905
1731636000,0.5959
1731639600,0.5947
1731643200,0.5912
1731646800,0.6036
1731650400,0.5963
1731654000,0.5902
1731657600,0.5931
1731661200,0.6213
1731664800,0.6127
1731668400,0.6138
1731672000,0.6521
1731675600,0.6584
1731679200,0.6642
1731682800,0.6466
1731686400,0.6638
1731690000,0.6658
1731693600,0.6701
1731697200,0.6781
1731700800,0.6681
1731704400,0.68
1731708000,0.6753
1731711600,0.7073
1731715200,0.71
1731718800,0.7239
1731722400,0.7412
1731726000,0.7465
1731729600,0.7364
1731733200,0.7406
1731736800,0.7217
1731740400,0.7257
1731744000,0.722
1731747600,0.7522
1731751200,0.7763
1731754800,0.7535
1731758400,0.748
1731762000,0.7569
1731765600,0.7787
1731769200,0.7461
1731772800,0.7634
1731776400,0.7517
1731780000,0.7691
1731783600,0.7591
1731787200,0.7575
1731790800,0.7514
1731794400,0.7409
1731798000,0.742
1731801600,0.7546
1731805200,0.7118
1731808800,0.7154
1731812400,0.7155
1731816000,0.7132
1731819600,0.7092
1731823200,0.7219
1731826800,0.7179
1731830400,0.7208
1731834000,0.7257
1731837600,0.7216
1731841200,0.7074
1731844800,0.726
1731848400,0.7271
1731852000,0.7301
1731855600,0.7258
1731859200,0.7402
1731862800,0.7432
1731866400,0.7229
1731870000,0.716
1731873600,0.7142
1731877200,0.7037
1731880800,0.7048
1731884400,0.7028
1731888000,0.7085
1731891600,0.7369
1731895200,0.7352
1731898800,0.7369
1731902400,0.7425
1731906000,0.757
1731909600,0.7695
1731913200,0.7614
1731916800,0.7683
1731920400,0.7584
1731924000,0.7623
1731927600,0.7346
1731931200,0.7325
1731934800,0.7275
1731938400,0.7395
1731942000,0.7652
1731945600,0.7512
1731949200,0.7516
1731952800,0.7408
1731956400,0.7372
1731960000,0.7395
1731963600,0.7426
1731967200,0.7438
1731970800,0.7332
1731974400,0.7378
1731978000,0.7335
1731981600,0.7422
1731985200,0.753
1731988800,0.7399
1731992400,0.7545
1731996000,0.7632
1731999600,0.7556
1732003200,0.752
1732006800,0.739
1732010400,0.7397
1732014000,0.7385
1732017600,0.7472
1732021200,0.726
1732024800,0.7268
1732028400,0.7303
1732032000,0.7321
1732035600,0.732
1732039200,0.7445
1732042800,0.7473
1732046400,0.7534
1732050000,0.7386
1732053600,0.7377
1732057200,0.7397
1732060800,0.7613
1732064400,0.7717
1732068000,0.7665
1732071600,0.771
1732075200,0.7853
1732078800,0.7881
1732082400,0.7871
1732086000,0.7899
1732089600,0.8164
1732093200,0.8296
1732096800,0.8386
1732100400,0.8268
1732104000,0.82
1732107600,0.8336
1732111200,0.8297
1732114800,0.836
1732118400,0.8263
1732122000,0.8018
1732125600,0.7939
1732129200,0.7994
1732132800,0.8059
1732136400,0.8105
1732140000,0.8209
1732143600,0.8007
1732147200,0.8044
1732150800,0.7925
1732154400,0.7732
1732158000,0.777
1732161600,0.7964
1732165200,0.7853
1732168800,0.7824
1732172400,0.7859
1732176000,0.7821
1732179600,0.7726
1732183200,0.7843
1732186800,0.7863
1732190400,0.796
1732194000,0.7946
1732197600,0.7879
1732201200,0.7798
1732204800,0.7889
1732208400,0.802
1732212000,0.8029
1732215600,0.7969
1732219200,0.7923
1732222800,0.804
1732226400,0.8182
1732230000,0.823
1732233600,0.8276
1732237200,0.8591
1732240800,0.8699
1732244400,0.8711
1732248000,0.8954
1732251600,0.8809
1732255200,0.8825
1732258800,0.8564
1732262400,0.8697
1732266000,0.86
1732269600,0.864
1732273200,0.9143
1732276800,0.924
1732280400,0.8943
1732284000,0.8986
1732287600,0.9274
1732291200,0.9681
1732294800,0.9602
1732298400,0.9577
1732302000,0.969
1732305600,0.9811
1732309200,0.9843
1732312800,1.0286
1732316400,1.019
1732320000,1.1164
1732323600,1.1149
1732327200,1.0762
1732330800,1.0929
1732334400,1.0774
1732338000,1.0895
1732341600,1.0911
1732345200,1.0959
1732348800,1.0944
1732352400,1.0789
1732356000,1.0773
1732359600,1.0863
1732363200,1.0667
1732366800,1.0925
1732370400,1.1152
1732374000,1.1058
1732377600,1.0585
1732381200,1.0642
1732384800,1.0689
1732388400,1.0679
1732392000,1.0523
1732395600,1.0821
1732399200,1.0804
1732402800,1.067
1732406400,1.0746
1732410000,1.0774
1732413600,1.0849
1732417200,1.0834
1732420800,1.0641
1732424400,1.0591
1732428000,1.0639
1732431600,1.074
1732435200,1.046
1732438800,1.0474
1732442400,1.037
1732446000,1.0049
1732449600,0.9772
1732453200,0.9983
1732456800,0.9847
1732460400,0.9488
1732464000,0.9746
1732467600,0.9671
1732471200,0.9934
1732474800,0.9834
1732478400,1.0086
1732482000,1.0243
1732485600,1.0288
1732489200,1.0241
1732492800,1.0033
1732496400,0.9882
1732500000,0.989
1732503600,1.0137
1732507200,1.0386
1732510800,1.0469
1732514400,1.038
1732518000,1.0401
1732521600,1.0678
1732525200,1.0641
1732528800,1.0582
1732532400,1.0496
1732536000,1.0333
1732539600,1.0073
1732543200,0.9844
1732546800,1.0068
1732550400,1.0018
1732554000,0.9888
1732557600,0.9981
1732561200,1.0039
1732564800,1.0032
1732568400,0.9655
1732572000,0.958
1732575600,0.9435
1732579200,0.9561
1732582800,0.974
1732586400,0.9797
1732590000,0.9712
1732593600,0.9685
1732597200,0.9844
1732600800,0.9731
1732604400,0.9596
1732608000,0.9318
1732611600,0.9458
1732615200,0.9107
1732618800,0.9057
1732622400,0.8964
1732626000,0.9084
1732629600,0.9266
1732633200,0.907
1732636800,0.9359
1732640400,0.9256
1732644000,0.9084
1732647600,0.9413
1732651200,0.9551
1732654800,0.9454
1732658400,0.95
1732662000,0.9599
1732665600,0.936
1732669200,0.9518
1732672800,0.9506
1732676400,0.9481
1732680000,0.9599
1732683600,0.9576
1732687200,0.9613
1732690800,0.9832
1732694400,0.9791
1732698000,0.9917
1732701600,1.003
1732705200,1.0073
1732708800,0.9879
1732712400,1.0057
1732716000,1.004
1732719600,1.0351
1732723200,1.0112
1732726800,1.0244
1732730400,1.0244
1732734000,1.0194
1732737600,1.0173
1732741200,1.0142
1732744800,1.0069
1732748400,1.0123
1732752000,1.016
1732755600,1.0268
1732759200,1.0113
1732762800,1.0071
1732766400,1.0154
1732770000,1.0082
1732773600,1.0053
1732777200,0.9968
1732780800,0.9973
1732784400,0.9851
1732788000,0.989
1732791600,0.9976
1732795200,0.9993
1732798800,1.0019
1732802400,0.9941
1732806000,0.9775
1732809600,0.9887
1732813200,0.9981
1732816800,1.0028
1732820400,1.0021
1732824000,1.0013
1732827600,1.0133
1732831200,1.039
1732834800,1.0323
1732838400,1.0338
1732842000,1.0502
1732845600,1.0542
1732849200,1.0489
1732852800,1.0449
1732856400,1.0382
1732860000,1.0596
1732863600,1.0458
1732867200,1.0563
1732870800,1.0541
1732874400,1.0739
1732878000,1.0651
1732881600,1.0642
1732885200,1.0621
1732888800,1.0803
1732892400,1.0761
1732896000,1.0564
1732899600,1.0477
1732903200,1.0464
1732906800,1.0521
1732910400,1.0471
1732914000,1.0541
1732917600,1.058
1732921200,1.0761
1732924800,1.0589
1732928400,1.0715
1732932000,1.0637
1732935600,1.0697
1732939200,1.0635
1732942800,1.0782
1732946400,1.0986
1732950000,1.1299
1732953600,1.1186
1732957200,1.1064
1732960800,1.0838
1732964400,1.0956
1732968000,1.0811
1732971600,1.076
1732975200,1.0795
1732978800,1.0929
1732982400,1.089
1732986000,1.0892
1732989600,1.0863
1732993200,1.0866
1732996800,1.0899
1733000400,1.0917
1733004000,1.0774
1733007600,1.0797
1733011200,1.0618
1733014800,1.0611
1733018400,1.0401
1733022000,1.0511
1733025600,1.0551
1733029200,1.0442
1733032800,1.0535
1733036400,1.0572
1733040000,1.073
1733043600,1.0701
1733047200,1.0702
1733050800,1.0722
1733054400,1.0608
1733058000,1.0669
1733061600,1.0674
1733065200,1.0742
1733068800,1.0647
1733072400,1.0722
1733076000,1.0684
1733079600,1.0946
1733083200,1.1171
1733086800,1.1349
1733090400,1.1262
1733094000,1.1503
1733097600,1.1489
1733101200,1.1754
1733104800,1.1617
1733108400,1.1403
1733112000,1.1412
1733115600,1.1529
1733119200,1.1542
1733122800,1.1416
1733126400,1.0831
1733130000,1.1003
1733133600,1.0618
1733137200,1.0731
1733140800,1.0788
1733144400,1.1004
1733148000,1.1333
1733151600,1.2078
1733155200,1.2132
1733158800,1.1646
1733162400,1.1963
1733166000,1.2192
1733169600,1.2
1733173200,1.1941
1733176800,1.1921
1733180400,1.2024
1733184000,1.2174
1733187600,1.2921
1733191200,1.2698
1733194800,1.2982
1733198400,1.2833
1733202000,1.2969
1733205600,1.2712
1733209200,1.2682
1733212800,1.2912
1733216400,1.2672
1733220000,1.2386
1733223600,1.2858
1733227200,1.2657
1733230800,1.1879
1733234400,1.2001
1733238000,1.1978
1733241600,1.1882
1733245200,1.202
1733248800,1.1998
1733252400,1.1897
1733256000,1.2052
1733259600,1.2106
1733263200,1.2236
1733266800,1.192
1733270400,1.1873
1733274000,1.2093
1733277600,1.1967
1733281200,1.2096
1733284800,1.2169
1733288400,1.2395
1733292000,1.2299
1733295600,1.2299
1733299200,1.2333
1733302800,1.221
1733306400,1.2242
1733310000,1.2243
1733313600,1.2053
1733317200,1.2017
1733320800,1.1945
1733324400,1.1914
1733328000,1.1469
1733331600,1.1683
1733335200,1.1765
1733338800,1.1923
1733342400,1.1938
1733346000,1.195
1733349600,1.1884
1733353200,1.1887
1733356800,1.1638
1733360400,1.1328
1733364000,1.1801
1733367600,1.1829
1733371200,1.2071
1733374800,1.1959
1733378400,1.189
1733382000,1.2068
1733385600,1.2232
1733389200,1.2182
1733392800,1.2221
1733396400,1.2249
1733400000,1.2191
1733403600,1.2127
1733407200,1.2056
1733410800,1.2118
1733414400,1.2326
1733418000,1.2288
1733421600,1.2183
1733425200,1.1889
1733428800,1.1841
1733432400,1.1909
1733436000,1.1834
1733439600,1.1612
1733443200,1.1797
1733446800,1.1811
1733450400,1.1877
1733454000,1.1887
1733457600,1.1922
1733461200,1.1896
1733464800,1.1993
1733468400,1.1895
1733472000,1.1751
1733475600,1.1625
1733479200,1.1627
1733482800,1.1628
1733486400,1.143
1733490000,1.1664
1733493600,1.1821
1733497200,1.2073
1733500800,1.2051
1733504400,1.2122
1733508000,1.2215
1733511600,1.2267
1733515200,1.2215
1733518800,1.2148
1733522400,1.2373
1733526000,1.2292
1733529600,1.2282
1733533200,1.2231
1733536800,1.2142
1733540400,1.204
1733544000,1.214
1733547600,1.2069
1733551200,1.2084
1733554800,1.2108
1733558400,1.2071
1733562000,1.2031
1733565600,1.1975
1733569200,1.2075
1733572800,1.2088
1733576400,1.2078
1733580000,1.2129
1733583600,1.2206
1733587200,1.208
1733590800,1.1982
1733594400,1.2138
1733598000,1.2089
1733601600,1.2124
1733605200,1.2031
1733608800,1.2019
1733612400,1.2111
1733616000,1.2149
1733619600,1.2088
1733623200,1.2151
1733626800,1.2094
1733630400,1.2024
1733634000,1.1869
1733637600,1.1973
1733641200,1.203
1733644800,1.1802
1733648400,1.1821
1733652000,1.2065
1733655600,1.208
1733659200,1.208
1733662800,1.216
1733666400,1.1896
1733670000,1.188
1733673600,1.1855
1733677200,1.1931
1733680800,1.1802
1733684400,1.1822
1733688000,1.1787
1733691600,1.1845
1733695200,1.1924
1733698800,1.1946
1733702400,1.1738
1733706000,1.1685
1733709600,1.1668
1733713200,1.1639
1733716800,1.1674
1733720400,1.1777
1733724000,1.156
1733727600,1.1573
1733731200,1.1228
1733734800,1.1213
1733738400,1.1323
1733742000,1.1027
1733745600,1.1166
1733749200,1.137
1733752800,1.1468
1733756400,1.1147
1733760000,1.1218
1733763600,1.1142
1733767200,1.1155
1733770800,1.1061
1733774400,1.0422
1733778000,0.9975
1733781600,1.0173
1733785200,1.004
1733788800,1.0259
1733792400,1.025
1733796000,0.982
1733799600,0.9921
1733803200,1.0075
1733806800,1.008
1733810400,1.0128
1733814000,1.0155
1733817600,1.0132
1733821200,1.0166
1733824800,1.0284
1733828400,1.0195
1733832000,0.9764
1733835600,0.9962
1733839200,1.0107
1733842800,0.9493
1733846400,0.9698
1733850000,0.9154
1733853600,0.9475
1733857200,0.9649
1733860800,0.9853
1733864400,1.01
1733868000,1.0151
1733871600,1.0223
1733875200,1.0008
1733878800,0.9758
1733882400,1.0101
1733886000,1.0113
1733889600,1.0159
1733893200,1.0126
1733896800,1.0107
1733900400,0.9958
1733904000,1.0198
1733907600,1.0175
1733911200,1.0233
1733914800,1.0245
1733918400,1.0666
1733922000,1.0834
1733925600,1.0892
1733929200,1.0957
1733932800,1.0839
1733936400,1.0734
1733940000,1.0793
1733943600,1.0827
1733947200,1.0828
1733950800,1.0867
1733954400,1.0916
1733958000,1.0873
1733961600,1.0796
1733965200,1.0812
1733968800,1.1191
1733972400,1.1315
1733976000,1.1444
1733979600,1.1718
1733983200,1.1648
1733986800,1.1574
1733990400,1.1661
1733994000,1.1558
1733997600,1.1463
1734001200,1.1405
1734004800,1.1535
1734008400,1.1357
1734012000,1.1442
1734015600,1.1391
1734019200,1.1407
1734022800,1.147
1734026400,1.1472
1734030000,1.1082
1734033600,1.1319
1734037200,1.1267
1734040800,1.1164
1734044400,1.123
1734048000,1.118
1734051600,1.1037
1734055200,1.1109
1734058800,1.1074
1734062400,1.1005
1734066000,1.0998
1734069600,1.0857
1734073200,1.089
1734076800,1.0961
1734080400,1.0912
1734084000,1.1003
1734087600,1.0946
1734091200,1.1108
1734094800,1.1063
1734098400,1.1171
1734102000,1.0843
1734105600,1.0999
1734109200,1.1037
1734112800,1.0953
1734116400,1.1038
1734120000,1.1183
1734123600,1.11
1734127200,1.1075
1734130800,1.1212
1734134400,1.1154
1734138000,1.1188
1734141600,1.1187
1734145200,1.1166
1734148800,1.1074
1734152400,1.1249
1734156000,1.118
1734159600,1.1177
1734163200,1.1121
1734166800,1.1077
1734170400,1.1042
1734174000,1.0979
1734177600,1.0844
1734181200,1.0716
1734184800,1.08
1734188400,1.0788
1734192000,1.0755
1734195600,1.0586
1734199200,1.0527
1734202800,1.0596
1734206400,1.046
1734210000,1.0532
1734213600,1.0571
1734217200,1.0609
1734220800,1.0568
1734224400,1.0715
1734228000,1.0711
1734231600,1.0619
1734235200,1.0713
1734238800,1.0721
1734242400,1.0613
1734246000,1.0483
1734249600,1.0689
1734253200,1.0919
1734256800,1.0735
1734260400,1.0781
1734264000,1.0839
1734267600,1.0835
1734271200,1.0901
1734274800,1.0867
1734278400,1.0889
1734282000,1.088
1734285600,1.0897
1734289200,1.0861
1734292800,1.0829
1734296400,1.0588
1734300000,1.0707
1734303600,1.0989
1734307200,1.1127
1734310800,1.1043
1734314400,1.0789
1734318000,1.0732
1734321600,1.0739
1734325200,1.0843
1734328800,1.08
1734332400,1.0902
1734336000,1.0759
1734339600,1.0746
1734343200,1.0737
1734346800,1.054
1734350400,1.055
1734354000,1.0596
1734357600,1.0672
1734361200,1.067
1734364800,1.1088
1734368400,1.1103
1734372000,1.1184
1734375600,1.1039
1734379200,1.0968
1734382800,1.0937
1734386400,1.0908
1734390000,1.0781
1734393600,1.0625
1734397200,1.0745
1734400800,1.0715
1734404400,1.0761
1734408000,1.0696
1734411600,1.0645
1734415200,1.0623
1734418800,1.0597
1734422400,1.069
1734426000,1.0907
1734429600,1.0959
1734433200,1.098
1734436800,1.109
1734440400,1.1002
1734444000,1.0941
1734447600,1.0705
1734451200,1.0803
1734454800,1.0926
1734458400,1.0746
1734462000,1.0726
1734465600,1.0736
1734469200,1.0722
1734472800,1.0545
1734476400,1.0523
1734480000,1.0525
1734483600,1.0399
1734487200,1.0498
1734490800,1.0365
1734494400,1.025
1734498000,1.0239
1734501600,1.0208
1734505200,1.023
1734508800,1.0242
1734512400,1.0377
1734516000,1.04
1734519600,1.0502
1734523200,1.0329
1734526800,1.0313
1734530400,1.0188
1734534000,1.0226
1734537600,1.0251
1734541200,1.036
1734544800,1.0565
1734548400,1.0092
1734552000,0.9772
1734555600,0.9828
1734559200,0.9804
1734562800,0.9678
1734566400,0.976
1734570000,0.9479
1734573600,0.9583
1734577200,0.977
1734580800,0.9739
1734584400,0.9837
1734588000,0.9798
1734591600,0.9821
1734595200,0.965
1734598800,0.9751
1734602400,0.9834
1734606000,0.985
1734609600,0.9664
1734613200,0.9608
1734616800,0.9502
1734620400,0.9439
1734624000,0.9497
1734627600,0.904
1734631200,0.8969
1734634800,0.8764
1734638400,0.8781
1734642000,0.8899
1734645600,0.8998
1734649200,0.8799
1734652800,0.8861
1734656400,0.8877
1734660000,0.9143
1734663600,0.9043
1734667200,0.8993
1734670800,0.8838
1734674400,0.8776
1734678000,0.8879
1734681600,0.8413
1734685200,0.8176
1734688800,0.7925
1734692400,0.7612
1734696000,0.8298
1734699600,0.8606
1734703200,0.8541
1734706800,0.8752
1734710400,0.878
1734714000,0.8863
1734717600,0.8905
1734721200,0.9107
1734724800,0.9188
1734728400,0.9198
1734732000,0.9445
1734735600,0.9498
1734739200,0.9393
1734742800,0.9446
1734746400,0.9493
1734750000,0.9481
1734753600,0.9561
1734757200,0.9736
1734760800,0.9832
1734764400,0.9883
1734768000,0.9644
1734771600,0.9702
1734775200,0.9697
1734778800,0.9595
1734782400,0.9203
1734786000,0.9203
1734789600,0.9122
1734793200,0.921
1734796800,0.9075
1734800400,0.9141
1734804000,0.9018
1734807600,0.9038
1734811200,0.9075
1734814800,0.898
1734818400,0.9022
1734822000,0.9047
1734825600,0.9016
1734829200,0.8991
1734832800,0.8974
1734836400,0.8997
1734840000,0.8814
1734843600,0.8865
1734847200,0.892
1734850800,0.8897
1734854400,0.8995
1734858000,0.9137
1734861600,0.9134
1734865200,0.9119
1734868800,0.908
1734872400,0.9069
1734876000,0.8779
1734879600,0.8869
1734883200,0.896
1734886800,0.8909
1734890400,0.8943
1734894000,0.8742
1734897600,0.8891
1734901200,0.8874
1734904800,0.8871
1734908400,0.8824
1734912000,0.8755
1734915600,0.8727
1734919200,0.8806
1734922800,0.908
1734926400,0.9013
1734930000,0.8975
1734933600,0.878
1734937200,0.8847
1734940800,0.8971
1734944400,0.8991
1734948000,0.8999
1734951600,0.8939
1734955200,0.8969
1734958800,0.8792
1734962400,0.8718
1734966000,0.8645
1734969600,0.8984
1734973200,0.8797
1734976800,0.8738
1734980400,0.8898
1734984000,0.9261
1734987600,0.9207
1734991200,0.931
1734994800,0.9252
1734998400,0.9185
1735002000,0.9034
1735005600,0.9004
1735009200,0.9102
1735012800,0.9133
1735016400,0.9119
1735020000,0.897
1735023600,0.8976
1735027200,0.9045
1735030800,0.898
1735034400,0.8934
1735038000,0.9027
1735041600,0.8974
1735045200,0.9331
1735048800,0.9311
1735052400,0.9432
1735056000,0.933
1735059600,0.9415
1735063200,0.9375
1735066800,0.9254
1735070400,0.9191
1735074000,0.9373
1735077600,0.9354
1735081200,0.9352
1735084800,0.9331
1735088400,0.9291
1735092000,0.9294
1735095600,0.9244
1735099200,0.9236
1735102800,0.926
1735106400,0.9206
1735110000,0.9163
1735113600,0.9189
1735117200,0.9201
1735120800,0.921
1735124400,0.9109
1735128000,0.9124
1735131600,0.9137
1735135200,0.9182
1735138800,0.9118
1735142400,0.906
1735146000,0.9124
1735149600,0.9121
1735153200,0.9161
1735156800,0.913
1735160400,0.9101
1735164000,0.9109
1735167600,0.9169
1735171200,0.9107
1735174800,0.9109
1735178400,0.9039
1735182000,0.8997
1735185600,0.8966
1735189200,0.8964
1735192800,0.8889
1735196400,0.8849
1735200000,0.8693
1735203600,0.8692
1735207200,0.8684
1735210800,0.871
1735214400,0.8692
1735218000,0.869
1735221600,0.8668
1735225200,0.8658
1735228800,0.8738
1735232400,0.8586
1735236000,0.865
1735239600,0.864
1735243200,0.8575
1735246800,0.8615
1735250400,0.8609
1735254000,0.8601
1735257600,0.8626
1735261200,0.8643
1735264800,0.8657
1735268400,0.8697
1735272000,0.8679
1735275600,0.8692
1735279200,0.8821
1735282800,0.8629
1735286400,0.873
1735290000,0.9005
1735293600,0.8968
1735297200,0.9044
1735300800,0.9005
1735304400,0.8936
1735308000,0.8821
1735311600,0.8733
1735315200,0.8659
1735318800,0.8926
1735322400,0.8904
1735326000,0.8917
1735329600,0.8871
1735333200,0.8743
1735336800,0.8732
1735340400,0.8758
1735344000,0.874
1735347600,0.8693
1735351200,0.8665
1735354800,0.8747
1735358400,0.8733
1735362000,0.8781
1735365600,0.8696
1735369200,0.8667
1735372800,0.8725
1735376400,0.8722
1735380000,0.8668
1735383600,0.8726
1735387200,0.8668
1735390800,0.8754
1735394400,0.878
1735398000,0.8743
1735401600,0.8831
1735405200,0.8886
1735408800,0.8833
1735412400,0.8825
1735416000,0.8847
1735419600,0.8919
1735423200,0.8937
1735426800,0.8881
1735430400,0.8831
1735434000,0.8806
1735437600,0.8866
1735441200,0.8911
1735444800,0.8849
1735448400,0.884
1735452000,0.8875
1735455600,0.8935
1735459200,0.8868
1735462800,0.8922
1735466400,0.894
1735470000,0.8946
1735473600,0.8983
1735477200,0.9057
1735480800,0.8916
1735484400,0.8823
1735488000,0.8687
1735491600,0.8693
1735495200,0.8682
1735498800,0.8677
1735502400,0.864
1735506000,0.8581
1735509600,0.853
1735513200,0.8572
1735516800,0.8625
1735520400,0.8861
1735524000,0.8807
1735527600,0.8707
1735531200,0.8671
1735534800,0.8664
1735538400,0.871
1735542000,0.8682
1735545600,0.8694
1735549200,0.8699
1735552800,0.8683
1735556400,0.8698
1735560000,0.8686
1735563600,0.8412
1735567200,0.8359
1735570800,0.839
1735574400,0.8336
1735578000,0.8623
1735581600,0.8662
1735585200,0.8689
1735588800,0.8729
1735592400,0.848
1735596000,0.8549
1735599600,0.8598
1735603200,0.8548
1735606800,0.8567
1735610400,0.8513
1735614000,0.8475
1735617600,0.8426
1735621200,0.8429
1735624800,0.8437
1735628400,0.8451
1735632000,0.8556
1735635600,0.858
1735639200,0.8571
1735642800,0.857
1735646400,0.8543
1735650000,0.8671
1735653600,0.8688
1735657200,0.8682
1735660800,0.866
1735664400,0.8497
1735668000,0.8479
1735671600,0.8478
1735675200,0.8473
1735678800,0.8505
1735682400,0.8428
1735686000,0.8434
1735689600,0.8578
1735693200,0.8511
1735696800,0.855
1735700400,0.8505
1735704000,0.8472
1735707600,0.854
1735711200,0.8553
1735714800,0.8498
1735718400,0.8453
1735722000,0.8445
1735725600,0.8422
1735729200,0.8516
1735732800,0.8641
1735736400,0.8629
1735740000,0.8629
1735743600,0.8751
1735747200,0.8877
1735750800,0.8869
1735754400,0.9194
1735758000,0.9155
1735761600,0.9187
1735765200,0.9172
1735768800,0.9197
1735772400,0.9206
1735776000,0.9439
1735779600,0.9445
1735783200,0.9399
1735786800,0.9401
1735790400,0.9429
1735794000,0.9309
1735797600,0.926
1735801200,0.9323
1735804800,0.9349
1735808400,0.9479
1735812000,0.9653
1735815600,0.9699
1735819200,0.972
1735822800,0.9622
1735826400,0.9641
1735830000,0.9539
1735833600,0.9606
1735837200,0.9517
1735840800,0.9606
1735844400,0.9561
1735848000,0.9592
1735851600,0.9653
1735855200,0.9614
1735858800,0.9601
1735862400,0.9622
1735866000,0.9735
1735869600,0.9869
1735873200,1.026
1735876800,1.0139
1735880400,1.0205
1735884000,1.0387
1735887600,1.0347
1735891200,1.0401
1735894800,1.053
1735898400,1.0591
1735902000,1.073
1735905600,1.089
1735909200,1.0704
1735912800,1.0908
1735916400,1.0848
1735920000,1.0898
1735923600,1.0823
1735927200,1.0807
1735930800,1.0961
1735934400,1.1151
1735938000,1.089
1735941600,1.0972
1735945200,1.0889
1735948800,1.085
1735952400,1.105
1735956000,1.0933
1735959600,1.0915
1735963200,1.0874
1735966800,1.0843
1735970400,1.0853
1735974000,1.0735
1735977600,1.0626
1735981200,1.0624
1735984800,1.0602
1735988400,1.0609
1735992000,1.0695
1735995600,1.0797
1735999200,1.089
1736002800,1.0651
1736006400,1.0763
1736010000,1.073
1736013600,1.0675
1736017200,1.0729
1736020800,1.078
1736024400,1.0759
1736028000,1.0741
1736031600,1.0703
1736035200,1.0635
1736038800,1.0608
1736042400,1.0619
1736046000,1.058
1736049600,1.0703
1736053200,1.0753
1736056800,1.0891
1736060400,1.0929
1736064000,1.0852
1736067600,1.0786
1736071200,1.0785
1736074800,1.0732
1736078400,1.0779
1736082000,1.092
1736085600,1.0951
1736089200,1.0897
1736092800,1.0814
1736096400,1.0874
1736100000,1.0931
1736103600,1.0916
1736107200,1.0888
1736110800,1.0879
1736114400,1.0961
1736118000,1.0909
1736121600,1.0764
1736125200,1.0944
1736128800,1.0839
1736132400,1.0898
1736136000,1.0899
1736139600,1.0869
1736143200,1.0817
1736146800,1.0779
1736150400,1.0765
1736154000,1.0795
1736157600,1.0786
1736161200,1.0848
1736164800,1.0767
1736168400,1.077
1736172000,1.0913
1736175600,1.095
1736179200,1.1061
1736182800,1.0936
1736186400,1.1041
1736190000,1.1074
1736193600,1.1068
1736197200,1.1007
1736200800,1.0993
1736204400,1.094
1736208000,1.0894
1736211600,1.0921
1736215200,1.0818
1736218800,1.0875
1736222400,1.088
1736226000,1.0878
1736229600,1.099
1736233200,1.1027
1736236800,1.1393
1736240400,1.1391
1736244000,1.1399
1736247600,1.134
1736251200,1.1322
1736254800,1.1314
1736258400,1.1139
1736262000,1.0443
1736265600,1.0425
1736269200,1.0289
1736272800,1.0084
1736276400,1.0086
1736280000,1.0057
1736283600,0.9914
1736287200,1.0048
1736290800,0.9891
1736294400,1.0178
1736298000,1.0069
1736301600,1.0017
1736305200,0.9977
1736308800,0.9896
1736312400,0.9881
1736316000,0.9625
1736319600,0.9826
1736323200,0.998
1736326800,0.9841
1736330400,0.9953
1736334000,0.9831
1736337600,0.9779
1736341200,0.9679
1736344800,0.9787
1736348400,0.9744
1736352000,0.9467
1736355600,0.9437
1736359200,0.9355
1736362800,0.9132
1736366400,0.9243
1736370000,0.9292
1736373600,0.9532
1736377200,0.9467
1736380800,0.9486
1736384400,0.9487
1736388000,0.9452
1736391600,0.9359
1736395200,0.9411
1736398800,0.9336
1736402400,0.9266
1736406000,0.914
1736409600,0.9182
1736413200,0.9167
1736416800,0.9081
1736420400,0.9112
1736424000,0.9097
1736427600,0.8819
1736431200,0.8973
1736434800,0.929
1736438400,0.9262
1736442000,0.9119
1736445600,0.9179
1736449200,0.8967
1736452800,0.8982
1736456400,0.8964
1736460000,0.9095
1736463600,0.9042
1736467200,0.912
1736470800,0.9162
1736474400,0.9187
1736478000,0.9211
1736481600,0.9185
1736485200,0.9259
1736488800,0.9483
1736492400,0.9632
1736496000,0.9572
1736499600,0.9565
1736503200,0.9601
1736506800,0.9548
1736510400,0.9542
1736514000,0.9214
1736517600,0.9301
1736521200,0.9288
1736524800,0.9188
1736528400,0.9558
1736532000,0.9385
1736535600,0.9423
1736539200,0.9329
1736542800,0.9286
1736546400,0.933
1736550000,0.9303
1736553600,0.9287
1736557200,0.9227
1736560800,0.9225
1736564400,0.9186
1736568000,0.9199
1736571600,0.924
1736575200,0.9206
1736578800,0.9198
1736582400,0.9166
1736586000,0.9227
1736589600,0.9384
1736593200,0.9437
1736596800,0.9391
1736600400,0.9321
1736604000,0.9422
1736607600,0.9366
1736611200,0.9489
1736614800,0.9458
1736618400,0.9542
1736622000,0.9551
1736625600,0.9877
1736629200,1.0081
1736632800,1.0041
1736636400,0.9949
1736640000,1.0155
1736643600,1.0358
1736647200,1.0213
1736650800,1.0252
1736654400,1.0189
1736658000,1.009
1736661600,1.0019
1736665200,1.0026
1736668800,0.9965
1736672400,0.9892
1736676000,0.9813
1736679600,0.988
1736683200,0.9901
1736686800,0.9995
1736690400,0.9914
1736694000,0.993
1736697600,0.9917
1736701200,0.9896
1736704800,0.9868
1736708400,0.9853
1736712000,0.9811
1736715600,0.9746
1736719200,0.9627
1736722800,0.9672
1736726400,0.9807
1736730000,0.9658
1736733600,0.9542
1736737200,0.9478
1736740800,0.9551
1736744400,0.9438
1736748000,0.9331
1736751600,0.9357
1736755200,0.9255
1736758800,0.9245
1736762400,0.9144
1736766000,0.8926
1736769600,0.8977
1736773200,0.906
1736776800,0.9193
1736780400,0.9255
1736784000,0.9125
1736787600,0.9128
1736791200,0.9081
1736794800,0.9117
1736798400,0.9355
1736802000,0.9438
1736805600,0.952
1736809200,0.9438
1736812800,0.9431
1736816400,0.9448
1736820000,0.9492
1736823600,0.9494
1736827200,0.9569
1736830800,0.947
1736834400,0.9593
1736838000,0.9555
1736841600,0.9648
1736845200,0.9838
1736848800,0.9711
1736852400,0.965
1736856000,0.9593
1736859600,0.972
1736863200,0.9769
1736866800,0.9816
1736870400,0.9753
1736874000,0.991
1736877600,1.0024
1736881200,0.9956
1736884800,0.9959
1736888400,0.9936
1736892000,0.9965
1736895600,0.9969
1736899200,0.9955
1736902800,1.0164
1736906400,1.026
1736910000,1.0221
1736913600,1.018
1736917200,1.0209
1736920800,1.0274
1736924400,1.0498
1736928000,1.0441
1736931600,1.0139
1736935200,1.0133
1736938800,1.002
1736942400,0.9992
1736946000,1.0496
1736949600,1.0511
1736953200,1.0642
1736956800,1.0538
1736960400,1.0516
1736964000,1.066
1736967600,1.0628
1736971200,1.0562
1736974800,1.0575
1736978400,1.0677
1736982000,1.0757
1736985600,1.0457
1736989200,1.0569
1736992800,1.0514
1736996400,1.0513
1737000000,1.0588
1737003600,1.0514
1737007200,1.059
1737010800,1.0567
1737014400,1.034
1737018000,1.0442
1737021600,1.0447
1737025200,1.0666
1737028800,1.1058
1737032400,1.0886
1737036000,1.0663
1737039600,1.102
1737043200,1.1234
1737046800,1.1279
1737050400,1.124
1737054000,1.1359
1737057600,1.1247
1737061200,1.1208
1737064800,1.0918
1737068400,1.0891
1737072000,1.1002
1737075600,1.1069
1737079200,1.111
1737082800,1.1168
1737086400,1.1277
1737090000,1.1301
1737093600,1.1273
1737097200,1.1146
1737100800,1.1234
1737104400,1.1144
1737108000,1.1235
1737111600,1.1247
1737115200,1.1113
1737118800,1.1053
1737122400,1.1179
1737126000,1.1108
1737129600,1.1321
1737133200,1.1139
1737136800,1.1189
1737140400,1.1388
1737144000,1.1568
1737147600,1.148
1737151200,1.1369
1737154800,1.1337
1737158400,1.1383
1737162000,1.1264
1737165600,1.1228
1737169200,1.1054
1737172800,1.0953
1737176400,1.0596
1737180000,1.0767
1737183600,1.0641
1737187200,1.0722
1737190800,1.0694
1737194400,1.0586
1737198000,1.0705
1737201600,1.0655
1737205200,1.0943
1737208800,1.0716
1737212400,1.0704
1737216000,1.0537
1737219600,1.0545
1737223200,1.0574
1737226800,1.0722
1737230400,1.0614
1737234000,1.0653
1737237600,1.0727
1737241200,1.1033
1737244800,1.1199
1737248400,1.1361
1737252000,1.1147
1737255600,1.0873
1737259200,1.0715
1737262800,1.0784
1737266400,1.0663
1737270000,1.0657
1737273600,1.0383
1737277200,1.0431
1737280800,1.0385
1737284400,1.0183
1737288000,1.0437
1737291600,1.0579
1737295200,1.0822
1737298800,1.0724
1737302400,1.0697
1737306000,1.0852
1737309600,1.0852
1737313200,1.0795
1737316800,1.0652
1737320400,1.0143
1737324000,1.0144
1737327600,0.9918
1737331200,0.961
1737334800,0.9806
1737338400,0.9944
1737342000,1.0062
1737345600,1.0035
1737349200,1.0084
1737352800,1.0588
1737356400,1.0755
1737360000,1.0949
1737363600,1.0667
1737367200,1.0759
1737370800,1.0807
1737374400,1.0519
1737378000,1.0642
1737381600,1.0714
1737385200,1.0461
1737388800,1.0581
1737392400,1.0066
1737396000,1.0383
1737399600,1.0328
1737403200,1.0263
1737406800,1.0064
1737410400,1.0202
1737414000,1.0082
1737417600,0.9916
1737421200,0.9922
1737424800,0.995
1737428400,0.9936
1737432000,0.9928
1737435600,0.9733
1737439200,0.9732
1737442800,0.9755
1737446400,0.9577
1737450000,0.9694
1737453600,0.9893
1737457200,0.9991
1737460800,0.9995
1737464400,0.9939
1737468000,0.9841
1737471600,0.9928
1737475200,0.9994
1737478800,1.018
1737482400,1.0255
1737486000,1.0149
1737489600,1.0088
1737493200,1.0087
1737496800,1.0067
1737500400,1.0061
1737504000,1.0179
1737507600,1.0027
1737511200,1.0063
1737514800,1.0028
1737518400,1.0
1737522000,0.9975
1737525600,0.9999
1737529200,0.99
1737532800,0.9934
1737536400,0.9955
1737540000,1.0042
1737543600,1.0144
1737547200,1.0089
1737550800,0.9929
1737554400,0.992
1737558000,0.9906
1737561600,0.9966
1737565200,1.0007
1737568800,0.9815
1737572400,0.9961
1737576000,0.9952
1737579600,0.9889
1737583200,0.9815
1737586800,0.9821
1737590400,0.9793
1737594000,0.9692
1737597600,0.9702
1737601200,0.9733
1737604800,0.9632
1737608400,0.9694
1737612000,0.9669
1737615600,0.9712
1737619200,0.9622
1737622800,0.9571
1737626400,0.956
1737630000,0.9661
1737633600,0.957
1737637200,0.9727
1737640800,0.9936
1737644400,0.9952
1737648000,0.9918
1737651600,0.991
1737655200,0.9769
1737658800,0.9698
1737662400,0.9817
1737666000,0.9693
1737669600,0.9884
1737673200,0.9864
1737676800,0.9693
1737680400,0.9687
1737684000,0.9674
1737687600,0.9833
1737691200,0.9964
1737694800,1.0073
1737698400,0.9988
1737702000,0.9977
1737705600,1.0013
1737709200,1.0012
1737712800,1.0033
1737716400,0.9996
1737720000,1.0043
1737723600,1.0
1737727200,1.0016
1737730800,0.995
1737734400,0.9866
1737738000,0.9949
1737741600,0.9937
1737745200,0.9881
1737748800,0.9725
1737752400,0.9752
1737756000,0.97
1737759600,0.9714
1737763200,0.9646
1737766800,0.9759
1737770400,0.9773
1737774000,0.9876
1737777600,0.9814
1737781200,0.9785
1737784800,0.9728
1737788400,0.976
1737792000,0.9754
1737795600,0.9732
1737799200,0.9758
1737802800,0.9797
1737806400,0.9794
1737810000,0.9774
1737813600,0.9804
1737817200,0.987
1737820800,0.985
1737824400,0.983
1737828000,0.9835
1737831600,0.9842
1737835200,0.9812
1737838800,0.9818
1737842400,0.9818
1737846000,0.9764
1737849600,0.9785
1737853200,0.9775
1737856800,0.9771
1737860400,0.9831
1737864000,0.9839
1737867600,0.9871
1737871200,0.9866
1737874800,0.9923
1737878400,0.993
1737882000,0.9824
1737885600,0.987
1737889200,0.9864
1737892800,0.9907
1737896400,0.99
1737900000,0.9915
1737903600,0.9922
1737907200,0.9928
1737910800,0.9941
1737914400,0.995
1737918000,0.9989
1737921600,0.9893
1737925200,0.9815
1737928800,0.9719
1737932400,0.9528
1737936000,0.9389
1737939600,0.9266
1737943200,0.9172
1737946800,0.9285
1737950400,0.9108
1737954000,0.9079
1737957600,0.8928
1737961200,0.887
1737964800,0.8806
1737968400,0.8899
1737972000,0.8721
1737975600,0.8802
1737979200,0.9093
1737982800,0.9066
1737986400,0.9241
1737990000,0.9186
1737993600,0.9077
1737997200,0.9026
1738000800,0.8973
1738004400,0.9051
1738008000,0.9317
1738011600,0.929
1738015200,0.9298
1738018800,0.9343
1738022400,0.9298
1738026000,0.9277
1738029600,0.9375
1738033200,0.9418
1738036800,0.9504
1738040400,0.9586
1738044000,0.9519
1738047600,0.9575
1738051200,0.9552
1738054800,0.9521
1738058400,0.9612
1738062000,0.9608
1738065600,0.9583
1738069200,0.9571
1738072800,0.9531
1738076400,0.9589
1738080000,0.9438
1738083600,0.9439
1738087200,0.9321
1738090800,0.9344
1738094400,0.9182
1738098000,0.9048
1738101600,0.9173
1738105200,0.9164
1738108800,0.9239
1738112400,0.9236
1738116000,0.9236
1738119600,0.9394
1738123200,0.9421
1738126800,0.9435
1738130400,0.9448
1738134000,0.9433
1738137600,0.9381
1738141200,0.9284
1738144800,0.9333
1738148400,0.9326
1738152000,0.9239
1738155600,0.9192
1738159200,0.9167
1738162800,0.922
1738166400,0.9213
1738170000,0.924
1738173600,0.9325
1738177200,0.9349
1738180800,0.9506
1738184400,0.9536
1738188000,0.9453
1738191600,0.94
1738195200,0.9496
1738198800,0.9572
1738202400,0.963
1738206000,0.9675
1738209600,0.9671
1738213200,0.9599
1738216800,0.9606
1738220400,0.9616
1738224000,0.9582
1738227600,0.9631
1738231200,0.9623
1738234800,0.9635
1738238400,0.9552
1738242000,0.9607
1738245600,0.978
1738249200,0.976
1738252800,0.9712
1738256400,0.9689
1738260000,0.9694
1738263600,0.9685
1738267200,0.9618
1738270800,0.9634
1738274400,0.9662
1738278000,0.9595
1738281600,0.9558
1738285200,0.9523
1738288800,0.944
1738292400,0.9433
1738296000,0.9369
1738299600,0.9465
1738303200,0.9559
1738306800,0.9514
1738310400,0.947
1738314000,0.9566
1738317600,0.9545
1738321200,0.9742
1738324800,0.9755
1738328400,0.9702
1738332000,0.9684
1738335600,0.9796
1738339200,0.9727
1738342800,0.9639
1738346400,0.9485
1738350000,0.9457
1738353600,0.9426
1738357200,0.9479
1738360800,0.9429
1738364400,0.9423
1738368000,0.9483
1738371600,0.9498
1738375200,0.956
1738378800,0.9449
1738382400,0.9455
1738386000,0.9522
1738389600,0.9455
1738393200,0.9374
1738396800,0.9346
1738400400,0.9231
1738404000,0.9235
1738407600,0.9327
1738411200,0.9337
1738414800,0.924
1738418400,0.9231
1738422000,0.9271
1738425600,0.9231
1738429200,0.9305
1738432800,0.921
1738436400,0.9145
1738440000,0.9119
1738443600,0.908
1738447200,0.9029
1738450800,0.8946
1738454400,0.9077
1738458000,0.9069
1738461600,0.8869
1738465200,0.8683
1738468800,0.8751
1738472400,0.8896
1738476000,0.8909
1738479600,0.8797
1738483200,0.8914
1738486800,0.895
1738490400,0.8864
1738494000,0.8689
1738497600,0.8584
1738501200,0.8765
1738504800,0.8732
1738508400,0.8697
1738512000,0.8346
1738515600,0.8021
1738519200,0.7959
1738522800,0.8158
1738526400,0.8108
1738530000,0.7929
1738533600,0.794
1738537200,0.8047
1738540800,0.7645
1738544400,0.6249
1738548000,0.6252
1738551600,0.6606
1738555200,0.6307
1738558800,0.6836
1738562400,0.6869
1738566000,0.7194
1738569600,0.6979
1738573200,0.6919
1738576800,0.717
1738580400,0.7131
1738584000,0.7082
1738587600,0.6977
1738591200,0.7241
1738594800,0.767
1738598400,0.7652
1738602000,0.7793
1738605600,0.787
1738609200,0.8025
1738612800,0.783
1738616400,0.8035
1738620000,0.8199
1738623600,0.8129
1738627200,0.8043
1738630800,0.8155
1738634400,0.7949
1738638000,0.7929
1738641600,0.7801
1738645200,0.7462
1738648800,0.7534
1738652400,0.7174
1738656000,0.7271
1738659600,0.7366
1738663200,0.7477
1738666800,0.7477
1738670400,0.7615
1738674000,0.7541
1738677600,0.7716
1738681200,0.7588
1738684800,0.7588
1738688400,0.7568
1738692000,0.7639
1738695600,0.7523
1738699200,0.7469
1738702800,0.725
1738706400,0.7404
1738710000,0.7439
1738713600,0.7429
1738717200,0.7448
1738720800,0.7549
1738724400,0.7537
1738728000,0.7496
1738731600,0.7563
1738735200,0.7461
1738738800,0.7516
1738742400,0.7521
1738746000,0.7496
1738749600,0.754
1738753200,0.7686
1738756800,0.7624
1738760400,0.7713
1738764000,0.7637
1738767600,0.7631
1738771200,0.753
1738774800,0.7363
1738778400,0.7333
1738782000,0.7487
1738785600,0.7414
1738789200,0.7379
1738792800,0.7296
1738796400,0.7324
1738800000,0.7355
1738803600,0.7429
1738807200,0.7477
1738810800,0.7497
1738814400,0.7564
1738818000,0.7539
1738821600,0.7653
1738825200,0.7599
1738828800,0.7547
1738832400,0.762
1738836000,0.7619
1738839600,0.7561
1738843200,0.7411
1738846800,0.7484
1738850400,0.7312
1738854000,0.7111
1738857600,0.7071
1738861200,0.7127
1738864800,0.7059
1738868400,0.7019
1738872000,0.72
1738875600,0.7135
1738879200,0.7123
1738882800,0.7052
1738886400,0.7132
1738890000,0.7268
1738893600,0.7266
1738897200,0.723
1738900800,0.7228
1738904400,0.7179
1738908000,0.7107
1738911600,0.714
1738915200,0.7201
1738918800,0.7304
1738922400,0.7301
1738926000,0.7333
1738929600,0.7307
1738933200,0.7439
1738936800,0.7477
1738940400,0.7315
1738944000,0.7259
1738947600,0.7193
1738951200,0.7254
1738954800,0.7148
1738958400,0.6967
1738962000,0.6993
1738965600,0.6973
1738969200,0.7076
1738972800,0.713
1738976400,0.7037
1738980000,0.703
1738983600,0.7011
1738987200,0.6957
1738990800,0.6934
1738994400,0.6945
1738998000,0.6993
1739001600,0.6903
1739005200,0.6932
1739008800,0.6896
1739012400,0.6912
1739016000,0.6896
1739019600,0.6947
1739023200,0.6929
1739026800,0.6892
1739030400,0.6926
1739034000,0.6992
1739037600,0.6993
1739041200,0.6996
1739044800,0.7005
1739048400,0.7011
1739052000,0.6986
1739055600,0.7007
1739059200,0.6991
1739062800,0.7048
1739066400,0.6986
1739070000,0.7126
1739073600,0.7101
1739077200,0.7049
1739080800,0.7047
1739084400,0.7044
1739088000,0.7049
1739091600,0.7005
1739095200,0.7004
1739098800,0.6976
1739102400,0.6959
1739106000,0.6809
1739109600,0.6849
1739113200,0.6946
1739116800,0.696
1739120400,0.6883
1739124000,0.6887
1739127600,0.6822
1739131200,0.6835
1739134800,0.6564
1739138400,0.6683
1739142000,0.6818
1739145600,0.6934
1739149200,0.6689
1739152800,0.6689
1739156400,0.6873
1739160000,0.6884
1739163600,0.693
1739167200,0.6924
1739170800,0.6962
1739174400,0.7033
1739178000,0.701
1739181600,0.6984
1739185200,0.7007
1739188800,0.694
1739192400,0.7136
1739196000,0.7029
1739199600,0.699
1739203200,0.7018
1739206800,0.7037
1739210400,0.7054
1739214000,0.7001
1739217600,0.7067
1739221200,0.7019
1739224800,0.7068
1739228400,0.7121
1739232000,0.743
1739235600,0.7466
1739239200,0.7452
1739242800,0.7513
1739246400,0.7901
1739250000,0.8046
1739253600,0.7964
1739257200,0.8023
1739260800,0.8066
1739264400,0.798
1739268000,0.7964
1739271600,0.808
1739275200,0.8099
1739278800,0.7858
1739282400,0.7913
1739286000,0.796
1739289600,0.7829
1739293200,0.7676
1739296800,0.7558
1739300400,0.7642
1739304000,0.7772
1739307600,0.7874
1739311200,0.7748
1739314800,0.7782
1739318400,0.7814
1739322000,0.7752
1739325600,0.7592
1739329200,0.7635
1739332800,0.7587
1739336400,0.7668
1739340000,0.7588
1739343600,0.7697
1739347200,0.7711
1739350800,0.7886
1739354400,0.7926
1739358000,0.7867
1739361600,0.7855
1739365200,0.77
1739368800,0.7718
1739372400,0.7712
1739376000,0.7855
1739379600,0.7884
1739383200,0.7846
1739386800,0.7877
1739390400,0.7915
1739394000,0.7919
1739397600,0.7966
1739401200,0.7997
1739404800,0.7937
1739408400,0.801
1739412000,0.7899
1739415600,0.7882
1739419200,0.7775
1739422800,0.7823
1739426400,0.7752
1739430000,0.7848
1739433600,0.7759
1739437200,0.7829
1739440800,0.7802
1739444400,0.7831
1739448000,0.7799
1739451600,0.7823
1739455200,0.7793
1739458800,0.7884
1739462400,0.778
1739466000,0.7839
1739469600,0.7993
1739473200,0.7985
1739476800,0.8077
1739480400,0.8153
1739484000,0.8109
1739487600,0.8106
1739491200,0.804
1739494800,0.8006
1739498400,0.8008
1739502000,0.8129
1739505600,0.8051
1739509200,0.7982
1739512800,0.7975
1739516400,0.7997
1739520000,0.813
1739523600,0.82
1739527200,0.8122
1739530800,0.8065
1739534400,0.8008
1739538000,0.8068
1739541600,0.8139
1739545200,0.8077
1739548800,0.8104
1739552400,0.823
1739556000,0.8167
1739559600,0.8174
1739563200,0.8054
1739566800,0.8066
1739570400,0.7951
1739574000,0.8
1739577600,0.795
1739581200,0.8051
1739584800,0.8135
1739588400,0.8079
1739592000,0.8096
1739595600,0.8058
1739599200,0.7965
1739602800,0.7967
1739606400,0.8003
1739610000,0.7979
1739613600,0.7988
1739617200,0.794
1739620800,0.7938
1739624400,0.7921
1739628000,0.7879
1739631600,0.7866
1739635200,0.7846
1739638800,0.7833
1739642400,0.7893
1739646000,0.784
1739649600,0.7791
1739653200,0.7809
1739656800,0.7802
1739660400,0.7811
1739664000,0.7804
1739667600,0.7808
1739671200,0.775
1739674800,0.7768
1739678400,0.7847
1739682000,0.7858
1739685600,0.7846
1739689200,0.7781
1739692800,0.7783
1739696400,0.7806
1739700000,0.7777
1739703600,0.7836
1739707200,0.7793
1739710800,0.7685
1739714400,0.7712
1739718000,0.7704
1739721600,0.7735
1739725200,0.7725
1739728800,0.7705
1739732400,0.772
1739736000,0.7716
1739739600,0.7793
1739743200,0.7816
1739746800,0.7712
1739750400,0.7818
1739754000,0.7962
1739757600,0.792
1739761200,0.7949
1739764800,0.8064
1739768400,0.8023
1739772000,0.8072
1739775600,0.7941
1739779200,0.7964
1739782800,0.7959
1739786400,0.7976
1739790000,0.8004
1739793600,0.8081
1739797200,0.8127
1739800800,0.8227
1739804400,0.8096
1739808000,0.7966
1739811600,0.7955
1739815200,0.7878
1739818800,0.8064
1739822400,0.8004
1739826000,0.8173
1739829600,0.8024
1739833200,0.809
1739836800,0.7917
1739840400,0.8034
1739844000,0.7968
1739847600,0.8077
1739851200,0.8052
1739854800,0.7893
1739858400,0.7793
1739862000,0.7772
1739865600,0.7701
1739869200,0.7842
1739872800,0.7767
1739876400,0.7734
1739880000,0.7905
1739883600,0.7883
1739887200,0.7752
1739890800,0.7551
1739894400,0.7394
1739898000,0.75
1739901600,0.7425
1739905200,0.7473
1739908800,0.7427
1739912400,0.7465
1739916000,0.7482
1739919600,0.7538
1739923200,0.7495
1739926800,0.7432
1739930400,0.755
1739934000,0.7524
1739937600,0.7357
1739941200,0.7416
1739944800,0.751
1739948400,0.7629
1739952000,0.7563
1739955600,0.7635
1739959200,0.7656
1739962800,0.7745
1739966400,0.7609
1739970000,0.7668
1739973600,0.752
1739977200,0.7589
1739980800,0.7676
1739984400,0.7663
1739988000,0.7561
1739991600,0.7603
1739995200,0.7585
1739998800,0.7574
1740002400,0.7647
1740006000,0.7737
1740009600,0.7783
1740013200,0.776
1740016800,0.7841
1740020400,0.7826
1740024000,0.779
1740027600,0.7768
1740031200,0.7826
1740034800,0.7813
1740038400,0.788
1740042000,0.7858
1740045600,0.7925
1740049200,0.7912
1740052800,0.786
1740056400,0.7894
1740060000,0.7871
1740063600,0.7844
1740067200,0.7946
1740070800,0.8007
1740074400,0.8061
1740078000,0.8108
1740081600,0.8059
1740085200,0.8025
1740088800,0.8018
1740092400,0.8037
1740096000,0.7982
1740099600,0.802
1740103200,0.8036
1740106800,0.7994
1740110400,0.8034
1740114000,0.8024
1740117600,0.797
1740121200,0.7974
1740124800,0.8011
1740128400,0.8028
1740132000,0.8058
1740135600,0.7983
1740139200,0.8011
1740142800,0.8165
1740146400,0.8061
1740150000,0.8002
1740153600,0.7945
1740157200,0.7697
1740160800,0.7735
1740164400,0.7538
1740168000,0.7552
1740171600,0.7553
1740175200,0.7621
1740178800,0.7618
1740182400,0.7746
1740186000,0.7737
1740189600,0.7661
1740193200,0.765
1740196800,0.7718
1740200400,0.7702
1740204000,0.766
1740207600,0.7629
1740211200,0.7606
1740214800,0.766
1740218400,0.7669
1740222000,0.7689
1740225600,0.7714
1740229200,0.7703
1740232800,0.7676
1740236400,0.7734
1740240000,0.7738
1740243600,0.7821
1740247200,0.7809
1740250800,0.7801
1740254400,0.7754
1740258000,0.7785
1740261600,0.7751
1740265200,0.7736
1740268800,0.7766
1740272400,0.7731
1740276000,0.7694
1740279600,0.7695
1740283200,0.7676
1740286800,0.7721
1740290400,0.7749
1740294000,0.7873
1740297600,0.782
1740301200,0.7804
1740304800,0.7776
1740308400,0.773
1740312000,0.7714
1740315600,0.7768
1740319200,0.7698
1740322800,0.7615
1740326400,0.7629
1740330000,0.7664
1740333600,0.7645
1740337200,0.7657
1740340800,0.7678
1740344400,0.7694
1740348000,0.7654
1740351600,0.7695
1740355200,0.7713
1740358800,0.7651
1740362400,0.7564
1740366000,0.7386
1740369600,0.7364
1740373200,0.7438
1740376800,0.7457
1740380400,0.7456
1740384000,0.7315
1740387600,0.7357
1740391200,0.7341
1740394800,0.7355
1740398400,0.7342
1740402000,0.731
1740405600,0.7153
1740409200,0.7183
1740412800,0.7202
1740416400,0.7293
1740420000,0.7248
1740423600,0.7161
1740427200,0.7163
1740430800,0.7135
1740434400,0.6793
1740438000,0.6813
1740441600,0.6849
1740445200,0.6824
1740448800,0.689
1740452400,0.6809
1740456000,0.6766
1740459600,0.6891
1740463200,0.6744
1740466800,0.6596
1740470400,0.6615
1740474000,0.6464
1740477600,0.6451
1740481200,0.6597
1740484800,0.6655
1740488400,0.6544
1740492000,0.6435
1740495600,0.654
1740499200,0.6587
1740502800,0.6613
1740506400,0.6599
1740510000,0.6748
1740513600,0.6786
1740517200,0.6848
1740520800,0.6914
1740524400,0.6823
1740528000,0.6754
1740531600,0.68
1740535200,0.6876
1740538800,0.6889
1740542400,0.6872
1740546000,0.6798
1740549600,0.6865
1740553200,0.6816
1740556800,0.6779
1740560400,0.6883
1740564000,0.6882
1740567600,0.6797
1740571200,0.6677
1740574800,0.6647
1740578400,0.6766
1740582000,0.6762
1740585600,0.671
1740589200,0.6566
1740592800,0.6406
1740596400,0.6394
1740600000,0.6539
1740603600,0.6518
1740607200,0.6505
1740610800,0.6463
1740614400,0.646
1740618000,0.6521
1740621600,0.652
1740625200,0.6576
1740628800,0.6555
1740632400,0.6625
1740636000,0.6677
1740639600,0.6683
1740643200,0.6645
1740646800,0.6685
1740650400,0.6772
1740654000,0.6751
1740657600,0.6732
1740661200,0.6707
1740664800,0.6617
1740668400,0.6655
1740672000,0.6552
1740675600,0.6544
1740679200,0.6558
1740682800,0.6458
1740686400,0.6329
1740690000,0.6412
1740693600,0.6475
1740697200,0.6449
1740700800,0.6377
1740704400,0.6126
1740708000,0.6082
1740711600,0.6018
1740715200,0.5978
1740718800,0.595
1740722400,0.5881
1740726000,0.5921
1740729600,0.595
1740733200,0.6051
1740736800,0.5945
1740740400,0.5992
1740744000,0.6023
1740747600,0.6143
1740751200,0.6184
1740754800,0.6312
1740758400,0.6321
1740762000,0.6267
1740765600,0.6333
1740769200,0.6346
1740772800,0.6312
1740776400,0.6314
1740780000,0.6286
1740783600,0.6325
1740787200,0.629
1740790800,0.6428
1740794400,0.6451
1740798000,0.645
1740801600,0.6536
1740805200,0.6502
1740808800,0.6465
1740812400,0.6391
1740816000,0.6448
1740819600,0.6446
1740823200,0.6376
1740826800,0.6359
1740830400,0.6347
1740834000,0.6286
1740837600,0.6311
1740841200,0.6347
1740844800,0.6351
1740848400,0.6331
1740852000,0.6368
1740855600,0.6439
1740859200,0.6478
1740862800,0.6679
1740866400,0.6671
1740870000,0.6588
1740873600,0.6564
1740877200,0.6604
1740880800,0.6703
1740884400,0.6719
1740888000,0.6623
1740891600,0.6623
1740895200,0.6649
1740898800,0.6629
1740902400,0.6615
1740906000,0.666
1740909600,0.6636
1740913200,0.6627
1740916800,0.6601
1740920400,0.6548
1740924000,0.647
1740927600,0.9796
1740931200,1.0372
1740934800,1.0315
1740938400,1.0137
1740942000,1.0412
1740945600,1.0313
1740949200,1.0515
1740952800,1.0693
1740956400,1.1356
1740960000,1.0862
1740963600,1.0825
1740967200,1.0763
1740970800,1.0704
1740974400,1.0725
1740978000,1.0602
1740981600,1.0066
1740985200,1.0134
1740988800,0.9416
1740992400,0.9525
1740996000,0.9838
1740999600,0.9643
1741003200,0.9866
1741006800,1.0057
1741010400,0.9338
1741014000,0.9574
1741017600,0.9695
1741021200,0.9685
1741024800,0.8993
1741028400,0.8351
1741032000,0.8747
1741035600,0.8357
1741039200,0.8593
1741042800,0.8571
1741046400,0.825
1741050000,0.7837
1741053600,0.7911
1741057200,0.8002
1741060800,0.7967
1741064400,0.8232
1741068000,0.8094
1741071600,0.8084
1741075200,0.8147
1741078800,0.8066
1741082400,0.8209
1741086000,0.8132
1741089600,0.806
1741093200,0.7965
1741096800,0.8208
1741100400,0.8537
1741104000,0.8729
1741107600,0.9261
1741111200,0.9397
1741114800,0.9261
1741118400,0.9072
1741122000,0.9437
1741125600,0.9279
1741129200,0.9408
1741132800,0.929
1741136400,0.9625
1741140000,0.9705
1741143600,0.926
1741147200,0.9334
1741150800,0.923
1741154400,0.9351
1741158000,0.9393
1741161600,0.9472
1741165200,0.9568
1741168800,1.0
1741172400,0.981
1741176000,0.9894
1741179600,0.961
1741183200,0.9504
1741186800,0.9414
1741190400,0.9568
1741194000,0.9648
1741197600,0.9786
1741201200,0.9915
1741204800,0.9857
1741208400,0.982
1741212000,0.9857
1741215600,0.9742
1741219200,0.9506
1741222800,0.9737
1741226400,0.9682
1741230000,0.9593
1741233600,0.9646
1741237200,0.9425
1741240800,0.9408
1741244400,0.9391
1741248000,0.9498
1741251600,0.9502
1741255200,0.9593
1741258800,0.9525
1741262400,0.9292
1741266000,0.9308
1741269600,0.9181
1741273200,0.9328
1741276800,0.9022
1741280400,0.8939
1741284000,0.8934
1741287600,0.9028
1741291200,0.9077
1741294800,0.9198
1741298400,0.9074
1741302000,0.9065
1741305600,0.8306
1741309200,0.8605
1741312800,0.852
1741316400,0.853
1741320000,0.8657
1741323600,0.8747
1741327200,0.8729
1741330800,0.8755
1741334400,0.8722
1741338000,0.8781
1741341600,0.8826
1741345200,0.8798
1741348800,0.8691
1741352400,0.873
1741356000,0.8768
1741359600,0.8582
1741363200,0.8291
1741366800,0.8411
1741370400,0.8604
1741374000,0.8529
1741377600,0.8427
1741381200,0.8213
1741384800,0.8211
1741388400,0.818
1741392000,0.8341
1741395600,0.8292
1741399200,0.8235
1741402800,0.8219
1741406400,0.8266
1741410000,0.8165
1741413600,0.8249
1741417200,0.8242
1741420800,0.8145
1741424400,0.8036
1741428000,0.808
1741431600,0.8003
1741435200,0.8114
1741438800,0.8181
1741442400,0.8168
1741446000,0.8164
1741449600,0.8127
1741453200,0.8085
1741456800,0.8103
1741460400,0.8201
1741464000,0.8131
1741467600,0.8125
1741471200,0.8085
1741474800,0.8049
1741478400,0.8121
1741482000,0.8045
1741485600,0.7954
1741489200,0.801
1741492800,0.8
1741496400,0.8102
1741500000,0.8089
1741503600,0.8141
1741507200,0.8075
1741510800,0.8003
1741514400,0.7748
1741518000,0.7806
1741521600,0.7775
1741525200,0.7592
1741528800,0.7681
1741532400,0.7564
1741536000,0.738
1741539600,0.7245
1741543200,0.7215
1741546800,0.7315
1741550400,0.7393
1741554000,0.7254
1741557600,0.7147
1741561200,0.7212
1741564800,0.7317
1741568400,0.735
1741572000,0.7446
1741575600,0.7411
1741579200,0.7452
1741582800,0.741
1741586400,0.74
1741590000,0.7461
1741593600,0.7319
1741597200,0.749
1741600800,0.7444
1741604400,0.7571
1741608000,0.7499
1741611600,0.7192
1741615200,0.6938
1741618800,0.7009
1741622400,0.691
1741626000,0.6757
1741629600,0.6588
1741633200,0.6884
1741636800,0.6863
1741640400,0.6869
1741644000,0.6813
1741647600,0.6706
1741651200,0.6663
1741654800,0.6918
1741658400,0.6934
1741662000,0.7009
1741665600,0.7078
1741669200,0.7217
1741672800,0.7152
1741676400,0.7193
1741680000,0.7275
1741683600,0.7299
1741687200,0.7313
1741690800,0.731
1741694400,0.7165
1741698000,0.7187
1741701600,0.7032
1741705200,0.7266
1741708800,0.7185
1741712400,0.7113
1741716000,0.7387
1741719600,0.7315
1741723200,0.7254
1741726800,0.7282
1741730400,0.7319
1741734000,0.7238
1741737600,0.7266
1741741200,0.7413
1741744800,0.7282
1741748400,0.7167
1741752000,0.7165
1741755600,0.7241
1741759200,0.7195
1741762800,0.7343
1741766400,0.7384
1741770000,0.7347
1741773600,0.7335
1741777200,0.7422
1741780800,0.7605
1741784400,0.7352
1741788000,0.7239
1741791600,0.7298
1741795200,0.7246
1741798800,0.7181
1741802400,0.7301
1741806000,0.7298
1741809600,0.7294
1741813200,0.729
1741816800,0.7324
1741820400,0.7358
1741824000,0.7295
1741827600,0.7355
1741831200,0.7282
1741834800,0.7273
1741838400,0.7213
1741842000,0.7206
1741845600,0.7159
1741849200,0.7174
1741852800,0.7145
1741856400,0.7319
1741860000,0.7257
1741863600,0.728
1741867200,0.7235
1741870800,0.7138
1741874400,0.7175
1741878000,0.7064
1741881600,0.7023
1741885200,0.6982
1741888800,0.7038
1741892400,0.6975
1741896000,0.6917
1741899600,0.6977
1741903200,0.7075
1741906800,0.7026
1741910400,0.7037
1741914000,0.7026
1741917600,0.7088
1741921200,0.7058
1741924800,0.7086
1741928400,0.7137
1741932000,0.7103
1741935600,0.7114
1741939200,0.7183
1741942800,0.72
1741946400,0.7171
1741950000,0.719
1741953600,0.7197
1741957200,0.726
1741960800,0.7306
1741964400,0.7399
1741968000,0.7432
1741971600,0.7336
1741975200,0.7363
1741978800,0.7365
1741982400,0.7358
1741986000,0.7376
1741989600,0.7453
1741993200,0.7374
1741996800,0.7437
1742000400,0.7405
1742004000,0.7485
1742007600,0.7491
1742011200,0.7533
1742014800,0.7448
1742018400,0.7424
1742022000,0.7342
1742025600,0.7399
1742029200,0.7412
1742032800,0.7405
1742036400,0.7434
1742040000,0.7442
1742043600,0.7505
1742047200,0.7453
1742050800,0.7493
1742054400,0.7504
1742058000,0.7522
1742061600,0.7484
1742065200,0.7488
1742068800,0.7527
1742072400,0.757
1742076000,0.7499
1742079600,0.7466
1742083200,0.7443
1742086800,0.7369
1742090400,0.736
1742094000,0.7426
1742097600,0.7418
1742101200,0.744
1742104800,0.7399
1742108400,0.7392
1742112000,0.7352
1742115600,0.7277
1742119200,0.7237
1742122800,0.7059
1742126400,0.7067
1742130000,0.6975
1742133600,0.7062
1742137200,0.7044
1742140800,0.704
1742144400,0.7062
1742148000,0.7073
1742151600,0.6989
1742155200,0.7029
1742158800,0.7013
1742162400,0.6996
1742166000,0.7047
1742169600,0.715
1742173200,0.7134
1742176800,0.7129
1742180400,0.7156
1742184000,0.7142
1742187600,0.7105
1742191200,0.7135
1742194800,0.7215
1742198400,0.7271
1742202000,0.7253
1742205600,0.721
1742209200,0.7237
1742212800,0.7185
1742216400,0.7183
1742220000,0.7184
1742223600,0.7243
1742227200,0.7197
1742230800,0.7231
1742234400,0.7279
1742238000,0.7257
1742241600,0.7183
1742245200,0.7194
1742248800,0.7202
1742252400,0.7176
1742256000,0.7139
1742259600,0.7066
1742263200,0.708
1742266800,0.7048
1742270400,0.7043
1742274000,0.709
1742277600,0.7007
1742281200,0.7089
1742284800,0.7106
1742288400,0.706
1742292000,0.7049
1742295600,0.7016
1742299200,0.7
1742302800,0.6858
1742306400,0.6952
1742310000,0.6871
1742313600,0.6891
1742317200,0.6852
1742320800,0.6912
1742324400,0.696
1742328000,0.694
1742331600,0.6929
1742335200,0.699
1742338800,0.7015
1742342400,0.7067
1742346000,0.7012
1742349600,0.7053
1742353200,0.7119
1742356800,0.7083
1742360400,0.711
1742364000,0.7097
1742367600,0.7084
1742371200,0.7131
1742374800,0.7151
1742378400,0.7174
1742382000,0.7235
1742385600,0.7186
1742389200,0.7357
1742392800,0.7401
1742396400,0.7407
1742400000,0.7325
1742403600,0.7265
1742407200,0.736
1742410800,0.7313
1742414400,0.7282
1742418000,0.7334
1742421600,0.7383
1742425200,0.7439
1742428800,0.7324
1742432400,0.7301
1742436000,0.733
1742439600,0.7309
1742443200,0.7292
1742446800,0.7285
1742450400,0.7312
1742454000,0.7308
1742457600,0.7358
1742461200,0.7334
1742464800,0.7237
1742468400,0.7276
1742472000,0.7329
1742475600,0.7385
1742479200,0.7537
1742482800,0.7256
1742486400,0.7142
1742490000,0.7176
1742493600,0.7166
1742497200,0.7188
1742500800,0.7205
1742504400,0.718
1742508000,0.7152
1742511600,0.7175
1742515200,0.7225
1742518800,0.7256
1742522400,0.7225
1742526000,0.7172
1742529600,0.7199
1742533200,0.7194
1742536800,0.7178
1742540400,0.7138
1742544000,0.711
1742547600,0.7102
1742551200,0.7048
1742554800,0.7072
1742558400,0.7076
1742562000,0.7092
1742565600,0.7096
1742569200,0.7033
1742572800,0.7094
1742576400,0.7132
1742580000,0.712
1742583600,0.7103
1742587200,0.7128
1742590800,0.7104
1742594400,0.7062
1742598000,0.7047
1742601600,0.7081
1742605200,0.7051
1742608800,0.7068
1742612400,0.709
1742616000,0.7114
1742619600,0.7103
1742623200,0.7113
1742626800,0.7108
1742630400,0.7128
1742634000,0.7124
1742637600,0.714
1742641200,0.7113
1742644800,0.7091
1742648400,0.7083
1742652000,0.7012
1742655600,0.7032
1742659200,0.7026
1742662800,0.7057
1742666400,0.7068
1742670000,0.7074
1742673600,0.7037
1742677200,0.7034
1742680800,0.7018
1742684400,0.7013
1742688000,0.7028
1742691600,0.7072
1742695200,0.7099
1742698800,0.7119
1742702400,0.7113
1742706000,0.7116
1742709600,0.7135
1742713200,0.7126
1742716800,0.712
1742720400,0.7097
1742724000,0.7101
1742727600,0.7117
1742731200,0.7093
1742734800,0.7118
1742738400,0.7075
1742742000,0.7087
1742745600,0.7079
1742749200,0.7041
1742752800,0.6942
1742756400,0.699
1742760000,0.7
1742763600,0.7031
1742767200,0.7039
1742770800,0.7105
1742774400,0.7127
1742778000,0.7061
1742781600,0.7085
1742785200,0.7192
1742788800,0.724
1742792400,0.7223
1742796000,0.7272
1742799600,0.7224
1742803200,0.7275
1742806800,0.7297
1742810400,0.7336
1742814000,0.7319
1742817600,0.731
1742821200,0.732
1742824800,0.7312
1742828400,0.733
1742832000,0.7282
1742835600,0.7358
1742839200,0.7372
1742842800,0.7366
1742846400,0.7354
1742850000,0.7359
1742853600,0.73
1742857200,0.7321
1742860800,0.7375
1742864400,0.733
1742868000,0.7302
1742871600,0.7232
1742875200,0.7259
1742878800,0.7414
1742882400,0.7354
1742886000,0.7346
1742889600,0.7479
1742893200,0.7523
1742896800,0.7587
1742900400,0.7571
1742904000,0.7493
1742907600,0.7536
1742911200,0.7604
1742914800,0.7568
1742918400,0.7525
1742922000,0.7522
1742925600,0.7492
1742929200,0.7492
1742932800,0.7461
1742936400,0.7461
1742940000,0.7442
1742943600,0.7447
1742947200,0.7497
1742950800,0.754
1742954400,0.7425
1742958000,0.7422
1742961600,0.7479
1742965200,0.7503
1742968800,0.7537
1742972400,0.768
1742976000,0.7669
1742979600,0.7656
1742983200,0.7707
1742986800,0.7687
1742990400,0.7683
1742994000,0.7479
1742997600,0.7414
1743001200,0.7405
1743004800,0.7384
1743008400,0.7302
1743012000,0.7255
1743015600,0.7271
1743019200,0.732
1743022800,0.7291
1743026400,0.7251
1743030000,0.7289
1743033600,0.7349
1743037200,0.7362
1743040800,0.7412
1743044400,0.7425
1743048000,0.7406
1743051600,0.7351
1743055200,0.739
1743058800,0.7382
1743062400,0.7385
1743066000,0.7382
1743069600,0.7355
1743073200,0.732
1743076800,0.7317
1743080400,0.7286
1743084000,0.7405
1743087600,0.7336
1743091200,0.7327
1743094800,0.7298
1743098400,0.7353
1743102000,0.7344
1743105600,0.7368
1743109200,0.7422
1743112800,0.7398
1743116400,0.738
1743120000,0.7393
1743123600,0.7398
1743127200,0.7353
1743130800,0.7317
1743134400,0.7175
1743138000,0.7084
1743141600,0.7058
1743145200,0.7014
1743148800,0.7017
1743152400,0.6992
1743156000,0.6979
1743159600,0.704
1743163200,0.6984
1743166800,0.6991
1743170400,0.6992
1743174000,0.6989
1743177600,0.6924
1743181200,0.6968
1743184800,0.6983
1743188400,0.6955
1743192000,0.6981
1743195600,0.7017
1743199200,0.7075
1743202800,0.7059
1743206400,0.7083
1743210000,0.7042
1743213600,0.695
1743217200,0.7016
1743220800,0.6974
1743224400,0.6946
1743228000,0.6888
1743231600,0.6832
1743235200,0.6848
1743238800,0.679
1743242400,0.6705
1743246000,0.6664
1743249600,0.671
1743253200,0.6771
1743256800,0.6702
1743260400,0.6711
1743264000,0.6654
1743267600,0.6674
1743271200,0.6684
1743274800,0.6732
1743278400,0.6665
1743282000,0.6681
1743285600,0.6678
1743289200,0.6729
1743292800,0.6725
1743296400,0.6769
1743300000,0.6812
1743303600,0.6781
1743307200,0.6811
1743310800,0.6802
1743314400,0.6819
1743318000,0.6813
1743321600,0.6865
1743325200,0.6833
1743328800,0.6765
1743332400,0.6755
1743336000,0.6747
1743339600,0.6678
1743343200,0.67
1743346800,0.6695
1743350400,0.6592
1743354000,0.6649
1743357600,0.6735
1743361200,0.6672
1743364800,0.6659
1743368400,0.6632
1743372000,0.6629
1743375600,0.661
1743379200,0.65
1743382800,0.659
1743386400,0.657
1743390000,0.6497
1743393600,0.6541
1743397200,0.6572
1743400800,0.6532
1743404400,0.6456
1743408000,0.6401
1743411600,0.6342
1743415200,0.6428
1743418800,0.644
1743422400,0.6511
1743426000,0.6423
1743429600,0.6561
1743433200,0.6567
1743436800,0.6578
1743440400,0.6547
1743444000,0.6612
1743447600,0.6554
1743451200,0.6563
1743454800,0.6575
1743458400,0.6584
1743462000,0.6616
1743465600,0.6624
1743469200,0.6601
1743472800,0.67
1743476400,0.6681
1743480000,0.6698
1743483600,0.6684
1743487200,0.6736
1743490800,0.6691
1743494400,0.6809
1743498000,0.6821
1743501600,0.6762
1743505200,0.6733
1743508800,0.6738
1743512400,0.6789
1743516000,0.6824
1743519600,0.6917
1743523200,0.6876
1743526800,0.6826
1743530400,0.6779
1743534000,0.678
1743537600,0.6806
1743541200,0.6799
1743544800,0.68
1743548400,0.6771
1743552000,0.6738
1743555600,0.6723
1743559200,0.6687
1743562800,0.6728
1743566400,0.6748
1743570000,0.6642
1743573600,0.6634
1743577200,0.6716
1743580800,0.673
1743584400,0.6817
1743588000,0.679
1743591600,0.6768
1743595200,0.6849
1743598800,0.6823
1743602400,0.6866
1743606000,0.6923
1743609600,0.6899
1743613200,0.6838
1743616800,0.6854
1743620400,0.6897
1743624000,0.68
1743627600,0.6725
1743631200,0.6397
1743634800,0.64
1743638400,0.6504
1743642000,0.6539
1743645600,0.6557
1743649200,0.6517
1743652800,0.656
1743656400,0.6505
1743660000,0.6465
1743663600,0.6495
1743667200,0.6526
1743670800,0.6479
1743674400,0.6404
1743678000,0.643
1743681600,0.6218
1743685200,0.6293
1743688800,0.6148
1743692400,0.6281
1743696000,0.6267
1743699600,0.6316
1743703200,0.639
1743706800,0.6377
1743710400,0.6456
1743714000,0.6506
1743717600,0.6493
1743721200,0.6505
1743724800,0.6473
1743728400,0.6437
1743732000,0.6493
1743735600,0.6515
1743739200,0.6478
1743742800,0.6553
1743746400,0.6514
1743750000,0.6629
1743753600,0.6596
1743757200,0.6605
1743760800,0.641
1743764400,0.6361
1743768000,0.6418
1743771600,0.6475
1743775200,0.6539
1743778800,0.6565
1743782400,0.6568
1743786000,0.6648
1743789600,0.6584
1743793200,0.6605
1743796800,0.6622
1743800400,0.6628
1743804000,0.6621
1743807600,0.6601
1743811200,0.6642
1743814800,0.662
1743818400,0.6615
1743822000,0.6572
1743825600,0.656
1743829200,0.6562
1743832800,0.6551
1743836400,0.6563
1743840000,0.658
1743843600,0.6616
1743847200,0.6607
1743850800,0.6611
1743854400,0.6571
1743858000,0.6489
1743861600,0.6507
1743865200,0.6475
1743868800,0.6489
1743872400,0.6501
1743876000,0.6521
1743879600,0.6467
1743883200,0.6478
1743886800,0.647
1743890400,0.6537
1743894000,0.6544
1743897600,0.6528
1743901200,0.6502
1743904800,0.6473
1743908400,0.6466
1743912000,0.6466
1743915600,0.6476
1743919200,0.6403
1743922800,0.6382
1743926400,0.6393
1743930000,0.6395
1743933600,0.6381
1743937200,0.6383
1743940800,0.6312
1743944400,0.6196
1743948000,0.6308
1743951600,0.6274
1743955200,0.6226
1743958800,0.6087
1743962400,0.586
1743966000,0.5891
1743969600,0.5724
1743973200,0.5786
1743976800,0.5694
1743980400,0.5732
1743984000,0.5708
1743987600,0.5799
1743991200,0.572
1743994800,0.5567
1743998400,0.5548
1744002000,0.548
1744005600,0.516
1744009200,0.5199
1744012800,0.5454
1744016400,0.5446
1744020000,0.5508
1744023600,0.5418
1744027200,0.5499
1744030800,0.5678
1744034400,0.5795
1744038000,0.5737
1744041600,0.5619
1744045200,0.5819
1744048800,0.5763
1744052400,0.5767
1744056000,0.5883
1744059600,0.587
1744063200,0.5916
1744066800,0.586
1744070400,0.5815
1744074000,0.5982
1744077600,0.5972
1744081200,0.5929
1744084800,0.5986
1744088400,0.5903
1744092000,0.5831
1744095600,0.5851
1744099200,0.5818
1744102800,0.583
1744106400,0.5877
1744110000,0.6057
1744113600,0.6019
1744117200,0.6123
1744120800,0.5957
1744124400,0.5926
1744128000,0.5734
1744131600,0.5734
1744135200,0.5715
1744138800,0.5595
1744142400,0.5634
1744146000,0.5633
1744149600,0.5597
1744153200,0.5579
1744156800,0.5557
1744160400,0.5548
1744164000,0.5531
1744167600,0.5482
1744171200,0.5589
1744174800,0.5654
1744178400,0.566
1744182000,0.5757
1744185600,0.5749
1744189200,0.5695
1744192800,0.5704
1744196400,0.5587
1744200000,0.5614
1744203600,0.5693
1744207200,0.5652
1744210800,0.5696
1744214400,0.579
1744218000,0.6366
1744221600,0.6262
1744225200,0.6319
1744228800,0.6403
1744232400,0.6432
1744236000,0.6387
1744239600,0.6311
1744243200,0.6235
1744246800,0.6209
1744250400,0.6197
1744254000,0.6142
1744257600,0.6162
1744261200,0.6237
1744264800,0.6247
1744268400,0.6196
1744272000,0.6211
1744275600,0.6259
1744279200,0.6244
1744282800,0.6206
1744286400,0.6202
1744290000,0.6118
1744293600,0.6123
1744297200,0.5895
1744300800,0.5927
1744304400,0.5928
1744308000,0.5972
1744311600,0.5984
1744315200,0.6056
1744318800,0.6024
1744322400,0.6067
1744326000,0.6091
1744329600,0.6065
1744333200,0.6208
1744336800,0.6185
1744340400,0.6232
1744344000,0.6255
1744347600,0.6286
1744351200,0.6289
1744354800,0.6274
1744358400,0.6263
1744362000,0.632
1744365600,0.6328
1744369200,0.6226
1744372800,0.6229
1744376400,0.6258
1744380000,0.6185
1744383600,0.6213
1744387200,0.6218
1744390800,0.6306
1744394400,0.627
1744398000,0.6278
1744401600,0.6297
1744405200,0.6276
1744408800,0.6259
1744412400,0.6238
1744416000,0.6219
1744419600,0.6209
1744423200,0.6172
1744426800,0.6216
1744430400,0.6262
1744434000,0.6286
1744437600,0.6333
1744441200,0.6325
1744444800,0.6302
1744448400,0.6333
1744452000,0.6339
1744455600,0.6368
1744459200,0.6382
1744462800,0.6535
1744466400,0.6602
1744470000,0.6597
1744473600,0.6543
1744477200,0.6486
1744480800,0.6561
1744484400,0.6549
1744488000,0.6588
1744491600,0.6567
1744495200,0.663
1744498800,0.6593
1744502400,0.6602
1744506000,0.6526
1744509600,0.6521
1744513200,0.651
1744516800,0.6442
1744520400,0.6444
1744524000,0.645
1744527600,0.6437
1744531200,0.6474
1744534800,0.6659
1744538400,0.6589
1744542000,0.6516
1744545600,0.6501
1744549200,0.6395
1744552800,0.6437
1744556400,0.6438
1744560000,0.6492
1744563600,0.6577
1744567200,0.6566
1744570800,0.6417
1744574400,0.6377
1744578000,0.6387
1744581600,0.6327
1744585200,0.638
1744588800,0.6422
1744592400,0.6388
1744596000,0.6474
1744599600,0.6435
1744603200,0.6509
1744606800,0.6452
1744610400,0.6392
1744614000,0.6416
1744617600,0.6426
1744621200,0.6387
1744624800,0.6481
1744628400,0.6494
1744632000,0.6523
1744635600,0.6427
1744639200,0.6525
1744642800,0.6334
1744646400,0.6335
1744650000,0.6401
1744653600,0.6393
1744657200,0.64
1744660800,0.6348
1744664400,0.6361
1744668000,0.6334
1744671600,0.6351
1744675200,0.6368
1744678800,0.6388
1744682400,0.6375
1744686000,0.6444
1744689600,0.644
1744693200,0.6418
1744696800,0.6394
1744700400,0.6456
1744704000,0.6451
1744707600,0.6453
1744711200,0.6384
1744714800,0.6373
1744718400,0.6362
1744722000,0.6374
1744725600,0.6282
1744729200,0.6232
1744732800,0.6218
1744736400,0.6193
1744740000,0.6192
1744743600,0.6189
1744747200,0.6177
1744750800,0.6172
1744754400,0.6107
1744758000,0.6091
1744761600,0.6085
1744765200,0.615
1744768800,0.6142
1744772400,0.6117
1744776000,0.6098
1744779600,0.6054
1744783200,0.6083
1744786800,0.6036
1744790400,0.6085
1744794000,0.6022
1744797600,0.6064
1744801200,0.6068
1744804800,0.6038
1744808400,0.6025
1744812000,0.6117
1744815600,0.61
1744819200,0.6099
1744822800,0.5963
1744826400,0.6058
1744830000,0.6152
1744833600,0.612
1744837200,0.6151
1744840800,0.6157
1744844400,0.6107
1744848000,0.6114
1744851600,0.6156
1744855200,0.6133
1744858800,0.613
1744862400,0.6142
1744866000,0.6189
1744869600,0.6219
1744873200,0.6194
1744876800,0.6157
1744880400,0.6163
1744884000,0.6155
1744887600,0.6188
1744891200,0.6218
1744894800,0.6203
1744898400,0.6136
1744902000,0.6196
1744905600,0.6267
1744909200,0.6274
1744912800,0.6227
1744916400,0.6194
1744920000,0.6224
1744923600,0.621
1744927200,0.6167
1744930800,0.6168
1744934400,0.6129
1744938000,0.6145
1744941600,0.6135
1744945200,0.6132
1744948800,0.6143
1744952400,0.615
1744956000,0.6149
1744959600,0.6147
1744963200,0.6159
1744966800,0.6153
1744970400,0.6123
1744974000,0.6162
1744977600,0.6173
1744981200,0.618
1744984800,0.6171
1744988400,0.6161
1744992000,0.6199
1744995600,0.626
1744999200,0.627
1745002800,0.6273
1745006400,0.6279
1745010000,0.6311
1745013600,0.6276
1745017200,0.6272
1745020800,0.6287
1745024400,0.6303
1745028000,0.6329
1745031600,0.6318
1745035200,0.6323
1745038800,0.6314
1745042400,0.6292
1745046000,0.6307
1745049600,0.6308
1745053200,0.6288
1745056800,0.6278
1745060400,0.6269
1745064000,0.6273
1745067600,0.6276
1745071200,0.6239
1745074800,0.6224
1745078400,0.6199
1745082000,0.6249
1745085600,0.6256
1745089200,0.6272
1745092800,0.629
1745096400,0.6297
1745100000,0.6302
1745103600,0.6281
1745107200,0.6292
1745110800,0.6341
1745114400,0.633
1745118000,0.6312
1745121600,0.6317
1745125200,0.6308
1745128800,0.6273
1745132400,0.6252
1745136000,0.6223
1745139600,0.621
1745143200,0.6135
1745146800,0.615
1745150400,0.6163
1745154000,0.6153
1745157600,0.616
1745161200,0.6116
1745164800,0.6157
1745168400,0.616
1745172000,0.6162
1745175600,0.6196
1745179200,0.6209
1745182800,0.6209
1745186400,0.6186
1745190000,0.62
1745193600,0.6336
1745197200,0.6388
1745200800,0.6367
1745204400,0.6366
1745208000,0.6405
1745211600,0.6434
1745215200,0.6431
1745218800,0.6431
1745222400,0.6467
1745226000,0.648
1745229600,0.6447
1745233200,0.6389
1745236800,0.6409
1745240400,0.6395
1745244000,0.644
1745247600,0.6361
1745251200,0.6236
1745254800,0.6212
1745258400,0.6191
1745262000,0.6239
1745265600,0.623
1745269200,0.6209
1745272800,0.621
1745276400,0.6241
1745280000,0.6223
1745283600,0.6297
1745287200,0.6241
1745290800,0.6238
1745294400,0.6223
1745298000,0.6262
1745301600,0.626
1745305200,0.6331
1745308800,0.6364
1745312400,0.6388
1745316000,0.64
1745319600,0.6405
1745323200,0.6408
1745326800,0.6498
1745330400,0.6593
1745334000,0.6564
1745337600,0.6544
1745341200,0.6577
1745344800,0.6583
1745348400,0.6571
1745352000,0.6552
1745355600,0.6732
1745359200,0.6732
1745362800,0.6795
1745366400,0.6787
1745370000,0.678
1745373600,0.6904
1745377200,0.6939
1745380800,0.6999
1745384400,0.6933
1745388000,0.6957
1745391600,0.7011
1745395200,0.7047
1745398800,0.7055
1745402400,0.7033
1745406000,0.7016
1745409600,0.7088
1745413200,0.7008
1745416800,0.6978
1745420400,0.6985
1745424000,0.7045
1745427600,0.7061
1745431200,0.7048
1745434800,0.6984
1745438400,0.7008
1745442000,0.6971
1745445600,0.7017
1745449200,0.6979
1745452800,0.694
1745456400,0.6941
1745460000,0.6862
1745463600,0.6806
1745467200,0.683
1745470800,0.6861
1745474400,0.684
1745478000,0.6787
1745481600,0.6734
1745485200,0.683
1745488800,0.691
1745492400,0.6873
1745496000,0.6949
1745499600,0.6971
1745503200,0.7124
1745506800,0.7261
1745510400,0.7324
1745514000,0.7232
1745517600,0.7282
1745521200,0.7283
1745524800,0.7209
1745528400,0.7185
1745532000,0.715
1745535600,0.7221
1745539200,0.7196
1745542800,0.7154
1745546400,0.7048
1745550000,0.7116
1745553600,0.7097
1745557200,0.7138
1745560800,0.7203
1745564400,0.7227
1745568000,0.7224
1745571600,0.7213
1745575200,0.713
1745578800,0.721
1745582400,0.7149
1745586000,0.7101
1745589600,0.724
1745593200,0.72
1745596800,0.7256
1745600400,0.7167
1745604000,0.7179
1745607600,0.7176
1745611200,0.7135
1745614800,0.7084
1745618400,0.7152
1745622000,0.7138
1745625600,0.721
1745629200,0.7258
1745632800,0.7234
1745636400,0.7215
1745640000,0.715
1745643600,0.7192
1745647200,0.7266
1745650800,0.7262
1745654400,0.7228
1745658000,0.7181
1745661600,0.7175
1745665200,0.7078
1745668800,0.7079
1745672400,0.7053
1745676000,0.7079
1745679600,0.7101
1745683200,0.7076
1745686800,0.708
1745690400,0.7047
1745694000,0.7073
1745697600,0.7035
1745701200,0.7047
1745704800,0.7085
1745708400,0.7072
1745712000,0.7154
1745715600,0.6979
1745719200,0.701
1745722800,0.7043
1745726400,0.6968
1745730000,0.6946
1745733600,0.6999
1745737200,0.7001
1745740800,0.7005
1745744400,0.7
1745748000,0.6996
1745751600,0.6972
1745755200,0.6974
1745758800,0.7008
1745762400,0.6992
1745766000,0.696
1745769600,0.6951
1745773200,0.6989
1745776800,0.7043
1745780400,0.7159
1745784000,0.7128
1745787600,0.7142
1745791200,0.7107
1745794800,0.7033
1745798400,0.7002
1745802000,0.6842
1745805600,0.6958
1745809200,0.7071
1745812800,0.7116
1745816400,0.7138
1745820000,0.7182
1745823600,0.7253
1745827200,0.7227
1745830800,0.7191
1745834400,0.7215
1745838000,0.7227
1745841600,0.7144
1745845200,0.7053
1745848800,0.7028
1745852400,0.6904
1745856000,0.6891
1745859600,0.6992
1745863200,0.6993
1745866800,0.707
1745870400,0.6983
1745874000,0.7009
1745877600,0.7031
1745881200,0.7058
1745884800,0.7083
1745888400,0.7044
1745892000,0.7003
1745895600,0.7037
1745899200,0.6982
1745902800,0.7007
1745906400,0.7129
1745910000,0.7122
1745913600,0.7132
1745917200,0.7132
1745920800,0.7101
1745924400,0.7141
1745928000,0.7102
1745931600,0.7087
1745935200,0.7157
1745938800,0.7087
1745942400,0.7135
1745946000,0.7121
1745949600,0.7133
1745953200,0.7083
1745956800,0.7046
1745960400,0.7004
1745964000,0.6943
1745967600,0.696
1745971200,0.6977
1745974800,0.6958
1745978400,0.6992
1745982000,0.7027
1745985600,0.7024
1745989200,0.6983
1745992800,0.698
1745996400,0.6949
1746000000,0.6952
1746003600,0.6974
1746007200,0.6992
1746010800,0.7002
1746014400,0.6875
1746018000,0.6661
1746021600,0.6761
1746025200,0.6764
1746028800,0.6787
1746032400,0.6832
1746036000,0.6808
1746039600,0.6829
1746043200,0.6842
1746046800,0.6831
1746050400,0.6809
1746054000,0.6817
1746057600,0.6857
1746061200,0.6893
1746064800,0.6876
1746068400,0.6888
1746072000,0.6881
1746075600,0.6928
1746079200,0.6907
1746082800,0.6919
1746086400,0.6993
1746090000,0.7
1746093600,0.7065
1746097200,0.7069
1746100800,0.7044
1746104400,0.6949
1746108000,0.7065
1746111600,0.7019
1746115200,0.7063
1746118800,0.7042
1746122400,0.7064
1746126000,0.7053
1746129600,0.706
1746133200,0.7116
1746136800,0.7102
1746140400,0.7051
1746144000,0.7108
1746147600,0.7076
1746151200,0.7196
1746154800,0.7138
1746158400,0.7109
1746162000,0.71
1746165600,0.7118
1746169200,0.7009
1746172800,0.7045
1746176400,0.7049
1746180000,0.7062
1746183600,0.7061
1746187200,0.7134
1746190800,0.7078
1746194400,0.7148
1746198000,0.706
1746201600,0.7083
1746205200,0.7026
1746208800,0.6992
1746212400,0.6912
1746216000,0.6963
1746219600,0.6938
1746223200,0.6944
1746226800,0.6986
1746230400,0.6954
1746234000,0.694
1746237600,0.6984
1746241200,0.6983
1746244800,0.7017
1746248400,0.7004
1746252000,0.6972
1746255600,0.6993
1746259200,0.703
1746262800,0.7008
1746266400,0.6951
1746270000,0.6962
1746273600,0.7027
1746277200,0.7109
1746280800,0.719
1746284400,0.7217
1746288000,0.7175
1746291600,0.7155
1746295200,0.7078
1746298800,0.7134
1746302400,0.7081
1746306000,0.7058
1746309600,0.7051
1746313200,0.7
1746316800,0.6989
1746320400,0.7075
1746324000,0.7057
1746327600,0.698
1746331200,0.6962
1746334800,0.7043
1746338400,0.7009
1746342000,0.6987
1746345600,0.692
1746349200,0.6897
1746352800,0.6917
1746356400,0.6902
1746360000,0.6892
1746363600,0.6854
1746367200,0.6911
1746370800,0.6906
1746374400,0.6848
1746378000,0.685
1746381600,0.6831
1746385200,0.6861
1746388800,0.6884
1746392400,0.6883
1746396000,0.6778
1746399600,0.6763
1746403200,0.6794
1746406800,0.6713
1746410400,0.6766
1746414000,0.6731
1746417600,0.6809
1746421200,0.6896
1746424800,0.6872
1746428400,0.686
1746432000,0.6841
1746435600,0.6823
1746439200,0.6717
1746442800,0.6639
1746446400,0.6661
1746450000,0.6639
1746453600,0.66
1746457200,0.658
1746460800,0.6617
1746464400,0.6653
1746468000,0.6697
1746471600,0.6635
1746475200,0.6589
1746478800,0.6625
1746482400,0.6678
1746486000,0.6623
1746489600,0.6611
1746493200,0.659
1746496800,0.6591
1746500400,0.6615
1746504000,0.663
1746507600,0.658
1746511200,0.6629
1746514800,0.6617
1746518400,0.6605
1746522000,0.66
1746525600,0.6518
1746529200,0.6479
1746532800,0.6532
1746536400,0.6459
1746540000,0.651
1746543600,0.6522
1746547200,0.6462
1746550800,0.6523
1746554400,0.6641
1746558000,0.6643
1746561600,0.6623
1746565200,0.6608
1746568800,0.6726
1746572400,0.6789
1746576000,0.6857
1746579600,0.6834
1746583200,0.6779
1746586800,0.6781
1746590400,0.6794
1746594000,0.6741
1746597600,0.6764
1746601200,0.6823
1746604800,0.6843
1746608400,0.6865
1746612000,0.6835
1746615600,0.683
1746619200,0.6762
1746622800,0.6732
1746626400,0.669
1746630000,0.6653
1746633600,0.6664
1746637200,0.6595
1746640800,0.6659
1746644400,0.6593
1746648000,0.6617
1746651600,0.6663
1746655200,0.6701
1746658800,0.6716
1746662400,0.6769
1746666000,0.6797
1746669600,0.6964
1746673200,0.7029
1746676800,0.7004
1746680400,0.6991
1746684000,0.7063
1746687600,0.7078
1746691200,0.7125
1746694800,0.7187
1746698400,0.7231
1746702000,0.7193
1746705600,0.7206
1746709200,0.7193
1746712800,0.7226
1746716400,0.7315
1746720000,0.733
1746723600,0.732
1746727200,0.7354
1746730800,0.7403
1746734400,0.7604
1746738000,0.755
1746741600,0.759
1746745200,0.7693
1746748800,0.7632
1746752400,0.7715
1746756000,0.7687
1746759600,0.7554
1746763200,0.7582
1746766800,0.7607
1746770400,0.7719
1746774000,0.7943
1746777600,0.7899
1746781200,0.7815
1746784800,0.7962
1746788400,0.7938
1746792000,0.7922
1746795600,0.7944
1746799200,0.7816
1746802800,0.7813
1746806400,0.7754
1746810000,0.79
1746813600,0.7839
1746817200,0.7815
1746820800,0.7823
1746824400,0.7792
1746828000,0.7737
1746831600,0.7773
1746835200,0.7733
1746838800,0.7774
1746842400,0.7841
1746846000,0.7808
1746849600,0.7804
1746853200,0.7851
1746856800,0.7952
1746860400,0.8006
1746864000,0.7943
1746867600,0.8018
1746871200,0.7943
1746874800,0.7889
1746878400,0.801
1746882000,0.8098
1746885600,0.8088
1746889200,0.8016
1746892800,0.8144
1746896400,0.8197
1746900000,0.8155
1746903600,0.8127
1746907200,0.8168
1746910800,0.823
1746914400,0.8294
1746918000,0.841
1746921600,0.8223
1746925200,0.8154
1746928800,0.812
1746932400,0.8164
1746936000,0.8207
1746939600,0.8125
1746943200,0.8026
1746946800,0.7921
1746950400,0.7894
1746954000,0.799
1746957600,0.8001
1746961200,0.8041
1746964800,0.8007
1746968400,0.7879
1746972000,0.7941
1746975600,0.7905
1746979200,0.7915
1746982800,0.8004
1746986400,0.8137
1746990000,0.8091
1746993600,0.8061
1746997200,0.8102
1747000800,0.8055
1747004400,0.8054
1747008000,0.8162
1747011600,0.8054
1747015200,0.8118
1747018800,0.8198
1747022400,0.8205
1747026000,0.8119
1747029600,0.8188
1747033200,0.8246
1747036800,0.8319
1747040400,0.8247
1747044000,0.8284
1747047600,0.8246
1747051200,0.8449
1747054800,0.8465
1747058400,0.819
1747062000,0.8222
1747065600,0.829
1747069200,0.8136
1747072800,0.7936
1747076400,0.8074
1747080000,0.8158
1747083600,0.8184
1747087200,0.82
1747090800,0.8171
1747094400,0.8036
1747098000,0.794
1747101600,0.7868
1747105200,0.7743
1747108800,0.7915
1747112400,0.7863
1747116000,0.7902
1747119600,0.7914
1747123200,0.7895
1747126800,0.8018
1747130400,0.7997
1747134000,0.7987
1747137600,0.8044
1747141200,0.8026
1747144800,0.7951
1747148400,0.806
1747152000,0.813
1747155600,0.8194
1747159200,0.8279
1747162800,0.835
1747166400,0.8321
1747170000,0.8272
1747173600,0.8302
1747177200,0.8301
1747180800,0.8237
1747184400,0.8222
1747188000,0.8192
1747191600,0.8166
1747195200,0.8261
1747198800,0.8291
1747202400,0.8287
1747206000,0.8244
1747209600,0.8029
1747213200,0.8159
1747216800,0.8133
1747220400,0.8209
1747224000,0.8186
1747227600,0.8157
1747231200,0.8041
1747234800,0.8077
1747238400,0.8029
1747242000,0.8
1747245600,0.8008
1747249200,0.8015
1747252800,0.8007
1747256400,0.8019
1747260000,0.7963
1747263600,0.7989
1747267200,0.8075
1747270800,0.7885
1747274400,0.7941
1747278000,0.7925
1747281600,0.7954
1747285200,0.7843
1747288800,0.786
1747292400,0.7679
1747296000,0.7836
1747299600,0.77
1747303200,0.766
1747306800,0.7722
1747310400,0.7711
1747314000,0.7625
1747317600,0.7552
1747321200,0.7761
1747324800,0.7881
1747328400,0.7859
1747332000,0.7621
1747335600,0.7698
1747339200,0.7654
1747342800,0.7662
1747346400,0.7591
1747350000,0.7624
1747353600,0.767
1747357200,0.7732
1747360800,0.7785
1747364400,0.7816
1747368000,0.7768
1747371600,0.7834
1747375200,0.7832
1747378800,0.7785
1747382400,0.77
1747386000,0.7794
1747389600,0.7832
1747393200,0.7795
1747396800,0.7763
1747400400,0.7839
1747404000,0.7725
1747407600,0.7791
1747411200,0.7763
1747414800,0.771
1747418400,0.7694
1747422000,0.7733
1747425600,0.7656
1747429200,0.7643
1747432800,0.7554
1747436400,0.759
1747440000,0.7516
1747443600,0.7419
1747447200,0.7477
1747450800,0.7557
1747454400,0.7629
1747458000,0.7577
1747461600,0.7684
1747465200,0.7762
1747468800,0.7703
1747472400,0.7654
1747476000,0.7654
1747479600,0.7605
1747483200,0.7574
1747486800,0.7502
1747490400,0.7566
1747494000,0.7507
1747497600,0.7372
1747501200,0.7367
1747504800,0.7365
1747508400,0.7354
1747512000,0.7515
1747515600,0.7473
1747519200,0.7382
1747522800,0.7432
1747526400,0.7443
1747530000,0.7446
1747533600,0.7422
1747537200,0.7381
1747540800,0.7456
1747544400,0.7563
1747548000,0.7527
1747551600,0.7595
1747555200,0.7611
1747558800,0.7574
1747562400,0.758
1747566000,0.7559
1747569600,0.7569
1747573200,0.7643
1747576800,0.7721
1747580400,0.7745
1747584000,0.7726
1747587600,0.7548
1747591200,0.7462
1747594800,0.731
1747598400,0.7366
1747602000,0.7385
1747605600,0.7505
1747609200,0.7601
1747612800,0.7453
1747616400,0.744
1747620000,0.7373
1747623600,0.7283
1747627200,0.7219
1747630800,0.7227
1747634400,0.7111
1747638000,0.724
1747641600,0.7218
1747645200,0.723
1747648800,0.7246
1747652400,0.7285
1747656000,0.7209
1747659600,0.7291
1747663200,0.733
1747666800,0.7362
1747670400,0.7413
1747674000,0.7396
1747677600,0.7355
1747681200,0.7423
1747684800,0.7429
1747688400,0.7423
1747692000,0.741
1747695600,0.7427
1747699200,0.7415
1747702800,0.7487
1747706400,0.7467
1747710000,0.7431
1747713600,0.7444
1747717200,0.7431
1747720800,0.7382
1747724400,0.7333
1747728000,0.7347
1747731600,0.7324
1747735200,0.7288
1747738800,0.7293
1747742400,0.7269
1747746000,0.7254
1747749600,0.7262
1747753200,0.7325
1747756800,0.7284
1747760400,0.737
1747764000,0.7263
1747767600,0.7398
1747771200,0.7434
1747774800,0.7456
1747778400,0.7443
1747782000,0.7461
1747785600,0.7432
1747789200,0.7421
1747792800,0.7466
1747796400,0.7521
1747800000,0.756
1747803600,0.7604
1747807200,0.7642
1747810800,0.7532
1747814400,0.7507
1747818000,0.7471
1747821600,0.7564
1747825200,0.7558
1747828800,0.7533
1747832400,0.7566
1747836000,0.7662
1747839600,0.766
1747843200,0.7768
1747846800,0.7484
1747850400,0.7519
1747854000,0.7614
1747857600,0.7628
1747861200,0.758
1747864800,0.771
1747868400,0.7694
1747872000,0.7768
1747875600,0.7726
1747879200,0.781
1747882800,0.7886
1747886400,0.7927
1747890000,0.7838
1747893600,0.7868
1747897200,0.7942
1747900800,0.7998
1747904400,0.8028
1747908000,0.7989
1747911600,0.8025
1747915200,0.8051
1747918800,0.7975
1747922400,0.8027
1747926000,0.8035
1747929600,0.802
1747933200,0.8047
1747936800,0.8057
1747940400,0.8021
1747944000,0.8007
1747947600,0.801
1747951200,0.8026
1747954800,0.8093
1747958400,0.8112
1747962000,0.8164
1747965600,0.8265
1747969200,0.838
1747972800,0.8286
1747976400,0.8223
1747980000,0.8074
1747983600,0.8085
1747987200,0.8169
1747990800,0.8228
1747994400,0.8161
1747998000,0.7817
1748001600,0.7737
1748005200,0.7868
1748008800,0.7861
1748012400,0.7775
1748016000,0.7785
1748019600,0.7813
1748023200,0.7737
1748026800,0.7736
1748030400,0.7652
1748034000,0.7624
1748037600,0.7572
1748041200,0.7474
1748044800,0.7443
1748048400,0.7491
1748052000,0.7551
1748055600,0.762
1748059200,0.765
1748062800,0.7601
1748066400,0.7586
1748070000,0.7576
1748073600,0.7595
1748077200,0.7565
1748080800,0.7635
1748084400,0.7611
1748088000,0.7596
1748091600,0.7566
1748095200,0.7612
1748098800,0.7587
1748102400,0.7589
1748106000,0.757
1748109600,0.7557
1748113200,0.7551
1748116800,0.7524
1748120400,0.7512
1748124000,0.7462
1748127600,0.747
1748131200,0.7368
1748134800,0.7376
1748138400,0.7418
1748142000,0.7445
1748145600,0.7438
1748149200,0.7428
1748152800,0.7406
1748156400,0.739
1748160000,0.7311
1748163600,0.7349
1748167200,0.7331
1748170800,0.7394
1748174400,0.7444
1748178000,0.7497
1748181600,0.7436
1748185200,0.7403
1748188800,0.7427
1748192400,0.7439
1748196000,0.7464
1748199600,0.7484
1748203200,0.7466
1748206800,0.7444
1748210400,0.7594
1748214000,0.7603
1748217600,0.7651
1748221200,0.7624
1748224800,0.7605
1748228400,0.7633
1748232000,0.7621
1748235600,0.7664
1748239200,0.7686
1748242800,0.7758
1748246400,0.7695
1748250000,0.7665
1748253600,0.7646
1748257200,0.7673
1748260800,0.7708
1748264400,0.7626
1748268000,0.7616
1748271600,0.7689
1748275200,0.7598
1748278800,0.7537
1748282400,0.7549
1748286000,0.7543
1748289600,0.7577
1748293200,0.7577
1748296800,0.7553
1748300400,0.7604
1748304000,0.7556
1748307600,0.7506
1748311200,0.752
1748314800,0.7541
1748318400,0.7553
1748322000,0.756
1748325600,0.7566
1748329200,0.7651
1748332800,0.7702
1748336400,0.768
1748340000,0.7698
1748343600,0.7697
1748347200,0.7681
1748350800,0.7655
1748354400,0.7626
1748358000,0.7678
1748361600,0.7691
1748365200,0.7714
1748368800,0.7656
1748372400,0.7642
1748376000,0.7644
1748379600,0.7612
1748383200,0.7592
1748386800,0.7587
1748390400,0.7595
1748394000,0.7566
1748397600,0.7533
1748401200,0.755
1748404800,0.7566
1748408400,0.7525
1748412000,0.7474
1748415600,0.7509
1748419200,0.7535
1748422800,0.7514
1748426400,0.7581
1748430000,0.7592
1748433600,0.7582
1748437200,0.7501
1748440800,0.747
1748444400,0.7417
1748448000,0.7462
1748451600,0.7468
1748455200,0.7414
1748458800,0.733
1748462400,0.7397
1748466000,0.7429
1748469600,0.7413
1748473200,0.7479
1748476800,0.7574
1748480400,0.7552
1748484000,0.7649
1748487600,0.7583
1748491200,0.7508
1748494800,0.7499
1748498400,0.7526
1748502000,0.7507
1748505600,0.7532
1748509200,0.7522
1748512800,0.7533
1748516400,0.7564
1748520000,0.7498
1748523600,0.7433
1748527200,0.7434
1748530800,0.7379
1748534400,0.7342
1748538000,0.7378
1748541600,0.7303
1748545200,0.7274
1748548800,0.7291
1748552400,0.7359
1748556000,0.7263
1748559600,0.7223
1748563200,0.6932
1748566800,0.7052
1748570400,0.7092
1748574000,0.7094
1748577600,0.7103
1748581200,0.7114
1748584800,0.7008
1748588400,0.7
1748592000,0.7013
1748595600,0.7029
1748599200,0.7083
1748602800,0.7094
1748606400,0.7077
1748610000,0.6985
1748613600,0.7014
1748617200,0.7022
1748620800,0.691
1748624400,0.6974
1748628000,0.708
1748631600,0.7115
1748635200,0.7073
1748638800,0.7055
1748642400,0.6902
1748646000,0.6893
1748649600,0.6756
1748653200,0.6742
1748656800,0.6664
1748660400,0.6621
1748664000,0.6699
1748667600,0.6663
1748671200,0.6693
1748674800,0.6661
1748678400,0.6708
1748682000,0.6676
1748685600,0.6668
1748689200,0.6643
1748692800,0.6763
1748696400,0.6763
1748700000,0.6804
1748703600,0.6802
1748707200,0.6878
1748710800,0.6819
1748714400,0.6865
1748718000,0.6896
1748721600,0.6902
1748725200,0.6918
1748728800,0.6856
1748732400,0.6863
1748736000,0.682
1748739600,0.6773
1748743200,0.6777
1748746800,0.6784
1748750400,0.6828
1748754000,0.6801
1748757600,0.6749
1748761200,0.6737
1748764800,0.6691
1748768400,0.6585
1748772000,0.662
1748775600,0.6644
1748779200,0.6601
1748782800,0.6639
1748786400,0.6705
1748790000,0.6754
1748793600,0.6831
1748797200,0.6827
1748800800,0.6761
1748804400,0.679
1748808000,0.6773
1748811600,0.6829
1748815200,0.6816
1748818800,0.6857
1748822400,0.6849
1748826000,0.6829
1748829600,0.6794
1748833200,0.6774
1748836800,0.6783
1748840400,0.679
1748844000,0.681
1748847600,0.6793
1748851200,0.6722
1748854800,0.6689
1748858400,0.6677
1748862000,0.6668
1748865600,0.6723
1748869200,0.6701
1748872800,0.6726
1748876400,0.6746
1748880000,0.674
1748883600,0.6743
1748887200,0.6749
1748890800,0.6737
1748894400,0.6815
1748898000,0.6846
1748901600,0.6884
1748905200,0.69
1748908800,0.6978
1748912400,0.7045
1748916000,0.699
1748919600,0.6943
1748923200,0.6908
1748926800,0.6963
1748930400,0.6986
1748934000,0.6935
1748937600,0.6922
1748941200,0.6947
1748944800,0.6946
1748948400,0.6923
1748952000,0.6912
1748955600,0.6896
1748959200,0.6967
1748962800,0.6939
1748966400,0.6869
1748970000,0.6895
1748973600,0.6882
1748977200,0.6914
1748980800,0.683
1748984400,0.678
1748988000,0.6859
1748991600,0.6842
1748995200,0.6915
1748998800,0.6945
1749002400,0.6946
1749006000,0.696
1749009600,0.6959
1749013200,0.692
1749016800,0.6937
1749020400,0.6965
1749024000,0.6974
1749027600,0.6995
1749031200,0.6963
1749034800,0.6934
1749038400,0.6884
1749042000,0.686
1749045600,0.6875
1749049200,0.6886
1749052800,0.6875
1749056400,0.6811
1749060000,0.6774
1749063600,0.6742
1749067200,0.6677
1749070800,0.6717
1749074400,0.6667
1749078000,0.6657
1749081600,0.6696
1749085200,0.6695
1749088800,0.6729
1749092400,0.6761
1749096000,0.6789
1749099600,0.6739
1749103200,0.6757
1749106800,0.6767
1749110400,0.6793
1749114000,0.6806
1749117600,0.6791
1749121200,0.6815
1749124800,0.6877
1749128400,0.6761
1749132000,0.675
1749135600,0.6744
1749139200,0.6616
1749142800,0.6625
1749146400,0.6607
1749150000,0.6424
1749153600,0.6202
1749157200,0.631
1749160800,0.6287
1749164400,0.626
1749168000,0.6288
1749171600,0.6323
1749175200,0.6318
1749178800,0.6375
1749182400,0.6393
1749186000,0.6404
1749189600,0.6386
1749193200,0.6399
1749196800,0.6411
1749200400,0.6419
1749204000,0.6468
1749207600,0.6511
1749211200,0.6568
1749214800,0.661
1749218400,0.6688
1749222000,0.6671
1749225600,0.6651
1749229200,0.6651
1749232800,0.6626
1749236400,0.6632
1749240000,0.6665
1749243600,0.6625
1749247200,0.6596
1749250800,0.6559
1749254400,0.6596
1749258000,0.6562
1749261600,0.6591
1749265200,0.6625
1749268800,0.659
1749272400,0.6646
1749276000,0.6682
1749279600,0.6693
1749283200,0.6649
1749286800,0.6653
1749290400,0.6683
1749294000,0.6684
1749297600,0.6683
1749301200,0.6695
1749304800,0.668
1749308400,0.6666
1749312000,0.6628
1749315600,0.6625
1749319200,0.6632
1749322800,0.6644
1749326400,0.6663
1749330000,0.6697
1749333600,0.6677
1749337200,0.6648
1749340800,0.6596
1749344400,0.6616
1749348000,0.6591
1749351600,0.6585
1749355200,0.6601
1749358800,0.6586
1749362400,0.6617
1749366000,0.6627
1749369600,0.6609
1749373200,0.6555
1749376800,0.6563
1749380400,0.6649
1749384000,0.6668
1749387600,0.6698
1749391200,0.6689
1749394800,0.6703
1749398400,0.6735
1749402000,0.6713
1749405600,0.6737
1749409200,0.6748
1749412800,0.6759
1749416400,0.6762
1749420000,0.67
1749423600,0.6706
1749427200,0.6689
1749430800,0.6656
1749434400,0.6658
1749438000,0.6642
1749441600,0.6601
1749445200,0.6578
1749448800,0.6641
1749452400,0.6629
1749456000,0.6645
1749459600,0.6698
1749463200,0.6758
1749466800,0.676
1749470400,0.6746
1749474000,0.6664
1749477600,0.6701
1749481200,0.6742
1749484800,0.6801
1749488400,0.6828
1749492000,0.6838
1749495600,0.6818
1749499200,0.6869
1749502800,0.6984
1749506400,0.7074
1749510000,0.7052
1749513600,0.7137
1749517200,0.7128
1749520800,0.712
1749524400,0.706
1749528000,0.705
1749531600,0.6982
1749535200,0.6994
1749538800,0.6967
1749542400,0.6902
1749546000,0.6958
1749549600,0.6906
1749553200,0.7051
1749556800,0.7124
1749560400,0.7018
1749564000,0.6934
1749567600,0.6963
1749571200,0.6969
1749574800,0.702
1749578400,0.7075
1749582000,0.7089
1749585600,0.7096
1749589200,0.7091
1749592800,0.7143
1749596400,0.7169
1749600000,0.7118
1749603600,0.7109
1749607200,0.7118
1749610800,0.7201
1749614400,0.7192
1749618000,0.7196
1749621600,0.727
1749625200,0.7237
1749628800,0.7214
1749632400,0.7131
1749636000,0.7193
1749639600,0.7148
1749643200,0.723
1749646800,0.72
1749650400,0.725
1749654000,0.7259
1749657600,0.7206
1749661200,0.7107
1749664800,0.7079
1749668400,0.7045
1749672000,0.7048
1749675600,0.6968
1749679200,0.6936
1749682800,0.6982
1749686400,0.6987
1749690000,0.6975
1749693600,0.6943
1749697200,0.6909
1749700800,0.6907
1749704400,0.6932
1749708000,0.6927
1749711600,0.6871
1749715200,0.6859
1749718800,0.6863
1749722400,0.6824
1749726000,0.6774
1749729600,0.6831
1749733200,0.6838
1749736800,0.6892
1749740400,0.6775
1749744000,0.6829
1749747600,0.6869
1749751200,0.6792
1749754800,0.6687
1749758400,0.6618
1749762000,0.6592
1749765600,0.661
1749769200,0.6617
1749772800,0.6341
1749776400,0.6268
1749780000,0.624
1749783600,0.6353
1749787200,0.6322
1749790800,0.6322
1749794400,0.6358
1749798000,0.636
1749801600,0.6358
1749805200,0.6339
1749808800,0.6386
1749812400,0.642
1749816000,0.6387
1749819600,0.6367
1749823200,0.6344
1749826800,0.6388
1749830400,0.6418
1749834000,0.6378
1749837600,0.6326
1749841200,0.6322
1749844800,0.6381
1749848400,0.6392
1749852000,0.6395
1749855600,0.6424
1749859200,0.6377
1749862800,0.637
1749866400,0.6355
1749870000,0.6367
1749873600,0.6389
1749877200,0.6387
1749880800,0.6363
1749884400,0.6369
1749888000,0.6371
1749891600,0.6329
1749895200,0.6365
1749898800,0.6364
1749902400,0.6359
1749906000,0.6343
1749909600,0.6318
1749913200,0.6289
1749916800,0.6187
1749920400,0.6225
1749924000,0.621
1749927600,0.6192
1749931200,0.619
1749934800,0.6254
1749938400,0.6227
1749942000,0.6251
1749945600,0.6268
1749949200,0.6249
1749952800,0.6272
1749956400,0.6281
1749960000,0.6318
1749963600,0.6345
1749967200,0.6303
1749970800,0.6282
1749974400,0.627
1749978000,0.6224
1749981600,0.6276
1749985200,0.6264
1749988800,0.6298
1749992400,0.6322
1749996000,0.6349
1749999600,0.6307
1750003200,0.6306
1750006800,0.6304
1750010400,0.6308
1750014000,0.6298
1750017600,0.6233
1750021200,0.6271
1750024800,0.6327
1750028400,0.6335
1750032000,0.632
1750035600,0.6373
1750039200,0.638
1750042800,0.637
1750046400,0.6415
1750050000,0.6444
1750053600,0.6428
1750057200,0.6492
1750060800,0.6469
1750064400,0.6448
1750068000,0.6428
1750071600,0.646
1750075200,0.6444
1750078800,0.6493
1750082400,0.6504
1750086000,0.6494
1750089600,0.6555
1750093200,0.6518
1750096800,0.656
1750100400,0.6553
1750104000,0.6562
1750107600,0.6539
1750111200,0.6406
1750114800,0.6305
1750118400,0.6358
1750122000,0.6351
1750125600,0.6396
1750129200,0.6368
1750132800,0.6345
1750136400,0.6335
1750140000,0.6318
1750143600,0.6327
1750147200,0.6249
1750150800,0.6261
1750154400,0.6254
1750158000,0.6219
1750161600,0.6225
1750165200,0.6238
1750168800,0.6207
1750172400,0.612
1750176000,0.602
1750179600,0.6042
1750183200,0.614
1750186800,0.6179
1750190400,0.6146
1750194000,0.6105
1750197600,0.6061
1750201200,0.6091
1750204800,0.6142
1750208400,0.6114
1750212000,0.6096
1750215600,0.6138
1750219200,0.6196
1750222800,0.6184
1750226400,0.614
1750230000,0.6156
1750233600,0.6122
1750237200,0.6102
1750240800,0.6012
1750244400,0.6072
1750248000,0.6015
1750251600,0.5998
1750255200,0.5961
1750258800,0.5949
1750262400,0.5917
1750266000,0.5957
1750269600,0.5893
1750273200,0.591
1750276800,0.6056
1750280400,0.6079
1750284000,0.6055
1750287600,0.6042
1750291200,0.6073
1750294800,0.6025
1750298400,0.6002
1750302000,0.6035
1750305600,0.6044
1750309200,0.602
1750312800,0.5981
1750316400,0.5986
1750320000,0.5986
1750323600,0.6018
1750327200,0.5999
1750330800,0.599
1750334400,0.599
1750338000,0.5952
1750341600,0.592
1750345200,0.5912
1750348800,0.5907
1750352400,0.5981
1750356000,0.6007
1750359600,0.5995
1750363200,0.5996
1750366800,0.5989
1750370400,0.603
1750374000,0.6021
1750377600,0.6029
1750381200,0.6029
1750384800,0.6004
1750388400,0.5983
1750392000,0.5907
1750395600,0.5921
1750399200,0.5921
1750402800,0.6028
1750406400,0.6025
1750410000,0.6023
1750413600,0.602
1750417200,0.6025
1750420800,0.6031
1750424400,0.6005
1750428000,0.5833
1750431600,0.5832
1750435200,0.5777
1750438800,0.5761
1750442400,0.5777
1750446000,0.578
1750449600,0.5818
1750453200,0.5775
1750456800,0.5732
1750460400,0.5776
1750464000,0.5799
1750467600,0.5864
1750471200,0.5844
1750474800,0.5848
1750478400,0.5843
1750482000,0.5858
1750485600,0.5835
1750489200,0.5826
1750492800,0.5854
1750496400,0.5848
1750500000,0.5836
1750503600,0.5842
1750507200,0.581
1750510800,0.5763
1750514400,0.5765
1750518000,0.5757
1750521600,0.5752
1750525200,0.5696
1750528800,0.5678
1750532400,0.5646
1750536000,0.5686
1750539600,0.5517
1750543200,0.5552
1750546800,0.5564
1750550400,0.5611
1750554000,0.5532
1750557600,0.55
1750561200,0.548
1750564800,0.5524
1750568400,0.5557
1750572000,0.5566
1750575600,0.549
1750579200,0.5486
1750582800,0.5399
1750586400,0.5445
1750590000,0.5466
1750593600,0.5485
1750597200,0.5309
1750600800,0.5311
1750604400,0.5233
1750608000,0.5293
1750611600,0.533
1750615200,0.5285
1750618800,0.5246
1750622400,0.5285
1750626000,0.5257
1750629600,0.5399
1750633200,0.5421
1750636800,0.5428
1750640400,0.5457
1750644000,0.5457
1750647600,0.5457
1750651200,0.5468
1750654800,0.5488
1750658400,0.5494
1750662000,0.5488
1750665600,0.5478
1750669200,0.545
1750672800,0.5428
1750676400,0.5435
1750680000,0.5474
1750683600,0.5534
1750687200,0.5483
1750690800,0.5427
1750694400,0.535
1750698000,0.5487
1750701600,0.5529
1750705200,0.5554
1750708800,0.5602
1750712400,0.565
1750716000,0.5841
1750719600,0.5827
1750723200,0.5797
1750726800,0.5817
1750730400,0.5775
1750734000,0.5801
1750737600,0.5818
1750741200,0.5932
1750744800,0.5922
1750748400,0.5823
1750752000,0.5802
1750755600,0.5829
1750759200,0.5829
1750762800,0.5852
1750766400,0.584
1750770000,0.582
1750773600,0.5862
1750777200,0.584
1750780800,0.5925
1750784400,0.5864
1750788000,0.5825
1750791600,0.583
1750795200,0.5879
1750798800,0.5874
1750802400,0.5869
1750806000,0.5877
1750809600,0.5897
1750813200,0.588
1750816800,0.586
1750820400,0.5843
1750824000,0.5825
1750827600,0.5816
1750831200,0.5836
1750834800,0.5853
1750838400,0.5805
1750842000,0.5768
1750845600,0.5788
1750849200,0.5807
1750852800,0.5771
1750856400,0.5834
1750860000,0.5765
1750863600,0.5677
1750867200,0.5657
1750870800,0.5698
1750874400,0.5677
1750878000,0.5719
1750881600,0.5729
1750885200,0.5688
1750888800,0.566
1750892400,0.5673
1750896000,0.5697
1750899600,0.572
1750903200,0.5777
1750906800,0.5742
1750910400,0.5719
1750914000,0.5702
1750917600,0.5716
1750921200,0.5728
1750924800,0.5704
1750928400,0.5643
1750932000,0.5655
1750935600,0.5638
1750939200,0.5577
1750942800,0.5528
1750946400,0.5556
1750950000,0.5548
1750953600,0.5524
1750957200,0.554
1750960800,0.5547
1750964400,0.5561
1750968000,0.5605
1750971600,0.5561
1750975200,0.5522
1750978800,0.5547
1750982400,0.5513
1750986000,0.5565
1750989600,0.5589
1750993200,0.5602
1750996800,0.5586
1751000400,0.5551
1751004000,0.5575
1751007600,0.5542
1751011200,0.5583
1751014800,0.5578
1751018400,0.5538
1751022000,0.5546
1751025600,0.55
1751029200,0.5521
1751032800,0.5497
1751036400,0.5558
1751040000,0.557
1751043600,0.5502
1751047200,0.547
1751050800,0.5511
1751054400,0.5562
1751058000,0.5576
1751061600,0.56
1751065200,0.559
1751068800,0.5583
1751072400,0.5613
1751076000,0.5596
1751079600,0.5601
1751083200,0.5588
1751086800,0.5588
1751090400,0.5625
1751094000,0.5627
1751097600,0.5602
1751101200,0.5616
1751104800,0.5606
1751108400,0.5594
1751112000,0.5581
1751115600,0.5568
1751119200,0.56
1751122800,0.5643
1751126400,0.5631
1751130000,0.5684
1751133600,0.5668
1751137200,0.5641
1751140800,0.5632
1751144400,0.5664
1751148000,0.5667
1751151600,0.5659
1751155200,0.5674
1751158800,0.5645
1751162400,0.5652
1751166000,0.5637
1751169600,0.5616
1751173200,0.5622
1751176800,0.5617
1751180400,0.5615
1751184000,0.5641
1751187600,0.564
1751191200,0.5637
1751194800,0.5655
1751198400,0.5652
1751202000,0.5635
1751205600,0.5602
1751209200,0.5562
1751212800,0.5582
1751216400,0.5576
1751220000,0.5606
1751223600,0.559
1751227200,0.558
1751230800,0.5614
1751234400,0.5798
1751238000,0.5774
1751241600,0.5779
1751245200,0.5729
1751248800,0.5685
1751252400,0.5686
1751256000,0.5666
1751259600,0.5698
1751263200,0.5623
1751266800,0.5668
1751270400,0.5679
1751274000,0.5628
1751277600,0.5643
1751281200,0.5642
1751284800,0.5612
1751288400,0.5611
1751292000,0.5592
1751295600,0.5675
1751299200,0.5709
1751302800,0.57
1751306400,0.5739
1751310000,0.5898
1751313600,0.5847
1751317200,0.5772
1751320800,0.5743
1751324400,0.5724
1751328000,0.573
1751331600,0.5724
1751335200,0.5665
1751338800,0.5692
1751342400,0.5652
1751346000,0.5634
1751349600,0.5629
1751353200,0.5673
1751356800,0.5623
1751360400,0.5617
1751364000,0.5628
1751367600,0.5605
1751371200,0.5532
1751374800,0.5506
1751378400,0.5475
1751382000,0.5472
1751385600,0.5508
1751389200,0.5461
1751392800,0.5412
1751396400,0.5393
1751400000,0.5419
1751403600,0.5424
1751407200,0.5409
1751410800,0.5423
1751414400,0.5416
1751418000,0.5454
1751421600,0.5455
1751425200,0.5487
1751428800,0.5538
1751432400,0.5547
1751436000,0.5578
1751439600,0.5568
1751443200,0.5586
1751446800,0.5574
1751450400,0.5601
1751454000,0.5611
1751457600,0.5595
1751461200,0.5614
1751464800,0.5692
1751468400,0.578
1751472000,0.5951
1751475600,0.594
1751479200,0.595
1751482800,0.5959
1751486400,0.5963
1751490000,0.5953
1751493600,0.5925
1751497200,0.5841
1751500800,0.5873
1751504400,0.5895
1751508000,0.5865
1751511600,0.5869
1751515200,0.5903
1751518800,0.6019
1751522400,0.6053
1751526000,0.6086
1751529600,0.6053
1751533200,0.6071
1751536800,0.6038
1751540400,0.6038
1751544000,0.5994
1751547600,0.6052
1751551200,0.5982
1751554800,0.5879
1751558400,0.5922
1751562000,0.5937
1751565600,0.5969
1751569200,0.596
1751572800,0.5997
1751576400,0.6019
1751580000,0.6028
1751583600,0.5995
1751587200,0.6007
1751590800,0.6002
1751594400,0.5923
1751598000,0.5938
1751601600,0.5891
1751605200,0.5911
1751608800,0.5867
1751612400,0.5799
1751616000,0.5808
1751619600,0.5834
1751623200,0.5805
1751626800,0.5818
1751630400,0.5815
1751634000,0.5764
1751637600,0.5748
1751641200,0.5714
1751644800,0.5674
1751648400,0.572
1751652000,0.5676
1751655600,0.5665
1751659200,0.5702
1751662800,0.5714
1751666400,0.5763
1751670000,0.5725
1751673600,0.5756
1751677200,0.5731
1751680800,0.5732
1751684400,0.5784
1751688000,0.5759
1751691600,0.5782
1751695200,0.5824
1751698800,0.5792
1751702400,0.5737
1751706000,0.5755
1751709600,0.5737
1751713200,0.5754
1751716800,0.5749
1751720400,0.573
1751724000,0.5759
1751727600,0.5759
1751731200,0.576
1751734800,0.5755
1751738400,0.5718
1751742000,0.5738
1751745600,0.5751
1751749200,0.5749
1751752800,0.5763
1751756400,0.5757
1751760000,0.5749
1751763600,0.5734
1751767200,0.5716
1751770800,0.5753
1751774400,0.5734
1751778000,0.5733
1751781600,0.5756
1751785200,0.5739
1751788800,0.5753
1751792400,0.5738
1751796000,0.579
1751799600,0.5783
1751803200,0.5811
1751806800,0.5873
1751810400,0.5844
1751814000,0.5857
1751817600,0.5872
1751821200,0.5852
1751824800,0.581
1751828400,0.5835
1751832000,0.5839
1751835600,0.5886
1751839200,0.5894
1751842800,0.5859
1751846400,0.5842
1751850000,0.5852
1751853600,0.5901
1751857200,0.5883
1751860800,0.5859
1751864400,0.5866
1751868000,0.5834
1751871600,0.5902
1751875200,0.5889
1751878800,0.5863
1751882400,0.587
1751886000,0.5875
1751889600,0.5815
1751893200,0.5897
1751896800,0.5818
1751900400,0.5837
1751904000,0.58
1751907600,0.5803
1751911200,0.5801
1751914800,0.5802
1751918400,0.5768
1751922000,0.5779
1751925600,0.5772
1751929200,0.5804
1751932800,0.5792
1751936400,0.5756
1751940000,0.574
1751943600,0.5761
1751947200,0.5772
1751950800,0.5749
1751954400,0.5771
1751958000,0.5785
1751961600,0.5775
1751965200,0.5808
1751968800,0.585
1751972400,0.5857
1751976000,0.5874
1751979600,0.5859
1751983200,0.5798
1751986800,0.5813
1751990400,0.582
1751994000,0.5904
1751997600,0.5918
1752001200,0.5892
1752004800,0.5852
1752008400,0.5888
1752012000,0.5886
1752015600,0.5885
1752019200,0.5863
1752022800,0.5864
1752026400,0.5876
1752030000,0.5852
1752033600,0.5892
1752037200,0.5961
1752040800,0.5968
1752044400,0.5962
1752048000,0.5964
1752051600,0.5962
1752055200,0.6006
1752058800,0.6095
1752062400,0.6142
1752066000,0.6114
1752069600,0.6061
1752073200,0.6109
1752076800,0.612
1752080400,0.6073
1752084000,0.61
1752087600,0.6223
1752091200,0.6204
1752094800,0.6224
1752098400,0.6244
1752102000,0.6234
1752105600,0.6178
1752109200,0.6235
1752112800,0.6244
1752116400,0.6218
1752120000,0.6231
1752123600,0.6206
1752127200,0.6237
1752130800,0.6277
1752134400,0.6318
1752138000,0.6291
1752141600,0.6302
1752145200,0.6307
1752148800,0.6265
1752152400,0.6256
1752156000,0.6273
1752159600,0.6294
1752163200,0.6397
1752166800,0.658
1752170400,0.6527
1752174000,0.6526
1752177600,0.6571
1752181200,0.6713
1752184800,0.6784
1752188400,0.6776
1752192000,0.6732
1752195600,0.6843
1752199200,0.6906
1752202800,0.6878
1752206400,0.6953
1752210000,0.6959
1752213600,0.6895
1752217200,0.6994
1752220800,0.7125
1752224400,0.7203
1752228000,0.7335
1752231600,0.7278
1752235200,0.7481
1752238800,0.7549
1752242400,0.7522
1752246000,0.7372
1752249600,0.7294
1752253200,0.734
1752256800,0.7442
1752260400,0.7435
1752264000,0.7218
1752267600,0.7143
1752271200,0.707
1752274800,0.7093
1752278400,0.7063
1752282000,0.7297
1752285600,0.7294
1752289200,0.729
1752292800,0.7211
1752296400,0.7178
1752300000,0.7185
1752303600,0.7155
1752307200,0.7181
1752310800,0.7302
1752314400,0.7307
1752318000,0.7233
1752321600,0.7138
1752325200,0.7117
1752328800,0.7061
1752332400,0.6935
1752336000,0.6971
1752339600,0.7072
1752343200,0.7057
1752346800,0.7076
1752350400,0.6965
1752354000,0.7085
1752357600,0.7074
1752361200,0.7092
1752364800,0.7082
1752368400,0.7171
1752372000,0.7191
1752375600,0.719
1752379200,0.7268
1752382800,0.7219
1752386400,0.738
1752390000,0.7405
1752393600,0.7376
1752397200,0.7308
1752400800,0.7258
1752404400,0.7296
1752408000,0.74
1752411600,0.7448
1752415200,0.7449
1752418800,0.7423
1752422400,0.7349
1752426000,0.7416
1752429600,0.7464
1752433200,0.7453
1752436800,0.7453
1752440400,0.7336
1752444000,0.7327
1752447600,0.737
1752451200,0.7421
1752454800,0.7526
1752458400,0.7542
1752462000,0.7603
1752465600,0.7647
1752469200,0.7557
1752472800,0.7521
1752476400,0.7625
1752480000,0.7552
1752483600,0.7576
1752487200,0.7543
1752490800,0.7469
1752494400,0.7495
1752498000,0.7576
1752501600,0.7475
1752505200,0.7341
1752508800,0.7444
1752512400,0.739
1752516000,0.7304
1752519600,0.7315
1752523200,0.733
1752526800,0.7362
1752530400,0.7351
1752534000,0.7353
1752537600,0.7289
1752541200,0.7273
1752544800,0.7228
1752548400,0.7187
1752552000,0.7276
1752555600,0.7254
1752559200,0.7233
1752562800,0.7197
1752566400,0.7239
1752570000,0.7289
1752573600,0.7316
1752577200,0.7273
1752580800,0.7321
1752584400,0.734
1752588000,0.7152
1752591600,0.7242
1752595200,0.7317
1752598800,0.7462
1752602400,0.7342
1752606000,0.7216
1752609600,0.7259
1752613200,0.7359
1752616800,0.7405
1752620400,0.7468
1752624000,0.7496
1752627600,0.7468
1752631200,0.7379
1752634800,0.7381
1752638400,0.7409
1752642000,0.7414
1752645600,0.7464
1752649200,0.7469
1752652800,0.7527
1752656400,0.7503
1752660000,0.7424
1752663600,0.7447
1752667200,0.7482
1752670800,0.7502
1752674400,0.7575
1752678000,0.751
1752681600,0.7613
1752685200,0.7645
1752688800,0.7633
1752692400,0.7643
1752696000,0.7753
1752699600,0.7778
1752703200,0.7674
1752706800,0.7647
1752710400,0.7638
1752714000,0.7494
1752717600,0.7545
1752721200,0.745
1752724800,0.7543
1752728400,0.7698
1752732000,0.7746
1752735600,0.7737
1752739200,0.7858
1752742800,0.8092
1752746400,0.8204
1752750000,0.8157
1752753600,0.8103
1752757200,0.7979
1752760800,0.8034
1752764400,0.8031
1752768000,0.7939
1752771600,0.8027
1752775200,0.8148
1752778800,0.7999
1752782400,0.8001
1752786000,0.8195
1752789600,0.8258
1752793200,0.8223
1752796800,0.8567
1752800400,0.8572
1752804000,0.8522
1752807600,0.8607
1752811200,0.8621
1752814800,0.879
1752818400,0.8788
1752822000,0.8544
1752825600,0.8515
1752829200,0.8559
1752832800,0.8573
1752836400,0.8511
1752840000,0.8582
1752843600,0.8574
1752847200,0.8384
1752850800,0.8224
1752854400,0.8297
1752858000,0.8311
1752861600,0.8216
1752865200,0.8179
1752868800,0.8103
1752872400,0.8142
1752876000,0.8102
1752879600,0.8166
1752883200,0.8082
1752886800,0.819
1752890400,0.8233
1752894000,0.8278
1752897600,0.8319
1752901200,0.8294
1752904800,0.8246
1752908400,0.8258
1752912000,0.8253
1752915600,0.8327
1752919200,0.8278
1752922800,0.8197
1752926400,0.8288
1752930000,0.8253
1752933600,0.8125
1752937200,0.8221
1752940800,0.8265
1752944400,0.8216
1752948000,0.824
1752951600,0.8298
1752955200,0.8294
1752958800,0.8251
1752962400,0.8256
1752966000,0.8312
1752969600,0.829
1752973200,0.8325
1752976800,0.8329
1752980400,0.8408
1752984000,0.8377
1752987600,0.8414
1752991200,0.8355
1752994800,0.8457
1752998400,0.8571
1753002000,0.8513
1753005600,0.849
1753009200,0.8514
1753012800,0.8537
1753016400,0.8669
1753020000,0.8649
1753023600,0.8714
1753027200,0.8722
1753030800,0.8588
1753034400,0.8709
1753038000,0.8712
1753041600,0.8713
1753045200,0.8739
1753048800,0.8566
1753052400,0.8584
1753056000,0.8532
1753059600,0.8569
1753063200,0.8698
1753066800,0.8661
1753070400,0.8685
1753074000,0.8808
1753077600,0.8844
1753081200,0.8944
1753084800,0.8943
1753088400,0.8869
1753092000,0.8931
1753095600,0.9085
1753099200,0.9223
1753102800,0.9199
1753106400,0.9275
1753110000,0.9124
1753113600,0.8981
1753117200,0.9002
1753120800,0.885
1753124400,0.8769
1753128000,0.8803
1753131600,0.8849
1753135200,0.8898
1753138800,0.8896
1753142400,0.8872
1753146000,0.9022
1753149600,0.8929
1753153200,0.8868
1753156800,0.856
1753160400,0.8714
1753164000,0.8764
1753167600,0.8714
1753171200,0.8654
1753174800,0.8698
1753178400,0.8786
1753182000,0.8784
1753185600,0.8768
1753189200,0.8648
1753192800,0.8801
1753196400,0.8808
1753200000,0.8825
1753203600,0.8836
1753207200,0.8894
1753210800,0.8778
1753214400,0.8918
1753218000,0.8896
1753221600,0.894
1753225200,0.9039
1753228800,0.8904
1753232400,0.8884
1753236000,0.8865
1753239600,0.8814
1753243200,0.8889
1753246800,0.8834
1753250400,0.8751
1753254000,0.8682
1753257600,0.8736
1753261200,0.862
1753264800,0.8632
1753268400,0.8629
1753272000,0.8348
1753275600,0.818
1753279200,0.8273
1753282800,0.8349
1753286400,0.814
1753290000,0.8134
1753293600,0.821
1753297200,0.8138
1753300800,0.8067
1753304400,0.8072
1753308000,0.814
1753311600,0.8164
1753315200,0.8254
1753318800,0.824
1753322400,0.8195
1753326000,0.8167
1753329600,0.8012
1753333200,0.7794
1753336800,0.7722
1753340400,0.7895
1753344000,0.8026
1753347600,0.8015
1753351200,0.7991
1753354800,0.8158
1753358400,0.8112
1753362000,0.8031
1753365600,0.8325
1753369200,0.8237
1753372800,0.8132
1753376400,0.8239
1753380000,0.8249
1753383600,0.8172
1753387200,0.8255
1753390800,0.8147
1753394400,0.8135
1753398000,0.8063
1753401600,0.8021
1753405200,0.8091
1753408800,0.7976
1753412400,0.7954
1753416000,0.8092
1753419600,0.7967
1753423200,0.7973
1753426800,0.795
1753430400,0.7906
1753434000,0.8061
1753437600,0.8109
1753441200,0.8105
1753444800,0.8082
1753448400,0.8052
1753452000,0.7783
1753455600,0.784
1753459200,0.7906
1753462800,0.7953
1753466400,0.7913
1753470000,0.7937
1753473600,0.8076
1753477200,0.8138
1753480800,0.8166
1753484400,0.8159
1753488000,0.818
1753491600,0.8142
1753495200,0.8267
1753498800,0.8251
1753502400,0.8245
1753506000,0.8255
1753509600,0.8188
1753513200,0.8193
1753516800,0.824
1753520400,0.8272
1753524000,0.8251
1753527600,0.8238
1753531200,0.8278
1753534800,0.8298
1753538400,0.828
1753542000,0.8332
1753545600,0.835
1753549200,0.8271
1753552800,0.8282
1753556400,0.8295
1753560000,0.8254
1753563600,0.8292
1753567200,0.8242
1753570800,0.82
1753574400,0.8234
1753578000,0.8258
1753581600,0.8302
1753585200,0.8289
1753588800,0.8334
1753592400,0.8341
1753596000,0.8283
1753599600,0.8243
1753603200,0.8198
1753606800,0.8159
1753610400,0.8297
1753614000,0.8237
1753617600,0.8273
1753621200,0.8192
1753624800,0.8189
1753628400,0.8219
1753632000,0.8251
1753635600,0.827
1753639200,0.8281
1753642800,0.8251
1753646400,0.8271
1753650000,0.8318
1753653600,0.834
1753657200,0.8323
1753660800,0.8323
1753664400,0.8279
1753668000,0.8413
1753671600,0.842
1753675200,0.8429
1753678800,0.8526
1753682400,0.8471
1753686000,0.8385
1753689600,0.8353
1753693200,0.836
1753696800,0.8292
1753700400,0.8297
1753704000,0.8297
1753707600,0.819
1753711200,0.8047
1753714800,0.8058
1753718400,0.8048
1753722000,0.8006
1753725600,0.7967
1753729200,0.7977
1753732800,0.7924
1753736400,0.7941
1753740000,0.7919
1753743600,0.7932
1753747200,0.7944
1753750800,0.7879
1753754400,0.7826
1753758000,0.7935
1753761600,0.7887
1753765200,0.7965
1753768800,0.8023
1753772400,0.8084
1753776000,0.8031
1753779600,0.8017
1753783200,0.7907
1753786800,0.7961
1753790400,0.8007
1753794000,0.7924
1753797600,0.7808
1753801200,0.7813
1753804800,0.7808
1753808400,0.7822
1753812000,0.7817
1753815600,0.777
1753819200,0.7749
1753822800,0.7822
1753826400,0.7827
1753830000,0.7828
1753833600,0.7804
1753837200,0.7852
1753840800,0.7863
1753844400,0.7853
1753848000,0.7796
1753851600,0.7836
1753855200,0.7854
1753858800,0.7792
1753862400,0.7798
1753866000,0.7691
1753869600,0.7671
1753873200,0.7565
1753876800,0.7608
1753880400,0.762
1753884000,0.7771
1753887600,0.7735
1753891200,0.7736
1753894800,0.7751
1753898400,0.7562
1753902000,0.7604
1753905600,0.7599
1753909200,0.7586
1753912800,0.7559
1753916400,0.7633
1753920000,0.7726
1753923600,0.7733
1753927200,0.7763
1753930800,0.7796
1753934400,0.7815
1753938000,0.7816
1753941600,0.783
1753945200,0.7826
1753948800,0.7866
1753952400,0.7875
1753956000,0.7844
1753959600,0.7785
1753963200,0.7737
1753966800,0.7663
1753970400,0.7554
1753974000,0.762
1753977600,0.7686
1753981200,0.7573
1753984800,0.7578
1753988400,0.7516
1753992000,0.7495
1753995600,0.7496
1753999200,0.7417
1754002800,0.7391
1754006400,0.7329
1754010000,0.7306
1754013600,0.7383
1754017200,0.7346
1754020800,0.729
1754024400,0.7253
1754028000,0.7259
1754031600,0.7244
1754035200,0.7179
1754038800,0.7187
1754042400,0.7227
1754046000,0.727
1754049600,0.7276
1754053200,0.7138
1754056800,0.7355
1754060400,0.7329
1754064000,0.7247
1754067600,0.7224
1754071200,0.7252
1754074800,0.7309
1754078400,0.7241
1754082000,0.7235
1754085600,0.7044
1754089200,0.7139
1754092800,0.7199
1754096400,0.7216
1754100000,0.7219
1754103600,0.7211
1754107200,0.7269
1754110800,0.7244
1754114400,0.7113
1754118000,0.7227
1754121600,0.7138
1754125200,0.7149
1754128800,0.7111
1754132400,0.7146
1754136000,0.7143
1754139600,0.7154
1754143200,0.7033
1754146800,0.699
1754150400,0.7011
1754154000,0.6934
1754157600,0.6881
1754161200,0.6939
1754164800,0.7008
1754168400,0.701
1754172000,0.7022
1754175600,0.6972
1754179200,0.7031
1754182800,0.7042
1754186400,0.713
1754190000,0.7161
1754193600,0.7144
1754197200,0.7135
1754200800,0.7184
1754204400,0.7219
1754208000,0.7241
1754211600,0.7233
1754215200,0.7237
1754218800,0.7243
1754222400,0.7247
1754226000,0.7234
1754229600,0.7239
1754233200,0.7262
1754236800,0.7273
1754240400,0.7278
1754244000,0.725
1754247600,0.7246
1754251200,0.7251
1754254800,0.7265
1754258400,0.7264
1754262000,0.7271
1754265600,0.7416
1754269200,0.7331
1754272800,0.7401
1754276400,0.7367
1754280000,0.7342
1754283600,0.7351
1754287200,0.7362
1754290800,0.7415
1754294400,0.7392
1754298000,0.7364
1754301600,0.7395
1754305200,0.7383
1754308800,0.7411
1754312400,0.7483
1754316000,0.7452
1754319600,0.7448
1754323200,0.7522
1754326800,0.7511
1754330400,0.7459
1754334000,0.7437
1754337600,0.7493
1754341200,0.7529
1754344800,0.7575
1754348400,0.755
1754352000,0.7582
1754355600,0.7531
1754359200,0.7546
1754362800,0.7471
1754366400,0.7464
1754370000,0.7496
1754373600,0.7432
1754377200,0.7352
1754380800,0.7373
1754384400,0.7479
1754388000,0.7546
1754391600,0.752
1754395200,0.74
1754398800,0.7432
1754402400,0.7262
1754406000,0.7229
1754409600,0.7242
1754413200,0.7283
1754416800,0.7249
1754420400,0.7201
1754424000,0.7213
1754427600,0.7181
1754431200,0.7233
1754434800,0.7256
1754438400,0.7178
1754442000,0.7196
1754445600,0.7172
1754449200,0.7129
1754452800,0.714
1754456400,0.7254
1754460000,0.7251
1754463600,0.727
1754467200,0.723
1754470800,0.7272
1754474400,0.7243
1754478000,0.7262
1754481600,0.7226
1754485200,0.7265
1754488800,0.7354
1754492400,0.7418
1754496000,0.7375
1754499600,0.7436
1754503200,0.7427
1754506800,0.7427
1754510400,0.7399
1754514000,0.7405
1754517600,0.7426
1754521200,0.7413
1754524800,0.7402
1754528400,0.7386
1754532000,0.7364
1754535600,0.7345
1754539200,0.7363
1754542800,0.7401
1754546400,0.7399
1754550000,0.7413
1754553600,0.7419
1754557200,0.7432
1754560800,0.764
1754564400,0.7676
1754568000,0.7679
1754571600,0.7674
1754575200,0.7595
1754578800,0.7629
1754582400,0.7529
1754586000,0.7539
1754589600,0.7551
1754593200,0.766
1754596800,0.7695
1754600400,0.7766
1754604000,0.7881
1754607600,0.7877
1754611200,0.7894
1754614800,0.7896
1754618400,0.7893
1754622000,0.7963
1754625600,0.7901
1754629200,0.7897
1754632800,0.7971
1754636400,0.7993
1754640000,0.7958
1754643600,0.7999
1754647200,0.8004
1754650800,0.7999
1754654400,0.7874
1754658000,0.8017
1754661600,0.79
1754665200,0.7817
1754668800,0.7854
1754672400,0.7993
1754676000,0.7943
1754679600,0.7993
1754683200,0.7969
1754686800,0.7957
1754690400,0.7947
1754694000,0.7912
1754697600,0.7928
1754701200,0.798
1754704800,0.799
1754708400,0.7956
1754712000,0.8023
1754715600,0.8115
1754719200,0.8032
1754722800,0.8074
1754726400,0.8096
1754730000,0.8151
1754733600,0.8125
1754737200,0.807
1754740800,0.8188
1754744400,0.8032
1754748000,0.8097
1754751600,0.8053
1754755200,0.8093
1754758800,0.8182
1754762400,0.816
1754766000,0.816
1754769600,0.8171
1754773200,0.8083
1754776800,0.8051
1754780400,0.8029
1754784000,0.8114
1754787600,0.8143
1754791200,0.8114
1754794800,0.8241
1754798400,0.8335
1754802000,0.8132
1754805600,0.8106
1754809200,0.7946
1754812800,0.8008
1754816400,0.7979
1754820000,0.7901
1754823600,0.7904
1754827200,0.7944
1754830800,0.7893
1754834400,0.8018
1754838000,0.8011
1754841600,0.8039
1754845200,0.8033
1754848800,0.8072
1754852400,0.8059
1754856000,0.7994
1754859600,0.7992
1754863200,0.8006
1754866800,0.8015
1754870400,0.8001
1754874000,0.8112
1754877600,0.8274
1754881200,0.8258
1754884800,0.825
1754888400,0.8219
1754892000,0.8247
1754895600,0.8098
1754899200,0.8168
1754902800,0.8133
1754906400,0.8071
1754910000,0.7907
1754913600,0.7887
1754917200,0.7945
1754920800,0.7904
1754924400,0.796
1754928000,0.7941
1754931600,0.7906
1754935200,0.7934
1754938800,0.7853
1754942400,0.782
1754946000,0.7747
1754949600,0.7733
1754953200,0.773
1754956800,0.7804
1754960400,0.7833
1754964000,0.7845
1754967600,0.7817
1754971200,0.7857
1754974800,0.7772
1754978400,0.7801
1754982000,0.7822
1754985600,0.7801
1754989200,0.7738
1754992800,0.7695
1754996400,0.7752
1755000000,0.7925
1755003600,0.7911
1755007200,0.8068
1755010800,0.8144
1755014400,0.8234
1755018000,0.8268
1755021600,0.8393
1755025200,0.8483
1755028800,0.8509
1755032400,0.8499
1755036000,0.8428
1755039600,0.841
1755043200,0.8434
1755046800,0.8379
1755050400,0.8504
1755054000,0.8555
1755057600,0.8529
1755061200,0.842
1755064800,0.8456
1755068400,0.8591
1755072000,0.876
1755075600,0.8761
1755079200,0.8806
1755082800,0.8798
1755086400,0.8789
1755090000,0.8804
1755093600,0.8659
1755097200,0.8726
1755100800,0.87
1755104400,0.8728
1755108000,0.8759
1755111600,0.8839
1755115200,0.8856
1755118800,0.8852
1755122400,0.903
1755126000,0.9045
1755129600,0.9379
1755133200,0.9528
1755136800,0.9776
1755140400,0.9819
1755144000,0.9831
1755147600,0.9946
1755151200,1.017
1755154800,0.9977
1755158400,0.9857
1755162000,0.9918
1755165600,0.9676
1755169200,0.9629
1755172800,0.9218
1755176400,0.9332
1755180000,0.9268
1755183600,0.9255
1755187200,0.9087
1755190800,0.9074
1755194400,0.8991
1755198000,0.9007
1755201600,0.9017
1755205200,0.8946
1755208800,0.9201
1755212400,0.9264
1755216000,0.9262
1755219600,0.9173
1755223200,0.9236
1755226800,0.9307
1755230400,0.9218
1755234000,0.9391
1755237600,0.9579
1755241200,0.9518
1755244800,0.9456
1755248400,0.945
1755252000,0.9462
1755255600,0.9429
1755259200,0.9453
1755262800,0.9401
1755266400,0.9392
1755270000,0.9245
1755273600,0.9307
1755277200,0.9424
1755280800,0.9338
1755284400,0.9304
1755288000,0.9393
1755291600,0.9329
1755295200,0.9602
1755298800,0.946
1755302400,0.97
1755306000,0.9586
1755309600,0.9614
1755313200,0.9587
1755316800,0.9595
1755320400,0.9469
1755324000,0.9545
1755327600,0.964
1755331200,0.9601
1755334800,0.9221
1755338400,0.909
1755342000,0.9038
1755345600,0.9125
1755349200,0.9061
1755352800,0.9148
1755356400,0.9105
1755360000,0.9142
1755363600,0.9113
1755367200,0.9176
1755370800,0.9176
1755374400,0.9228
1755378000,0.9181
1755381600,0.9212
1755385200,0.9217
1755388800,0.9133
1755392400,0.9116
1755396000,0.9216
1755399600,0.9382
1755403200,0.9536
1755406800,0.954
1755410400,0.939
1755414000,0.9598
1755417600,0.9573
1755421200,0.9784
1755424800,0.9688
1755428400,0.9724
1755432000,0.9646
1755435600,0.9736
1755439200,0.9667
1755442800,0.9759
1755446400,0.9682
1755450000,0.9597
1755453600,0.9542
1755457200,0.9515
1755460800,0.9519
1755464400,0.9547
1755468000,0.9684
1755471600,0.9612
1755475200,0.9555
1755478800,0.94
1755482400,0.9214
1755486000,0.9223
1755489600,0.9267
1755493200,0.9206
1755496800,0.9146
1755500400,0.9169
1755504000,0.9171
1755507600,0.914
1755511200,0.9105
1755514800,0.898
1755518400,0.9138
1755522000,0.899
1755525600,0.9099
1755529200,0.9183
1755532800,0.9075
1755536400,0.9248
1755540000,0.9234
1755543600,0.9199
1755547200,0.9177
1755550800,0.9248
1755554400,0.928
1755558000,0.9237
1755561600,0.9326
1755565200,0.9284
1755568800,0.9217
1755572400,0.903
1755576000,0.9088
1755579600,0.9221
1755583200,0.9289
1755586800,0.929
1755590400,0.926
1755594000,0.9281
1755597600,0.9409
1755601200,0.9316
1755604800,0.9282
1755608400,0.9222
1755612000,0.8969
1755615600,0.8715
1755619200,0.8708
1755622800,0.866
1755626400,0.8548
1755630000,0.8544
1755633600,0.8592
1755637200,0.8606
1755640800,0.8577
1755644400,0.8464
1755648000,0.8495
1755651600,0.8513
1755655200,0.8488
1755658800,0.8486
1755662400,0.8542
1755666000,0.8526
1755669600,0.8499
1755673200,0.8481
1755676800,0.8633
1755680400,0.8514
1755684000,0.8564
1755687600,0.8493
1755691200,0.8606
1755694800,0.846
1755698400,0.8593
1755702000,0.8713
1755705600,0.8758
1755709200,0.8853
1755712800,0.8714
1755716400,0.8913
1755720000,0.8837
1755723600,0.885
1755727200,0.8866
1755730800,0.8811
1755734400,0.8818
1755738000,0.8902
1755741600,0.8761
1755745200,0.8853
1755748800,0.8754
1755752400,0.879
1755756000,0.8764
1755759600,0.8756
1755763200,0.871
1755766800,0.8734
1755770400,0.8694
1755774000,0.8672
1755777600,0.8668
1755781200,0.8677
1755784800,0.8659
1755788400,0.8587
1755792000,0.8599
1755795600,0.8531
1755799200,0.8644
1755802800,0.8526
1755806400,0.8569
1755810000,0.8582
1755813600,0.8569
1755817200,0.8516
1755820800,0.8529
1755824400,0.8525
1755828000,0.8594
1755831600,0.8507
1755835200,0.8541
1755838800,0.8572
1755842400,0.8511
1755846000,0.8567
1755849600,0.8529
1755853200,0.8518
1755856800,0.842
1755860400,0.8341
1755864000,0.8307
1755867600,0.8369
1755871200,0.9037
1755874800,0.9045
1755878400,0.9189
1755882000,0.9285
1755885600,0.9244
1755889200,0.9315
1755892800,0.9366
1755896400,0.9376
1755900000,0.9275
1755903600,0.9309
1755907200,0.9217
1755910800,0.9114
1755914400,0.9002
1755918000,0.9004
1755921600,0.9126
1755925200,0.9295
1755928800,0.9332
1755932400,0.9254
1755936000,0.9199
1755939600,0.9195
1755943200,0.9106
1755946800,0.9151
1755950400,0.9111
1755954000,0.913
1755957600,0.9115
1755961200,0.9146
1755964800,0.9112
1755968400,0.9093
1755972000,0.9127
1755975600,0.9128
1755979200,0.912
1755982800,0.9086
1755986400,0.9143
1755990000,0.9137
1755993600,0.9161
1755997200,0.9169
1756000800,0.9142
1756004400,0.9149
1756008000,0.9187
1756011600,0.9144
1756015200,0.9029
1756018800,0.9034
1756022400,0.9061
1756026000,0.8999
1756029600,0.8921
1756033200,0.8923
1756036800,0.8974
1756040400,0.896
1756044000,0.9006
1756047600,0.8988
1756051200,0.9039
1756054800,0.9222
1756058400,0.9484
1756062000,0.9223
1756065600,0.9139
1756069200,0.9215
1756072800,0.9133
1756076400,0.9086
1756080000,0.8961
1756083600,0.9098
1756087200,0.9221
1756090800,0.9186
1756094400,0.913
1756098000,0.8979
1756101600,0.8822
1756105200,0.8721
1756108800,0.8728
1756112400,0.8717
1756116000,0.8566
1756119600,0.8664
1756123200,0.8708
1756126800,0.863
1756130400,0.8731
1756134000,0.865
1756137600,0.8687
1756141200,0.8712
1756144800,0.8696
1756148400,0.8499
1756152000,0.8311
1756155600,0.833
1756159200,0.8379
1756162800,0.8373
1756166400,0.8323
1756170000,0.8423
1756173600,0.8369
1756177200,0.8364
1756180800,0.8452
1756184400,0.8406
1756188000,0.8384
1756191600,0.8406
1756195200,0.8388
1756198800,0.8407
1756202400,0.8431
1756206000,0.8386
1756209600,0.8502
1756213200,0.8467
1756216800,0.8552
1756220400,0.8492
1756224000,0.8599
1756227600,0.8589
1756231200,0.8639
1756234800,0.8735
1756238400,0.8679
1756242000,0.8707
1756245600,0.8691
1756249200,0.8665
1756252800,0.86
1756256400,0.8625
1756260000,0.8634
1756263600,0.8692
1756267200,0.8734
1756270800,0.8669
1756274400,0.8598
1756278000,0.8561
1756281600,0.8615
1756285200,0.8603
1756288800,0.859
1756292400,0.864
1756296000,0.865
1756299600,0.862
1756303200,0.8696
1756306800,0.8724
1756310400,0.8686
1756314000,0.8714
1756317600,0.8676
1756321200,0.8629
1756324800,0.8668
1756328400,0.856
1756332000,0.8552
1756335600,0.8503
1756339200,0.8507
1756342800,0.8588
1756346400,0.8536
1756350000,0.8588
1756353600,0.8709
1756357200,0.8695
1756360800,0.8705
1756364400,0.873
1756368000,0.871
1756371600,0.8658
1756375200,0.8693
1756378800,0.8679
1756382400,0.8701
1756386000,0.8691
1756389600,0.8708
1756393200,0.8592
1756396800,0.8479
1756400400,0.8522
1756404000,0.8536
1756407600,0.8434
1756411200,0.8457
1756414800,0.8501
1756418400,0.8608
1756422000,0.8577
1756425600,0.8549
1756429200,0.8428
1756432800,0.8498
1756436400,0.8525
1756440000,0.848
1756443600,0.8448
1756447200,0.8397
1756450800,0.8279
1756454400,0.8202
1756458000,0.8232
1756461600,0.826
1756465200,0.824
1756468800,0.8395
1756472400,0.8269
1756476000,0.8258
1756479600,0.8253
1756483200,0.8208
1756486800,0.8183
1756490400,0.8139
1756494000,0.8208
1756497600,0.8137
1756501200,0.8239
1756504800,0.8252
1756508400,0.8266
1756512000,0.8264
1756515600,0.8144
1756519200,0.8227
1756522800,0.8341
1756526400,0.8317
1756530000,0.8342
1756533600,0.8361
1756537200,0.837
1756540800,0.835
1756544400,0.8314
1756548000,0.8296
1756551600,0.8273
1756555200,0.8132
1756558800,0.8132
1756562400,0.8158
1756566000,0.8236
1756569600,0.8197
1756573200,0.8185
1756576800,0.817
1756580400,0.82
1756584000,0.8194
1756587600,0.8195
1756591200,0.8204
1756594800,0.8222
1756598400,0.8347
1756602000,0.8361
1756605600,0.8334
1756609200,0.8368
1756612800,0.8333
1756616400,0.8304
1756620000,0.826
1756623600,0.8265
1756627200,0.8314
1756630800,0.8252
1756634400,0.8206
1756638000,0.8244
1756641600,0.8236
1756645200,0.8213
1756648800,0.8209
1756652400,0.8267
1756656000,0.823
1756659600,0.8217
1756663200,0.8274
1756666800,0.8216
1756670400,0.8283
1756674000,0.8262
1756677600,0.8206
1756681200,0.8114
1756684800,0.8063
1756688400,0.8106
1756692000,0.8035
1756695600,0.8091
1756699200,0.801
1756702800,0.8038
1756706400,0.8026
1756710000,0.8381
1756713600,0.8417
1756717200,0.8351
1756720800,0.8282
1756724400,0.82
1756728000,0.8185
1756731600,0.8144
1756735200,0.8141
1756738800,0.8101
1756742400,0.8066
1756746000,0.8031
1756749600,0.8091
1756753200,0.8116
1756756800,0.7947
1756760400,0.788
1756764000,0.7921
1756767600,0.8016
1756771200,0.8011
1756774800,0.8052
1756778400,0.817
1756782000,0.8173
1756785600,0.8178
1756789200,0.8206
1756792800,0.8214
1756796400,0.8173
1756800000,0.8219
1756803600,0.822
1756807200,0.8212
1756810800,0.8163
1756814400,0.8018
1756818000,0.8238
1756821600,0.8225
1756825200,0.8102
1756828800,0.812
1756832400,0.8183
1756836000,0.8181
1756839600,0.8206
1756843200,0.8288
1756846800,0.8309
1756850400,0.834
1756854000,0.8349
1756857600,0.8314
1756861200,0.8371
1756864800,0.8389
1756868400,0.8342
1756872000,0.8356
1756875600,0.8302
1756879200,0.8292
1756882800,0.83
1756886400,0.8305
1756890000,0.8344
1756893600,0.8329
1756897200,0.8329
1756900800,0.8307
1756904400,0.8341
1756908000,0.8396
1756911600,0.8408
1756915200,0.8363
1756918800,0.8401
1756922400,0.8381
1756926000,0.8418
1756929600,0.8412
1756933200,0.8405
1756936800,0.8396
1756940400,0.8369
1756944000,0.8398
1756947600,0.8359
1756951200,0.8291
1756954800,0.8244
1756958400,0.8234
1756962000,0.8201
1756965600,0.8147
1756969200,0.8179
1756972800,0.8164
1756976400,0.8205
1756980000,0.8202
1756983600,0.8179
1756987200,0.8196
1756990800,0.8154
1756994400,0.8104
1756998000,0.8082
1757001600,0.8092
1757005200,0.8079
1757008800,0.8051
1757012400,0.8038
1757016000,0.8095
1757019600,0.8114
1757023200,0.8171
1757026800,0.8093
1757030400,0.8062
1757034000,0.8147
1757037600,0.8173
1757041200,0.8179
1757044800,0.8193
1757048400,0.8173
1757052000,0.8199
1757055600,0.8304
1757059200,0.8264
1757062800,0.8282
1757066400,0.8273
1757070000,0.832
1757073600,0.845
1757077200,0.8437
1757080800,0.8219
1757084400,0.8247
1757088000,0.8273
1757091600,0.8221
1757095200,0.8318
1757098800,0.836
1757102400,0.8382
1757106000,0.8305
1757109600,0.8338
1757113200,0.8304
1757116800,0.8342
1757120400,0.8314
1757124000,0.8337
1757127600,0.8337
1757131200,0.8284
1757134800,0.8239
1757138400,0.824
1757142000,0.8252
1757145600,0.8243
1757149200,0.8209
1757152800,0.8224
1757156400,0.823
1757160000,0.8241
1757163600,0.8241
1757167200,0.8257
1757170800,0.8224
1757174400,0.8231
1757178000,0.8191
1757181600,0.8204
1757185200,0.8157
1757188800,0.8206
1757192400,0.8198
1757196000,0.8182
1757199600,0.8184
1757203200,0.8215
1757206800,0.824
1757210400,0.826
1757214000,0.8283
1757217600,0.8266
1757221200,0.8279
1757224800,0.8254
1757228400,0.8266
1757232000,0.8282
1757235600,0.8276
1757239200,0.8287
1757242800,0.8325
1757246400,0.8295
1757250000,0.8308
1757253600,0.8332
1757257200,0.8339
1757260800,0.8298
1757264400,0.8272
1757268000,0.8254
1757271600,0.8287
1757275200,0.8323
1757278800,0.829
1757282400,0.8351
1757286000,0.8349
1757289600,0.8322
1757293200,0.8328
1757296800,0.8411
1757300400,0.8414
1757304000,0.8379
1757307600,0.8379
1757311200,0.84
1757314800,0.842
1757318400,0.8456
1757322000,0.8482
1757325600,0.8544
1757329200,0.8523
1757332800,0.856
1757336400,0.856
1757340000,0.8638
1757343600,0.8656
1757347200,0.8608
1757350800,0.8612
1757354400,0.8683
1757358000,0.8617
1757361600,0.8607
1757365200,0.866
1757368800,0.8662
1757372400,0.865
1757376000,0.8695
1757379600,0.865
1757383200,0.857
1757386800,0.8673
1757390400,0.8667
1757394000,0.8688
1757397600,0.8824
1757401200,0.8885
1757404800,0.8905
1757408400,0.8877
1757412000,0.8834
1757415600,0.8842
1757419200,0.8825
1757422800,0.8839
1757426400,0.8679
1757430000,0.8575
1757433600,0.8601
1757437200,0.8614
1757440800,0.8631
1757444400,0.8622
1757448000,0.864
1757451600,0.8623
1757455200,0.8672
1757458800,0.8651
1757462400,0.8606
1757466000,0.8673
1757469600,0.8768
1757473200,0.8776
1757476800,0.875
1757480400,0.873
1757484000,0.8761
1757487600,0.8805
1757491200,0.8773
1757494800,0.8763
1757498400,0.873
1757502000,0.8749
1757505600,0.8872
1757509200,0.8912
1757512800,0.8875
1757516400,0.8881
1757520000,0.8908
1757523600,0.8879
1757527200,0.883
1757530800,0.877
1757534400,0.879
1757538000,0.8859
1757541600,0.8866
1757545200,0.8852
1757548800,0.8852
1757552400,0.8889
1757556000,0.8879
1757559600,0.8946
1757563200,0.8903
1757566800,0.8861
1757570400,0.8885
1757574000,0.887
1757577600,0.8864
1757581200,0.885
1757584800,0.8897
1757588400,0.8838
1757592000,0.8817
1757595600,0.883
1757599200,0.8763
1757602800,0.8768
1757606400,0.8792
1757610000,0.8821
1757613600,0.8809
1757617200,0.8822
1757620800,0.8823
1757624400,0.8844
1757628000,0.8904
1757631600,0.894
1757635200,0.9029
1757638800,0.8986
1757642400,0.9026
1757646000,0.9009
1757649600,0.9042
1757653200,0.9061
1757656800,0.9005
1757660400,0.8996
1757664000,0.8959
1757667600,0.8928
1757671200,0.8919
1757674800,0.8881
1757678400,0.8907
1757682000,0.8883
1757685600,0.8919
1757689200,0.8938
1757692800,0.8998
1757696400,0.9032
1757700000,0.9048
1757703600,0.9085
1757707200,0.907
1757710800,0.9049
1757714400,0.9157
1757718000,0.9176
1757721600,0.9272
1757725200,0.925
1757728800,0.9265
1757732400,0.9294
1757736000,0.9265
1757739600,0.9259
1757743200,0.9301
1757746800,0.9264
1757750400,0.9376
1757754000,0.9535
1757757600,0.9441
1757761200,0.9505
1757764800,0.9476
1757768400,0.9379
1757772000,0.942
1757775600,0.938
1757779200,0.9257
1757782800,0.9253
1757786400,0.9253
1757790000,0.9269
1757793600,0.9305
1757797200,0.9298
1757800800,0.9284
1757804400,0.9298
1757808000,0.9228
1757811600,0.9241
1757815200,0.9276
1757818800,0.9175
1757822400,0.9186
1757826000,0.9229
1757829600,0.9178
1757833200,0.9161
1757836800,0.9135
1757840400,0.9189
1757844000,0.916
1757847600,0.9032
1757851200,0.8966
1757854800,0.8886
1757858400,0.8864
1757862000,0.8868
1757865600,0.8895
1757869200,0.8952
1757872800,0.8904
1757876400,0.8896
1757880000,0.891
1757883600,0.8943
1757887200,0.8956
1757890800,0.8884
1757894400,0.8883
1757898000,0.8906
1757901600,0.8901
1757905200,0.8947
1757908800,0.8989
1757912400,0.9022
1757916000,0.889
1757919600,0.8786
1757923200,0.8567
1757926800,0.8622
1757930400,0.8622
1757934000,0.8648
1757937600,0.8596
1757941200,0.8648
1757944800,0.8611
1757948400,0.8597
1757952000,0.856
1757955600,0.862
1757959200,0.8612
1757962800,0.8598
1757966400,0.8625
1757970000,0.8656
1757973600,0.8616
1757977200,0.8635
1757980800,0.8622
1757984400,0.8606
1757988000,0.8595
1757991600,0.86
1757995200,0.8595
1757998800,0.8639
1758002400,0.8632
1758006000,0.866
1758009600,0.8713
1758013200,0.8702
1758016800,0.8689
1758020400,0.8705
1758024000,0.8715
1758027600,0.867
1758031200,0.8651
1758034800,0.8707
1758038400,0.8696
1758042000,0.8769
1758045600,0.8754
1758049200,0.8775
1758052800,0.8772
1758056400,0.8825
1758060000,0.8828
1758063600,0.8805
1758067200,0.8793
1758070800,0.8781
1758074400,0.8794
1758078000,0.8742
1758081600,0.8697
1758085200,0.8788
1758088800,0.8815
1758092400,0.8826
1758096000,0.8771
1758099600,0.8723
1758103200,0.8717
1758106800,0.8723
1758110400,0.8717
1758114000,0.8706
1758117600,0.8651
1758121200,0.8686
1758124800,0.8716
1758128400,0.8634
1758132000,0.867
1758135600,0.883
1758139200,0.8813
1758142800,0.891
1758146400,0.91
1758150000,0.9137
1758153600,0.909
1758157200,0.9158
1758160800,0.9166
1758164400,0.9178
1758168000,0.9144
1758171600,0.9094
1758175200,0.9043
1758178800,0.9081
1758182400,0.9201
1758186000,0.9183
1758189600,0.9137
1758193200,0.9138
1758196800,0.9142
1758200400,0.9152
1758204000,0.9231
1758207600,0.9274
1758211200,0.9252
1758214800,0.9319
1758218400,0.9378
1758222000,0.9298
1758225600,0.9304
1758229200,0.9281
1758232800,0.9228
1758236400,0.9247
1758240000,0.9349
1758243600,0.9329
1758247200,0.9256
1758250800,0.9195
1758254400,0.9224
1758258000,0.9159
1758261600,0.9046
1758265200,0.9037
1758268800,0.9085
1758272400,0.9024
1758276000,0.9034
1758279600,0.8965
1758283200,0.8992
1758286800,0.9076
1758290400,0.8996
1758294000,0.8973
1758297600,0.905
1758301200,0.8978
1758304800,0.8968
1758308400,0.8951
1758312000,0.8934
1758315600,0.8971
1758319200,0.8963
1758322800,0.8901
1758326400,0.8978
1758330000,0.8947
1758333600,0.8969
1758337200,0.8943
1758340800,0.8955
1758344400,0.8995
1758348000,0.9028
1758351600,0.9066
1758355200,0.8946
1758358800,0.8915
1758362400,0.8898
1758366000,0.8958
1758369600,0.8953
1758373200,0.896
1758376800,0.8986
1758380400,0.9008
1758384000,0.8991
1758387600,0.8941
1758391200,0.8918
1758394800,0.8914
1758398400,0.8947
1758402000,0.8963
1758405600,0.896
1758409200,0.8936
1758412800,0.8966
1758416400,0.8926
1758420000,0.8968
1758423600,0.8992
1758427200,0.8991
1758430800,0.9
1758434400,0.9
1758438000,0.9003
1758441600,0.8928
1758445200,0.8853
1758448800,0.882
1758452400,0.8825
1758456000,0.8862
1758459600,0.8887
1758463200,0.8856
1758466800,0.8863
1758470400,0.8802
1758474000,0.8873
1758477600,0.89
1758481200,0.8891
1758484800,0.8871
1758488400,0.885
1758492000,0.8884
1758495600,0.8846
1758499200,0.8649
1758502800,0.8645
1758506400,0.8534
1758510000,0.8564
1758513600,0.8537
1758517200,0.8352
1758520800,0.825
1758524400,0.8178
1758528000,0.8211
1758531600,0.8156
1758535200,0.8261
1758538800,0.823
1758542400,0.8283
1758546000,0.8319
1758549600,0.8257
1758553200,0.821
1758556800,0.8211
1758560400,0.8227
1758564000,0.819
1758567600,0.8159
1758571200,0.8233
1758574800,0.8275
1758578400,0.8251
1758582000,0.8264
1758585600,0.823
1758589200,0.8168
1758592800,0.8099
1758596400,0.8231
1758600000,0.8189
1758603600,0.8194
1758607200,0.8268
1758610800,0.8245
1758614400,0.8261
1758618000,0.8228
1758621600,0.8233
1758625200,0.8229
1758628800,0.8238
1758632400,0.8217
1758636000,0.8187
1758639600,0.8231
1758643200,0.8267
1758646800,0.8144
1758650400,0.8113
1758654000,0.8087
1758657600,0.8132
1758661200,0.8137
1758664800,0.8109
1758668400,0.8063
1758672000,0.8107
1758675600,0.8156
1758679200,0.8113
1758682800,0.8007
1758686400,0.8062
1758690000,0.814
1758693600,0.8157
1758697200,0.8151
1758700800,0.8169
1758704400,0.8178
1758708000,0.8174
1758711600,0.8198
1758715200,0.8212
1758718800,0.8173
1758722400,0.8281
1758726000,0.8211
1758729600,0.8218
1758733200,0.8243
1758736800,0.8231
1758740400,0.8224
1758744000,0.8208
1758747600,0.8151
1758751200,0.8146
1758754800,0.813
1758758400,0.8085
1758762000,0.8035
1758765600,0.8075
1758769200,0.8008
1758772800,0.7903
1758776400,0.7974
1758780000,0.7901
1758783600,0.7908
1758787200,0.7867
1758790800,0.7859
1758794400,0.786
1758798000,0.7815
1758801600,0.785
1758805200,0.7897
1758808800,0.7945
1758812400,0.7915
1758816000,0.7775
1758819600,0.7585
1758823200,0.7774
1758826800,0.7716
1758830400,0.7653
1758834000,0.7697
1758837600,0.768
1758841200,0.764
1758844800,0.7791
1758848400,0.7784
1758852000,0.7761
1758855600,0.7775
1758859200,0.7741
1758862800,0.7723
1758866400,0.7746
1758870000,0.7748
1758873600,0.7758
1758877200,0.7729
1758880800,0.7627
1758884400,0.7641
1758888000,0.7731
1758891600,0.7778
1758895200,0.7671
1758898800,0.7753
1758902400,0.7839
1758906000,0.7903
1758909600,0.7935
1758913200,0.7897
1758916800,0.7885
1758920400,0.7914
1758924000,0.7912
1758927600,0.7924
1758931200,0.7929
1758934800,0.7909
1758938400,0.7896
1758942000,0.7926
1758945600,0.7922
1758949200,0.7917
1758952800,0.7906
1758956400,0.7841
1758960000,0.7799
1758963600,0.7829
1758967200,0.7848
1758970800,0.7835
1758974400,0.7857
1758978000,0.7861
1758981600,0.7845
1758985200,0.7858
1758988800,0.7835
1758992400,0.7811
1758996000,0.781
1758999600,0.7817
1759003200,0.78
1759006800,0.7844
1759010400,0.7848
1759014000,0.7814
1759017600,0.7783
1759021200,0.7737
1759024800,0.7753
1759028400,0.7753
1759032000,0.7754
1759035600,0.7743
1759039200,0.7727
1759042800,0.7734
1759046400,0.7706
1759050000,0.7686
1759053600,0.769
1759057200,0.7691
1759060800,0.7667
1759064400,0.777
1759068000,0.7798
1759071600,0.7819
1759075200,0.7875
1759078800,0.7911
1759082400,0.7914
1759086000,0.7904
1759089600,0.7939
1759093200,0.7947
1759096800,0.8094
1759100400,0.8088
1759104000,0.8054
1759107600,0.7998
1759111200,0.8015
1759114800,0.805
1759118400,0.8018
1759122000,0.7996
1759125600,0.7954
1759129200,0.7984
1759132800,0.8017
1759136400,0.7989
1759140000,0.7939
1759143600,0.7947
1759147200,0.7911
1759150800,0.8071
1759154400,0.813
1759158000,0.8027
1759161600,0.7989
1759165200,0.801
1759168800,0.7995
1759172400,0.8052
1759176000,0.8138
1759179600,0.8115
1759183200,0.809
1759186800,0.8063
1759190400,0.8014
1759194000,0.8004
1759197600,0.7985
1759201200,0.7982
1759204800,0.7977
1759208400,0.8008
1759212000,0.801
1759215600,0.7944
1759219200,0.792
1759222800,0.7869
1759226400,0.7888
1759230000,0.7914
1759233600,0.7898
1759237200,0.7914
1759240800,0.7917
1759244400,0.7833
1759248000,0.7835
1759251600,0.7841
1759255200,0.7901
1759258800,0.8012
1759262400,0.8089
1759266000,0.8047
1759269600,0.8019
1759273200,0.8072
1759276800,0.8071
1759280400,0.8112
1759284000,0.8052
1759287600,0.7982
1759291200,0.8012
1759294800,0.8035
1759298400,0.7992
1759302000,0.8048
1759305600,0.8291
1759309200,0.8339
1759312800,0.832
1759316400,0.8367
1759320000,0.8328
1759323600,0.8378
1759327200,0.8398
1759330800,0.8421
1759334400,0.8356
1759338000,0.8356
1759341600,0.8434
1759345200,0.8459
1759348800,0.8439
1759352400,0.8411
1759356000,0.8452
1759359600,0.8512
1759363200,0.8492
1759366800,0.8586
1759370400,0.8583
1759374000,0.8554
1759377600,0.855
1759381200,0.8544
1759384800,0.861
1759388400,0.8547
1759392000,0.8568
1759395600,0.8556
1759399200,0.853
1759402800,0.8506
1759406400,0.8559
1759410000,0.8538
1759413600,0.8415
1759417200,0.8544
1759420800,0.8595
1759424400,0.8616
1759428000,0.8722
1759431600,0.8749
1759435200,0.8714
1759438800,0.8692
1759442400,0.8661
1759446000,0.8712
1759449600,0.8633
1759453200,0.8568
1759456800,0.863
1759460400,0.8622
1759464000,0.8648
1759467600,0.8612
1759471200,0.8584
1759474800,0.8576
1759478400,0.8604
1759482000,0.8591
1759485600,0.8587
1759489200,0.8548
1759492800,0.855
1759496400,0.8566
1759500000,0.8607
1759503600,0.8739
1759507200,0.8781
1759510800,0.8622
1759514400,0.8726
1759518000,0.8707
1759521600,0.8721
1759525200,0.8694
1759528800,0.8709
1759532400,0.8659
1759536000,0.8632
1759539600,0.8571
1759543200,0.8546
1759546800,0.855
1759550400,0.8558
1759554000,0.857
1759557600,0.8568
1759561200,0.853
1759564800,0.8468
1759568400,0.8451
1759572000,0.8433
1759575600,0.8436
1759579200,0.8427
1759582800,0.8463
1759586400,0.8388
1759590000,0.8356
1759593600,0.8375
1759597200,0.8373
1759600800,0.8365
1759604400,0.8386
1759608000,0.8387
1759611600,0.841
1759615200,0.8415
1759618800,0.8396
1759622400,0.8358
1759626000,0.8411
1759629600,0.8598
1759633200,0.8553
1759636800,0.8679
1759640400,0.8728
1759644000,0.8676
1759647600,0.8782
1759651200,0.8776
1759654800,0.8663
1759658400,0.8626
1759662000,0.8633
1759665600,0.8564
1759669200,0.8583
1759672800,0.8545
1759676400,0.8538
1759680000,0.8537
1759683600,0.8445
1759687200,0.8435
1759690800,0.8308
1759694400,0.835
1759698000,0.8369
1759701600,0.8373
1759705200,0.8375
1759708800,0.8359
1759712400,0.8404
1759716000,0.8408
1759719600,0.8404
1759723200,0.8389
1759726800,0.8429
1759730400,0.846
1759734000,0.8434
1759737600,0.8517
1759741200,0.8509
1759744800,0.8515
1759748400,0.8512
1759752000,0.8549
1759755600,0.8651
1759759200,0.8631
1759762800,0.8735
1759766400,0.8735
1759770000,0.8761
1759773600,0.8799
1759777200,0.8779
1759780800,0.8733
1759784400,0.8766
1759788000,0.8775
1759791600,0.8716
1759795200,0.8762
1759798800,0.8728
1759802400,0.8706
1759806000,0.8686
1759809600,0.8717
1759813200,0.8726
1759816800,0.858
1759820400,0.8575
1759824000,0.8562
1759827600,0.856
1759831200,0.8584
1759834800,0.8602
1759838400,0.8707
1759842000,0.8579
1759845600,0.8402
1759849200,0.8337
1759852800,0.8359
1759856400,0.8291
1759860000,0.8248
1759863600,0.8257
1759867200,0.8295
1759870800,0.8261
1759874400,0.8244
1759878000,0.8204
1759881600,0.826
1759885200,0.8282
1759888800,0.8252
1759892400,0.8133
1759896000,0.8182
1759899600,0.8145
1759903200,0.8158
1759906800,0.818
1759910400,0.8205
1759914000,0.8196
1759917600,0.8254
1759921200,0.8221
1759924800,0.8235
1759928400,0.8212
1759932000,0.8174
1759935600,0.8185
1759939200,0.8283
1759942800,0.8434
1759946400,0.8412
1759950000,0.8397
1759953600,0.835
1759957200,0.8386
1759960800,0.8382
1759964400,0.8393
1759968000,0.8354
1759971600,0.8268
1759975200,0.8151
1759978800,0.8212
1759982400,0.8253
1759986000,0.8211
1759989600,0.8174
1759993200,0.8144
1759996800,0.8028
1760000400,0.8076
1760004000,0.8084
1760007600,0.8127
1760011200,0.8197
1760014800,0.808
1760018400,0.8065
1760022000,0.8045
1760025600,0.7971
1760029200,0.8089
1760032800,0.805
1760036400,0.8094
1760040000,0.8091
1760043600,0.8126
1760047200,0.8181
1760050800,0.8157
1760054400,0.8158
1760058000,0.8157
1760061600,0.8135
1760065200,0.8159
1760068800,0.8165
1760072400,0.8218
1760076000,0.8158
1760079600,0.8106
1760083200,0.8174
1760086800,0.8125
1760090400,0.8179
1760094000,0.8177
1760097600,0.819
1760101200,0.8188
1760104800,0.8065
1760108400,0.7838
1760112000,0.7811
1760115600,0.7784
1760119200,0.7745
1760122800,0.7676
1760126400,0.72
1760130000,0.7588
1760133600,0.6825
1760137200,0.6582
1760140800,0.6555
1760144400,0.6344
1760148000,0.6671
1760151600,0.6487
1760155200,0.6588
1760158800,0.6481
1760162400,0.6503
1760166000,0.6534
1760169600,0.6733
1760173200,0.6676
1760176800,0.6689
1760180400,0.6669
1760184000,0.654
1760187600,0.654
1760191200,0.6526
1760194800,0.6555
1760198400,0.6522
1760202000,0.6575
1760205600,0.6521
1760209200,0.6323
1760212800,0.622
1760216400,0.6317
1760220000,0.6327
1760223600,0.6324
1760227200,0.6228
1760230800,0.6224
1760234400,0.6237
1760238000,0.6342
1760241600,0.6438
1760245200,0.6475
1760248800,0.6507
1760252400,0.6476
1760256000,0.6443
1760259600,0.6475
1760263200,0.6433
1760266800,0.6442
1760270400,0.6486
1760274000,0.6399
1760277600,0.6611
1760281200,0.6807
1760284800,0.6883
1760288400,0.6919
1760292000,0.689
1760295600,0.6993
1760299200,0.7011
1760302800,0.6972
1760306400,0.7002
1760310000,0.7008
1760313600,0.7004
1760317200,0.7079
1760320800,0.7115
1760324400,0.7044
1760328000,0.7079
1760331600,0.702
1760335200,0.7141
1760338800,0.7177
1760342400,0.727
1760346000,0.7239
1760349600,0.7178
1760353200,0.7073
1760356800,0.7095
1760360400,0.724
1760364000,0.7061
1760367600,0.7165
1760371200,0.7165
1760374800,0.726
1760378400,0.7223
1760382000,0.725
1760385600,0.7341
1760389200,0.7315
1760392800,0.7325
1760396400,0.7291
1760400000,0.7282
1760403600,0.7225
1760407200,0.7176
1760410800,0.7163
1760414400,0.7046
1760418000,0.6974
1760421600,0.6823
1760425200,0.6779
1760428800,0.6821
1760432400,0.6795
1760436000,0.673
1760439600,0.6776
1760443200,0.6694
1760446800,0.6755
1760450400,0.6798
1760454000,0.6965
1760457600,0.6966
1760461200,0.6989
1760464800,0.7021
1760468400,0.6947
1760472000,0.6952
1760475600,0.6962
1760479200,0.6963
1760482800,0.6992
1760486400,0.6981
1760490000,0.6964
1760493600,0.6983
1760497200,0.6917
1760500800,0.6965
1760504400,0.6994
1760508000,0.7035
1760511600,0.7028
1760515200,0.7057
1760518800,0.7005
1760522400,0.6948
1760526000,0.6914
1760529600,0.6906
1760533200,0.6873
1760536800,0.68
1760540400,0.6732
1760544000,0.6706
1760547600,0.674
1760551200,0.6765
1760554800,0.6697
1760558400,0.6648
1760562000,0.6628
1760565600,0.6645
1760569200,0.6688
1760572800,0.6671
1760576400,0.6726
1760580000,0.6736
1760583600,0.6705
1760587200,0.669
1760590800,0.6681
1760594400,0.676
1760598000,0.6709
1760601600,0.6686
1760605200,0.6746
1760608800,0.6788
1760612400,0.6804
1760616000,0.6798
1760619600,0.6731
1760623200,0.6693
1760626800,0.6524
1760630400,0.6645
1760634000,0.655
1760637600,0.653
1760641200,0.6436
1760644800,0.6379
1760648400,0.6451
1760652000,0.6384
1760655600,0.6453
1760659200,0.6502
1760662800,0.6488
1760666400,0.6496
1760670000,0.6519
1760673600,0.6468
1760677200,0.6425
1760680800,0.6238
1760684400,0.6094
1760688000,0.5978
1760691600,0.6032
1760695200,0.6039
1760698800,0.617
1760702400,0.6172
1760706000,0.6219
1760709600,0.6143
1760713200,0.6255
1760716800,0.6252
1760720400,0.626
1760724000,0.6264
1760727600,0.6241
1760731200,0.6294
1760734800,0.6327
1760738400,0.6293
1760742000,0.6246
1760745600,0.6281
1760749200,0.6351
1760752800,0.6297
1760756400,0.6324
1760760000,0.6256
1760763600,0.6294
1760767200,0.6298
1760770800,0.632
1760774400,0.6312
1760778000,0.6362
1760781600,0.6352
1760785200,0.6386
1760788800,0.6364
1760792400,0.6313
1760796000,0.633
1760799600,0.6324
1760803200,0.6302
1760806800,0.6368
1760810400,0.6354
1760814000,0.6366
1760817600,0.6347
1760821200,0.6352
1760824800,0.6337
1760828400,0.6343
1760832000,0.6308
1760835600,0.6312
1760839200,0.6297
1760842800,0.635
1760846400,0.6333
1760850000,0.6322
1760853600,0.6292
1760857200,0.6304
1760860800,0.6261
1760864400,0.6356
1760868000,0.6446
1760871600,0.6428
1760875200,0.6413
1760878800,0.654
1760882400,0.6581
1760886000,0.6606
1760889600,0.6586
1760893200,0.6585
1760896800,0.6616
1760900400,0.6598
1760904000,0.6619
1760907600,0.6584
1760911200,0.6589
1760914800,0.653
1760918400,0.6472
1760922000,0.6456
1760925600,0.649
1760929200,0.6628
1760932800,0.6654
1760936400,0.6681
1760940000,0.6735
1760943600,0.6698
1760947200,0.6699
1760950800,0.6722
1760954400,0.67
1760958000,0.6667
1760961600,0.6663
1760965200,0.6681
1760968800,0.6689
1760972400,0.6645
1760976000,0.6598
1760979600,0.6599
1760983200,0.6643
1760986800,0.6674
1760990400,0.6686
1760994000,0.6648
1760997600,0.6665
1761001200,0.6627
1761004800,0.6618
1761008400,0.6595
1761012000,0.6531
1761015600,0.6498
1761019200,0.64
1761022800,0.6411
1761026400,0.6437
1761030000,0.6439
1761033600,0.6408
1761037200,0.641
1761040800,0.6457
1761044400,0.6458
1761048000,0.6484
1761051600,0.6465
1761055200,0.6746
1761058800,0.6808
1761062400,0.6703
1761066000,0.6695
1761069600,0.6694
1761073200,0.669
1761076800,0.6609
1761080400,0.661
1761084000,0.6498
1761087600,0.6431
1761091200,0.6416
1761094800,0.6432
1761098400,0.6424
1761102000,0.6419
1761105600,0.6438
1761109200,0.6363
1761112800,0.6355
1761116400,0.6371
1761120000,0.6358
1761123600,0.6311
1761127200,0.6301
1761130800,0.6362
1761134400,0.6377
1761138000,0.6428
1761141600,0.6399
1761145200,0.6356
1761148800,0.6331
1761152400,0.6287
1761156000,0.6274
1761159600,0.6275
1761163200,0.6227
1761166800,0.6161
1761170400,0.6157
1761174000,0.6238
1761177600,0.6264
1761181200,0.6267
1761184800,0.6271
1761188400,0.6275
1761192000,0.63
1761195600,0.6328
1761199200,0.6428
1761202800,0.6396
1761206400,0.6407
1761210000,0.6405
1761213600,0.64
1761217200,0.6359
1761220800,0.6399
1761224400,0.6405
1761228000,0.6398
1761231600,0.6429
1761235200,0.6482
1761238800,0.6527
1761242400,0.6459
1761246000,0.6456
1761249600,0.6394
1761253200,0.6392
1761256800,0.6413
1761260400,0.643
1761264000,0.6451
1761267600,0.6443
1761271200,0.6426
1761274800,0.6408
1761278400,0.6515
1761282000,0.6526
1761285600,0.6544
1761289200,0.6498
1761292800,0.6517
1761296400,0.6506
1761300000,0.6478
1761303600,0.6508
1761307200,0.6548
1761310800,0.6539
1761314400,0.6465
1761318000,0.6453
1761321600,0.6466
1761325200,0.648
1761328800,0.6513
1761332400,0.655
1761336000,0.6562
1761339600,0.6584
1761343200,0.6575
1761346800,0.6561
1761350400,0.6554
1761354000,0.6576
1761357600,0.6568
1761361200,0.6535
1761364800,0.6568
1761368400,0.6554
1761372000,0.6519
1761375600,0.6518
1761379200,0.6545
1761382800,0.6508
1761386400,0.6507
1761390000,0.6541
1761393600,0.6558
1761397200,0.6528
1761400800,0.6543
1761404400,0.6523
1761426000,0.6555
1761429600,0.6566
1761433200,0.6543
1761436800,0.654
1761440400,0.6512
1761444000,0.6491
1761447600,0.6479
1761451200,0.6507
1761454800,0.6534
1761458400,0.6544
1761462000,0.6557
1761465600,0.6574
1761469200,0.6637
1761472800,0.6622
1761476400,0.6734
1761480000,0.676
1761483600,0.6774
1761487200,0.6754
1761490800,0.6776
1761494400,0.6737
1761498000,0.6742
1761501600,0.6756
1761505200,0.6729
1761508800,0.6703
1761512400,0.6738
1761516000,0.6835
1761519600,0.6813
1761523200,0.6853
1761526800,0.6913
1761530400,0.6881
1761534000,0.6845
1761537600,0.6847
1761541200,0.6851
1761544800,0.6861
1761548400,0.6801
1761552000,0.6825
1761555600,0.6762
1761559200,0.6761
1761562800,0.6776
1761566400,0.6729
1761570000,0.6738
1761573600,0.67
1761577200,0.6743
1761580800,0.6835
1761584400,0.6827
1761588000,0.6808
1761591600,0.6746
1761595200,0.669
1761598800,0.6687
1761602400,0.6666
1761606000,0.667
1761609600,0.6665
1761613200,0.6703
1761616800,0.6655
1761620400,0.6651
1761624000,0.6667
1761627600,0.6582
1761631200,0.6675
1761634800,0.6635
1761638400,0.6653
1761642000,0.6658
1761645600,0.6652
1761649200,0.6622
1761652800,0.6674
1761656400,0.6721
1761660000,0.6653
1761663600,0.6641
1761667200,0.6696
1761670800,0.6697
1761674400,0.6656
1761678000,0.6545
1761681600,0.6434
1761685200,0.6446
1761688800,0.6485
1761692400,0.646
1761696000,0.6433
1761699600,0.6443
1761703200,0.6446
1761706800,0.642
1761710400,0.6432
1761714000,0.6453
1761717600,0.6457
1761721200,0.6461
1761724800,0.6417
1761728400,0.6426
1761732000,0.6461
1761735600,0.6501
1761739200,0.6518
1761742800,0.6478
1761746400,0.6458
1761750000,0.639
1761753600,0.6409
1761757200,0.6562
1761760800,0.6468
1761764400,0.6504
1761768000,0.6534
1761771600,0.6534
1761775200,0.6485
1761778800,0.6401
1761782400,0.6433
1761786000,0.6429
1761789600,0.6479
1761793200,0.6448
1761796800,0.6292
1761800400,0.6402
1761804000,0.6418
1761807600,0.6454
1761811200,0.6395
1761814800,0.6335
1761818400,0.6319
1761822000,0.6291
1761825600,0.6189
1761829200,0.6106
1761832800,0.6113
1761836400,0.6031
1761840000,0.6063
1761843600,0.6017
1761847200,0.5947
1761850800,0.5881
1761854400,0.5958
1761858000,0.5993
1761861600,0.5995
1761865200,0.6016
1761868800,0.6077
1761872400,0.6117
1761876000,0.6074
1761879600,0.6106
1761883200,0.6152
1761886800,0.6124
1761890400,0.612
1761894000,0.611
1761897600,0.6141
1761901200,0.6111
1761904800,0.6102
1761908400,0.6165
1761912000,0.6116
1761915600,0.6146
1761919200,0.6172
1761922800,0.6124
1761926400,0.6017
1761930000,0.6017
1761933600,0.604
1761937200,0.6108
1761940800,0.607
1761944400,0.6081
1761948000,0.6092
1761951600,0.6091
1761955200,0.6082
1761958800,0.6057
1761962400,0.608
1761966000,0.6123
1761969600,0.6119
1761973200,0.6086
1761976800,0.6102
1761980400,0.6136
1761984000,0.6162
1761987600,0.614
1761991200,0.6134
1761994800,0.6128
1761998400,0.6134
1762002000,0.6106
1762005600,0.6069
1762009200,0.6121
1762012800,0.6127
1762016400,0.6108
1762020000,0.612
1762023600,0.6133
1762027200,0.6137
1762030800,0.6079
1762034400,0.6109
1762038000,0.6126
1762041600,0.6098
1762045200,0.6086
1762048800,0.6095
1762052400,0.6086
1762056000,0.6158
1762059600,0.6156
1762063200,0.6158
1762066800,0.6179
1762070400,0.6135
1762074000,0.6104
1762077600,0.6081
1762081200,0.614
1762084800,0.611
1762088400,0.6069
1762092000,0.6002
1762095600,0.5993
1762099200,0.601
1762102800,0.5996
1762106400,0.598
1762110000,0.5967
1762113600,0.5997
1762117200,0.6016
1762120800,0.6004
1762124400,0.6105
1762128000,0.6025
1762131600,0.5974
1762135200,0.5913
1762138800,0.5755
1762142400,0.5776
1762146000,0.5728
1762149600,0.5733
1762153200,0.5773
1762156800,0.5792
1762160400,0.575
1762164000,0.5724
1762167600,0.5757
1762171200,0.5753
1762174800,0.5746
1762178400,0.5781
1762182000,0.5504
1762185600,0.5597
1762189200,0.5664
1762192800,0.56
1762196400,0.5551
1762200000,0.5464
1762203600,0.5526
1762207200,0.5488
1762210800,0.5526
1762214400,0.5555
1762218000,0.5589
1762221600,0.5575
1762225200,0.5612
1762228800,0.5579
1762232400,0.534
1762236000,0.5392
1762239600,0.534
1762243200,0.5395
1762246800,0.5414
1762250400,0.5408
1762254000,0.546
1762257600,0.5395
1762261200,0.5373
1762264800,0.5489
1762268400,0.5423
1762272000,0.5295
1762275600,0.5243
1762279200,0.524
1762282800,0.514
1762286400,0.5103
1762290000,0.5102
1762293600,0.5235
1762297200,0.5205
1762300800,0.515
1762304400,0.5118
1762308000,0.529
1762311600,0.5324
1762315200,0.533
1762318800,0.5337
1762322400,0.5352
1762326000,0.5343
1762329600,0.527
1762333200,0.5314
1762336800,0.5252
1762340400,0.535
1762344000,0.5384
1762347600,0.5422
1762351200,0.5417
1762354800,0.5488
1762358400,0.5488
1762362000,0.5466
1762365600,0.5477
1762369200,0.5433
1762372800,0.5441
1762376400,0.5424
1762380000,0.5477
1762383600,0.5451
1762387200,0.5426
1762390800,0.5407
1762394400,0.5423
1762398000,0.543
1762401600,0.5427
1762405200,0.5349
1762408800,0.5344
1762412400,0.5342
1762416000,0.5362
1762419600,0.5358
1762423200,0.5355
1762426800,0.5351
1762430400,0.5293
1762434000,0.5368
1762437600,0.5268
1762441200,0.5234
1762444800,0.5212
1762448400,0.5278
1762452000,0.5275
1762455600,0.5281
1762459200,0.525
1762462800,0.5291
1762466400,0.5336
1762470000,0.5315
1762473600,0.5377
1762477200,0.535
1762480800,0.5376
1762484400,0.5403
1762488000,0.5386
1762491600,0.545
1762495200,0.5421
1762498800,0.5476
1762502400,0.5469
1762506000,0.5407
1762509600,0.5347
1762513200,0.5308
1762516800,0.5233
1762520400,0.5268
1762524000,0.5363
1762527600,0.5439
1762531200,0.5669
1762534800,0.5779
1762538400,0.5794
1762542000,0.5798
1762545600,0.5815
1762549200,0.5854
1762552800,0.5828
1762556400,0.576
1762560000,0.5739
1762563600,0.5832
1762567200,0.5847
1762570800,0.5824
1762574400,0.586
1762578000,0.5778
1762581600,0.5773
1762585200,0.5822
1762588800,0.5835
1762592400,0.5761
1762596000,0.5784
1762599600,0.5745
1762603200,0.5766
1762606800,0.5665
1762610400,0.5648
1762614000,0.5573
1762617600,0.5579
1762621200,0.5606
1762624800,0.5629
1762628400,0.5607
1762632000,0.5627
1762635600,0.5641
1762639200,0.5672
1762642800,0.5687
1762646400,0.5606
1762650000,0.5631
1762653600,0.5527
1762657200,0.5501
1762660800,0.5539
1762664400,0.5556
1762668000,0.5564
1762671600,0.5626
1762675200,0.5595
1762678800,0.5534
1762682400,0.5587
1762686000,0.5626
1762689600,0.5632
1762693200,0.5646
1762696800,0.5709
1762700400,0.5754
1762704000,0.5776
1762707600,0.5718
1762711200,0.5771
1762714800,0.5829
1762718400,0.5802
1762722000,0.5796
1762725600,0.5783
1762729200,0.5787
1762732800,0.5874
1762736400,0.5838
1762740000,0.585
1762743600,0.5884
1762747200,0.5896
1762750800,0.5895
1762754400,0.5869
1762758000,0.5893
1762761600,0.5871
1762765200,0.6
1762768800,0.5947
1762772400,0.5958
1762776000,0.5932
1762779600,0.5972
1762783200,0.5846
1762786800,0.5847
1762790400,0.5811
1762794000,0.5868
1762797600,0.5838
1762801200,0.5881
1762804800,0.5915
1762808400,0.5877
1762812000,0.5973
1762815600,0.5927
1762819200,0.593
1762822800,0.5936
1762826400,0.6017
1762830000,0.5988
1762833600,0.5893
1762837200,0.5827
1762840800,0.5832
1762844400,0.5758
1762848000,0.5776
1762851600,0.5754
1762855200,0.5795
1762858800,0.5804
1762862400,0.5789
1762866000,0.5756
1762869600,0.5818
1762873200,0.572
1762876800,0.5718
1762880400,0.5705
1762884000,0.5686
1762887600,0.5621
1762891200,0.5596
1762894800,0.5561
1762898400,0.5608
1762902000,0.5562
1762905600,0.5539
1762909200,0.5595
1762912800,0.5579
1762916400,0.5605
1762920000,0.5612
1762923600,0.5608
1762927200,0.5612
1762930800,0.5567
1762934400,0.5648
1762938000,0.567
1762941600,0.572
1762945200,0.5738
1762948800,0.5754
1762952400,0.5795
1762956000,0.5701
1762959600,0.558
1762963200,0.5483
1762966800,0.5491
1762970400,0.5467
1762974000,0.5435
1762977600,0.5476
1762981200,0.5498
1762984800,0.5495
1762988400,0.5456
1762992000,0.5479
1762995600,0.5497
1762999200,0.5518
1763002800,0.5584
1763006400,0.5602
1763010000,0.5667
1763013600,0.5673
1763017200,0.5646
1763020800,0.5677
1763024400,0.5645
1763028000,0.5661
1763031600,0.5647
1763035200,0.5661
1763038800,0.5598
1763042400,0.5639
1763046000,0.5539
1763049600,0.5416
1763053200,0.529
1763056800,0.5223
1763060400,0.5215
1763064000,0.5186
1763067600,0.5192
1763071200,0.5288
1763074800,0.5294
1763078400,0.5255
1763082000,0.5254
1763085600,0.5289
1763089200,0.5254
1763092800,0.5165
1763096400,0.5216
1763100000,0.526
1763103600,0.5233
1763107200,0.5195
1763110800,0.5145
1763114400,0.5182
1763118000,0.5129
1763121600,0.5104
1763125200,0.5069
1763128800,0.5146
1763132400,0.5138
1763136000,0.5183
1763139600,0.51
1763143200,0.5083
1763146800,0.5157
1763150400,0.5013
1763154000,0.5065
1763157600,0.5029
1763161200,0.4979
1763164800,0.5041
1763168400,0.5094
1763172000,0.5136
1763175600,0.5115
1763179200,0.507
1763182800,0.5087
1763186400,0.514
1763190000,0.5097
1763193600,0.5012
1763197200,0.5015
1763200800,0.5045
1763204400,0.5016
1763208000,0.5057
1763211600,0.5087
1763215200,0.5081
1763218800,0.5067
1763222400,0.5069
1763226000,0.5097
1763229600,0.5089
1763233200,0.5076
1763236800,0.5023
1763240400,0.5
1763244000,0.5039
1763247600,0.5034
1763251200,0.5003
1763254800,0.4989
1763258400,0.5047
1763262000,0.504
1763265600,0.5019
1763269200,0.5017
1763272800,0.501
1763276400,0.505
1763280000,0.5041
1763283600,0.5088
1763287200,0.5065
1763290800,0.497
1763294400,0.4978
1763298000,0.4911
1763301600,0.4946
1763305200,0.4837
1763308800,0.4784
1763312400,0.4809
1763316000,0.4804
1763319600,0.4811
1763323200,0.4815
1763326800,0.4796
1763330400,0.4829
1763334000,0.4843
1763337600,0.4915
1763341200,0.487
1763344800,0.4898
1763348400,0.4931
1763352000,0.4922
1763355600,0.4911
1763359200,0.4944
1763362800,0.4957
1763366400,0.4931
1763370000,0.4934
1763373600,0.4946
1763377200,0.4951
1763380800,0.4928
1763384400,0.4774
1763388000,0.4866
1763391600,0.4754
1763395200,0.483
1763398800,0.47
1763402400,0.4662
1763406000,0.4601
1763409600,0.4617
1763413200,0.4613
1763416800,0.4637
1763420400,0.4658
1763424000,0.4653
1763427600,0.4635
1763431200,0.4616
1763434800,0.4678
1763438400,0.4665
1763442000,0.4656
1763445600,0.4595
1763449200,0.4644
1763452800,0.4688
1763456400,0.4689
1763460000,0.4695
1763463600,0.4684
1763467200,0.4686
1763470800,0.4643
1763474400,0.462
1763478000,0.4736
1763481600,0.4799
1763485200,0.4761
1763488800,0.4791
1763492400,0.4781
1763496000,0.4776
1763499600,0.4715
1763503200,0.4783
1763506800,0.475
1763510400,0.4729
1763514000,0.4733
1763517600,0.4746
1763521200,0.4684
1763524800,0.4652
1763528400,0.4568
1763532000,0.462
1763535600,0.4681
1763539200,0.4656
1763542800,0.4668
1763546400,0.4661
1763550000,0.4655
1763553600,0.4695
1763557200,0.4648
1763560800,0.4654
1763564400,0.4564
1763568000,0.4499
1763571600,0.4462
1763575200,0.4411
1763578800,0.441
1763582400,0.4497
1763586000,0.4591
1763589600,0.4575
1763593200,0.4639
1763596800,0.4624
1763600400,0.4659
1763604000,0.4678
1763607600,0.4663
1763611200,0.4689
1763614800,0.467
1763618400,0.4652
1763622000,0.4699
1763625600,0.4686
1763629200,0.4662
1763632800,0.4655
1763636400,0.4657
1763640000,0.469
1763643600,0.465
1763647200,0.4646
1763650800,0.4552
1763654400,0.4387
1763658000,0.4335
1763661600,0.431
1763665200,0.4354
1763668800,0.4338
1763672400,0.4379
1763676000,0.4419
1763679600,0.4319
1763683200,0.4359
1763686800,0.4347
1763690400,0.4255
1763694000,0.4302
1763697600,0.4274
1763701200,0.4238
1763704800,0.4209
1763708400,0.4081
1763712000,0.4114
1763715600,0.4023
1763719200,0.4021
1763722800,0.3982
1763726400,0.4043
1763730000,0.4051
1763733600,0.4107
1763737200,0.4004
1763740800,0.4115
1763744400,0.4133
1763748000,0.413
1763751600,0.4096
1763755200,0.4058
1763758800,0.4121
1763762400,0.3995
1763766000,0.409
1763769600,0.4085
1763773200,0.4114
1763776800,0.407
1763780400,0.407
1763784000,0.4036
1763787600,0.4012
1763791200,0.4052
1763794800,0.4056
1763798400,0.3978
1763802000,0.3998
1763805600,0.3985
1763809200,0.4016
1763812800,0.3965
1763816400,0.3932
1763820000,0.3986
1763823600,0.3979
1763827200,0.4019
1763830800,0.4001
1763834400,0.4024
1763838000,0.4012
1763841600,0.4003
1763845200,0.4012
1763848800,0.4084
1763852400,0.4045
1763856000,0.4034
1763859600,0.4075
1763863200,0.4096
1763866800,0.4105
1763870400,0.4132
1763874000,0.4128
1763877600,0.4107
1763881200,0.4088
1763884800,0.412
1763888400,0.412
1763892000,0.4091
1763895600,0.409
1763899200,0.4132
1763902800,0.4158
1763906400,0.4116
1763910000,0.4169
1763913600,0.4122
1763917200,0.4092
1763920800,0.4104
1763924400,0.4133
1763928000,0.4139
1763931600,0.4161
1763935200,0.4155
1763938800,0.4086
1763942400,0.4082
1763946000,0.4109
1763949600,0.416
1763953200,0.4166
1763956800,0.4109
1763960400,0.4182
1763964000,0.414
1763967600,0.4132
1763971200,0.4128
1763974800,0.4053
1763978400,0.4078
1763982000,0.4081
1763985600,0.4058
1763989200,0.4077
1763992800,0.4085
1763996400,0.4125
1764000000,0.4152
1764003600,0.4283
1764007200,0.4288
1764010800,0.4271
1764014400,0.4324
1764018000,0.4287
1764021600,0.4295
1764025200,0.4275
1764028800,0.4277
1764032400,0.4245
1764036000,0.4262
1764039600,0.4241
1764043200,0.4257
1764046800,0.4235
1764050400,0.4216
1764054000,0.4182
1764057600,0.4148
1764061200,0.4164
1764064800,0.4171
1764068400,0.4148
1764072000,0.4158
1764075600,0.4116
1764079200,0.4081
1764082800,0.4108
1764086400,0.4153
1764090000,0.4175
1764093600,0.4172
1764097200,0.4168
1764100800,0.4196
1764104400,0.4181
1764108000,0.4214
1764111600,0.4216
1764115200,0.4221
1764118800,0.4259
1764122400,0.4237
1764126000,0.4208
1764129600,0.4194
1764133200,0.4221
1764136800,0.423
1764140400,0.4246
1764144000,0.4201
1764147600,0.4174
1764151200,0.4176
1764154800,0.4149
1764158400,0.4137
1764162000,0.4165
1764165600,0.4123
1764169200,0.4127
1764172800,0.4188
1764176400,0.4307
1764180000,0.4351
1764183600,0.4339
1764187200,0.4343
1764190800,0.4347
1764194400,0.4353
1764198000,0.4356
1764201600,0.4355
1764205200,0.4375
1764208800,0.435
1764212400,0.4328
1764216000,0.4336
1764219600,0.4309
1764223200,0.4344
1764226800,0.4336
1764230400,0.4345
1764234000,0.4331
1764237600,0.4314
1764241200,0.4302
1764244800,0.427
1764248400,0.428
1764252000,0.4294
1764255600,0.4332
1764259200,0.434
1764262800,0.4322
1764266400,0.4366
1764270000,0.4359
1764273600,0.4367
1764277200,0.4357
1764280800,0.4326
1764284400,0.4331
1764288000,0.4304
1764291600,0.4233
1764295200,0.4247
1764298800,0.426
1764302400,0.4249
1764306000,0.4267
1764309600,0.4244
1764313200,0.4242
1764316800,0.4358
1764320400,0.4327
1764324000,0.4321
1764327600,0.4258
1764331200,0.4244
1764334800,0.4303
1764338400,0.4286
1764342000,0.4327
1764345600,0.4231
1764349200,0.419
1764352800,0.419
1764356400,0.4214
1764360000,0.4213
1764363600,0.4191
1764367200,0.4216
1764370800,0.4201
1764374400,0.4198
1764378000,0.4196
1764381600,0.4181
1764385200,0.4162
1764388800,0.4182
1764392400,0.4166
1764396000,0.4158
1764399600,0.4151
1764403200,0.4152
1764406800,0.4154
1764410400,0.4166
1764414000,0.4186
1764417600,0.4178
1764421200,0.4171
1764424800,0.4158
1764428400,0.4203
1764432000,0.4192
1764435600,0.4145
1764439200,0.4154
1764442800,0.4151
1764446400,0.4175
1764450000,0.4168
1764453600,0.4154
1764457200,0.4147
1764460800,0.4146
1764464400,0.416
1764468000,0.4145
1764471600,0.4201
1764475200,0.4179
1764478800,0.4167
1764482400,0.4168
1764486000,0.4186
1764489600,0.4185
1764493200,0.4204
1764496800,0.4196
1764500400,0.4176
1764504000,0.4221
1764507600,0.4259
1764511200,0.4246
1764514800,0.4231
1764518400,0.4255
1764522000,0.425
1764525600,0.4255
1764529200,0.4253
1764532800,0.4244
1764536400,0.4237
1764540000,0.4244
1764543600,0.4143
1764547200,0.3883
1764550800,0.39
1764554400,0.3901
1764558000,0.3862
1764561600,0.3843
1764565200,0.3846
1764568800,0.3837
1764572400,0.3886
1764576000,0.3875
1764579600,0.3853
1764583200,0.3858
1764586800,0.3826
1764590400,0.3792
1764594000,0.3777
1764597600,0.3804
1764601200,0.3761
1764604800,0.3719
1764608400,0.3746
1764612000,0.3787
1764615600,0.3766
1764619200,0.3777
1764622800,0.3819
1764626400,0.384
1764630000,0.3856
1764633600,0.3867
1764637200,0.3864
1764640800,0.3884
1764644400,0.3914
1764648000,0.3912
1764651600,0.391
1764655200,0.3915
1764658800,0.3895
1764662400,0.3861
1764666000,0.3872
1764669600,0.392
1764673200,0.3939
1764676800,0.3953
1764680400,0.3984
1764684000,0.4074
1764687600,0.4282
1764691200,0.4297
1764694800,0.4288
1764698400,0.4306
1764702000,0.4346
1764705600,0.4362
1764709200,0.4371
1764712800,0.4364
1764716400,0.4337
1764720000,0.4347
1764723600,0.4359
1764727200,0.438
1764730800,0.4382
1764734400,0.4406
1764738000,0.4404
1764741600,0.4453
1764745200,0.443
1764748800,0.4448
1764752400,0.4419
1764756000,0.4373
1764759600,0.437
1764763200,0.4349
1764766800,0.4362
1764770400,0.4315
1764774000,0.4342
1764777600,0.4369
1764781200,0.4428
1764784800,0.4417
1764788400,0.4449
1764792000,0.4469
1764795600,0.4535
1764799200,0.45
1764802800,0.4501
1764806400,0.4505
1764810000,0.4487
1764813600,0.4503
1764817200,0.4494
1764820800,0.4477
1764824400,0.448
1764828000,0.4516
1764831600,0.4519
1764835200,0.4487
1764838800,0.4487
1764842400,0.4455
1764846000,0.4465
1764849600,0.4471
1764853200,0.444
1764856800,0.4411
1764860400,0.4507
1764864000,0.447
1764867600,0.4452
1764871200,0.443
1764874800,0.4416
1764878400,0.4427
1764882000,0.4385
1764885600,0.4409
1764889200,0.4394
1764892800,0.4412
1764896400,0.4397
1764900000,0.4408
1764903600,0.4398
1764907200,0.4391
1764910800,0.4369
1764914400,0.4392
1764918000,0.4415
1764921600,0.4378
1764925200,0.4307
1764928800,0.4318
1764932400,0.4305
1764936000,0.4308
1764939600,0.4264
1764943200,0.4246
1764946800,0.4262
1764950400,0.4138
1764954000,0.415
1764957600,0.4111
1764961200,0.4162
1764964800,0.4143
1764968400,0.4142
1764972000,0.4163
1764975600,0.4158
1764979200,0.4156
1764982800,0.4164
1764986400,0.4148
1764990000,0.4167
1764993600,0.4146
1764997200,0.4144
1765000800,0.4127
1765004400,0.4116
1765008000,0.4102
1765011600,0.4129
1765015200,0.4116
1765018800,0.4148
1765022400,0.4146
1765026000,0.4126
1765029600,0.4158
1765033200,0.4145
1765036800,0.4168
1765040400,0.4192
1765044000,0.4178
1765047600,0.413
1765051200,0.4145
1765054800,0.4144
1765058400,0.4137
1765062000,0.4138
1765065600,0.4161
1765069200,0.4148
1765072800,0.4181
1765076400,0.4194
1765080000,0.4176
1765083600,0.4159
1765087200,0.4197
1765090800,0.4175
1765094400,0.418
1765098000,0.4153
1765101600,0.4155
1765105200,0.415
1765108800,0.4185
1765112400,0.4164
1765116000,0.4077
1765119600,0.4201
1765123200,0.4254
1765126800,0.431
1765130400,0.4328
1765134000,0.4318
1765137600,0.431
1765141200,0.4211
1765144800,0.415
1765148400,0.4171
1765152000,0.416
1765155600,0.421
1765159200,0.4245
1765162800,0.423
1765166400,0.4262
1765170000,0.4258
1765173600,0.4276
1765177200,0.4294
1765180800,0.4316
1765184400,0.4351
1765188000,0.4339
1765191600,0.4318
1765195200,0.4333
1765198800,0.4343
1765202400,0.4352
1765206000,0.4353
1765209600,0.4357
1765213200,0.4379
1765216800,0.4322
1765220400,0.4345
1765224000,0.4356
1765227600,0.4365
1765231200,0.4335
1765234800,0.4329
1765238400,0.4322
1765242000,0.4285
1765245600,0.4296
1765249200,0.432
1765252800,0.426
1765256400,0.4269
1765260000,0.4262
1765263600,0.4275
1765267200,0.4266
1765270800,0.4251
1765274400,0.428
1765278000,0.4379
1765281600,0.4479
1765285200,0.4505
1765288800,0.4515
1765292400,0.467
1765296000,0.4753
1765299600,0.4782
1765303200,0.4796
1765306800,0.4763
1765310400,0.4736
1765314000,0.4703
1765317600,0.4699
1765321200,0.4702
1765324800,0.4641
1765328400,0.4646
1765332000,0.4632
1765335600,0.4627
1765339200,0.4645
1765342800,0.4641
1765346400,0.4631
1765350000,0.4614
1765353600,0.4621
1765357200,0.4733
1765360800,0.4629
1765364400,0.4658
1765368000,0.464
1765371600,0.4639
1765375200,0.4632
1765378800,0.462
1765382400,0.4625
1765386000,0.4626
1765389600,0.4641
1765393200,0.4649
1765396800,0.4616
1765400400,0.4571
1765404000,0.4573
1765407600,0.4536
1765411200,0.4449
1765414800,0.4388
1765418400,0.4371
1765422000,0.4301
1765425600,0.4324
1765429200,0.431
1765432800,0.4292
1765436400,0.4268
1765440000,0.4231
1765443600,0.4247
1765447200,0.4236
1765450800,0.4208
1765454400,0.417
1765458000,0.4158
1765461600,0.4131
1765465200,0.4176
1765468800,0.4129
1765472400,0.4111
1765476000,0.4145
1765479600,0.4178
1765483200,0.4231
1765486800,0.4261
1765490400,0.4232
1765494000,0.4255
1765497600,0.4182
1765501200,0.4211
1765504800,0.4238
1765508400,0.4227
1765512000,0.421
1765515600,0.4253
1765519200,0.4255
1765522800,0.4262
1765526400,0.424
1765530000,0.4265
1765533600,0.4267
1765537200,0.4245
1765540800,0.4268
1765544400,0.4256
1765548000,0.4246
1765551600,0.4085
1765555200,0.405
1765558800,0.4084
1765562400,0.4125
1765566000,0.4096
1765569600,0.41
1765573200,0.4098
1765576800,0.4106
1765580400,0.4091
1765584000,0.4103
1765587600,0.4103
1765591200,0.4103
1765594800,0.4092
1765598400,0.4104
1765602000,0.4103
1765605600,0.4101
1765609200,0.4105
1765612800,0.4122
1765616400,0.4118
1765620000,0.4151
1765623600,0.4123
1765627200,0.4127
1765630800,0.4131
1765634400,0.412
1765638000,0.4132
1765641600,0.412
1765645200,0.4109
1765648800,0.4102
1765652400,0.4104
1765656000,0.4103
1765659600,0.4095
1765663200,0.4088
1765666800,0.4108
1765670400,0.4098
1765674000,0.4097
1765677600,0.4105
1765681200,0.4098
1765684800,0.4078
1765688400,0.4077
1765692000,0.4076
1765695600,0.4079
1765699200,0.407
1765702800,0.4071
1765706400,0.4068
1765710000,0.4029
1765713600,0.4037
1765717200,0.4024
1765720800,0.3993
1765724400,0.3995
1765728000,0.3999
1765731600,0.3971
1765735200,0.4001
1765738800,0.3986
1765742400,0.3977
1765746000,0.3956
1765749600,0.3969
1765753200,0.3965
1765756800,0.3978
1765760400,0.4017
1765764000,0.4024
1765767600,0.4016
1765771200,0.4036
1765774800,0.4043
1765778400,0.4053
1765782000,0.4021
1765785600,0.4008
1765789200,0.4038
1765792800,0.4042
1765796400,0.403
1765800000,0.4026
1765803600,0.4009
1765807200,0.3926
1765810800,0.3853
1765814400,0.3824
1765818000,0.381
1765821600,0.3828
1765825200,0.3848
1765828800,0.3807
1765832400,0.3838
1765836000,0.385
1765839600,0.3882
1765843200,0.3841
1765846800,0.384
1765850400,0.3821
1765854000,0.3827
1765857600,0.3825
1765861200,0.3814
1765864800,0.3844
1765868400,0.3805
1765872000,0.3813
1765875600,0.3809
1765879200,0.3881
1765882800,0.3883
1765886400,0.3871
1765890000,0.381
1765893600,0.3867
1765897200,0.3901
1765900800,0.3874
1765904400,0.3848
1765908000,0.388
1765911600,0.387
1765915200,0.3863
1765918800,0.3869
1765922400,0.3856
1765926000,0.3858
1765929600,0.3838
1765933200,0.3847
1765936800,0.3851
1765940400,0.3834
1765944000,0.3798
1765947600,0.3801
1765951200,0.3803
1765954800,0.3809
1765958400,0.3785
1765962000,0.3779
1765965600,0.3776
1765969200,0.3806
1765972800,0.3804
1765976400,0.3842
1765980000,0.3951
1765983600,0.3817
1765987200,0.3755
1765990800,0.3693
1765994400,0.367
1765998000,0.3687
1766001600,0.3683
1766005200,0.3662
1766008800,0.368
1766012400,0.3672
1766016000,0.3664
1766019600,0.3645
1766023200,0.3674
1766026800,0.3647
1766030400,0.3648
1766034000,0.361
1766037600,0.3615
1766041200,0.3621
1766044800,0.3624
1766048400,0.364
1766052000,0.3646
1766055600,0.3646
1766059200,0.3656
1766062800,0.3757
1766066400,0.3703
1766070000,0.373
1766073600,0.3714
1766077200,0.3584
1766080800,0.3547
1766084400,0.3475
1766088000,0.3478
1766091600,0.3544
1766095200,0.3541
1766098800,0.3512
1766102400,0.3499
1766106000,0.348
1766109600,0.3504
1766113200,0.3593
1766116800,0.3612
1766120400,0.3602
1766124000,0.3635
1766127600,0.3663
1766131200,0.3667
1766134800,0.3658
1766138400,0.3658
1766142000,0.366
1766145600,0.3667
1766149200,0.3665
1766152800,0.3707
1766156400,0.3709
1766160000,0.3739
1766163600,0.3691
1766167200,0.3729
1766170800,0.3779
1766174400,0.3792
1766178000,0.3753
1766181600,0.3776
1766185200,0.3767
1766188800,0.3757
1766192400,0.3741
1766196000,0.3744
1766199600,0.3742
1766203200,0.3723
1766206800,0.3732
1766210400,0.3736
1766214000,0.3744
1766217600,0.3765
1766221200,0.3796
1766224800,0.3781
1766228400,0.3784
1766232000,0.377
1766235600,0.3772
1766239200,0.3789
1766242800,0.3774
1766246400,0.3766
1766250000,0.3751
1766253600,0.3765
1766257200,0.3753
1766260800,0.3757
1766264400,0.3745
1766268000,0.375
1766271600,0.3728
1766275200,0.3724
1766278800,0.3696
1766282400,0.3684
1766286000,0.3695
1766289600,0.3681
1766293200,0.3679
1766296800,0.3684
1766300400,0.3674
1766304000,0.3707
1766307600,0.3729
1766311200,0.3704
1766314800,0.3698
1766318400,0.3678
1766322000,0.3584
1766325600,0.361
1766329200,0.3609
1766332800,0.3629
1766336400,0.3631
1766340000,0.3633
1766343600,0.3651
1766347200,0.3623
1766350800,0.3604
1766354400,0.3645
1766358000,0.366
1766361600,0.3673
1766365200,0.367
1766368800,0.365
1766372400,0.3671
1766376000,0.3668
1766379600,0.3655
1766383200,0.3662
1766386800,0.3681
1766390400,0.3681
1766394000,0.3693
1766397600,0.3694
1766401200,0.3711
1766404800,0.3736
1766408400,0.374
1766412000,0.3775
1766415600,0.3792
1766419200,0.3786
1766422800,0.378
1766426400,0.3765
1766430000,0.3684
1766433600,0.368
1766437200,0.3709
1766440800,0.3725
1766444400,0.3709
1766448000,0.3723
1766451600,0.3704
1766455200,0.3679
1766458800,0.3683
1766462400,0.3667
1766466000,0.3659
1766469600,0.3648
1766473200,0.3639
1766476800,0.3636
1766480400,0.3641
1766484000,0.3662
1766487600,0.3672
1766491200,0.3643
1766494800,0.3612
1766498400,0.3579
1766502000,0.3607
1766505600,0.364
1766509200,0.3599
1766512800,0.3636
1766516400,0.3612
1766520000,0.3629
1766523600,0.3635
1766527200,0.3618
1766530800,0.3626
1766534400,0.3631
1766538000,0.3616
1766541600,0.3588
1766545200,0.3599
1766548800,0.3575
1766552400,0.3549
1766556000,0.3566
1766559600,0.3555
1766563200,0.3553
1766566800,0.3556
1766570400,0.3562
1766574000,0.3585
1766577600,0.3587
1766581200,0.3569
1766584800,0.3535
1766588400,0.3554
1766592000,0.3563
1766595600,0.3548
1766599200,0.3553
1766602800,0.3559
1766606400,0.3549
1766610000,0.3561
1766613600,0.3582
1766617200,0.3564
1766620800,0.3547
1766624400,0.3569
1766628000,0.3603
1766631600,0.3604
1766635200,0.3602
1766638800,0.3595
1766642400,0.3604
1766646000,0.3588
1766649600,0.3577
1766653200,0.3564
1766656800,0.3505
1766660400,0.3507
1766664000,0.3514
1766667600,0.3514
1766671200,0.3511
1766674800,0.357
1766678400,0.354
1766682000,0.3546
1766685600,0.3579
1766689200,0.3595
1766692800,0.3572
1766696400,0.3579
1766700000,0.3468
1766703600,0.3435
1766707200,0.3433
1766710800,0.3457
1766714400,0.3549
1766718000,0.353
1766721600,0.3534
1766725200,0.3538
1766728800,0.3552
1766732400,0.3518
1766736000,0.3534
1766739600,0.355
1766743200,0.3553
1766746800,0.355
1766750400,0.3564
1766754000,0.3572
1766757600,0.3492
1766761200,0.3466
1766764800,0.3442
1766768400,0.348
1766772000,0.349
1766775600,0.3498
1766779200,0.35
1766782800,0.3499
1766786400,0.3502
1766790000,0.3494
1766793600,0.3508
1766797200,0.352
1766800800,0.3527
1766804400,0.3544
1766808000,0.3531
1766811600,0.3537
1766815200,0.3528
1766818800,0.3521
1766822400,0.3532
1766826000,0.3541
1766829600,0.3542
1766833200,0.3581
1766836800,0.3571
1766840400,0.3557
1766844000,0.3565
1766847600,0.3569
1766851200,0.356
1766854800,0.3574
1766858400,0.3565
1766862000,0.3578
1766865600,0.3619
1766869200,0.3638
1766872800,0.3647
1766876400,0.3696
1766880000,0.3689
1766883600,0.3688
1766887200,0.3688
1766890800,0.3697
1766894400,0.3694
1766898000,0.3705
1766901600,0.3741
1766905200,0.3741
1766908800,0.3736
1766912400,0.3701
1766916000,0.3701
1766919600,0.3712
1766923200,0.3691
1766926800,0.369
1766930400,0.3706
1766934000,0.3693
1766937600,0.3697
1766941200,0.3693
1766944800,0.3633
1766948400,0.3624
1766952000,0.3626
1766955600,0.3632
1766959200,0.3654
1766962800,0.3684
1766966400,0.3713
1766970000,0.3735
1766973600,0.3766
1766977200,0.3808
1766980800,0.381
1766984400,0.3794
1766988000,0.3765
1766991600,0.3755
1766995200,0.3751
1766998800,0.3693
1767002400,0.3697
1767006000,0.3688
1767009600,0.3652
1767013200,0.3638
1767016800,0.3644
1767020400,0.365
1767024000,0.3592
1767027600,0.359
1767031200,0.3549
1767034800,0.3524
1767038400,0.3516
1767042000,0.3524
1767045600,0.3537
1767049200,0.3529
1767052800,0.3533
1767056400,0.3522
1767060000,0.3503
1767063600,0.3521
1767067200,0.352
1767070800,0.3504
1767074400,0.3506
1767078000,0.3516
1767081600,0.3551
1767085200,0.3554
1767088800,0.3536
1767092400,0.3518
1767096000,0.3527
1767099600,0.3529
1767103200,0.3548
1767106800,0.3538
1767110400,0.3533
1767114000,0.3524
1767117600,0.3514
1767121200,0.3509
1767124800,0.3487
1767128400,0.3501
1767132000,0.3502
1767135600,0.3509
1767139200,0.3503
1767142800,0.3513
1767146400,0.3528
1767150000,0.3513
1767153600,0.3519
1767157200,0.3527
1767160800,0.3515
1767164400,0.3507
1767168000,0.3489
1767171600,0.3493
1767175200,0.3502
1767178800,0.3516
1767182400,0.3495
1767186000,0.3482
1767189600,0.3479
1767193200,0.342
1767196800,0.333
1767200400,0.3335
1767204000,0.3328
1767207600,0.3315
1767211200,0.3329
1767214800,0.3335
1767218400,0.3325
1767222000,0.3329
1767225600,0.3333
1767229200,0.3326
1767232800,0.3321
1767236400,0.3321
1767240000,0.3318
1767243600,0.3363
1767247200,0.3359
1767250800,0.336
1767254400,0.3377
1767258000,0.3384
1767261600,0.3382
1767265200,0.3402
1767268800,0.3393
1767272400,0.3423
1767276000,0.3432
1767279600,0.3467
1767283200,0.3481
1767286800,0.3511
1767290400,0.3511
1767294000,0.3575
1767297600,0.3565
1767301200,0.3555
1767304800,0.3571
1767308400,0.3561
1767312000,0.356
1767315600,0.3553
1767319200,0.3578
1767322800,0.362
1767326400,0.3595
1767330000,0.3577
1767333600,0.3576
1767337200,0.3551
1767340800,0.3572
1767344400,0.3646
1767348000,0.3643
1767351600,0.3602
1767355200,0.3641
1767358800,0.3644
1767362400,0.368
1767366000,0.3713
1767369600,0.3887
1767373200,0.3884
1767376800,0.3817
1767380400,0.388
1767384000,0.3857
1767387600,0.3904
1767391200,0.3944
1767394800,0.3952
1767398400,0.3945
1767402000,0.3938
1767405600,0.3965
1767409200,0.398
1767412800,0.397
1767416400,0.3927
1767420000,0.3906
1767423600,0.3838
1767427200,0.3867
1767430800,0.3871
1767434400,0.3851
1767438000,0.3842
1767441600,0.3866
1767445200,0.387
1767448800,0.3869
1767452400,0.3861
1767456000,0.3874
1767459600,0.388
1767463200,0.3888
1767466800,0.3883
1767470400,0.388
1767474000,0.3887
1767477600,0.3894
1767481200,0.3892
1767484800,0.3951
1767488400,0.3941
1767492000,0.3936
1767495600,0.3995
1767499200,0.3977
1767502800,0.3985
1767506400,0.3943
1767510000,0.396
1767513600,0.3981
1767517200,0.4029
1767520800,0.403
1767524400,0.4012
1767528000,0.4009
1767531600,0.3998
1767535200,0.3984
1767538800,0.3988
1767542400,0.4023
1767546000,0.403
1767549600,0.4007
1767553200,0.3987
1767556800,0.399
1767560400,0.3987
1767564000,0.399
1767567600,0.4006
1767571200,0.4014
1767574800,0.4061
1767578400,0.4043
1767582000,0.4032
1767585600,0.3969
1767589200,0.3979
1767592800,0.3993
1767596400,0.4006
1767600000,0.3983
1767603600,0.3963
1767607200,0.3978
1767610800,0.3998
1767614400,0.4006
1767618000,0.3981
1767621600,0.4035
1767625200,0.4125
1767628800,0.4129
1767632400,0.4138
1767636000,0.4188
1767639600,0.4175
1767643200,0.4189
1767646800,0.4214
1767650400,0.4234
1767654000,0.4211
1767657600,0.4239
1767661200,0.4241
1767664800,0.4249
1767668400,0.4259
1767672000,0.4246
1767675600,0.4229
1767679200,0.4231
1767682800,0.4147
1767686400,0.4157
1767690000,0.4175
1767693600,0.419
1767697200,0.4221
1767700800,0.4219
1767704400,0.4224
1767708000,0.4272
1767711600,0.4199
1767715200,0.4098
1767718800,0.4022
1767722400,0.4078
1767726000,0.4072
1767729600,0.4121
1767733200,0.4175
1767736800,0.4174
1767740400,0.4192
1767744000,0.4125
1767747600,0.4099
1767751200,0.4138
1767754800,0.4118
1767758400,0.4118
1767762000,0.4098
1767765600,0.4111
1767769200,0.4185
1767772800,0.4207
1767776400,0.4101
1767780000,0.4128
1767783600,0.4147
1767787200,0.4114
1767790800,0.4098
1767794400,0.4072
1767798000,0.4024
1767801600,0.4035
1767805200,0.4035
1767808800,0.4031
1767812400,0.4024
1767816000,0.4005
1767819600,0.4002
1767823200,0.3999
1767826800,0.402
1767830400,0.4027
1767834000,0.4034
1767837600,0.3999
1767841200,0.3974
1767844800,0.4001
1767848400,0.3987
1767852000,0.3909
1767855600,0.3948
1767859200,0.3919
1767862800,0.3895
1767866400,0.3916
1767870000,0.39
1767873600,0.3881
1767877200,0.3886
1767880800,0.3882
1767884400,0.3949
1767888000,0.3947
1767891600,0.3967
1767895200,0.3941
1767898800,0.3929
1767902400,0.3924
1767906000,0.3974
1767909600,0.3963
1767913200,0.3953
1767916800,0.3972
1767920400,0.3953
1767924000,0.3951
1767927600,0.3979
1767931200,0.3958
1767934800,0.3964
1767938400,0.3991
1767942000,0.3965
1767945600,0.3912
1767949200,0.3912
1767952800,0.3914
1767956400,0.3914
1767960000,0.391
1767963600,0.3952
1767967200,0.3899
1767970800,0.3967
1767974400,0.4012
1767978000,0.396
1767981600,0.3926
1767985200,0.3894
1767988800,0.3908
1767992400,0.3922
1767996000,0.3928
1767999600,0.391
1768003200,0.3891
1768006800,0.3897
1768010400,0.389
1768014000,0.3885
1768017600,0.3874
1768021200,0.387
1768024800,0.3856
1768028400,0.3874
1768032000,0.3877
1768035600,0.3899
1768039200,0.3908
1768042800,0.3907
1768046400,0.392
1768050000,0.39
1768053600,0.389
1768057200,0.3892
1768060800,0.3899
1768064400,0.3888
1768068000,0.389
1768071600,0.3908
1768075200,0.3897
1768078800,0.3884
1768082400,0.3853
1768086000,0.3881
1768089600,0.3886
1768093200,0.3898
1768096800,0.3897
1768100400,0.39
1768104000,0.3906
1768107600,0.3909
1768111200,0.3901
1768114800,0.3909
1768118400,0.3912
1768122000,0.3908
1768125600,0.3906
1768129200,0.3914
1768132800,0.3953
1768136400,0.3931
1768140000,0.3948
1768143600,0.39
1768147200,0.3932
1768150800,0.3945
1768154400,0.3939
1768158000,0.3919
1768161600,0.3883
1768165200,0.3913
1768168800,0.3873
1768172400,0.3904
1768176000,0.3909
1768179600,0.3941
1768183200,0.4014
1768186800,0.3968
1768190400,0.4
1768194000,0.3979
1768197600,0.3943
1768201200,0.3898
1768204800,0.3875
1768208400,0.3863
1768212000,0.3849
1768215600,0.3869
1768219200,0.3857
1768222800,0.3818
1768226400,0.3888
1768230000,0.3941
1768233600,0.3974
1768237200,0.3927
1768240800,0.3932
1768244400,0.393
1768248000,0.389
1768251600,0.3852
1768255200,0.3868
1768258800,0.3855
1768262400,0.3863
1768266000,0.3858
1768269600,0.3857
1768273200,0.3864
1768276800,0.3888
1768280400,0.3914
1768284000,0.3917
1768287600,0.3893
1768291200,0.3927
1768294800,0.3927
1768298400,0.3911
1768302000,0.3919
1768305600,0.3929
1768309200,0.3937
1768312800,0.398
1768316400,0.4059
1768320000,0.41
1768323600,0.4061
1768327200,0.4059
1768330800,0.4104
1768334400,0.4087
1768338000,0.4101
1768341600,0.4223
1768345200,0.4217
1768348800,0.4222
1768352400,0.4208
1768356000,0.4215
1768359600,0.4258
1768363200,0.4236
1768366800,0.4217
1768370400,0.425
1768374000,0.4237
1768377600,0.4204
1768381200,0.4201
1768384800,0.4182
1768388400,0.4137
1768392000,0.4151
1768395600,0.4121
1768399200,0.4197
1768402800,0.42
1768406400,0.4209
1768410000,0.4164
1768413600,0.4135
1768417200,0.4151
1768420800,0.413
1768424400,0.4142
1768428000,0.4122
1768431600,0.4142
1768435200,0.4118
1768438800,0.4084
1768442400,0.4054
1768446000,0.4001
1768449600,0.4025
1768453200,0.4023
1768456800,0.401
1768460400,0.4042
1768464000,0.4032
1768467600,0.4047
1768471200,0.4051
1768474800,0.4048
1768478400,0.4076
1768482000,0.4084
1768485600,0.4029
1768489200,0.3995
1768492800,0.3991
1768496400,0.396
1768500000,0.3917
1768503600,0.392
1768507200,0.3904
1768510800,0.3929
1768514400,0.3938
1768518000,0.3932
1768521600,0.3928
1768525200,0.3921
1768528800,0.393
1768532400,0.3914
1768536000,0.3899
1768539600,0.393
1768543200,0.3937
1768546800,0.3924
1768550400,0.3926
1768554000,0.3917
1768557600,0.3909
1768561200,0.3926
1768564800,0.3916
1768568400,0.39
1768572000,0.3892
1768575600,0.3816
1768579200,0.3839
1768582800,0.3865
1768586400,0.3861
1768590000,0.3866
1768593600,0.3946
1768597200,0.3963
1768600800,0.3964
1768604400,0.3958
1768608000,0.3955
1768611600,0.3959
1768615200,0.3945
1768618800,0.3944
1768622400,0.3961
1768626000,0.3959
1768629600,0.3948
1768633200,0.3953
1768636800,0.3959
1768640400,0.3952
1768644000,0.396
1768647600,0.3946
1768651200,0.3959
1768654800,0.3976
1768658400,0.401
1768662000,0.4024
1768665600,0.4003
1768669200,0.4004
1768672800,0.4
1768676400,0.4001
1768680000,0.399
1768683600,0.3986
1768687200,0.3962
1768690800,0.3967
1768694400,0.3963
1768698000,0.3942
1768701600,0.394
1768705200,0.3954
1768708800,0.3952
1768712400,0.3951
1768716000,0.395
1768719600,0.394
1768723200,0.3937
1768726800,0.3941
1768730400,0.3936
1768734000,0.3927
1768737600,0.3923
1768741200,0.3926
1768744800,0.3901
1768748400,0.3922
1768752000,0.3917
1768755600,0.3919
1768759200,0.3946
1768762800,0.3924
1768766400,0.3936
1768770000,0.3941
1768773600,0.3954
1768777200,0.3757
1768780800,0.3631
1768784400,0.3634
1768788000,0.3652
1768791600,0.3647
1768795200,0.3627
1768798800,0.3637
1768802400,0.3623
1768806000,0.3639
1768809600,0.369
1768813200,0.3693
1768816800,0.3708
1768820400,0.3689
1768824000,0.3668
1768827600,0.3657
1768831200,0.3677
1768834800,0.3666
1768838400,0.3706
1768842000,0.3685
1768845600,0.3691
1768849200,0.371
1768852800,0.3711
1768856400,0.3697
1768860000,0.3675
1768863600,0.3701
1768867200,0.3681
1768870800,0.3685
1768874400,0.3676
1768878000,0.366
1768881600,0.3654
1768885200,0.3674
1768888800,0.3658
1768892400,0.3655
1768896000,0.3598
1768899600,0.3584
1768903200,0.3598
1768906800,0.3575
1768910400,0.3589
1768914000,0.3569
1768917600,0.3604
1768921200,0.3588
1768924800,0.354
1768928400,0.3516
1768932000,0.351
1768935600,0.3516
1768939200,0.3532
1768942800,0.3516
1768946400,0.3505
1768950000,0.3503
1768953600,0.3566
1768957200,0.3578
1768960800,0.3576
1768964400,0.3577
1768968000,0.3585
1768971600,0.3609
1768975200,0.3584
1768978800,0.3593
1768982400,0.358
1768986000,0.3577
1768989600,0.3566
1768993200,0.3544
1768996800,0.3545
1769000400,0.3525
1769004000,0.3615
1769007600,0.3622
1769011200,0.3474
1769014800,0.3507
1769018400,0.3536
1769022000,0.3672
1769025600,0.3666
1769029200,0.3693
1769032800,0.3682
1769036400,0.3657
1769040000,0.3669
1769043600,0.3675
1769047200,0.3648
1769050800,0.3636
1769054400,0.3656
1769058000,0.365
1769061600,0.3653
1769065200,0.3632
1769068800,0.3644
1769072400,0.3654
1769076000,0.3654
1769079600,0.3634
1769083200,0.363
1769086800,0.3619
1769090400,0.3577
1769094000,0.3583
1769097600,0.3616
1769101200,0.3621
1769104800,0.3593
1769108400,0.3609
1769112000,0.3597
1769115600,0.3591
1769119200,0.3594
1769122800,0.359
1769126400,0.3589
1769130000,0.3611
1769133600,0.359
1769137200,0.3617
1769140800,0.3641
1769144400,0.3602
1769148000,0.3601
1769151600,0.3609
1769155200,0.3587
1769158800,0.3583
1769162400,0.3585
1769166000,0.3596
1769169600,0.3596
1769173200,0.3585
1769176800,0.3545
1769180400,0.36
1769184000,0.3632
1769187600,0.3653
1769191200,0.3655
1769194800,0.361
1769198400,0.3588
1769202000,0.3595
1769205600,0.3617
1769209200,0.3598
1769212800,0.3587
1769216400,0.3592
1769220000,0.3595
1769223600,0.3612
1769227200,0.3608
1769230800,0.3601
1769234400,0.3593
1769238000,0.3591
1769241600,0.3592
1769245200,0.3589
1769248800,0.3587
1769252400,0.3594
1769256000,0.3596
1769259600,0.3579
1769263200,0.3588
1769266800,0.3574
1769270400,0.3581
1769274000,0.3582
1769277600,0.3583
1769281200,0.3577
1769284800,0.3585
1769288400,0.3586
1769292000,0.3594
1769295600,0.3579
1769299200,0.3585
1769302800,0.3568
1769306400,0.3564
1769310000,0.3552
1769313600,0.3565
1769317200,0.3564
1769320800,0.3552
1769324400,0.3553
1769328000,0.3541
1769331600,0.3563
1769335200,0.3577
1769338800,0.3556
1769342400,0.3556
1769346000,0.3563
1769349600,0.3522
1769353200,0.3519
1769356800,0.3443
1769360400,0.341
1769364000,0.3397
1769367600,0.3342
1769371200,0.3355
1769374800,0.3388
1769378400,0.3383
1769382000,0.3386
1769385600,0.3436
1769389200,0.348
1769392800,0.3458
1769396400,0.3446
1769400000,0.347
1769403600,0.3471
1769407200,0.3477
1769410800,0.3479
1769414400,0.3483
1769418000,0.345
1769421600,0.3469
1769425200,0.3468
1769428800,0.3474
1769432400,0.3492
1769436000,0.3536
1769439600,0.352
1769443200,0.3528
1769446800,0.3522
1769450400,0.3536
1769454000,0.3517
1769457600,0.3497
1769461200,0.3529
1769464800,0.3517
1769468400,0.3517
1769472000,0.3519
1769475600,0.3536
1769479200,0.3542
1769482800,0.3522
1769486400,0.3528
1769490000,0.3521
1769493600,0.3507
1769497200,0.3515
1769500800,0.3511
1769504400,0.3487
1769508000,0.3493
1769511600,0.3499
1769515200,0.3494
1769518800,0.3478
1769522400,0.3486
1769526000,0.3512
1769529600,0.3569
1769533200,0.3498
1769536800,0.3552
1769540400,0.3551
1769544000,0.3614
1769547600,0.3594
1769551200,0.3607
1769554800,0.3601
1769558400,0.3588
1769562000,0.3567
1769565600,0.3573
1769569200,0.3562
1769572800,0.3553
1769576400,0.3571
1769580000,0.3583
1769583600,0.357
1769587200,0.3566
1769590800,0.3606
1769594400,0.3595
1769598000,0.364
1769601600,0.3606
1769605200,0.3612
1769608800,0.358
1769612400,0.3567
1769616000,0.3563
1769619600,0.3596
1769623200,0.357
1769626800,0.3579
1769630400,0.3569
1769634000,0.3579
1769637600,0.3598
1769641200,0.3579
1769644800,0.3562
1769648400,0.3538
1769652000,0.3499
1769655600,0.3503
1769659200,0.3495
1769662800,0.35
1769666400,0.3513
1769670000,0.3509
1769673600,0.3492
1769677200,0.3484
1769680800,0.3477
1769684400,0.3457
1769688000,0.3447
1769691600,0.3458
1769695200,0.3385
1769698800,0.3329
1769702400,0.3361
1769706000,0.3337
1769709600,0.3277
1769713200,0.3303
1769716800,0.333
1769720400,0.3351
1769724000,0.3345
1769727600,0.3341
1769731200,0.3337
1769734800,0.3265
1769738400,0.3244
1769742000,0.3246
1769745600,0.3278
1769749200,0.3264
1769752800,0.3217
1769756400,0.3249
1769760000,0.3223
1769763600,0.3218
1769767200,0.3232
1769770800,0.3274
1769774400,0.3249
1769778000,0.3231
1769781600,0.3249
1769785200,0.3253
1769788800,0.3253
1769792400,0.3248
1769796000,0.3283
1769799600,0.3286
1769803200,0.3231
1769806800,0.3241
1769810400,0.323
1769814000,0.3202
1769817600,0.3197
1769821200,0.3207
1769824800,0.3193
1769828400,0.318
1769832000,0.3152
1769835600,0.3153
1769839200,0.311
1769842800,0.3118
1769846400,0.3103
1769850000,0.3105
1769853600,0.3108
1769857200,0.3097
1769860800,0.3094
1769864400,0.3076
1769868000,0.2979
1769871600,0.2958
1769875200,0.2922
1769878800,0.284
1769882400,0.2838
1769886000,0.285
1769889600,0.2853
1769893200,0.2909
1769896800,0.2884
1769900400,0.2934
1769904000,0.2955
1769907600,0.2953
1769911200,0.2959
1769914800,0.2957
1769918400,0.2966
1769922000,0.2948
1769925600,0.2943
1769929200,0.2959
1769932800,0.2963
1769936400,0.2972
1769940000,0.292
1769943600,0.2952
1769947200,0.2932
1769950800,0.2935
1769954400,0.2925
1769958000,0.2891
1769961600,0.2874
1769965200,0.287
1769968800,0.2902
1769972400,0.2867
1769976000,0.2875
1769979600,0.2857
1769983200,0.2881
1769986800,0.2854
1769990400,0.289
1769994000,0.2905
1769997600,0.2872
1770001200,0.2861
1770004800,0.2847
1770008400,0.2793
1770012000,0.2839
1770015600,0.2838
1770019200,0.2888
1770022800,0.2918
1770026400,0.2921
1770030000,0.2922
1770033600,0.2956
1770037200,0.2965
1770040800,0.2984
1770044400,0.3013
1770048000,0.3003
1770051600,0.3004
1770055200,0.3024
1770058800,0.3002
1770062400,0.2991
1770066000,0.3005
1770069600,0.2999
1770073200,0.2989
1770076800,0.2998
1770080400,0.2997
1770084000,0.2942
1770087600,0.2991
1770091200,0.3012
1770094800,0.2977
1770098400,0.2977
1770102000,0.2991
1770105600,0.2979
1770109200,0.2961
1770112800,0.2958
1770116400,0.297
1770120000,0.2988
1770123600,0.2993
1770127200,0.2939
1770130800,0.3037
1770134400,0.2953
1770138000,0.287
1770141600,0.2821
1770145200,0.2943
1770148800,0.3008
1770152400,0.2964
1770156000,0.2925
1770159600,0.2914
1770163200,0.2939
1770166800,0.2968
1770170400,0.2947
1770174000,0.3007
1770177600,0.2993
1770181200,0.297
1770184800,0.299
1770188400,0.2995
1770192000,0.3018
1770195600,0.2997
1770199200,0.2993
1770202800,0.2968
1770206400,0.296
1770210000,0.2912
1770213600,0.2867
1770217200,0.2862
1770220800,0.2854
1770224400,0.285
1770228000,0.287
1770231600,0.2918
1770235200,0.2889
1770238800,0.2846
1770242400,0.2828
1770246000,0.2857
1770249600,0.2858
1770253200,0.2856
1770256800,0.2836
1770260400,0.2822
1770264000,0.2828
1770267600,0.2833
1770271200,0.2792
1770274800,0.2787
1770278400,0.2802
1770282000,0.28
1770285600,0.2724
1770289200,0.2716
1770292800,0.2715
1770296400,0.2695
1770300000,0.2712
1770303600,0.2619
1770307200,0.2649
1770310800,0.2576
1770314400,0.2583
1770318000,0.2532
1770321600,0.2472
1770325200,0.2467
1770328800,0.2489
1770332400,0.245
1770336000,0.2443
1770339600,0.2519
1770343200,0.2459
1770346800,0.2487
1770350400,0.251
1770354000,0.2574
1770357600,0.254
1770361200,0.251
1770364800,0.2505
1770368400,0.2563
1770372000,0.2617
1770375600,0.2613
1770379200,0.2622
1770382800,0.2644
1770386400,0.2711
1770390000,0.2734
1770393600,0.2782
1770397200,0.2804
1770400800,0.2775
1770404400,0.2782
1770408000,0.2754
1770411600,0.2761
1770415200,0.2789
1770418800,0.2759
1770422400,0.273
1770426000,0.2744
1770429600,0.2728
1770433200,0.2757
1770436800,0.274
1770440400,0.2738
1770444000,0.2699
1770447600,0.2681
1770451200,0.2695
1770454800,0.2672
1770458400,0.2669
1770462000,0.267
1770465600,0.2718
1770469200,0.2709
1770472800,0.2689
1770476400,0.2724
1770480000,0.273
1770483600,0.2737
1770487200,0.2768
1770490800,0.2742
1770494400,0.2755
1770498000,0.273
1770501600,0.2724
1770505200,0.2719
1770508800,0.2714
1770512400,0.272
1770516000,0.2705
1770519600,0.2695
1770523200,0.2707
1770526800,0.2701
1770530400,0.2701
1770534000,0.271
1770537600,0.2752
1770541200,0.2719
1770544800,0.2706
1770548400,0.2744
1770552000,0.2748
1770555600,0.2742
1770559200,0.2745
1770562800,0.2726
1770566400,0.2682
1770570000,0.2707
1770573600,0.2729
1770577200,0.2743
1770580800,0.2707
1770584400,0.2702
1770588000,0.271
1770591600,0.2697
1770595200,0.2702
1770598800,0.2694
1770602400,0.2717
1770606000,0.2733
1770609600,0.2722
1770613200,0.2724
1770616800,0.2708
1770620400,0.269
1770624000,0.2662
1770627600,0.2638
1770631200,0.2603
1770634800,0.2615
1770638400,0.2645
1770642000,0.2625
1770645600,0.2663
1770649200,0.2678
1770652800,0.2697
1770656400,0.2717
1770660000,0.2701
1770663600,0.2709
1770667200,0.271
1770670800,0.2703
1770674400,0.2705
1770678000,0.2698
1770681600,0.2684
1770685200,0.2699
1770688800,0.2692
1770692400,0.266
1770696000,0.2677
1770699600,0.2654
1770703200,0.2621
1770706800,0.2627
1770710400,0.264
1770714000,0.2643
1770717600,0.2637
1770721200,0.2628
1770724800,0.2624
1770728400,0.2632
1770732000,0.2627
1770735600,0.2632
1770739200,0.2629
1770742800,0.2643
1770746400,0.2609
1770750000,0.2625
1770753600,0.2618
1770757200,0.2614
1770760800,0.2616
1770764400,0.2618
1770768000,0.2626
1770771600,0.2631
1770775200,0.2628
1770778800,0.2624
1770782400,0.2586
1770786000,0.2576
1770789600,0.2553
1770793200,0.2553
1770796800,0.2551
1770800400,0.2538
1770804000,0.2528
1770807600,0.2552
1770811200,0.2544
1770814800,0.2563
1770818400,0.2536
1770822000,0.253
1770825600,0.2516
1770829200,0.2552
1770832800,0.2581
1770836400,0.2571
1770840000,0.2575
1770843600,0.2584
1770847200,0.2563
1770850800,0.2558
1770854400,0.2574
1770858000,0.2574
1770861600,0.258
1770865200,0.259
1770868800,0.2579
1770872400,0.2591
1770876000,0.2611
1770879600,0.2625
1770883200,0.2622
1770886800,0.2655
1770890400,0.2692
1770894000,0.2676
1770897600,0.2649
1770901200,0.2671
1770904800,0.2656
1770908400,0.2626
1770912000,0.2586
1770915600,0.2589
1770919200,0.2598
1770922800,0.2615
1770926400,0.2585
1770930000,0.2594
1770933600,0.2621
1770937200,0.2641
1770940800,0.2619
1770944400,0.2623
1770948000,0.2635
1770951600,0.2627
1770955200,0.2615
1770958800,0.2595
1770962400,0.2613
1770966000,0.2619
1770969600,0.2637
1770973200,0.2631
1770976800,0.2636
1770980400,0.2635
1770984000,0.2627
1770987600,0.2653
1770991200,0.2654
1770994800,0.2689
1770998400,0.2731
1771002000,0.2718
1771005600,0.2723
1771009200,0.2724
1771012800,0.2734
1771016400,0.2737
1771020000,0.2726
1771023600,0.2727
1771027200,0.2743
1771030800,0.2757
1771034400,0.2758
1771038000,0.2772
1771041600,0.2756
1771045200,0.2749
1771048800,0.2743
1771052400,0.2757
1771056000,0.2787
1771059600,0.2781
1771063200,0.2784
1771066800,0.2829
1771070400,0.2817
1771074000,0.2812
1771077600,0.2866
1771081200,0.2861
1771084800,0.2895
1771088400,0.2894
1771092000,0.2933
1771095600,0.2983
1771099200,0.2971
1771102800,0.2957
1771106400,0.2968
1771110000,0.2949
1771113600,0.2965
1771117200,0.2964
1771120800,0.2952
1771124400,0.2972
1771128000,0.2973
1771131600,0.2981
1771135200,0.2968
1771138800,0.3007
1771142400,0.2961
1771146000,0.2951
1771149600,0.2925
1771153200,0.2904
1771156800,0.2834
1771160400,0.282
1771164000,0.2846
1771167600,0.2841
1771171200,0.2834
1771174800,0.2804
1771178400,0.279
1771182000,0.2789
1771185600,0.2792
1771189200,0.2802
1771192800,0.2822
1771196400,0.2815
1771200000,0.2818
1771203600,0.281
1771207200,0.2798
1771210800,0.28
1771214400,0.2822
1771218000,0.278
1771221600,0.28
1771225200,0.28
1771228800,0.2815
1771232400,0.2845
1771236000,0.2828
1771239600,0.2828
1771243200,0.287
1771246800,0.2811
1771250400,0.284
1771254000,0.2787
1771257600,0.2813
1771261200,0.282
1771264800,0.2815
1771268400,0.2821
1771272000,0.2848
1771275600,0.2873
1771279200,0.2848
1771282800,0.2857
1771286400,0.2847
1771290000,0.2843
1771293600,0.2882
1771297200,0.2864
1771300800,0.287
1771304400,0.2856
1771308000,0.2871
1771311600,0.2864
1771315200,0.2835
1771318800,0.2818
1771322400,0.2805
1771326000,0.2799
1771329600,0.2817
1771333200,0.2831
1771336800,0.2782
1771340400,0.2812
1771344000,0.2829
1771347600,0.281
1771351200,0.2846
1771354800,0.283
1771358400,0.2825
1771362000,0.2824
1771365600,0.281
1771369200,0.2809
1771372800,0.2799
1771376400,0.28
1771380000,0.2822
1771383600,0.283
1771387200,0.2821
1771390800,0.2823
1771394400,0.2822
1771398000,0.2845
1771401600,0.2851
1771405200,0.2854
1771408800,0.2834
1771412400,0.2807
1771416000,0.2827
1771419600,0.2811
1771423200,0.2812
1771426800,0.284
1771430400,0.2802
1771434000,0.2797
1771437600,0.2755
1771441200,0.273
1771444800,0.2739
1771448400,0.2737
1771452000,0.2733
1771455600,0.2734
1771459200,0.2724
1771462800,0.275
1771466400,0.2747
1771470000,0.275
1771473600,0.2745
1771477200,0.2745
1771480800,0.2764
1771484400,0.2761
1771488000,0.2739
1771491600,0.2733
1771495200,0.2736
1771498800,0.2721
1771502400,0.272
1771506000,0.2697
1771509600,0.2723
1771513200,0.2702
1771516800,0.2696
1771520400,0.2694
1771524000,0.2731
1771527600,0.2727
1771531200,0.2727
1771534800,0.272
1771538400,0.2722
1771542000,0.2728
1771545600,0.2739
1771549200,0.274
1771552800,0.2737
1771556400,0.2738
1771560000,0.2725
1771563600,0.2747
1771567200,0.2747
1771570800,0.2736
1771574400,0.2746
1771578000,0.2773
1771581600,0.2785
1771585200,0.2766
1771588800,0.2768
1771592400,0.2716
1771596000,0.2772
1771599600,0.2888
1771603200,0.2882
1771606800,0.2854
1771610400,0.2832
1771614000,0.283
1771617600,0.2841
1771621200,0.2845
1771624800,0.2855
1771628400,0.2849
1771632000,0.2828
1771635600,0.2834
1771639200,0.2838
1771642800,0.283
1771646400,0.2834
1771650000,0.2833
1771653600,0.2815
1771657200,0.2814
1771660800,0.284
1771664400,0.284
1771668000,0.2837
1771671600,0.2835
1771675200,0.2828
1771678800,0.2832
1771682400,0.2829
1771686000,0.2825
1771689600,0.2805
1771693200,0.2812
1771696800,0.2817
1771700400,0.2803
1771704000,0.2793
1771707600,0.281
1771711200,0.2801
1771714800,0.28
1771718400,0.2786
1771722000,0.2792
1771725600,0.277
1771729200,0.2772
1771732800,0.2766
1771736400,0.2756
1771740000,0.2765
1771743600,0.2758
1771747200,0.2753
1771750800,0.2763
1771754400,0.2761
1771758000,0.2758
1771761600,0.2733
1771765200,0.2726
1771768800,0.272
1771772400,0.2718
1771776000,0.2712
1771779600,0.2703
1771783200,0.2699
1771786800,0.2697
1771790400,0.2692
1771794000,0.2703
1771797600,0.2716
1771801200,0.2716
1771804800,0.2683
1771808400,0.2585
1771812000,0.2603
1771815600,0.2612
1771819200,0.2608
1771822800,0.2618
1771826400,0.2661
1771830000,0.2664
1771833600,0.2656
1771837200,0.2711
1771840800,0.2705
1771844400,0.2712
1771848000,0.2737
1771851600,0.272
1771855200,0.2704
1771858800,0.2669
1771862400,0.2662
1771866000,0.2633
1771869600,0.2635
1771873200,0.2619
1771876800,0.2631
1771880400,0.2635
1771884000,0.2632
1771887600,0.2622
1771891200,0.2643
1771894800,0.261
1771898400,0.2601
1771902000,0.2585
1771905600,0.2578
1771909200,0.2571
1771912800,0.2565
1771916400,0.2575
1771920000,0.2579
1771923600,0.2571
1771927200,0.2574
1771930800,0.2574
1771934400,0.2566
1771938000,0.256
1771941600,0.2579
1771945200,0.2597
1771948800,0.2618
1771952400,0.2613
1771956000,0.2612
1771959600,0.2605
1771963200,0.2606
1771966800,0.2594
1771970400,0.2594
1771974000,0.2587
1771977600,0.2591
1771981200,0.2674
1771984800,0.2688
1771988400,0.266
1771992000,0.2659
1771995600,0.2639
1771999200,0.2646
1772002800,0.2661
1772006400,0.2686
1772010000,0.2701
1772013600,0.2697
1772017200,0.271
1772020800,0.2768
1772024400,0.2789
1772028000,0.2871
1772031600,0.2904
1772035200,0.2952
1772038800,0.2963
1772042400,0.299
1772046000,0.3026
1772049600,0.3072
1772053200,0.3095
1772056800,0.3007
1772060400,0.2972
1772064000,0.2956
1772067600,0.2964
1772071200,0.2969
1772074800,0.295
1772078400,0.2971
1772082000,0.2953
1772085600,0.2942
1772089200,0.2932
1772092800,0.292
1772096400,0.2948
1772100000,0.292
1772103600,0.2894
1772107200,0.2927
1772110800,0.292
1772114400,0.2922
1772118000,0.2915
1772121600,0.2841
1772125200,0.2836
1772128800,0.2863
1772132400,0.2883
1772136000,0.2851
1772139600,0.2856
1772143200,0.2873
1772146800,0.287
1772150400,0.2864
1772154000,0.2877
1772157600,0.2871
1772161200,0.2901
1772164800,0.2934
1772168400,0.2951
1772172000,0.2924
1772175600,0.2904
1772179200,0.2923
1772182800,0.2906
1772186400,0.2862
1772190000,0.2819
1772193600,0.2836
1772197200,0.2839
1772200800,0.2818
1772204400,0.2808
1772208000,0.2776
1772211600,0.278
1772215200,0.2768
1772218800,0.2756
1772222400,0.2774
1772226000,0.2762
1772229600,0.2767
1772233200,0.2777
1772236800,0.2778
1772240400,0.2775
1772244000,0.279
1772247600,0.277
1772251200,0.2767
1772254800,0.2756
1772258400,0.2631
1772262000,0.2651
1772265600,0.261
1772269200,0.2611
1772272800,0.2634
1772276400,0.2627
1772280000,0.2635
1772283600,0.2699
1772287200,0.2664
1772290800,0.2679
1772294400,0.2691
1772298000,0.269
1772301600,0.2741
1772305200,0.2755
1772308800,0.2806
1772312400,0.2782
1772316000,0.2806
1772319600,0.2811
1772323200,0.2796
1772326800,0.2862
1772330400,0.29
1772334000,0.2869
1772337600,0.2859
1772341200,0.2859
1772344800,0.2827
1772348400,0.2827
1772352000,0.2792
1772355600,0.2787
1772359200,0.2786
1772362800,0.2778
1772366400,0.2762
1772370000,0.2806
1772373600,0.2792
1772377200,0.2802
1772380800,0.2771
1772384400,0.2749
1772388000,0.2762
1772391600,0.2736
1772395200,0.2699
1772398800,0.273
1772402400,0.2717
1772406000,0.2735
1772409600,0.2764
1772413200,0.2767
1772416800,0.2758
1772420400,0.2771
1772424000,0.2761
1772427600,0.2749
1772431200,0.2719
1772434800,0.2707
1772438400,0.2721
1772442000,0.2718
1772445600,0.2716
1772449200,0.272
1772452800,0.2708
1772456400,0.2701
1772460000,0.2771
1772463600,0.2844
1772467200,0.2846
1772470800,0.282
1772474400,0.2806
1772478000,0.2804
1772481600,0.2794
1772485200,0.2798
1772488800,0.2806
1772492400,0.277
1772496000,0.2761
1772499600,0.2742
1772503200,0.2738
1772506800,0.2734
1772510400,0.2715
1772514000,0.2708
1772517600,0.2693
1772521200,0.2688
1772524800,0.266
1772528400,0.2649
1772532000,0.2652
1772535600,0.2648
1772539200,0.2653
1772542800,0.2637
1772546400,0.2628
1772550000,0.2652
1772553600,0.2681
1772557200,0.2678
1772560800,0.2671
1772564400,0.2637
1772568000,0.2617
1772571600,0.262
1772575200,0.2631
1772578800,0.2626
1772582400,0.2624
1772586000,0.2639
1772589600,0.2641
1772593200,0.2628
1772596800,0.2609
1772600400,0.2608
1772604000,0.2613
1772607600,0.2651
1772611200,0.2718
1772614800,0.2726
1772618400,0.27
1772622000,0.2689
1772625600,0.2692
1772629200,0.2723
1772632800,0.2729
1772636400,0.2809
1772640000,0.2805
1772643600,0.2811
1772647200,0.2817
1772650800,0.2824
1772654400,0.2812
1772658000,0.2801
1772661600,0.2762
1772665200,0.2763
1772668800,0.2743
1772672400,0.2733
1772676000,0.2739
1772679600,0.2741
1772683200,0.2751
1772686800,0.2733
1772690400,0.2743
1772694000,0.2723
1772697600,0.2718
1772701200,0.2733
1772704800,0.2769
1772708400,0.2742
1772712000,0.2776
1772715600,0.2747
1772719200,0.2757
1772722800,0.2712
1772726400,0.2688
1772730000,0.2664
1772733600,0.2686
1772737200,0.2694
1772740800,0.2711
1772744400,0.2691
1772748000,0.2691
1772751600,0.2693
1772755200,0.2684
1772758800,0.2709
1772762400,0.2701
1772766000,0.2707
1772769600,0.2688
1772773200,0.2686
1772776800,0.2687
1772780400,0.2716
1772784000,0.2691
1772787600,0.2671
1772791200,0.2679
1772794800,0.2661
1772798400,0.2665
1772802000,0.2642
1772805600,0.2587
1772809200,0.2568
1772812800,0.2573
1772816400,0.257
1772820000,0.2588
1772823600,0.2584
1772827200,0.2582
1772830800,0.2594
1772834400,0.2598
1772838000,0.259
1772841600,0.2594
1772845200,0.2592
1772848800,0.2595
1772852400,0.2587
1772856000,0.2587
1772859600,0.259
1772863200,0.258
1772866800,0.2583
1772870400,0.2579
1772874000,0.2584
1772877600,0.2578
1772881200,0.2588
1772884800,0.2575
1772888400,0.258
1772892000,0.2557
1772895600,0.255
1772899200,0.2556
1772902800,0.257
1772906400,0.2555
1772910000,0.2543
1772913600,0.255
1772917200,0.2555
1772920800,0.2538
1772924400,0.2545
1772928000,0.2538
1772931600,0.2542
1772935200,0.252
1772938800,0.2521
1772942400,0.2505
1772946000,0.2521
1772949600,0.2519
1772953200,0.2524
1772956800,0.2524
1772960400,0.2542
1772964000,0.2562
1772967600,0.2548
1772971200,0.2542
1772974800,0.252
1772978400,0.2513
1772982000,0.2498
1772985600,0.2497
1772989200,0.2505
1772992800,0.2504
1772996400,0.2532
1773000000,0.2532
1773003600,0.2522
1773007200,0.2507
1773010800,0.2493
1773014400,0.2514
1773018000,0.2498
1773021600,0.2516
1773025200,0.254
1773028800,0.2534
1773032400,0.2577
1773036000,0.2553
1773039600,0.2551
1773043200,0.2563
1773046800,0.2564
1773050400,0.2551
1773054000,0.255
1773057600,0.2557
1773061200,0.2585
1773064800,0.2579
1773068400,0.2559
1773072000,0.2569
1773075600,0.2565
1773079200,0.2563
1773082800,0.2596
1773086400,0.2587
1773090000,0.2586
1773093600,0.2553
1773097200,0.2553
1773100800,0.2576
1773104400,0.2582
1773108000,0.2623
1773111600,0.259
1773115200,0.2604
1773118800,0.2599
1773122400,0.2595
1773126000,0.2606
1773129600,0.2617
1773133200,0.2672
1773136800,0.267
1773140400,0.2642
1773144000,0.2642
1773147600,0.264
1773151200,0.272
1773154800,0.2713
1773158400,0.2722
1773162000,0.269
1773165600,0.2636
1773169200,0.2625
1773172800,0.2633
1773176400,0.2616
1773180000,0.2611
1773183600,0.2618
1773187200,0.262
1773190800,0.2608
1773194400,0.2602
1773198000,0.2597
1773201600,0.2622
1773205200,0.2584
1773208800,0.2583
1773212400,0.2575
1773216000,0.2582
1773219600,0.2573
1773223200,0.2593
1773226800,0.2588
1773230400,0.2613
1773234000,0.263
1773237600,0.2638
1773241200,0.2625
1773244800,0.2636
1773248400,0.265
1773252000,0.2667
1773255600,0.2652
1773259200,0.2642
1773262800,0.265
1773266400,0.2639
1773270000,0.2626
1773273600,0.2622
1773277200,0.2609
1773280800,0.259
1773284400,0.259
1773288000,0.2587
1773291600,0.2592
1773295200,0.2593
1773298800,0.2607
1773302400,0.261
1773306000,0.2617
1773309600,0.2632
1773313200,0.2621
1773316800,0.2633
1773320400,0.2618
1773324000,0.26
1773327600,0.2621
1773331200,0.2632
1773334800,0.2625
1773338400,0.2611
1773342000,0.2631
1773345600,0.2618
1773349200,0.2633
1773352800,0.2633
1773356400,0.2635
1773360000,0.2694
1773363600,0.272
1773367200,0.2699
1773370800,0.2716
1773374400,0.2717
1773378000,0.2743
1773381600,0.2723
1773385200,0.2718
1773388800,0.2722
1773392400,0.2744
1773396000,0.2749
1773399600,0.2744
1773403200,0.2785
1773406800,0.2791
1773410400,0.2735
1773414000,0.2715
1773417600,0.272
1773421200,0.2673
1773424800,0.2665
1773428400,0.2673
1773432000,0.2677
1773435600,0.267
1773439200,0.2651
1773442800,0.2657
1773446400,0.2639
1773450000,0.2647
1773453600,0.2648
1773457200,0.2654
1773460800,0.2655
1773464400,0.2636
1773468000,0.2621
1773471600,0.2616
1773475200,0.2612
1773478800,0.2597
1773482400,0.2601
1773486000,0.2611
1773489600,0.261
1773493200,0.2614
1773496800,0.2605
1773500400,0.2608
1773504000,0.2615
1773507600,0.2599
1773511200,0.2592
1773514800,0.2592
1773518400,0.2596
1773522000,0.2603
1773525600,0.2604
1773529200,0.2638
1773532800,0.2624
1773536400,0.2619
1773540000,0.2653
1773543600,0.265
1773547200,0.2655
1773550800,0.2654
1773554400,0.2642
1773558000,0.2648
1773561600,0.2658
1773565200,0.2649
1773568800,0.2656
1773572400,0.2658
1773576000,0.2659
1773579600,0.2644
1773583200,0.2642
1773586800,0.2637
1773590400,0.263
1773594000,0.2647
1773597600,0.2627
1773601200,0.2638
1773604800,0.2644
1773608400,0.2667
1773612000,0.2706
1773615600,0.2706
1773619200,0.2707
1773622800,0.2714
1773626400,0.2709
1773630000,0.2773
1773633600,0.2829
1773637200,0.2885
1773640800,0.29
1773644400,0.2899
1773648000,0.2846
1773651600,0.2882
1773655200,0.2869
1773658800,0.2855
1773662400,0.285
1773666000,0.2854
1773669600,0.2866
1773673200,0.2836
1773676800,0.2875
1773680400,0.2868
1773684000,0.2867
1773687600,0.2882
1773691200,0.2875
1773694800,0.2875
1773698400,0.2915
1773702000,0.2904
1773705600,0.2902
1773709200,0.2909
1773712800,0.2914
1773716400,0.2857
1773720000,0.2844
1773723600,0.2836
1773727200,0.2842
1773730800,0.2866
1773734400,0.2863
1773738000,0.2865
1773741600,0.2866
1773745200,0.2869
1773748800,0.2845
1773752400,0.2853
1773756000,0.2875
1773759600,0.2865
1773763200,0.2868
1773766800,0.2895
1773770400,0.2901
1773774000,0.2886
1773777600,0.2894
1773781200,0.2909
1773784800,0.2916
1773788400,0.289
1773792000,0.2885
1773795600,0.2885
1773799200,0.2905
1773802800,0.292
1773806400,0.2911
1773810000,0.2901
1773813600,0.2882
1773817200,0.2885
1773820800,0.2892
1773824400,0.2912
1773828000,0.2885
1773831600,0.2797
1773835200,0.2764
1773838800,0.2764
1773842400,0.2714
1773846000,0.2717
1773849600,0.2709
1773853200,0.2725
1773856800,0.2717
1773860400,0.2725
1773864000,0.2733
1773867600,0.2743
1773871200,0.2738
1773874800,0.2743
1773878400,0.2733
1773882000,0.2733
1773885600,0.2723
1773889200,0.2744
1773892800,0.2724
1773896400,0.2715
1773900000,0.2714
1773903600,0.2682
1773907200,0.2684
1773910800,0.2716
1773914400,0.2697
1773918000,0.2685
1773921600,0.265
1773925200,0.2666
1773928800,0.2661
1773932400,0.2657
1773936000,0.2644
1773939600,0.2656
1773943200,0.2656
1773946800,0.2675
1773950400,0.268
1773954000,0.2676
1773957600,0.2671
1773961200,0.2674
1773964800,0.2696
1773968400,0.2697
1773972000,0.2695
1773975600,0.2699
1773979200,0.271
1773982800,0.2715
1773986400,0.2704
1773990000,0.2701
1773993600,0.2706
1773997200,0.2686
1774000800,0.2692
1774004400,0.268
1774008000,0.2673
1774011600,0.266
1774015200,0.2654
1774018800,0.2666
1774022400,0.2659
1774026000,0.2658
1774029600,0.2639
1774033200,0.2639
1774036800,0.2639
1774040400,0.2659
1774044000,0.2669
1774047600,0.2661
1774051200,0.2664
1774054800,0.2658
1774058400,0.2669
1774062000,0.2661
1774065600,0.266
1774069200,0.2661
1774072800,0.2666
1774076400,0.2649
1774080000,0.2651
1774083600,0.2647
1774087200,0.2644
1774090800,0.2647
1774094400,0.2648
1774098000,0.2644
1774101600,0.2633
1774105200,0.2648
1774108800,0.2642
1774112400,0.2644
1774116000,0.2645
1774119600,0.2649
1774123200,0.2662
1774126800,0.2654
1774130400,0.2648
1774134000,0.2575
1774137600,0.2573
1774141200,0.2567
1774144800,0.2578
1774148400,0.2582
1774152000,0.2587
1774155600,0.2576
1774159200,0.2578
1774162800,0.2568
1774166400,0.2567
1774170000,0.2562
1774173600,0.2554
1774177200,0.2552
1774180800,0.2559
1774184400,0.2562
1774188000,0.2559
1774191600,0.2556
1774195200,0.2548
1774198800,0.2539
1774202400,0.2535
1774206000,0.2517
1774209600,0.2513
1774213200,0.2504
1774216800,0.2523
1774220400,0.2507
1774224000,0.2514
1774227600,0.2514
1774231200,0.2527
1774234800,0.2512
1774238400,0.2525
1774242000,0.2526
1774245600,0.2494
1774249200,0.2501
1774252800,0.2493
1774256400,0.2502
1774260000,0.2504
1774263600,0.2585
1774267200,0.2604
1774270800,0.2633
1774274400,0.2641
1774278000,0.261
1774281600,0.261
1774285200,0.262
1774288800,0.2624
1774292400,0.2607
1774296000,0.2632
1774299600,0.263
1774303200,0.2616
1774306800,0.2616
1774310400,0.26
1774314000,0.2592
1774317600,0.2587
1774321200,0.2617
1774324800,0.2607
1774328400,0.2606
1774332000,0.2611
1774335600,0.2657
1774339200,0.2667
1774342800,0.2653
1774346400,0.2634
1774350000,0.2637
1774353600,0.2631
1774357200,0.2612
1774360800,0.2612
1774364400,0.2609
1774368000,0.2598
1774371600,0.2591
1774375200,0.2604
1774378800,0.2601
1774382400,0.2646
1774386000,0.2654
1774389600,0.2651
1774393200,0.2662
1774396800,0.2674
1774400400,0.2678
1774404000,0.2664
1774407600,0.2676
1774411200,0.2683
1774414800,0.2682
1774418400,0.2693
1774422000,0.2698
1774425600,0.2715
1774429200,0.2721
1774432800,0.2722
1774436400,0.2731
1774440000,0.2745
1774443600,0.2733
1774447200,0.2717
1774450800,0.2702
1774454400,0.2713
1774458000,0.2706
1774461600,0.27
1774465200,0.2705
1774468800,0.2696
1774472400,0.2691
1774476000,0.2706
1774479600,0.2705
1774483200,0.2696
1774486800,0.2688
1774490400,0.2673
1774494000,0.2663
1774497600,0.2655
1774501200,0.2623
1774504800,0.2616
1774508400,0.2619
1774512000,0.2602
1774515600,0.2573
1774519200,0.2583
1774522800,0.2572
1774526400,0.2578
1774530000,0.2587
1774533600,0.2571
1774537200,0.2559
1774540800,0.2554
1774544400,0.2544
1774548000,0.2537
1774551600,0.2536
1774555200,0.2547
1774558800,0.2558
1774562400,0.2552
1774566000,0.2546
1774569600,0.2543
1774573200,0.2557
1774576800,0.2552
1774580400,0.2543
1774584000,0.254
1774587600,0.2536
1774591200,0.2537
1774594800,0.2547
1774598400,0.2521
1774602000,0.2508
1774605600,0.2462
1774609200,0.2472
1774612800,0.247
1774616400,0.2473
1774620000,0.2477
1774623600,0.2476
1774627200,0.2472
1774630800,0.2465
1774634400,0.2461
1774638000,0.2464
1774641600,0.2461
1774645200,0.2458
1774648800,0.2458
1774652400,0.246
1774656000,0.2465
1774659600,0.2459
1774663200,0.2449
1774666800,0.2446
1774670400,0.245
1774674000,0.2458
1774677600,0.2464
1774681200,0.2483
1774684800,0.2479
1774688400,0.2473
1774692000,0.2483
1774695600,0.2484
1774699200,0.2475
1774702800,0.2502
1774706400,0.2499
1774710000,0.2512
1774713600,0.2506
1774717200,0.25
1774720800,0.2501
1774724400,0.2496
1774728000,0.2499
1774731600,0.2483
1774735200,0.2483
1774738800,0.2458
1774742400,0.2458
1774746000,0.2459
1774749600,0.246
1774753200,0.2464
1774756800,0.2453
1774760400,0.2453
1774764000,0.2457
1774767600,0.2449
1774771200,0.2448
1774774800,0.2442
1774778400,0.2426
1774782000,0.2435
1774785600,0.2428
1774789200,0.2407
1774792800,0.2423
1774796400,0.2413
1774800000,0.2409
1774803600,0.2413
1774807200,0.2412
1774810800,0.2398
1774814400,0.2406
1774818000,0.2409
1774821600,0.2382
1774825200,0.2402
1774828800,0.2418
1774832400,0.2441
1774836000,0.2456
1774839600,0.2461
1774843200,0.2462
1774846800,0.2466
1774850400,0.2466
1774854000,0.2485
1774857600,0.2504
1774861200,0.2481
1774864800,0.2488
1774868400,0.2504
1774872000,0.2505
1774875600,0.2495
1774879200,0.2489
1774882800,0.2482
1774886400,0.2481
1774890000,0.2462
1774893600,0.2442
1774897200,0.2434
1774900800,0.2437
1774904400,0.2445
1774908000,0.2442
1774911600,0.2432
1774915200,0.2448
1774918800,0.2478
1774922400,0.248
1774926000,0.246
1774929600,0.244
1774933200,0.2442
1774936800,0.2456
1774940400,0.2433
1774944000,0.2418
1774947600,0.24
1774951200,0.2407
1774954800,0.2409
1774958400,0.2406
1774962000,0.243
1774965600,0.2396
1774969200,0.2377
1774972800,0.2396
1774976400,0.2392
1774980000,0.2414
1774983600,0.2407
1774987200,0.2422
1774990800,0.2411
1774994400,0.24
1774998000,0.2417
1775001600,0.2444
1775005200,0.2424
1775008800,0.2421
1775012400,0.2454
1775016000,0.2447
1775019600,0.2488
1775023200,0.2525
1775026800,0.2498
1775030400,0.2466
1775034000,0.2477
1775037600,0.2489
1775041200,0.2482
1775044800,0.2481
1775048400,0.2469
1775052000,0.2486
1775055600,0.2491
1775059200,0.25
1775062800,0.2495
1775066400,0.2486
1775070000,0.2495
1775073600,0.2485
1775077200,0.2498
1775080800,0.2473
1775084400,0.2483
1775088000,0.2501
1775091600,0.2424
1775095200,0.2406
1775098800,0.239
1775102400,0.2371
1775106000,0.238
1775109600,0.2382
1775113200,0.239
1775116800,0.2382
1775120400,0.2383
1775124000,0.2375
1775127600,0.2369
1775131200,0.2361
1775134800,0.2368
1775138400,0.2419
1775142000,0.2396
1775145600,0.2407
1775149200,0.2382
1775152800,0.24
1775156400,0.2395
1775160000,0.2402
1775163600,0.2399
1775167200,0.2395
1775170800,0.2393
1775174400,0.2395
1775178000,0.2398
1775181600,0.2402
1775185200,0.2413
1775188800,0.2428
1775192400,0.2441
1775196000,0.2443
1775199600,0.2434
1775203200,0.2441
1775206800,0.245
1775210400,0.2451
1775214000,0.2457
1775217600,0.2458
1775221200,0.2457
1775224800,0.2476
1775228400,0.246
1775232000,0.2483
1775235600,0.249
1775239200,0.2475
1775242800,0.2475
1775246400,0.2474
1775250000,0.248
1775253600,0.2462
1775257200,0.2462
1775260800,0.2453
1775264400,0.2449
1775268000,0.2452
1775271600,0.2467
1775275200,0.2457
1775278800,0.2443
1775282400,0.2462
1775286000,0.2453
1775289600,0.244
1775293200,0.2435
1775296800,0.2447
1775300400,0.2449
1775304000,0.2444
1775307600,0.244
1775311200,0.245
1775314800,0.2451
1775318400,0.2453
1775322000,0.2476
1775325600,0.247
1775329200,0.2478
1775332800,0.2474
1775336400,0.2474
1775340000,0.248
1775343600,0.2479
1775347200,0.2481
1775350800,0.247
1775354400,0.2471
1775358000,0.2466
1775361600,0.2458
1775365200,0.244
1775368800,0.243
1775372400,0.242
1775376000,0.2423
1775379600,0.2423
1775383200,0.2407
1775386800,0.2424
1775390400,0.2413
1775394000,0.2419
1775397600,0.2421
1775401200,0.2435
1775404800,0.243
1775408400,0.2439
1775412000,0.2438
1775415600,0.2436
1775419200,0.244
1775422800,0.2446
1775426400,0.2463
1775430000,0.2507
1775433600,0.2542
1775437200,0.2545
1775440800,0.257
1775444400,0.2571
1775448000,0.257
1775451600,0.2569
1775455200,0.2562
1775458800,0.2555
1775462400,0.2548
1775466000,0.2573
1775469600,0.2568
1775473200,0.2556
1775476800,0.2548
1775480400,0.2549
1775484000,0.2549
1775487600,0.2543
1775491200,0.2528
1775494800,0.2523
1775498400,0.253
1775502000,0.2521
1775505600,0.2523
1775509200,0.2509
1775512800,0.2474
1775516400,0.2461
1775520000,0.2458
1775523600,0.2444
1775527200,0.2448
1775530800,0.245
1775534400,0.2454
1775538000,0.2439
1775541600,0.2437
1775545200,0.2433
1775548800,0.2443
1775552400,0.2447
1775556000,0.2422
1775559600,0.2422
1775563200,0.2425
1775566800,0.2422
1775570400,0.2414
1775574000,0.2422
1775577600,0.2422
1775581200,0.2436
1775584800,0.2428
1775588400,0.2467
1775592000,0.2462
1775595600,0.2534
1775599200,0.2625
1775602800,0.2627
1775606400,0.26
1775610000,0.2619
1775613600,0.2611
1775617200,0.2608
1775620800,0.2623
1775624400,0.2625
1775628000,0.2616
1775631600,0.2612
1775635200,0.2608
1775638800,0.2591
1775642400,0.2588
1775646000,0.2578
1775649600,0.2577
1775653200,0.2576
1775656800,0.2526
1775660400,0.2542
1775664000,0.2543
1775667600,0.2556
1775671200,0.2528
1775674800,0.2529
1775678400,0.2526
1775682000,0.2542
1775685600,0.2518
1775689200,0.2508
1775692800,0.2497
1775696400,0.2493
1775700000,0.2496
1775703600,0.2491
1775707200,0.2488
1775710800,0.2496
1775714400,0.2503
1775718000,0.2506
1775721600,0.2504
1775725200,0.2517
1775728800,0.2509
1775732400,0.2507
1775736000,0.2514
1775739600,0.2505
1775743200,0.2503
1775746800,0.2547
1775750400,0.2551
1775754000,0.2565
1775757600,0.2542
1775761200,0.2557
1775764800,0.2566
1775768400,0.2561
1775772000,0.2561
1775775600,0.2542
1775779200,0.2531
1775782800,0.2528
1775786400,0.2521
1775790000,0.2516
1775793600,0.2528
1775797200,0.2526
1775800800,0.2512
1775804400,0.2507
1775808000,0.2501
1775811600,0.2512
1775815200,0.2501
1775818800,0.2512
1775822400,0.2525
1775826000,0.2523
1775829600,0.2554
1775833200,0.254
1775836800,0.2551
1775840400,0.2547
1775844000,0.256
1775847600,0.2581
1775851200,0.2573
1775854800,0.2558
1775858400,0.2545
1775862000,0.2543
1775865600,0.2536
1775869200,0.2535
1775872800,0.2533
1775876400,0.2533
1775880000,0.2529
1775883600,0.2508
1775887200,0.2507
1775890800,0.2507
1775894400,0.2503
1775898000,0.2505
1775901600,0.2498
1775905200,0.25
1775908800,0.2502
1775912400,0.249
1775916000,0.2475
1775919600,0.2483
1775923200,0.2503
1775926800,0.2492
1775930400,0.2525
1775934000,0.2546
1775937600,0.2523
1775941200,0.2522
1775944800,0.251
1775948400,0.2496
1775952000,0.2502
1775955600,0.2442
1775959200,0.2446
1775962800,0.244
1775966400,0.2437
1775970000,0.2432
1775973600,0.2423
1775977200,0.2416
1775980800,0.2411
1775984400,0.2402
1775988000,0.24
1775991600,0.2407
1775995200,0.2397
1775998800,0.2381
1776002400,0.2388
1776006000,0.2385
1776009600,0.2387
1776013200,0.2397
1776016800,0.2386
1776020400,0.2384
1776024000,0.2393
1776027600,0.2397
1776031200,0.238
1776034800,0.2362
1776038400,0.2383
1776042000,0.2386
1776045600,0.237
1776049200,0.2383
1776052800,0.2378
1776056400,0.2382
1776060000,0.2394
1776063600,0.2381
1776067200,0.2387
1776070800,0.2384
1776074400,0.2378
1776078000,0.2383
1776081600,0.2412
1776085200,0.2426
1776088800,0.2432
1776092400,0.2395
1776096000,0.2395
1776099600,0.2384
1776103200,0.2391
1776106800,0.2416
1776110400,0.2397
1776114000,0.2404
1776117600,0.2474
1776121200,0.2487
1776124800,0.245
1776128400,0.2453
1776132000,0.2446
1776135600,0.2448
1776139200,0.2443
1776142800,0.2421
1776146400,0.2437
1776150000,0.2435
1776153600,0.2447
1776157200,0.2446
1776160800,0.2437
1776164400,0.2435
1776168000,0.2436
1776171600,0.2485
1776175200,0.2455
1776178800,0.2446
1776182400,0.2441
1776186000,0.2443
1776189600,0.2407
1776193200,0.2406
1776196800,0.2405
1776200400,0.2407
1776204000,0.2397
1776207600,0.2397
1776211200,0.2405
1776214800,0.2409
1776218400,0.2397
1776222000,0.2398
1776225600,0.241
1776229200,0.2401
1776232800,0.2389
1776236400,0.2385
1776240000,0.2403
1776243600,0.24
1776247200,0.24
1776250800,0.2417
1776254400,0.242
1776258000,0.2412
1776261600,0.2435
1776265200,0.2427
1776268800,0.2455
1776272400,0.2454
1776276000,0.2463
1776279600,0.2489
1776283200,0.2477
1776286800,0.2483
1776290400,0.2473
1776294000,0.246
1776297600,0.2454
1776301200,0.2456
1776304800,0.2485
1776308400,0.2494
1776312000,0.25
1776315600,0.25
1776319200,0.2505
1776322800,0.2505
1776326400,0.2484
1776330000,0.2488
1776333600,0.2479
1776337200,0.2484
1776340800,0.2504
1776344400,0.2493
1776348000,0.2478
1776351600,0.2533
1776355200,0.2517
1776358800,0.2533
1776362400,0.259
1776366000,0.2604
1776369600,0.2581
1776373200,0.2584
1776376800,0.2585
1776380400,0.2593
1776384000,0.2582
1776387600,0.2561
1776391200,0.2551
1776394800,0.2551
1776398400,0.2541
1776402000,0.2521
1776405600,0.2551
1776409200,0.2563
1776412800,0.2574
1776416400,0.2583
1776420000,0.2552
1776423600,0.2579
1776427200,0.2605
1776430800,0.2654
1776434400,0.2665
1776438000,0.2637
1776441600,0.2662
1776445200,0.2642
1776448800,0.2614
1776452400,0.2613
1776456000,0.2607
1776459600,0.2605
1776463200,0.2608
1776466800,0.2588
1776470400,0.2583
1776474000,0.2574
1776477600,0.2581
1776481200,0.257
1776484800,0.2576
1776488400,0.258
1776492000,0.2577
1776495600,0.2588
1776499200,0.2558
1776502800,0.2543
1776506400,0.2526
1776510000,0.2512
1776513600,0.2518
1776517200,0.2513
1776520800,0.2517
1776524400,0.2511
1776528000,0.2493
1776531600,0.2497
1776535200,0.2479
1776538800,0.2488
1776542400,0.2492
1776546000,0.2502
1776549600,0.25
1776553200,0.2492
1776556800,0.2491
1776560400,0.2485
1776564000,0.248
1776567600,0.2482
1776571200,0.2479
1776574800,0.2473
1776578400,0.2473
1776582000,0.2457
1776585600,0.2455
1776589200,0.245
1776592800,0.2458
1776596400,0.2475
1776600000,0.2481
1776603600,0.2493
1776607200,0.2495
1776610800,0.2489
1776614400,0.247
1776618000,0.2452
1776621600,0.246
1776625200,0.2468
1776628800,0.245
1776632400,0.2442
1776636000,0.2425
1776639600,0.2425
1776643200,0.2443
1776646800,0.2449
1776650400,0.2456
1776654000,0.246
1776657600,0.2458
1776661200,0.2442
1776664800,0.2459
1776668400,0.2468
1776672000,0.2456
1776675600,0.2469
1776679200,0.2467
1776682800,0.2467
1776686400,0.2474
1776690000,0.2479
1776693600,0.2461
1776697200,0.2479
1776700800,0.2461
1776704400,0.2485
1776708000,0.2499
1776711600,0.249
1776715200,0.2503
1776718800,0.2497
1776722400,0.2489
1776726000,0.248
1776729600,0.249
1776733200,0.2484
1776736800,0.2474
1776740400,0.2471
1776744000,0.2486
1776747600,0.2493
1776751200,0.2488
1776754800,0.2495
1776758400,0.2503
1776762000,0.2509
1776765600,0.2514
1776769200,0.25
1776772800,0.2489
1776776400,0.2489
1776780000,0.2484
1776783600,0.2488
1776787200,0.247
1776790800,0.2464
1776794400,0.2469
1776798000,0.2447
1776801600,0.2477
1776805200,0.2474
1776808800,0.2491
1776812400,0.2501
1776816000,0.2499
1776819600,0.2493
1776823200,0.2544
1776826800,0.2542
1776830400,0.2542
1776834000,0.2555
1776837600,0.2558
1776841200,0.2549
1776844800,0.2548
1776848400,0.255
1776852000,0.2556
1776855600,0.2559
1776859200,0.2548
1776862800,0.2551
1776866400,0.2557
1776870000,0.2551
1776873600,0.2528
1776877200,0.2533
1776880800,0.2535
1776884400,0.2526
1776888000,0.2512
1776891600,0.2522
1776895200,0.2505
1776898800,0.2484
1776902400,0.2487
1776906000,0.2482
1776909600,0.2466
1776913200,0.2464
1776916800,0.2469
1776920400,0.2474
1776924000,0.2479
1776927600,0.247
1776931200,0.2471
1776934800,0.2461
1776938400,0.2459
1776942000,0.2477
1776945600,0.2479
1776949200,0.2474
1776952800,0.2493
1776956400,0.2504
1776960000,0.2492
1776963600,0.2468
1776967200,0.2462
1776970800,0.2468
1776974400,0.2484
1776978000,0.2489
1776981600,0.2493
1776985200,0.25
1776988800,0.2518
1776992400,0.2516
1776996000,0.2501
1776999600,0.2486
1777003200,0.2483
1777006800,0.2485
1777010400,0.2488
1777014000,0.2491
1777017600,0.2495
1777021200,0.2488
1777024800,0.2503
1777028400,0.2512
1777032000,0.2507
1777035600,0.2505
1777039200,0.2505
1777042800,0.2523
1777046400,0.2518
1777050000,0.252
1777053600,0.2518
1777057200,0.2518
1777060800,0.2524
1777064400,0.2518
1777068000,0.2503
1777071600,0.2503
1777075200,0.2501
1777078800,0.2515
1777082400,0.2512
1777086000,0.2517
1777089600,0.2513
1777093200,0.252
1777096800,0.2515
1777100400,0.2514
1777104000,0.2522
1777107600,0.2537
1777111200,0.2536
1777114800,0.2518
1777118400,0.2518
1777122000,0.2521
1777125600,0.251
1777129200,0.2503
1777132800,0.2495
1777136400,0.2486
1777140000,0.2489
1777143600,0.2491
1777147200,0.2499
1777150800,0.2494
1777154400,0.2499
1777158000,0.2504
1777161600,0.2494
1777165200,0.2488
1777168800,0.2494
1777172400,0.2495
1777176000,0.2503
1777179600,0.2507
1777183200,0.2515
1777186800,0.2516
1777190400,0.2515
1777194000,0.2523
1777197600,0.2526
1777201200,0.2537
1777204800,0.2527
1777208400,0.252
1777212000,0.2525
1777215600,0.2529
1777219200,0.2516
1777222800,0.252
1777226400,0.2526
1777230000,0.2525
1777233600,0.2521
1777237200,0.2528
1777240800,0.2517
1777244400,0.2521
1777248000,0.2548
1777251600,0.256
1777255200,0.2553
1777258800,0.2541
1777262400,0.2532
1777266000,0.2486
1777269600,0.2479
1777273200,0.2471
1777276800,0.2478
1777280400,0.2476
1777284000,0.2478
1777287600,0.2479
1777291200,0.2478
1777294800,0.247
1777298400,0.2477
1777302000,0.2446
1777305600,0.2451
1777309200,0.245
1777312800,0.2457
1777316400,0.2453
1777320000,0.2457
1777323600,0.2452
1777327200,0.2469
1777330800,0.2481
1777334400,0.2477
1777338000,0.2477
1777341600,0.2474
1777345200,0.2473
1777348800,0.2474
1777352400,0.2478
1777356000,0.2464
1777359600,0.2471
1777363200,0.2466
1777366800,0.246
1777370400,0.2465
1777374000,0.2456
1777377600,0.2463
1777381200,0.2463
1777384800,0.2464
1777388400,0.2465
1777392000,0.2459
1777395600,0.2461
1777399200,0.2472
1777402800,0.2474
1777406400,0.2476
1777410000,0.2477
1777413600,0.2468
1777417200,0.2469
1777420800,0.2471
1777424400,0.2473
1777428000,0.2476
1777431600,0.249
1777435200,0.2494
1777438800,0.2495
1777442400,0.2489
1777446000,0.2496
1777449600,0.2493
1777453200,0.2531
1777456800,0.2524
1777460400,0.2513
1777464000,0.2491
1777467600,0.2477
1777471200,0.246
1777474800,0.2441
1777478400,0.2434
1777482000,0.245
1777485600,0.2417
1777489200,0.2416
1777492800,0.2431
1777496400,0.2441
1777500000,0.2442
1777503600,0.2448
1777507200,0.2466
1777510800,0.2468
1777514400,0.2465
1777518000,0.2467
1777521600,0.2448
1777525200,0.2452
1777528800,0.2456
1777532400,0.2467
1777536000,0.2466
1777539600,0.247
1777543200,0.2458
1777546800,0.2461
1777550400,0.2457
1777554000,0.246
1777557600,0.246
1777561200,0.2474
1777564800,0.2462
1777568400,0.2463
1777572000,0.2458
1777575600,0.2462
1777579200,0.2466
1777582800,0.2463
1777586400,0.2458
1777590000,0.2461
1777593600,0.2463
1777597200,0.2472
1777600800,0.2471
1777604400,0.2487
1777608000,0.2486
1777611600,0.2487
1777615200,0.2483
1777618800,0.2486
1777622400,0.2492
1777626000,0.248
1777629600,0.2481
1777633200,0.2479
1777636800,0.2486
1777640400,0.2505
1777644000,0.2502
1777647600,0.2503
1777651200,0.2494
1777654800,0.25
1777658400,0.2498
1777662000,0.2497
1777665600,0.2483
1777669200,0.2487
1777672800,0.2481
1777676400,0.2482
1777680000,0.2483
1777683600,0.2482
1777687200,0.2481
1777690800,0.2481
1777694400,0.248
1777698000,0.2472
1777701600,0.2479
1777705200,0.2477
1777708800,0.248
1777712400,0.2488
1777716000,0.2486
1777719600,0.2483
1777723200,0.2478
1777726800,0.2489
1777730400,0.2499
1777734000,0.2501
1777737600,0.2507
1777741200,0.2497
1777744800,0.2502
1777748400,0.2514
1777752000,0.2512
1777755600,0.2512
1777759200,0.2509
1777762800,0.2501
1777766400,0.2497
1777770000,0.2483
1777773600,0.2479
1777777200,0.2479
1777780800,0.2483
1777784400,0.2483
1777788000,0.2487
1777791600,0.2488
1777795200,0.2484
1777798800,0.2493
1777802400,0.2485
1777806000,0.2496
1777809600,0.2502
1777813200,0.2498
1777816800,0.2501
1777820400,0.2506
1777824000,0.2509
1777827600,0.2508
1777831200,0.2505
1777834800,0.2508
1777838400,0.2502
1777842000,0.2495
1777845600,0.2511
1777849200,0.2495
1777852800,0.2489
1777856400,0.252
1777860000,0.2534
1777863600,0.2537
1777867200,0.2533
1777870800,0.2532
1777874400,0.2528
1777878000,0.2515
1777881600,0.2513
1777885200,0.253
1777888800,0.2483
1777892400,0.2484
1777896000,0.249
1777899600,0.25
1777903200,0.2524
1777906800,0.2506
1777910400,0.2505
1777914000,0.252
1777917600,0.2521
1777921200,0.2509
1777924800,0.2497
1777928400,0.251
1777932000,0.2502
1777935600,0.2498
1777939200,0.2506
1777942800,0.251
1777946400,0.2517
1777950000,0.2526
1777953600,0.2522
1777957200,0.253
1777960800,0.2547
1777964400,0.2569
1777968000,0.2568
1777971600,0.2574
1777975200,0.259
1777978800,0.2586
1777982400,0.2589
1777986000,0.2586
1777989600,0.257
1777993200,0.2568
1777996800,0.2574
1778000400,0.2582
1778004000,0.2579
1778007600,0.2586
1778011200,0.2612
1778014800,0.2641
1778018400,0.2625
1778022000,0.262
1778025600,0.2607
1778029200,0.263
1778032800,0.262
1778036400,0.2639
1778040000,0.2624
1778043600,0.264
1778047200,0.2637
1778050800,0.2648
1778054400,0.2719
1778058000,0.273
1778061600,0.271
1778065200,0.2718
1778068800,0.2718
1778072400,0.2651
1778076000,0.2658
1778079600,0.2676
1778083200,0.2667
1778086800,0.2656
1778090400,0.2659
1778094000,0.2663
1778097600,0.2662
1778101200,0.2685
1778104800,0.2657
1778108400,0.2668
1778112000,0.2655
1778115600,0.2653
1778119200,0.2647
1778122800,0.2637
1778126400,0.2651
1778130000,0.2661
1778133600,0.2676
1778137200,0.2684
1778140800,0.2679
1778144400,0.2668
1778148000,0.2671
1778151600,0.2678
1778155200,0.2692
1778158800,0.2663
1778162400,0.2638
1778166000,0.2618
1778169600,0.2619
1778173200,0.2627
1778176800,0.2635
1778180400,0.263
1778184000,0.2617
1778187600,0.2616
1778191200,0.2618
1778194800,0.2628
1778198400,0.262
1778202000,0.2621
1778223600,0.2619
1778227200,0.2633
1778230800,0.2636
1778234400,0.2641
1778238000,0.2644
1778241600,0.2639
1778245200,0.2642
1778248800,0.2674
1778252400,0.2696
1778256000,0.269
1778259600,0.2708
1778263200,0.2715
1778266800,0.2719
1778270400,0.2715
1778274000,0.2759
1778277600,0.2749
1778281200,0.2735
1778284800,0.2757
1778288400,0.2776
1778292000,0.2773
1778295600,0.2763
1778299200,0.2751
1778302800,0.2759
1778306400,0.275
1778310000,0.2752
1778313600,0.2758
1778317200,0.273
1778320800,0.2731
1778324400,0.2736
1778328000,0.2732
1778331600,0.2724
1778335200,0.2711
1778338800,0.2704
1778342400,0.2708
1778346000,0.2718
1778349600,0.272
1778353200,0.2728
1778356800,0.2723
1778360400,0.2722
1778364000,0.2724
1778367600,0.2709
1778371200,0.2703
1778374800,0.2696
1778378400,0.2703
1778382000,0.27
1778385600,0.27
1778389200,0.2697
1778392800,0.2696
1778396400,0.2705
1778400000,0.273
1778403600,0.272
1778407200,0.2727
1778410800,0.2728
1778414400,0.2729
1778418000,0.2745
1778421600,0.2755
1778425200,0.2814
1778428800,0.2845
1778432400,0.2867
1778436000,0.2867
1778439600,0.2871
1778443200,0.2778
1778446800,0.2793
1778450400,0.2833
1778454000,0.2825
1778457600,0.2797
1778461200,0.2803
1778464800,0.2776
1778468400,0.2765
1778472000,0.2772
1778475600,0.2785
1778479200,0.2783
1778482800,0.2777
1778486400,0.2765
1778490000,0.2783
1778493600,0.2789
1778497200,0.2793
1778500800,0.2786
1778504400,0.2806
1778508000,0.2803
1778511600,0.2824
1778515200,0.2815
1778518800,0.2817
1778522400,0.2801
1778526000,0.2812
1778529600,0.2809
1778533200,0.2805
1778536800,0.2806
1778540400,0.2804
1778544000,0.2813
1778547600,0.2776
1778551200,0.2784
1778554800,0.277
1778558400,0.2775
1778562000,0.2775
1778565600,0.2767
1778569200,0.2768
1778572800,0.2761
1778576400,0.2757
1778580000,0.2745
1778583600,0.2744
1778587200,0.2742
1778590800,0.2718
1778594400,0.2693
1778598000,0.2691
1778601600,0.2676
1778605200,0.2704
1778608800,0.2703
1778612400,0.2721
1778616000,0.272
1778619600,0.2719
1778623200,0.2717
1778626800,0.2711
1778630400,0.2716
1778634000,0.2735
1778637600,0.2736
1778641200,0.2741
1778644800,0.2743
1778648400,0.2729
1778652000,0.2727
1778655600,0.2733
1778659200,0.2739
1778662800,0.2772
1778666400,0.2739
1778670000,0.2705
1778673600,0.2679
1778677200,0.2651
1778680800,0.2659
1778684400,0.2621
1778688000,0.2645
1778691600,0.2641
1778695200,0.2647
1778698800,0.2639
1778702400,0.2647
1778706000,0.2639
1778709600,0.2649
1778713200,0.2646
1778716800,0.2655
1778720400,0.2655
1778724000,0.2646
1778727600,0.2629
1778731200,0.2645
1778734800,0.266
1778738400,0.2652
1778742000,0.2645
1778745600,0.2651
1778749200,0.2646
1778752800,0.2646
1778756400,0.2639
1778760000,0.2665
1778763600,0.2668
1778767200,0.2702
1778770800,0.2702
1778774400,0.2722
1778778000,0.2724
1778781600,0.2784
1778785200,0.2738
1778788800,0.2731
1778792400,0.2734
1778796000,0.2717
1778799600,0.2705
1778803200,0.2724
1778806800,0.2704
1778810400,0.2708
1778814000,0.2697
1778817600,0.2677
1778821200,0.2655
1778824800,0.2672
1778828400,0.2682
1778832000,0.2677
1778835600,0.2666
1778839200,0.2684
1778842800,0.2671
1778846400,0.2653
1778850000,0.258
1778853600,0.2591
1778857200,0.2581
1778860800,0.2608
1778864400,0.262
1778868000,0.2621
1778871600,0.2609
1778875200,0.2607
1778878800,0.2609
1778882400,0.2616
1778886000,0.2615
1778889600,0.2615
1778893200,0.2617
1778896800,0.2615
1778900400,0.2611
1778904000,0.2591
1778907600,0.2587
1778911200,0.2562
1778914800,0.2554
1778918400,0.2552
1778922000,0.2533
1778925600,0.254
1778929200,0.254
1778932800,0.2546
1778936400,0.2543
1778940000,0.2548
1778943600,0.2556
1778947200,0.2556
1778950800,0.256
1778954400,0.2553
1778958000,0.2552
1778961600,0.2551
1778965200,0.2555
1778968800,0.2546
1778972400,0.255
1778976000,0.2544
1778979600,0.2526
1778983200,0.2533
1778986800,0.2542
1778990400,0.255
1778994000,0.2553
1778997600,0.2556
1779001200,0.2562
1779004800,0.2556
1779008400,0.2565
1779012000,0.2571
1779015600,0.2566
1779019200,0.256
1779022800,0.2554
1779026400,0.2551
1779030000,0.2551
1779033600,0.2544
1779037200,0.2542
1779040800,0.2545
1779044400,0.2553
1779048000,0.2548
1779051600,0.2554
1779055200,0.2538
1779058800,0.2521
1779062400,0.2512
1779066000,0.2513
1779069600,0.2519
1779073200,0.25
1779076800,0.2512
1779080400,0.2499
1779084000,0.2493
1779087600,0.2493
1779091200,0.2499
1779094800,0.2492
1779098400,0.248
1779102000,0.2505
1779105600,0.2514
1779109200,0.249
1779112800,0.2477
1779116400,0.2481
1779120000,0.2487
1779123600,0.2486
1779127200,0.2469
1779130800,0.2506
1779134400,0.25
1779138000,0.2526
1779141600,0.2516
1779145200,0.2516
1779148800,0.2524
1779152400,0.2511
1779156000,0.2506
1779159600,0.2512
1779163200,0.252
1779166800,0.2514
1779170400,0.2517
1779174000,0.2524
1779177600,0.2513
1779181200,0.2503
1779184800,0.2498
1779188400,0.2483
1779192000,0.2496
1779195600,0.2498
1779199200,0.248
1779202800,0.2482
1779206400,0.2497
1779210000,0.2488
1779213600,0.2483
1779217200,0.2483
1779220800,0.2491
1779224400,0.2487
1779228000,0.2479
1779231600,0.2479
1779235200,0.2481
1779238800,0.2478
1779242400,0.2471
1779246000,0.2481
1779249600,0.2486
1779253200,0.2501
1779256800,0.2499
1779260400,0.2488
1779264000,0.2498
1779267600,0.2489
1779271200,0.2497
1779274800,0.2486
1779278400,0.2494
1779282000,0.2484
1779285600,0.2501
1779289200,0.2501
1779292800,0.2498
1779296400,0.25
1779300000,0.249
1779303600,0.25
1779307200,0.2502
1779310800,0.2495
1779314400,0.249
1779318000,0.249
1779321600,0.2504
1779325200,0.2509
1779328800,0.2512
1779332400,0.2519
1779336000,0.2512
1779339600,0.2491
1779343200,0.2477
1779346800,0.2489
1779350400,0.2496
1779354000,0.2485
1779357600,0.2463
1779361200,0.2465
1779364800,0.2472
1779368400,0.247
1779372000,0.2469
1779375600,0.2483
1779379200,0.2482
1779382800,0.252
1779386400,0.2513
1779390000,0.2522
1779393600,0.2519
1779397200,0.2517
1779400800,0.2505
1779404400,0.2504
1779408000,0.2492
1779411600,0.2503
1779415200,0.2504
1779418800,0.2515
1779422400,0.2515
1779426000,0.2516
1779429600,0.25
1779433200,0.2513
1779436800,0.2512
1779440400,0.2508
1779444000,0.2511
1779447600,0.2522
1779451200,0.2539
1779454800,0.2517
1779458400,0.2491
1779462000,0.2494
1779465600,0.2491
1779469200,0.2486
1779472800,0.2454
1779476400,0.244
1779480000,0.2453
1779483600,0.2457
1779487200,0.2451
1779490800,0.2422
1779494400,0.2431
1779498000,0.2436
1779501600,0.2436
1779505200,0.2434
1779508800,0.2421
1779512400,0.2418
1779516000,0.2418
1779519600,0.2377
1779523200,0.2383
1779526800,0.2381
1779530400,0.2388
1779534000,0.2378
1779537600,0.238
1779541200,0.2407
1779544800,0.2424
1779548400,0.2421
1779552000,0.2423
1779555600,0.2422
1779559200,0.2439
1779562800,0.244
1779566400,0.2497
1779570000,0.2475
1779573600,0.246
1779577200,0.2458
1779580800,0.246
1779584400,0.2461
1779588000,0.2455
1779591600,0.245
1779595200,0.2454
1779598800,0.2459
1779602400,0.246
1779606000,0.2452
1779609600,0.2456
1779613200,0.2456
1779616800,0.245
1779620400,0.2453
1779624000,0.2447
1779627600,0.2436
1779631200,0.2426
1779634800,0.2427
1779638400,0.2428
1779642000,0.2429
1779645600,0.242
1779649200,0.2424
1779652800,0.2416
1779656400,0.2391
1779660000,0.2408
1779663600,0.242
1779667200,0.2424
1779670800,0.2408
1779674400,0.2411
1779678000,0.2408
1779681600,0.2425
1779685200,0.243
1779688800,0.2437
1779692400,0.2447
1779696000,0.2457
1779699600,0.2447
1779703200,0.2458
1779706800,0.2449
1779710400,0.2444
1779714000,0.2451
1779717600,0.246
1779721200,0.2459
1779724800,0.2473
1779728400,0.2463
1779732000,0.2461
1779735600,0.2451
1779739200,0.2443
1779742800,0.2444
1779746400,0.2423
1779750000,0.2433
1779753600,0.2416
1779757200,0.2407
1779760800,0.2404
1779764400,0.2407
1779768000,0.2409
1779771600,0.2419
1779775200,0.242
1779778800,0.241
1779782400,0.2419
1779786000,0.2418
1779789600,0.2447
1779793200,0.244
1779796800,0.2447
1779800400,0.2448
1779804000,0.2437
1779807600,0.2424
1779811200,0.2409
1779814800,0.2395
1779818400,0.2392
1779822000,0.2398
1779825600,0.2401
1779829200,0.2394
1779832800,0.2398
1779836400,0.2398
1779840000,0.2413
1779843600,0.2401
1779847200,0.2403
1779850800,0.2398
1779854400,0.2394
1779858000,0.2396
1779861600,0.2402
1779865200,0.24
1779868800,0.2395
1779872400,0.239
1779876000,0.2394
1779879600,0.2393
1779883200,0.2399
1779886800,0.239
1779890400,0.2396
1779894000,0.241
1779897600,0.2407
1779901200,0.2379
1779904800,0.2392
1779908400,0.2405
1779912000,0.24
1779915600,0.2371
1779919200,0.2363
1779922800,0.2369
1779926400,0.2379
1779930000,0.2372
1779933600,0.2367
1779937200,0.2318
1779940800,0.2308
1779944400,0.2295
1779948000,0.2299
1779951600,0.2311
1779955200,0.2299
1779958800,0.2313
1779962400,0.2293
1779966000,0.2298
1779969600,0.2316
1779973200,0.231
1779976800,0.2319
1779980400,0.2327
1779984000,0.2342
1779987600,0.2347
1779991200,0.2359
1779994800,0.2341
1779998400,0.2352
1780002000,0.2351
1780005600,0.2339
1780009200,0.2346
1780012800,0.2348
1780016400,0.2346
1780020000,0.2329
1780023600,0.2331
1780027200,0.2342
1780030800,0.2349
1780034400,0.2356
1780038000,0.2345
1780041600,0.2349
1780045200,0.2351
1780048800,0.2343
1780052400,0.2332
1780056000,0.2322
1780059600,0.2323
1780063200,0.2323
1780066800,0.2355
1780070400,0.2349
1780074000,0.2344
1780077600,0.2318
1780081200,0.2324
1780084800,0.2326
1780088400,0.2319
1780092000,0.2327
1780095600,0.2328
1780099200,0.2348
1780102800,0.2374
1780106400,0.2382
1780110000,0.2362
1780113600,0.2347
1780117200,0.2354
1780120800,0.2349
1780124400,0.2349
1780128000,0.234
1780131600,0.2349
1780135200,0.2346
1780138800,0.235
1780142400,0.2351
1780146000,0.2357
1780149600,0.236
1780153200,0.2362
1780156800,0.2366
1780160400,0.2369
1780164000,0.2373
1780167600,0.237
1780171200,0.2375
1780174800,0.2372
1780178400,0.2357
1780182000,0.2356
1780185600,0.2364
1780189200,0.2364
1780192800,0.2371
1780196400,0.2376
1780200000,0.2382
1780203600,0.2374
1780207200,0.2374
1780210800,0.2364
1780214400,0.2367
1780218000,0.2369
1780221600,0.2368
1780225200,0.2368
1780228800,0.2372
1780232400,0.2365
1780236000,0.2337
1780239600,0.2335
1780243200,0.2327
1780246800,0.2331
1780250400,0.2329
1780254000,0.2326
1780257600,0.2336
1780261200,0.2347
1780264800,0.2355
1780268400,0.2354
1780272000,0.2364
1780275600,0.2331
1780279200,0.236
1780282800,0.2365
1780286400,0.234
1780290000,0.2337
1780293600,0.2327
1780297200,0.2307
1780300800,0.2311
1780304400,0.2314
1780308000,0.231
1780311600,0.23
1780315200,0.2303
1780318800,0.2285
1780322400,0.2271
1780326000,0.2267
1780329600,0.2301
1780333200,0.2308
1780336800,0.2302
1780340400,0.2312
1780344000,0.2306
1780347600,0.2293
1780351200,0.2305
1780354800,0.2308
1780358400,0.2294
1780362000,0.2269
1780365600,0.2277
1780369200,0.2276
1780372800,0.2256
1780376400,0.2242
1780380000,0.2237
1780383600,0.2237
1780387200,0.2237
1780390800,0.2231
1780394400,0.2241
1780398000,0.2228
1780401600,0.223
1780405200,0.2223
1780408800,0.219
1780412400,0.2151
1780416000,0.218
1780419600,0.2184
1780423200,0.2161
1780426800,0.2152
1780430400,0.216
1780434000,0.2164
1780437600,0.212
1780441200,0.2126
1780444800,0.2134
1780448400,0.2136
1780452000,0.2122
1780455600,0.2085
1780459200,0.2119
1780462800,0.2148
1780466400,0.2151
1780470000,0.2169
1780473600,0.2163
1780477200,0.216
1780480800,0.2174
1780484400,0.2159
1780488000,0.2155
1780491600,0.2149
1780495200,0.2137
1780498800,0.2117
1780502400,0.2092
1780506000,0.2096
1780509600,0.2082
1780513200,0.2044
1780516800,0.2019
1780520400,0.2052
1780524000,0.2023
1780527600,0.2002
1780531200,0.1976
1780534800,0.1921
1780538400,0.1947
1780542000,0.1995
1780545600,0.1987
1780549200,0.1965
1780552800,0.1976
1780556400,0.1945
1780560000,0.1933
1780563600,0.1904
1780567200,0.1877
1780570800,0.19
1780574400,0.1916
1780578000,0.1889
1780581600,0.1893
1780585200,0.1887
1780588800,0.187
1780592400,0.188
1780596000,0.1882
1780599600,0.1864
1780603200,0.1843
1780606800,0.1803
1780610400,0.1816
1780614000,0.1796
1780617600,0.1744
1780621200,0.1721
1780624800,0.1634
1780628400,0.1583
1780632000,0.1685
1780635600,0.1644
1780639200,0.1615
1780642800,0.1633
1780646400,0.1607
1780650000,0.164
1780653600,0.1636
1780657200,0.1621
1780660800,0.1626
1780664400,0.1596
1780668000,0.1604
1780671600,0.1567
1780675200,0.1627
1780678800,0.1608
1780682400,0.1576
1780686000,0.1607
1780689600,0.162
1780693200,0.1624
1780696800,0.1596
1780700400,0.1568
1780704000,0.1614
1780707600,0.1585
1780711200,0.1555
1780714800,0.1551
1780718400,0.1498
1780722000,0.1539
1780725600,0.154
1780729200,0.1573
1780732800,0.1594
1780736400,0.1566
1780740000,0.1544
1780743600,0.1562
1780747200,0.1583
1780750800,0.1584
1780754400,0.1601
1780758000,0.1583
1780761600,0.1599
1780765200,0.1575
1780768800,0.1569
1780772400,0.1568
1780776000,0.1569
1780779600,0.1572
1780783200,0.1558
1780786800,0.1573
1780790400,0.1574
1780794000,0.1609
1780797600,0.1608
1780801200,0.1614
1780804800,0.1622
1780808400,0.1612
1780812000,0.1611
1780815600,0.1622
1780819200,0.1649
1780822800,0.165
1780826400,0.1642
1780830000,0.1646
1780833600,0.1615
1780837200,0.1619
1780840800,0.1627
1780844400,0.1622
1780848000,0.1623
1780851600,0.1629
1780855200,0.1617
1780858800,0.1585
1780862400,0.1606
1780866000,0.161
1780869600,0.1644
1780873200,0.1652
1780876800,0.1653
1780880400,0.1632
1780884000,0.1636
1780887600,0.164
1780891200,0.1614
1780894800,0.1608
1780898400,0.1617
1780902000,0.1636
1780905600,0.1633
1780909200,0.1651
1780912800,0.1643
1780916400,0.1676
1780920000,0.1676
1780923600,0.1661
1780927200,0.168
1780930800,0.1692
1780934400,0.1678
1780938000,0.1698
1780941600,0.1709
1780945200,0.1719
1780948800,0.1709
1780952400,0.1717
1780956000,0.1721
1780959600,0.1705
1780963200,0.1668
1780966800,0.1668
1780970400,0.1674
1780974000,0.1663
1780977600,0.1685
1780981200,0.1699
1780984800,0.1696
1780988400,0.1702
1780992000,0.1688
1780995600,0.1678
1780999200,0.1677
1781002800,0.1674
1781006400,0.1689
1781010000,0.1682
1781013600,0.1662
1781017200,0.163
1781020800,0.1619
1781024400,0.1649
1781028000,0.1666
1781031600,0.1683
1781035200,0.168
1781038800,0.166
1781042400,0.165
1781046000,0.1653
1781049600,0.1662
1781053200,0.1648
1781056800,0.1618
1781060400,0.1623
1781064000,0.1615
1781067600,0.1603
1781071200,0.1605
1781074800,0.1612
1781078400,0.1593
1781082000,0.1603
1781085600,0.1606
1781089200,0.1593
1781092800,0.1619
1781096400,0.1646
1781100000,0.1638
1781103600,0.1649
1781107200,0.1619
1781110800,0.1617
1781114400,0.1645
1781118000,0.1607
1781121600,0.16
1781125200,0.1593
1781128800,0.1595
1781132400,0.1605
1781136000,0.1611
1781139600,0.1634
1781143200,0.1627
1781146800,0.1663
1781150400,0.1665
1781154000,0.1653
1781157600,0.1644
1781161200,0.1666
1781164800,0.1666
1781168400,0.1662
1781172000,0.1661
1781175600,0.1667
1781179200,0.1656
1781182800,0.1659
1781186400,0.1652
1781190000,0.166
1781193600,0.1648
1781197200,0.1704
1781200800,0.1687
1781204400,0.1693
1781208000,0.1685
1781211600,0.17
1781215200,0.1708
1781218800,0.1705
1781222400,0.17
1781226000,0.1695
1781229600,0.1709
1781233200,0.1716
1781236800,0.1721
1781240400,0.1699
1781244000,0.168
1781247600,0.169
1781251200,0.1701
1781254800,0.1717
1781258400,0.1711
1781262000,0.1711
1781265600,0.1707
1781269200,0.1683
1781272800,0.1727
1781276400,0.1704
1781280000,0.1733
1781283600,0.1718
1781287200,0.1709
1781290800,0.1708
1781294400,0.1695
1781298000,0.1693
1781301600,0.1695
1781305200,0.1696
1781308800,0.17
1781312400,0.1725
1781316000,0.1718
1781319600,0.1704
1781323200,0.1703
1781326800,0.1697
1781330400,0.1718
1781334000,0.1729
1781337600,0.1729
1781341200,0.1724
1781344800,0.1722
1781348400,0.1734
1781352000,0.1736
1781355600,0.174
1781359200,0.1744
1781362800,0.1749
1781366400,0.1733
1781370000,0.1721
1781373600,0.1721
1781377200,0.1719
1781380800,0.1716
1781384400,0.1727
1781388000,0.1716
1781391600,0.1717
1781395200,0.1714
1781398800,0.1726
1781402400,0.1723
1781406000,0.1729
1781409600,0.1719
1781413200,0.172
1781416800,0.1715
1781420400,0.171
1781424000,0.1709
1781427600,0.171
1781431200,0.1696
1781434800,0.1698
1781438400,0.1683
1781442000,0.1675
1781445600,0.1671
1781449200,0.1668
1781452800,0.167
1781456400,0.1665
1781460000,0.166
1781463600,0.1661
1781467200,0.1669
1781470800,0.174
1781474400,0.175
1781478000,0.1829
1781481600,0.1831
1781485200,0.1804
1781488800,0.18
1781492400,0.1812
1781496000,0.1796
1781499600,0.1808
1781503200,0.1811
1781506800,0.18
1781510400,0.1809
1781514000,0.1814
1781517600,0.1826
1781521200,0.1853
1781524800,0.1871
1781528400,0.1892
1781532000,0.1873
1781535600,0.1888
1781539200,0.1876
1781542800,0.1875
1781546400,0.1873
1781550000,0.186
1781553600,0.1806
1781557200,0.1793
1781560800,0.1782
1781564400,0.1784
1781568000,0.1777
1781571600,0.1771
1781575200,0.176
1781578800,0.1771
1781582400,0.1759
1781586000,0.1769
1781589600,0.1782
1781593200,0.1786
1781596800,0.1809
1781600400,0.1798
1781604000,0.1793
1781607600,0.1788
1781611200,0.18
1781614800,0.1771
1781618400,0.1739
1781622000,0.1738
1781625600,0.173
1781629200,0.1745
1781632800,0.1747
1781636400,0.1731
1781640000,0.1748
1781643600,0.1736
1781647200,0.1735
1781650800,0.1725
1781654400,0.1719
1781658000,0.1734
1781661600,0.1742
1781665200,0.1729
1781668800,0.1727
1781672400,0.1726
1781676000,0.1712
1781679600,0.1711
1781683200,0.1689
1781686800,0.1692
1781690400,0.1691
1781694000,0.1687
1781697600,0.1693
1781701200,0.1682
1781704800,0.168
1781708400,0.1714
1781712000,0.1709
1781715600,0.1722
1781719200,0.1697
1781722800,0.1655
1781726400,0.1671
1781730000,0.166
1781733600,0.1665
1781737200,0.1667
1781740800,0.167
1781744400,0.1679
1781748000,0.1684
1781751600,0.1667
1781755200,0.1653
1781758800,0.1649
1781762400,0.1654
1781766000,0.1667
1781769600,0.1665
1781773200,0.1671
1781776800,0.1664
1781780400,0.165
1781784000,0.1657
1781787600,0.1647
1781791200,0.1644
1781794800,0.1602
1781798400,0.1621
1781802000,0.1612
1781805600,0.1621
1781809200,0.163
1781812800,0.1633
1781816400,0.163
1781820000,0.1628
1781823600,0.1634
1781827200,0.1638
1781830800,0.1644
1781834400,0.1641
1781838000,0.162
1781841600,0.16
1781845200,0.1606
1781848800,0.1605
1781852400,0.1595
1781856000,0.1604
1781859600,0.1595
1781863200,0.1601
1781866800,0.1598
1781870400,0.1606
1781874000,0.1622
1781877600,0.1616
1781881200,0.1616
1781884800,0.1604
1781888400,0.1616
1781892000,0.1611
1781895600,0.1608
1781899200,0.1617
1781902800,0.1606
1781906400,0.1616
1781910000,0.1619
1781913600,0.1623
1781917200,0.1623
1781920800,0.162
1781924400,0.1625
1781928000,0.1629
1781931600,0.1634
1781935200,0.1637
1781938800,0.1628
1781942400,0.1628
1781946000,0.1637
1781949600,0.1631
1781953200,0.1627
1781956800,0.1625
1781960400,0.1612
1781964000,0.1618
1781967600,0.1621
1781971200,0.1617
1781974800,0.1609
1781978400,0.1607
1781982000,0.1612
1781985600,0.1613
1781989200,0.1619
1781992800,0.163
1781996400,0.163
1782000000,0.1633
1782003600,0.1628
1782007200,0.1622
1782010800,0.1625
1782014400,0.1608
1782018000,0.1604
1782021600,0.1613
1782025200,0.1614
1782028800,0.161
1782032400,0.1618
1782036000,0.1612
1782039600,0.1607
1782043200,0.1609
1782046800,0.1616
1782050400,0.162
1782054000,0.1621
1782057600,0.1614
1782061200,0.1613
1782064800,0.1619
1782068400,0.1618
1782072000,0.1605
1782075600,0.1588
1782079200,0.1586
1782082800,0.1565
1782086400,0.1593
1782090000,0.161
1782093600,0.1595
1782097200,0.158
1782100800,0.1591
1782104400,0.1606
1782108000,0.1602
1782111600,0.1616
1782115200,0.1609
1782118800,0.1602
1782122400,0.1602
1782126000,0.1616
1782129600,0.1617
1782133200,0.1629
1782136800,0.16
1782140400,0.1593
1782144000,0.159
1782147600,0.1594
1782151200,0.1583
1782154800,0.1588
1782158400,0.159
1782162000,0.1593
1782165600,0.158
1782169200,0.1584
1782172800,0.159
1782176400,0.1588
1782180000,0.1591
1782183600,0.1597
1782187200,0.1582
1782190800,0.1577
1782194400,0.1545
1782198000,0.1545
1782201600,0.1524
1782205200,0.1525
1782208800,0.1525
1782212400,0.1536
1782216000,0.1502
1782219600,0.1514
1782223200,0.1509
1782226800,0.1509
1782230400,0.1508
1782234000,0.1501
1782237600,0.1499
1782241200,0.15
1782244800,0.1499
1782248400,0.1513
1782252000,0.1514
1782255600,0.1513
1782259200,0.1527
1782262800,0.1529
1782266400,0.1525
1782270000,0.152
1782273600,0.1522
1782277200,0.1519
1782280800,0.1513
1782284400,0.1504
1782288000,0.1511
1782291600,0.1502
1782295200,0.1469
1782298800,0.1482
1782302400,0.1478
1782306000,0.1451
1782309600,0.1452
1782313200,0.1436
1782316800,0.1414
1782320400,0.1399
1782324000,0.1414
1782327600,0.1409
1782331200,0.145
1782334800,0.1469
1782338400,0.147
1782342000,0.1475
1782345600,0.1474
1782349200,0.1475
1782352800,0.1477
1782356400,0.1474
1782360000,0.1488
1782363600,0.1497
1782367200,0.1497
1782370800,0.1496
1782374400,0.1491
1782378000,0.149
1782381600,0.148
1782385200,0.1476
1782388800,0.1481
1782392400,0.1387
1782396000,0.1426
1782399600,0.143
1782403200,0.1427
1782406800,0.1444
1782410400,0.142
1782414000,0.1409
1782417600,0.1412
1782421200,0.1437
1782424800,0.1431
1782428400,0.1435
1782432000,0.1429
1782435600,0.142
1782439200,0.1393
1782442800,0.1426
1782446400,0.1414
1782450000,0.1428
1782453600,0.145
1782457200,0.1466
1782460800,0.1448
1782464400,0.1435
1782468000,0.1435
1782471600,0.1432
1782475200,0.1426
1782478800,0.1455
1782482400,0.1443
1782486000,0.1479
1782489600,0.1478
1782493200,0.1479
1782496800,0.1467
1782500400,0.1474
1782504000,0.1472
1782507600,0.147
1782511200,0.1479
1782514800,0.1484
1782518400,0.148
1782522000,0.148
1782525600,0.1486
1782529200,0.148
1782532800,0.148
1782536400,0.1478
1782540000,0.1477
1782543600,0.1474
1782547200,0.1471
1782550800,0.147
1782554400,0.1472
1782558000,0.1471
1782561600,0.1472
1782565200,0.1477
1782568800,0.1483
1782572400,0.1487
1782576000,0.1482
1782579600,0.1465
1782583200,0.1467
1782586800,0.1451
1782590400,0.1454
1782594000,0.1445
1782597600,0.1455
1782601200,0.1451
1782604800,0.1454
1782608400,0.1453
1782612000,0.1447
1782615600,0.1453
1782619200,0.1448
1782622800,0.1444
1782626400,0.144
1782630000,0.1451
1782633600,0.1456
1782637200,0.1446
1782640800,0.1447
1782644400,0.1451
1782648000,0.1447
1782651600,0.1441
1782655200,0.1444
1782658800,0.1444
1782662400,0.1436
1782666000,0.1434
1782669600,0.1431
1782673200,0.1426
1782676800,0.1431
1782680400,0.1421
1782684000,0.1418
1782687600,0.1435
1782691200,0.1438
1782694800,0.1432
1782698400,0.1441
1782702000,0.1448
1782705600,0.1439
1782709200,0.1448
1782712800,0.1448
1782716400,0.1448
1782720000,0.1438
1782723600,0.1449
1782727200,0.1452
1782730800,0.1446
1782734400,0.1449
1782738000,0.1446
1782741600,0.1447
1782745200,0.1453
1782748800,0.1453
1782752400,0.1476
1782756000,0.147
1782759600,0.1474
1782763200,0.1468
1782766800,0.1471
1782770400,0.146
1782774000,0.1456
1782777600,0.1442
1782781200,0.1442
1782784800,0.1444
1782788400,0.1441
1782792000,0.1446
1782795600,0.1448
1782799200,0.1452
1782802800,0.1449
1782806400,0.1443
1782810000,0.1446
1782813600,0.1445
1782817200,0.1438
1782820800,0.1419
1782824400,0.1438
1782828000,0.1435
1782831600,0.144
1782835200,0.1453
1782838800,0.1444
1782842400,0.1453
1782846000,0.1447
1782849600,0.1436
1782853200,0.144
1782856800,0.144
1782860400,0.1441
1782864000,0.1444
1782867600,0.1447
1782871200,0.1464
1782874800,0.1493
1782878400,0.1507
1782882000,0.1513
1782885600,0.1502
1782889200,0.1498
1782892800,0.1503
1782896400,0.1501
1782900000,0.1506
1782903600,0.1507
1782907200,0.1514
1782910800,0.1537
1782914400,0.1555
1782918000,0.1551
1782921600,0.1549
1782925200,0.1547
1782928800,0.1539
1782932400,0.1532
1782936000,0.1539
1782939600,0.1574
1782943200,0.1558
1782946800,0.1538
1782950400,0.1528
1782954000,0.1544
1782957600,0.1545
1782961200,0.1558
1782964800,0.1558
1782968400,0.1543
1782972000,0.1546
1782975600,0.155
1782979200,0.1563
1782982800,0.1575
1782986400,0.159
1782990000,0.1593
1782993600,0.1602
1782997200,0.1618
1783000800,0.16
1783004400,0.1608
1783008000,0.1596
1783011600,0.1588
1783015200,0.1597
1783018800,0.1597
1783022400,0.161
1783026000,0.1609
1783029600,0.1612
1783033200,0.1613
1783036800,0.1613
1783040400,0.1658
1783044000,0.1679
1783047600,0.1666
1783051200,0.1639
1783054800,0.1637
1783058400,0.1648
1783062000,0.165
1783065600,0.1665
1783069200,0.1666
1783072800,0.1681
1783076400,0.1693
1783080000,0.169
1783083600,0.1707
1783087200,0.1707
1783090800,0.1736
1783094400,0.1742
1783098000,0.1757
1783101600,0.1786
1783105200,0.181
1783108800,0.1828
1783112400,0.1791
1783116000,0.1807
1783119600,0.1797
1783123200,0.1791
1783126800,0.1779
1783130400,0.1772
1783134000,0.1771
1783137600,0.1792
1783141200,0.1774
1783144800,0.1767
1783148400,0.1758
1783152000,0.1761
1783155600,0.1754
1783159200,0.1758
1783162800,0.1764
1783166400,0.1779
1783170000,0.1788
1783173600,0.1841
1783177200,0.1909
1783180800,0.1954
1783184400,0.1997
1783188000,0.1954
1783191600,0.1931
1783195200,0.1914
1783198800,0.1923
1783202400,0.1921
1783206000,0.192
1783209600,0.1929
1783213200,0.1912
1783216800,0.1913
1783220400,0.1902
1783224000,0.1903
1783227600,0.1888
1783231200,0.1897
1783234800,0.1929
1783238400,0.1916
1783242000,0.1876
1783245600,0.1869
1783249200,0.1865
1783252800,0.1877
1783256400,0.1889
1783260000,0.1894
1783263600,0.1891
1783267200,0.1896
1783270800,0.1902
1783274400,0.1896
1783278000,0.1888
1783281600,0.1884
1783285200,0.1902
1783288800,0.1903
1783292400,0.1893
1783296000,0.1899
1783299600,0.1892
1783303200,0.1888
1783306800,0.1879
1783310400,0.1865
1783314000,0.1849
1783317600,0.1835
1783321200,0.184
1783324800,0.1846
1783328400,0.1819
1783332000,0.1827
1783335600,0.1822
1783339200,0.1789
1783342800,0.1796
1783346400,0.1818
1783350000,0.1858
1783353600,0.1845
1783357200,0.1833
1783360800,0.1834
1783364400,0.184
1783368000,0.1831
1783371600,0.1857
1783375200,0.1842
1783378800,0.1841
1783382400,0.1846
1783386000,0.1837
1783389600,0.1813
1783393200,0.1812
1783396800,0.1796
1783400400,0.1801
1783404000,0.181
1783407600,0.1794
1783411200,0.1791
1783414800,0.1785
1783418400,0.1771
1783422000,0.1774
1783425600,0.1788
1783429200,0.1768
1783432800,0.1766
1783436400,0.1772
1783440000,0.1772
1783443600,0.1778
1783447200,0.1755
1783450800,0.1765
1783454400,0.1761
1783458000,0.174
1783461600,0.1745
1783465200,0.1748
1783468800,0.1758
1783472400,0.1728
1783476000,0.1712
1783479600,0.1705
1783483200,0.1704
1783486800,0.1698
1783490400,0.169
1783494000,0.1694
1783497600,0.1658
1783501200,0.166
1783504800,0.167
1783508400,0.1669
1783512000,0.1666
1783515600,0.168
1783519200,0.1667
1783522800,0.1654
1783526400,0.1669
1783530000,0.1656
1783533600,0.1664
1783537200,0.1666
1783540800,0.1659
1783544400,0.1665
1783548000,0.1667
1783551600,0.1669
1783555200,0.1669
1783558800,0.166
1783562400,0.1664
1783566000,0.1664
1783569600,0.168
1783573200,0.1685
1783576800,0.1695
1783580400,0.1681
1783584000,0.1671
1783587600,0.1684
1783591200,0.1683
1783594800,0.1693
1783598400,0.169
1783602000,0.1695
1783605600,0.1691
1783609200,0.1664
1783612800,0.1652
1783616400,0.1666
1783620000,0.1662
1783623600,0.1656
1783627200,0.1669
1783630800,0.1669
1783634400,0.1669
1783638000,0.1663
1783641600,0.1665
1783645200,0.1683
1783648800,0.1687
1783652400,0.1674
1783656000,0.1674
1783659600,0.1671
1783663200,0.1666
1783666800,0.1666
1783670400,0.1677
1783674000,0.1687
1783677600,0.1685
1783681200,0.1678
1783684800,0.1676
1783688400,0.1684
1783692000,0.1656
1783695600,0.1664
1783699200,0.1673
1783702800,0.1664
1783706400,0.166
1783710000,0.1666
1783713600,0.1666
1783717200,0.1669
1783720800,0.1671
1783724400,0.1667
1783728000,0.1667
1783731600,0.1664
1783735200,0.1664
1783738800,0.1662
1783742400,0.1663
1783746000,0.1667
1783749600,0.167
1783753200,0.1677
1783756800,0.1678
1783760400,0.1672
1783764000,0.1673
1783767600,0.1678
1783771200,0.1677
1783774800,0.1678
1783778400,0.1693
1783782000,0.172
1783785600,0.1709
1783789200,0.1707
1783792800,0.1714
1783796400,0.1716
1783800000,0.1706
1783803600,0.17
1783807200,0.1686
1783810800,0.1655
1783814400,0.1636
1783818000,0.1652
1783821600,0.1651
1783825200,0.1663
1783828800,0.1647
1783832400,0.164
1783836000,0.1631
1783839600,0.1635
1783843200,0.1642
1783846800,0.1645
1783850400,0.1638
1783854000,0.1643
1783857600,0.1648
1783861200,0.1646
1783864800,0.1649
1783868400,0.1645
1783872000,0.1644
1783875600,0.1639
1783879200,0.1643
1783882800,0.1643
1783886400,0.1639
1783890000,0.1633
1783893600,0.1619
1783897200,0.1619
1783900800,0.1627
1783904400,0.1604
1783908000,0.1598
1783911600,0.1586
1783915200,0.1588
1783918800,0.16
1783922400,0.1602
1783926000,0.1603
1783929600,0.1601
1783933200,0.1598
1783936800,0.1595
1783940400,0.1593
1783944000,0.1588
1783947600,0.1581
1783951200,0.1599
1783954800,0.1586
1783958400,0.1581
1783962000,0.1565
1783965600,0.1571
1783969200,0.1581
1783972800,0.1574
1783976400,0.1561
1783980000,0.1561
1783983600,0.1573
1783987200,0.1582
1783990800,0.1574
1783994400,0.1573
1783998000,0.1575
1784001600,0.1577
1784005200,0.1593
1784008800,0.1586
1784012400,0.1585
1784016000,0.1584
1784019600,0.1583
1784023200,0.1586
1784026800,0.159
1784030400,0.1622
1784034000,0.1636
1784037600,0.1642
1784041200,0.1654
1784044800,0.1652
1784048400,0.1637
1784052000,0.1632
1784055600,0.1634
1784059200,0.1632
1784062800,0.1644
1784066400,0.1645
1784070000,0.1654
1784073600,0.1647
1784077200,0.1635
1784080800,0.1627
1784084400,0.1639
1784088000,0.1635
1784091600,0.1644
1784095200,0.1639
1784098800,0.1632
1784102400,0.1636
1784106000,0.164
1784109600,0.1643
1784113200,0.1646
1784116800,0.1669
1784120400,0.1662
1784124000,0.1664
1784127600,0.1656
1784131200,0.1634
1784134800,0.1647
1784138400,0.1636
1784142000,0.1635
1784145600,0.1646
1784149200,0.1647
1784152800,0.1653
1784156400,0.165
1784160000,0.1647
1784163600,0.1653
1784167200,0.1661
1784170800,0.1648
1784174400,0.1646
1784178000,0.1644
1784181600,0.164
1784185200,0.1628
1784188800,0.162
1784192400,0.1616
1784196000,0.1623
1784199600,0.1628
1784203200,0.162
1784206800,0.1641
1784210400,0.1638
1784214000,0.1635
1784217600,0.1635
1784221200,0.1624
1784224800,0.1622
1784228400,0.1629
1784232000,0.1625
1784235600,0.163
1784239200,0.1608
1784242800,0.1606
1784246400,0.1614
1784250000,0.16
1784253600,0.1597
1784257200,0.1602
1784260800,0.16
1784264400,0.1581
1784268000,0.159
1784271600,0.1588
1784275200,0.1598
1784278800,0.1607
1784282400,0.1608
1784286000,0.1608
1784289600,0.1596
1784293200,0.1599
1784296800,0.1626
1784300400,0.164
1784304000,0.166
1784307600,0.1649
1784311200,0.1658
1784314800,0.1658
1784318400,0.1657
1784322000,0.1659
1784325600,0.1657
1784329200,0.1672
1784332800,0.1674
1784336400,0.1674
1784340000,0.1684
1784343600,0.1678
1784347200,0.1668
1784350800,0.1665
1784354400,0.1659
1784358000,0.1661
1784361600,0.1663
1784365200,0.1657
1784368800,0.1658
1784372400,0.1658
1784376000,0.1658
1784379600,0.1646
1784383200,0.1649
1784386800,0.1644
1784390400,0.1641
1784394000,0.1652
1784397600,0.1652
1784401200,0.1658
1784404800,0.1662
1784408400,0.1661
1784412000,0.167
1784415600,0.1667
1784419200,0.167
1784422800,0.1669
1784426400,0.1681
1784430000,0.1667
1784433600,0.1663
1784437200,0.1659
1784440800,0.1661
1784444400,0.1656
1784448000,0.1657
1784451600,0.1648
1784455200,0.1654
1784458800,0.1648
1784462400,0.1651
1784466000,0.1655
1784469600,0.1666
1784473200,0.1662
1784476800,0.1651
1784480400,0.1651
1784484000,0.165
1784487600,0.1661
1784491200,0.1664
1784494800,0.1647
1784498400,0.1657
1784502000,0.1658
1784505600,0.1655
1784509200,0.1648
1784512800,0.1658
1784516400,0.1654
1784520000,0.164
1784523600,0.1621
1784527200,0.1612
1784530800,0.1624
1784534400,0.1619
1784538000,0.1626
1784541600,0.1631
1784545200,0.1652
1784548800,0.1643
1784552400,0.1627
1784556000,0.1622
1784559600,0.1667
1784563200,0.166
1784566800,0.1675
1784570400,0.1683
1784574000,0.1678
1784577600,0.1697
1784581200,0.1699
1784584800,0.169
1784588400,0.1694
1784592000,0.1708
1784595600,0.1701
1784599200,0.1704
1784602800,0.1724
1784606400,0.1722
1784610000,0.1757
1784613600,0.1762
1784617200,0.1764
1784620800,0.1744
1784624400,0.1747
1784628000,0.1746
1784631600,0.1747
1784635200,0.1752
1784638800,0.1757
1784642400,0.1757
1784646000,0.175
1784649600,0.1735
1784653200,0.1733
1784656800,0.1732
1784660400,0.1737
1784664000,0.1734
1784667600,0.1727
1784671200,0.173
1784674800,0.1734
1784678400,0.1738
1784682000,0.1741
1784685600,0.1742
1784689200,0.1733
1784692800,0.1741
1784696400,0.1714
1784700000,0.1708
1784703600,0.171
1784707200,0.1725
1784710800,0.1732
1784714400,0.1734
1784718000,0.1729
1784721600,0.1723
1784725200,0.1754
1784728800,0.1753
1784732400,0.1778
1784736000,0.1799
1784739600,0.1779
1784743200,0.1757
1784746800,0.1745
1784750400,0.1741
1784754000,0.1751
1784757600,0.1751
1784761200,0.1744
1784764800,0.1757
1784768400,0.1745
1784772000,0.1744
1784775600,0.1737
1784779200,0.1743
1784782800,0.1742
1784786400,0.1741
1784790000,0.173
1784793600,0.1739
1784797200,0.1732
1784800800,0.1747
1784804400,0.1743
1784808000,0.173
1784811600,0.1714
1784815200,0.1694
1784818800,0.1704
1784822400,0.1694
1784826000,0.1685
1784829600,0.1693
1784833200,0.1695
1784836800,0.1697
1784840400,0.1689
1784844000,0.169
1784847600,0.1682
1784851200,0.1672
1784854800,0.1668
1784858400,0.1666
1784862000,0.1673
1784865600,0.1673
1784869200,0.1666
1784872800,0.1672
1784876400,0.1681
1784880000,0.1679
1784883600,0.1672
1784887200,0.1664
1784890800,0.1662
1784894400,0.1654
1784898000,0.1645
1784901600,0.1648
1784905200,0.1644
1784908800,0.163
1784912400,0.1635
1784916000,0.1638
1784919600,0.1636
1784923200,0.1634
1784926800,0.1631
1784930400,0.1638
1784934000,0.1638
1784937600,0.1643
1784941200,0.1637
1784944800,0.1639
1784948400,0.1639
1784952000,0.1638
1784955600,0.163
1784959200,0.1621
1784962800,0.1616
1784966400,0.1617
1784970000,0.1623
1784973600,0.1621
1784977200,0.1625
1784980800,0.1632
1784984400,0.1634
1784988000,0.1642
1784991600,0.1649
1784995200,0.1651
1784998800,0.1655
1785002400,0.1657
1785006000,0.1655
1785009600,0.1644
1785013200,0.1647
1785016800,0.1649
1785020400,0.1647
1785024000,0.1652
1785027600,0.1649
1785031200,0.1653
1785034800,0.1653
1785038400,0.1656
1785042000,0.1654
1785045600,0.1661
1785049200,0.165
1785052800,0.1651
1785056400,0.1648
1785060000,0.1653
1785063600,0.1649
1785067200,0.1648
1785070800,0.1645
1785074400,0.1647
1785078000,0.1653
1785081600,0.165
1785085200,0.1645
1785088800,0.1647
1785092400,0.1642
1785096000,0.1642
1785099600,0.1648
1785103200,0.1659
1785106800,0.1658
1785110400,0.1653
1785114000,0.1647
1785117600,0.1648
1785121200,0.1653
1785124800,0.1651
1785128400,0.1658
1785132000,0.1659
1785135600,0.1649
1785139200,0.1647
1785142800,0.1652
1785146400,0.1653
1785150000,0.1644
1785153600,0.1638
1785157200,0.1643
1785160800,0.1588
1785164400,0.1578
1785168000,0.1588
1785171600,0.1593
1785175200,0.1584
1785178800,0.1589
1785182400,0.1588
1785186000,0.1585
1785189600,0.1547
1785193200,0.1556
1785196800,0.1549
1785200400,0.1541
1785204000,0.1549
1785207600,0.1547
1785211200,0.1551
1785214800,0.1558
1785218400,0.1568
1785222000,0.157
1785225600,0.1571
1785229200,0.1572
1785232800,0.1569
1785236400,0.157
1785240000,0.1581
1785243600,0.1562
1785247200,0.1567
1785250800,0.1588
1785254400,0.1591
1785258000,0.1589
1785261600,0.1586
1785265200,0.1588
1785268800,0.1599
1785272400,0.1605
1785276000,0.161
1785279600,0.1618
1785283200,0.1625
1785286800,0.1617
1785290400,0.1657
1785294000,0.1632
1785297600,0.1628
1785301200,0.1637
1785304800,0.1638
1785308400,0.1643
1785312000,0.1641
1785315600,0.1641
1785319200,0.1637
1785322800,0.1637
1785326400,0.1639
1785330000,0.1647
1785333600,0.1626
1785337200,0.1628
1785340800,0.1632
1785344400,0.1651
1785348000,0.1678
1785351600,0.163
1785355200,0.1608
1785358800,0.1628
1785362400,0.1622
1785366000,0.1619
1785369600,0.1619
1785373200,0.1639
1785376800,0.1626
1785380400,0.1623
1785384000,0.1617
1785387600,0.1625
1785391200,0.1625
1785394800,0.163
1785398400,0.1643
1785402000,0.164
1785405600,0.1637
1785409200,0.1642
1785412800,0.1658
1785416400,0.168
1785420000,0.172
1785423600,0.1717
1785427200,0.1706
1785430800,0.1717
1785434400,0.1722
1785438000,0.1726
1785441600,0.1705
1785445200,0.1697
1785448800,0.1698
1785452400,0.1697
1785456000,0.1695
1785459600,0.1697
1785463200,0.1704
1785466800,0.1699
1785470400,0.1686
1785474000,0.1689
1785477600,0.1686
1785481200,0.1696
1785484800,0.1707
1785488400,0.1689
1785492000,0.1698
1785495600,0.1698
1785499200,0.1695
1785502800,0.1685
1785506400,0.1675
1785510000,0.1685
1785513600,0.1706
1785517200,0.1711
1785520800,0.172
1785524400,0.1702
1785528000,0.1686
1785531600,0.168
1785535200,0.1678
1785538800,0.1681
1785542400,0.1688
1785546000,0.1694
1785549600,0.1699
1785553200,0.1711
1785556800,0.1709
1785560400,0.1703
1785564000,0.1697
1785567600,0.171
1785571200,0.1724
1785574800,0.1721
1785578400,0.1723
1785582000,0.1731
1785585600,0.1741
1785589200,0.1748
1785592800,0.173
1785596400,0.1725
1785600000,0.1739
1785603600,0.1733
1785607200,0.1715
1785610800,0.1722
1785614400,0.1731
1785618000,0.1745
1785621600,0.1732
1785625200,0.1742
1785628800,0.1734
1785632400,0.1762
1785636000,0.18
1785639600,0.18
1785643200,0.183
1785646800,0.1852
1785650400,0.1863
1785654000,0.1858
1785657600,0.186
1785661200,0.1881
1785664800,0.1864
1785668400,0.1885
1785672000,0.1892
1785675600,0.1872
1785679200,0.1898
1785682800,0.1899
1785686400,0.1893
1785690000,0.1885
1785693600,0.1889
1785697200,0.1883
1785700800,0.1874
1785704400,0.1894
1785708000,0.1895
1785711600,0.1894
1785715200,0.1881
1785718800,0.1853
1785722400,0.1868
1785726000,0.1852
1785729600,0.1838
1785733200,0.1848
1785736800,0.1835
1785740400,0.1825
1785744000,0.1837
1785747600,0.1869
1785751200,0.187
1785754800,0.1862
1785758400,0.1889
1785762000,0.1943
1785765600,0.1898
1785769200,0.1958
1785772800,0.1922
1785776400,0.1914
1785780000,0.194
1785783600,0.1935
1785787200,0.19432
1785790800,0.1938
1785794400,0.19489
1785798000,0.1935
1785801600,0.192
1785805200,0.19279
1785808800,0.19519
1785812400,0.19663
1785816000,0.19535
1785819600,0.19548
1785823200,0.19517
1785826800,0.19451
1785830400,0.19469
1785834000,0.19608
1785837600,0.1949
1785841200,0.19417
1785844800,0.19469
1785848400,0.19181
1785852000,0.1926
1785855600,0.19293
1785859200,0.192
1785862800,0.19096
1785866400,0.19127
1785870000,0.1922
1785873600,0.19301
1785877200,0.19359
1785880800,0.19279
1785884400,0.19271
1785888000,0.19127
1785891600,0.19238
1785895200,0.19237
1785898800,0.19052
1785902400,0.19023
1785906000,0.19028
1785909600,0.19079
1785913200,0.19376
1785916800,0.19374
1785920400,0.19672
1785924000,0.19437
1785927600,0.19497
1785931200,0.19357
1785934800,0.19198
1785938400,0.19118
1785942000,0.189
1785945600,0.19102
1785949200,0.19075
1785952800,0.1902
1785956400,0.1893
1785960000,0.19031
1785963600,0.19108
1785967200,0.19124
1785970800,0.19094
1785974400,0.19138
1785978000,0.1905
1785981600,0.19053
1785985200,0.18661
1785988800,0.18757
1785992400,0.18815
1785996000,0.18822
1785999600,0.18869
1786003200,0.1892
1786006800,0.1891
1786010400,0.18901
1786014000,0.19207
1786017600,0.1904
1786021200,0.19375
1786024800,0.20006
1786028400,0.20874
1786032000,0.20667
1786035600,0.20437
1786039200,0.20507
1786042800,0.20212
1786046400,0.20207
1786050000,0.20455
1786053600,0.20115
1786057200,0.20093
1786060800,0.20202
1786064400,0.20009
1786068000,0.20018
1786071600,0.19926
1786075200,0.19971
1786078800,0.20164
1786082400,0.20158
1786086000,0.20162
1786089600,0.20072
1786093200,0.20167
1786096800,0.20237
1786100400,0.20137
1786104000,0.20131
1786107600,0.19917
1786111200,0.19694
1786114800,0.20075
1786118400,0.19909
1786122000,0.19792
1786125600,0.20049
1786129200,0.20085
1786132800,0.20221
1786136400,0.20088
1786140000,0.20067
1786143600,0.20076
1786147200,0.20032
1786150800,0.20056
1786154400,0.20059
1786158000,0.20084
1786161600,0.20066
1786165200,0.2006
1786168800,0.19986
1786172400,0.20017
1786176000,0.19987
1786179600,0.19899
1786183200,0.19988
1786186800,0.19932
1786190400,0.19898
1786194000,0.20008
1786197600,0.20031
1786201200,0.19963
1786204800,0.20023
1786208400,0.19967
1786212000,0.20052
1786215600,0.20039
1786219200,0.20041
1786222800,0.19937
1786226400,0.19873
1786230000,0.19929
1786233600,0.19857
1786237200,0.19888
1786240800,0.19851
1786244400,0.19808
1786248000,0.19768
1786251600,0.19816
1786255200,0.1984
1786258800,0.19852
1786262400,0.19766
1786266000,0.19611
1786269600,0.19607
1786273200,0.1964
1786276800,0.19614
1786280400,0.19733
1786284000,0.19782
1786287600,0.19758
1786291200,0.19778
1786294800,0.19804
1786298400,0.19796
1786302000,0.19761
1786305600,0.19815
1786309200,0.19837
1786312800,0.19724
1786316400,0.19437
1786320000,0.19512
1786323600,0.19788
1786327200,0.19756
1786330800,0.19579
1786334400,0.1964
1786338000,0.19739
1786341600,0.19818
1786345200,0.19796
1786348800,0.19621
1786352400,0.1948
1786356000,0.19494
1786359600,0.1964
1786363200,0.1959
1786366800,0.19645
1786370400,0.19584
1786374000,0.19492
1786377600,0.19574
1786381200,0.19528
1786384800,0.19344
1786388400,0.19368
1786392000,0.19319
1786395600,0.19182
1786399200,0.19211
1786402800,0.1907
1786406400,0.19012
1786410000,0.191
1786413600,0.19042
1786417200,0.19066
1786420800,0.18954
1786424400,0.18731
1786428000,0.18853
1786431600,0.18848
1786435200,0.18872
1786438800,0.18875
1786442400,0.1879
1786446000,0.1884
1786449600,0.1868
1786453200,0.18647
1786456800,0.18481
1786460400,0.18477
1786464000,0.18524
1786467600,0.18505
1786471200,0.18533
1786474800,0.18564
1786478400,0.18497
1786482000,0.18644
1786485600,0.18661
1786489200,0.18689
1786492800,0.18594
1786496400,0.18686
1786500000,0.18778
1786503600,0.18745
1786507200,0.18675
1786510800,0.18637
1786514400,0.18536
1786518000,0.1851
1786521600,0.18525
1786525200,0.18698
1786528800,0.18675
1786532400,0.18559
1786536000,0.18434
1786539600,0.18322
1786543200,0.18198
1786546800,0.18168
1786550400,0.18207
1786554000,0.18311
1786557600,0.18318
1786561200,0.18297
1786564800,0.18269
1786568400,0.18084
1786572000,0.1819
1786575600,0.18239
1786579200,0.18164
1786582800,0.18131
1786586400,0.18289
1786590000,0.18381
1786593600,0.18321
1786597200,0.18428
1786600800,0.18423
1786604400,0.18555
1786608000,0.18641
1786611600,0.1853
1786615200,0.18467
1786618800,0.18306
1786622400,0.18323
1786626000,0.18425
1786629600,0.18472
1786633200,0.18258
1786636800,0.1814
1786640400,0.18157
1786644000,0.18142
1786647600,0.18141
1786651200,0.18189
1786654800,0.18173
1786658400,0.18213
1786662000,0.1823
1786665600,0.18309
1786669200,0.18268
1786672800,0.18183
1786676400,0.18214
1786680000,0.18215
1786683600,0.18267
1786687200,0.18149
1786690800,0.18159
1786694400,0.18236
1786698000,0.1817
1786701600,0.17918
1786705200,0.17993
1786708800,0.17923
1786712400,0.17946
1786716000,0.17822
1786719600,0.17977
1786723200,0.17973
1786726800,0.17953
1786730400,0.17901
1786734000,0.17957
1786737600,0.17931
1786741200,0.17856
1786744800,0.17875
1786748400,0.17989
1786752000,0.17991
1786755600,0.17966
1786759200,0.18131
1786762800,0.18035
1786766400,0.18037
1786770000,0.17957
1786773600,0.17952
1786777200,0.17892
1786780800,0.17848
1786784400,0.17936
1786788000,0.17877
1786791600,0.17848
1786795200,0.17907
1786798800,0.17894
1786802400,0.17848
1786806000,0.17871
1786809600,0.17823
1786813200,0.17737
1786816800,0.17718
1786820400,0.17793
1786824000,0.17776
1786827600,0.1775
1786831200,0.17729
1786834800,0.17616
1786838400,0.17678
1786842000,0.17625
1786845600,0.17651
1786849200,0.17687
1786852800,0.17679
1786856400,0.17683
1786860000,0.1767
1786863600,0.17759
1786867200,0.17774
1786870800,0.17681
1786874400,0.17663
1786878000,0.17688
1786881600,0.17613
1786885200,0.17592
1786888800,0.17614
1786892400,0.1767
1786896000,0.17615
1786899600,0.17616
1786903200,0.17565
1786906800,0.1785
1786910400,0.17681
1786914000,0.17568
1786917600,0.17533
1786921200,0.17476
1786924800,0.17568
1786928400,0.17571
1786932000,0.17683
1786935600,0.17688
1786939200,0.177
1786942800,0.17638
1786946400,0.17724
1786950000,0.17598
1786953600,0.17495
1786957200,0.17423
1786960800,0.17463
1786964400,0.1747
1786968000,0.17336
1786971600,0.17404
1786975200,0.17455
1786978800,0.17514
1786982400,0.17412
1786986000,0.17415
1786989600,0.174
1786993200,0.17363
1786996800,0.17414
1787000400,0.17374
1787004000,0.17337
1787007600,0.17416
1787011200,0.17433
1787014800,0.17318
1787018400,0.17184
1787022000,0.17233
1787025600,0.17372
1787029200,0.17289
1787032800,0.17328
1787036400,0.17328
1787040000,0.17275
1787043600,0.17304
1787047200,0.17316
1787050800,0.17356
1787054400,0.17387
1787058000,0.17442
1787061600,0.17546
1787065200,0.1755
1787068800,0.17459
1787072400,0.17411
1787076000,0.17425
1787079600,0.17334
1787083200,0.17276
1787086800,0.17281
1787090400,0.17275
1787094000,0.17442
1787097600,0.17356
1787101200,0.1736
1787104800,0.17388
1787108400,0.17515
1787112000,0.17405
1787115600,0.17525
1787119200,0.17583
1787122800,0.17523
1787126400,0.17464
1787130000,0.17404
1787133600,0.17415
1787137200,0.17476
1787140800,0.17536
1787144400,0.17401
1787148000,0.17634
1787151600,0.17944
1787155200,0.17928
1787158800,0.17972
1787162400,0.18006
1787166000,0.18123
1787169600,0.18499
1787173200,0.19013
1787176800,0.18837
1787180400,0.18702
1787184000,0.18575
1787187600,0.1871
1787191200,0.18532
1787194800,0.18219
1787198400,0.18338
1787202000,0.18333
1787205600,0.18446
1787209200,0.18409
1787212800,0.18968
1787216400,0.18922
1787220000,0.19002
1787223600,0.19305
1787227200,0.19136
1787230800,0.19512
1787234400,0.19409
1787238000,0.19684
1787241600,0.19946
1787245200,0.2007
1787248800,0.19521
1787252400,0.19498
1787256000,0.19796
1787259600,0.19777
1787263200,0.19606
1787266800,0.19906
1787270400,0.20438
1787274000,0.20817
1787277600,0.20485
1787281200,0.20809
1787284800,0.20804
1787288400,0.20868
1787292000,0.20724
1787295600,0.20966
1787299200,0.21795
1787302800,0.21562
1787306400,0.21424
1787310000,0.21135
1787313600,0.21596
1787317200,0.21749
1787320800,0.2175
1787324400,0.2194
1787328000,0.2186
1787331600,0.21926
1787335200,0.21628
1787338800,0.21666
1787342400,0.21904
1787346000,0.22636
1787349600,0.23168
1787353200,0.22904
1787356800,0.22923
1787360400,0.22982
1787364000,0.24223
1787367600,0.24387
1787371200,0.25403
1787374800,0.2326
1787378400,0.2339
1787382000,0.23128
1787385600,0.22692
1787389200,0.2258
1787392800,0.22246
1787396400,0.22377
1787400000,0.22551
1787403600,0.22645
1787407200,0.22435
1787410800,0.22238
1787414400,0.22639
1787418000,0.22819
1787421600,0.22939
1787425200,0.23127
1787428800,0.2306
1787432400,0.22335
1787436000,0.22675
1787439600,0.22597
1787443200,0.2287
1787446800,0.22615
1787450400,0.2232
1787454000,0.21939
1787457600,0.21571
1787461200,0.2147
1787464800,0.21541
1787468400,0.21769
1787472000,0.21968
1787475600,0.22042
1787479200,0.22145
1787482800,0.22499
1787486400,0.2248
1787490000,0.22924
1787493600,0.22539
1787497200,0.22451
1787500800,0.22496
1787504400,0.22466
1787508000,0.22495
1787511600,0.22358
1787515200,0.22565
1787518800,0.22742
1787522400,0.22655
1787526000,0.22695
1787529600,0.22442
1787533200,0.21833
1787536800,0.22046
1787540400,0.2181
1787544000,0.22004
1787547600,0.22
1787551200,0.21973
1787554800,0.2191
1787558400,0.21885
1787562000,0.22009
1787565600,0.21881
1787569200,0.2234
1787572800,0.22634
1787576400,0.22135
1787580000,0.22375
1787583600,0.2214
1787587200,0.2219
1787590800,0.21925
1787594400,0.21975
1787598000,0.21876
1787601600,0.22003
1787605200,0.22083
1787608800,0.22003
1787612400,0.22146
1787616000,0.2251
1787619600,0.22415
1787623200,0.22662
1787626800,0.22597
1787630400,0.22539
1787634000,0.22689
1787637600,0.22349
1787641200,0.22082
1787644800,0.22108
1787648400,0.21832
1787652000,0.21944
1787655600,0.21857
1787659200,0.21795
1787662800,0.2146
1787666400,0.21593
1787670000,0.21577
1787673600,0.21559
1787677200,0.21516
1787680800,0.21517
1787684400,0.21429
1787688000,0.20946
1787691600,0.20994
1787695200,0.2118
1787698800,0.20914
1787702400,0.21062
1787706000,0.2108
1787709600,0.21216
1787713200,0.21115
1787716800,0.20988
1787720400,0.21075
1787724000,0.21073
1787727600,0.21027
1787731200,0.21032
1787734800,0.20887
1787738400,0.21202
1787742000,0.21043
1787745600,0.20988
1787749200,0.20806
1787752800,0.20476
1787756400,0.20479
1787760000,0.20381
1787763600,0.2052
1787767200,0.20622
1787770800,0.20599
1787774400,0.20595
1787778000,0.209
1787781600,0.2103
1787785200,0.21217
1787788800,0.2107
1787792400,0.21085
1787796000,0.20909
1787799600,0.2092
1787803200,0.20895
1787806800,0.2097
1787810400,0.21063
1787814000,0.2112
1787817600,0.21474
1787821200,0.21487
1787824800,0.2131
1787828400,0.2117
1787832000,0.21166
1787835600,0.21333
1787839200,0.21493
1787842800,0.2147
1787846400,0.21556
1787850000,0.21571
1787853600,0.21411
1787857200,0.21374
1787860800,0.21398
1787864400,0.2142
1787868000,0.21435
1787871600,0.21382
1787875200,0.2145
1787878800,0.21447
1787882400,0.21006
1787886000,0.21009
1787889600,0.21021
1787893200,0.20977
1787896800,0.2111
1787900400,0.2095
1787904000,0.20908
1787907600,0.20785
1787911200,0.20919
1787914800,0.2093
1787918400,0.20836
1787922000,0.20773
1787925600,0.21102
1787929200,0.20459
1787932800,0.20324
1787936400,0.20309
1787940000,0.20124
1787943600,0.20188
1787947200,0.20166
1787950800,0.20033
1787954400,0.20242
1787958000,0.20317
1787961600,0.20266
1787965200,0.20249
1787968800,0.2018
1787972400,0.2007
1787976000,0.20128
1787979600,0.20142
1787983200,0.20035
1787986800,0.20016
1787990400,0.1995
1787994000,0.20009
1787997600,0.2001
1788001200,0.19984
1788004800,0.2
1788008400,0.2003
1788012000,0.20266
1788015600,0.20073
1788019200,0.20053
1788022800,0.20066
1788026400,0.20122
1788030000,0.20172
1788033600,0.2014
1788037200,0.20128
1788040800,0.20128
1788044400,0.20179
1788048000,0.20106
1788051600,0.20052
1788055200,0.20089
1788058800,0.20087
1788062400,0.20051
1788066000,0.20104
1788069600,0.20268
1788073200,0.20067
1788076800,0.20055
1788080400,0.2008
1788084000,0.20162
1788087600,0.20114
1788091200,0.2033
1788094800,0.20472
1788098400,0.20476
1788102000,0.20338
1788105600,0.20611
1788109200,0.20493
1788112800,0.20515
1788116400,0.20341
1788120000,0.20139
1788123600,0.20029
1788127200,0.19835
1788130800,0.1928
1788134400,0.19407
1788138000,0.1926
1788141600,0.19249
1788145200,0.1941
1788148800,0.19353
1788152400,0.1956
1788156000,0.1956
1788159600,0.19596
1788163200,0.19652
1788166800,0.19647
1788170400,0.19748
1788174000,0.19643
1788177600,0.1951
1788181200,0.19402
1788184800,0.19705
1788188400,0.19582
1788192000,0.19601
1788195600,0.19778
1788199200,0.19996
1788202800,0.19907
1788206400,0.19872
1788210000,0.19939
1788213600,0.1984
1788217200,0.19774
1788220800,0.19942
1788224400,0.19921
1788228000,0.20049
1788231600,0.2009
1788235200,0.20093
1788238800,0.20271
1788242400,0.20036
1788246000,0.20049
1788249600,0.19676
1788253200,0.19726
1788256800,0.19917
1788260400,0.19963
1788264000,0.19827
1788267600,0.19895
1788271200,0.1996
1788274800,0.1994
1788278400,0.19723
1788282000,0.19724
1788285600,0.19654
1788289200,0.19641
1788292800,0.19644
1788296400,0.19542
1788300000,0.19514
1788303600,0.19657
1788307200,0.19616
1788310800,0.19454
1788314400,0.19732
1788318000,0.19755
1788321600,0.1974
1788325200,0.19872
1788328800,0.19761
1788332400,0.19687
1788336000,0.19467
1788339600,0.19421
1788343200,0.19372
1788346800,0.19501
1788350400,0.1941
1788354000,0.19638
1788357600,0.19518
1788361200,0.1961
1788364800,0.19564
1788368400,0.19667
1788372000,0.19702
1788375600,0.19719
1788379200,0.19837
1788382800,0.1988
1788386400,0.19887
1788390000,0.20107
1788393600,0.20059
1788397200,0.20483
1788400800,0.20685
1788404400,0.20503
1788408000,0.20732
1788411600,0.2061
1788415200,0.20473
1788418800,0.2051
1788422400,0.20799
1788426000,0.20613
1788429600,0.20777
1788433200,0.20683
1788436800,0.2086
1788440400,0.20997
1788444000,0.21709
1788447600,0.22069
1788451200,0.22222
1788454800,0.22276
1788458400,0.22245
1788462000,0.22281
1788465600,0.22395
1788469200,0.22345
1788472800,0.221
1788476400,0.22118
1788480000,0.21957
1788483600,0.22237
1788487200,0.22578
1788490800,0.22405
1788494400,0.22302
1788498000,0.2211
1788501600,0.2212
1788505200,0.2204
1788508800,0.22269
1788512400,0.22095
1788516000,0.22083
1788519600,0.22142
1788523200,0.21454
1788526800,0.2151
1788530400,0.21105
1788534000,0.21287
1788537600,0.21377
1788541200,0.21153
1788544800,0.21294
1788548400,0.21351
1788552000,0.21289
1788555600,0.21149
1788559200,0.21002
1788562800,0.2113
1788566400,0.21043
1788570000,0.21011
1788573600,0.21041
1788577200,0.21049
1788580800,0.21082
1788584400,0.21123
1788588000,0.21327
1788591600,0.21373
1788595200,0.21359
1788598800,0.21353
1788602400,0.21287
1788606000,0.21353
1788609600,0.21646
1788613200,0.21562
1788616800,0.21773
1788620400,0.21749
1788624000,0.21811
1788627600,0.22111
1788631200,0.22007
1788634800,0.2195
1788638400,0.21907
1788642000,0.22057
1788645600,0.21959
1788649200,0.21828
1788652800,0.21942
1788656400,0.22139
1788660000,0.22125
1788663600,0.22287
1788667200,0.22109
1788670800,0.22145
1788674400,0.22001
1788678000,0.21903
1788681600,0.21755
1788685200,0.2197
1788688800,0.21958
1788692400,0.22085
1788696000,0.22056
1788699600,0.21935
1788703200,0.21754
1788706800,0.21746
1788710400,0.21865
1788714000,0.21803
1788717600,0.21985
1788721200,0.21903
1788724800,0.22066
1788728400,0.22179
1788732000,0.2213
1788735600,0.2232
1788739200,0.2239
1788742800,0.22164
1788746400,0.22216
1788750000,0.21941
1788753600,0.21892
1788757200,0.21979
1788760800,0.21837
1788764400,0.2165
1788768000,0.21849
1788771600,0.21723
1788775200,0.21871
1788778800,0.21936
1788782400,0.22398
1788786000,0.22267
1788789600,0.22154
1788793200,0.21712
1788796800,0.22081
1788800400,0.22089
1788804000,0.2198
1788807600,0.221
1788811200,0.22088
1788814800,0.22032
1788818400,0.21833
1788822000,0.22045
1788825600,0.2219
1788829200,0.22235
1788832800,0.21788
1788836400,0.21843
1788840000,0.21729
1788843600,0.21723
1788847200,0.21638
1788850800,0.21681
1788854400,0.21714
1788858000,0.22041
1788861600,0.219
1788865200,0.2176
1788868800,0.21867
1788872400,0.2185
1788876000,0.22132
1788879600,0.2292
1788883200,0.22656
1788886800,0.22383
1788890400,0.22183
1788894000,0.2206
1788897600,0.22091
1788901200,0.21918
1788904800,0.2205
1788908400,0.21936
1788912000,0.22058
1788915600,0.21951
1788919200,0.21775
1788922800,0.2166
1788926400,0.22084
1788930000,0.21907
1788933600,0.22045
1788937200,0.22162
1788940800,0.22218
1788944400,0.21802
1788948000,0.21875
1788951600,0.2203
1788955200,0.22052
1788958800,0.21826
1788962400,0.21808
1788966000,0.21565
1788969600,0.2178
1788973200,0.21756
1788976800,0.21669
1788980400,0.21465
1788984000,0.2143
1788987600,0.2124
1788991200,0.20976
1788994800,0.21197
1788998400,0.21081
1789002000,0.21078
1789005600,0.21315
1789009200,0.21366
1789012800,0.2135
1789016400,0.21436
1789020000,0.21479
1789023600,0.21343
1789027200,0.21262
1789030800,0.21329
1789034400,0.21212
1789038000,0.2124
1789041600,0.20818
1789045200,0.21098
1789048800,0.2116
1789052400,0.20962
1789056000,0.20819
1789059600,0.20974
1789063200,0.21058
1789066800,0.20912
1789070400,0.209
1789074000,0.20838
1789077600,0.20647
1789081200,0.2046
1789084800,0.20658
1789088400,0.20671
1789092000,0.20673
1789095600,0.20784
1789099200,0.21002
1789102800,0.20957
1789106400,0.20855
1789110000,0.2077
1789113600,0.20768
1789117200,0.2038
1789120800,0.2024
1789124400,0.20228
1789128000,0.20897
1789131600,0.21439
1789135200,0.2113
1789138800,0.2087
1789142400,0.21001
1789146000,0.207
1789149600,0.20373
1789153200,0.20604
1789156800,0.20576
1789160400,0.20459
1789164000,0.20474
1789167600,0.20633
1789171200,0.20625
1789174800,0.20747
1789178400,0.209
1789182000,0.20897
1789185600,0.20777
1789189200,0.20774
1789192800,0.20784
1789196400,0.20898
1789200000,0.20888
1789203600,0.2085
1789207200,0.20841
1789210800,0.20927
1789214400,0.20865
1789218000,0.20833
1789221600,0.20839
1789225200,0.20841
1789228800,0.20807
1789232400,0.20793
1789236000,0.20738
1789239600,0.2072
1789243200,0.20766
1789246800,0.20703
1789250400,0.20677
1789254000,0.20733
1789257600,0.20785
1789261200,0.20794
1789264800,0.2075
1789268400,0.20667
1789272000,0.2074
1789275600,0.20826
1789279200,0.2071
1789282800,0.20617
1789286400,0.204
1789290000,0.20505
1789293600,0.20368
1789297200,0.20456
1789300800,0.20507
1789304400,0.20662
1789308000,0.2075
1789311600,0.2058
1789315200,0.20737
1789318800,0.2085
1789322400,0.20915
1789326000,0.20808
1789329600,0.20908
1789333200,0.20759
1789336800,0.20269
1789340400,0.20344
1789344000,0.20397
1789347600,0.2051
1789351200,0.20766
1789354800,0.20717
1789358400,0.20723
1789362000,0.20736
1789365600,0.20849
1789369200,0.21052
1789372800,0.21013
1789376400,0.21148
1789380000,0.21067
1789383600,0.20972
1789387200,0.20866
1789390800,0.20818
1789394400,0.20831
1789398000,0.20897
1789401600,0.21068
1789405200,0.2118
1789408800,0.2138
1789412400,0.2124
1789416000,0.21297
1789419600,0.21062
1789423200,0.20973
1789426800,0.2085
1789430400,0.20852
1789434000,0.20765
1789437600,0.20766
1789441200,0.20519
1789444800,0.20494
1789448400,0.20529
1789452000,0.20431
1789455600,0.20364
1789459200,0.20473
1789462800,0.2048
1789466400,0.2053
1789470000,0.20459
1789473600,0.20541
1789477200,0.20527
1789480800,0.2001
1789484400,0.20188
1789488000,0.20182
1789491600,0.2031
1789495200,0.19855
1789498800,0.1979
1789502400,0.19663
1789506000,0.19412
1789509600,0.19515
1789513200,0.19527
1789516800,0.19419
1789520400,0.19229
1789524000,0.1942
1789527600,0.19469
1789531200,0.19562
1789534800,0.19554
1789538400,0.19578
1789542000,0.19388
1789545600,0.19312
1789549200,0.19436
1789552800,0.19436
1789556400,0.1946
1789560000,0.19289
1789563600,0.1922
1789567200,0.19112
1789570800,0.1911
1789574400,0.19229
1789578000,0.19262
1789581600,0.19197
1789585200,0.19433
1789588800,0.19528
1789592400,0.19477
1789596000,0.19264
1789599600,0.19611
1789603200,0.19554
1789606800,0.19618
1789610400,0.1952
1789614000,0.19594
1789617600,0.19636
1789621200,0.19605
1789624800,0.19758
1789628400,0.19855
1789632000,0.1996
1789635600,0.19842
1789639200,0.1979
1789642800,0.1984
1789646400,0.20068
1789650000,0.20056
1789653600,0.2016
1789657200,0.2022
1789660800,0.2022
1789664400,0.20287
1789668000,0.20122
1789671600,0.20173
1789675200,0.20209
1789678800,0.20063
1789682400,0.20098
1789686000,0.20241
1789689600,0.20472
1789693200,0.2094
1789696800,0.21385
1789700400,0.21623
1789704000,0.21476
1789707600,0.21231
1789711200,0.2131
1789714800,0.2142
1789718400,0.21478
1789722000,0.21621
1789725600,0.21494
1789729200,0.21398
1789732800,0.2147
1789736400,0.217
1789740000,0.22081
1789743600,0.21991
1789747200,0.21832
1789750800,0.221
1789754400,0.22074
1789758000,0.2223
1789761600,0.22352
1789765200,0.22517
1789768800,0.22677
1789772400,0.2244
1789776000,0.22732
1789779600,0.22907
1789783200,0.2346
1789786800,0.23098
1789790400,0.22581
1789794000,0.22431
1789797600,0.22306
1789801200,0.22159
1789804800,0.22385
1789808400,0.22357
1789812000,0.22475
1789815600,0.22687
1789819200,0.22708
1789822800,0.22696
1789826400,0.2272
1789830000,0.22709
1789833600,0.22975
1789837200,0.22966
1789840800,0.22983
1789844400,0.23023
1789848000,0.22892
1789851600,0.22705
1789855200,0.22787
1789858800,0.22781
1789862400,0.22861
1789866000,0.22721
1789869600,0.21966
1789873200,0.22227
1789876800,0.22117
1789880400,0.22123
1789884000,0.21998
1789887600,0.21924
1789891200,0.21956
1789894800,0.2201
1789898400,0.2192
1789902000,0.22118
1789905600,0.22215
1789909200,0.22161
1789912800,0.22127
1789916400,0.22449
1789920000,0.23215
1789923600,0.22778
1789927200,0.22646
1789930800,0.22781
1789934400,0.22701
1789938000,0.2271
1789941600,0.2285
1789945200,0.22796
1789948800,0.23082
1789952400,0.227
1789956000,0.23054
1789959600,0.23174
1789963200,0.23127
1789966800,0.23171
1789970400,0.23282
1789974000,0.23238
1789977600,0.23724
1789981200,0.23713
1789984800,0.24067
1789988400,0.24178
1789992000,0.24555
1789995600,0.24384
1789999200,0.24394
1790002800,0.2448
1790006400,0.24391
1790010000,0.24131
1790013600,0.24377
1790017200,0.24443
1790020800,0.24659
1790024400,0.24472
1790028000,0.24601
1790031600,0.24514
1790035200,0.24515
1790038800,0.24567
1790042400,0.24559
1790046000,0.24813
1790049600,0.24644
1790053200,0.24426
1790056800,0.24487
1790060400,0.24528
1790064000,0.24954
1790067600,0.24785
1790071200,0.24504
1790074800,0.24601
1790078400,0.24969
1790082000,0.2534
1790085600,0.25057
1790089200,0.25226
1790092800,0.24909
1790096400,0.25015
1790100000,0.2507
1790103600,0.25272
1790107200,0.25206
1790110800,0.25121
1790114400,0.25308
1790118000,0.25421
1790121600,0.25426
1790125200,0.25298
1790128800,0.2563
1790132400,0.25978
1790136000,0.25975
1790139600,0.2559
1790143200,0.25899
1790146800,0.25611
1790150400,0.2536
1790154000,0.25342
1790157600,0.2544
1790161200,0.25082
1790164800,0.2502
1790168400,0.24845
1790172000,0.24002
1790175600,0.23744
1790179200,0.23852
1790182800,0.23944
1790186400,0.23809
1790190000,0.23846
1790193600,0.23678
1790197200,0.23797
1790200800,0.23853
1790204400,0.23838
1790208000,0.23791
1790211600,0.2366
1790215200,0.23984
1790218800,0.23862
1790222400,0.24107
1790226000,0.24013
1790229600,0.241
1790233200,0.2422
1790236800,0.23836
1790240400,0.23418
1790244000,0.23605
1790247600,0.2358
1790251200,0.23656
1790254800,0.24147
1790258400,0.2455
1790262000,0.24907
1790265600,0.24864
1790269200,0.24626
1790272800,0.24797
1790276400,0.24808
1790280000,0.24748
1790283600,0.24851
1790287200,0.24745
1790290800,0.24763
1790294400,0.25023
1790298000,0.24986
1790301600,0.2474
1790305200,0.24759
1790308800,0.24794
1790312400,0.24742
1790316000,0.24714
1790319600,0.24928
1790323200,0.252
1790326800,0.25309
1790330400,0.25267
1790334000,0.25505
1790337600,0.25742
1790341200,0.25529
1790344800,0.25534
1790348400,0.25416
1790352000,0.25385
1790355600,0.2543
1790359200,0.25519
1790362800,0.25494
1790366400,0.25423
1790370000,0.2532
1790373600,0.25751
1790377200,0.25871
1790380800,0.25719
1790384400,0.26183
1790388000,0.25904
1790391600,0.25627
1790395200,0.25653
1790398800,0.25483
1790402400,0.2539
1790406000,0.25575
1790409600,0.25483
1790413200,0.25422
1790416800,0.25757
1790420400,0.25704
1790424000,0.25565
1790427600,0.25582
1790431200,0.25711
1790434800,0.26021
1790438400,0.25858
1790442000,0.25653
1790445600,0.25474
1790449200,0.25439
1790452800,0.25015
1790456400,0.25247
1790460000,0.25221
1790463600,0.2539
1790467200,0.25173
1790470800,0.25248
1790474400,0.25213
1790478000,0.25128
1790481600,0.25052
1790485200,0.25303
1790488800,0.2553
1790492400,0.25799
1790496000,0.256
1790499600,0.25633
1790503200,0.25599
1790506800,0.25682
1790510400,0.25615
1790514000,0.25639
1790517600,0.25336
1790521200,0.25424
1790524800,0.25377
1790528400,0.2546
1790532000,0.25732
1790535600,0.25513
1790539200,0.25475
1790542800,0.25593
1790546400,0.25249
1790550000,0.2551
1790553600,0.25473
1790557200,0.25404
1790560800,0.25201
1790564400,0.2501
1790568000,0.24963
1790571600,0.24675
1790575200,0.245
1790578800,0.24235
1790582400,0.24482
1790586000,0.24276
1790589600,0.24529
1790593200,0.24572
1790596800,0.25216
1790600400,0.24911
1790604000,0.24093
1790607600,0.24456
1790611200,0.2463
1790614800,0.24865
1790618400,0.24935
1790622000,0.24308
1790625600,0.2459
1790629200,0.2435
1790632800,0.24541
1790636400,0.24715
1790640000,0.2457
1790643600,0.2424
1790647200,0.24044
1790650800,0.24269
1790654400,0.24287
1790658000,0.24504
1790661600,0.24864
1790665200,0.25195
1790668800,0.25278
1790672400,0.25353
1790676000,0.25142
1790679600,0.25379
1790683200,0.25247
1790686800,0.25181
1790690400,0.25195
1790694000,0.24423
1790697600,0.24193
1790701200,0.24154
1790704800,0.24502
1790708400,0.24304
1790712000,0.24471
1790715600,0.244
1790719200,0.24501
