time,close
1727650800,65600.01
1727654400,65472.17
1727658000,64765.74
1727661600,64372.48
1727665200,64561.52
1727668800,64430.55
1727672400,64527.25
1727676000,64346.29
1727679600,64559.58
1727683200,64310.21
1727686800,63535.86
1727690400,63641.97
1727694000,63816.31
1727697600,64034.59
1727701200,63865.41
1727704800,63739.61
1727708400,63548.32
1727712000,63468.7
1727715600,63666.13
1727719200,63305.79
1727722800,63464.76
1727726400,63786.67
1727730000,63684.12
1727733600,63464.77
1727737200,63301.25
1727740800,63491.87
1727744400,63413.28
1727748000,63386.6
1727751600,63677.63
1727755200,63817.07
1727758800,63724.16
1727762400,64007.11
1727766000,64031.53
1727769600,63937.04
1727773200,63851.27
1727776800,63906.23
1727780400,63719.48
1727784000,63659.29
1727787600,62849.19
1727791200,62570.81
1727794800,62614.01
1727798400,62438.96
1727802000,62134.05
1727805600,61965.35
1727809200,61745.74
1727812800,60786.74
1727816400,61125.2
1727820000,60754.76
1727823600,60790.0
1727827200,61023.39
1727830800,61502.2
1727834400,61764.61
1727838000,61729.99
1727841600,61481.55
1727845200,61477.53
1727848800,61692.04
1727852400,61709.08
1727856000,61786.69
1727859600,61253.52
1727863200,61185.36
1727866800,61154.7
1727870400,60789.27
1727874000,61336.02
1727877600,61065.28
1727881200,61889.99
1727884800,61802.0
1727888400,61619.14
1727892000,60752.65
1727895600,60164.4
1727899200,60907.22
1727902800,60812.11
1727906400,60837.23
1727910000,60631.37
1727913600,60977.19
1727917200,61010.78
1727920800,61169.85
1727924400,61455.18
1727928000,61318.1
1727931600,61167.83
1727935200,61319.18
1727938800,60923.39
1727942400,60336.7
1727946000,60708.88
1727949600,61016.34
1727953200,60750.17
1727956800,60454.15
1727960400,60361.35
1727964000,60152.65
1727967600,60621.4
1727971200,60157.86
1727974800,60613.51
1727978400,60711.67
1727982000,61030.5
1727985600,60784.56
1727989200,60808.5
1727992800,60892.35
1727996400,60744.99
1728000000,60498.06
1728003600,61212.17
1728007200,61029.15
1728010800,60948.54
1728014400,60996.47
1728018000,61219.56
1728021600,61114.12
1728025200,61430.58
1728028800,61439.12
1728032400,61325.53
1728036000,61269.17
1728039600,61429.57
1728043200,61914.4
1728046800,61559.22
1728050400,61224.15
1728054000,61864.87
1728057600,62242.75
1728061200,61983.8
1728064800,62351.9
1728068400,62373.62
1728072000,62403.98
1728075600,62275.86
1728079200,62207.56
1728082800,62090.71
1728086400,62168.61
1728090000,62065.11
1728093600,61808.68
1728097200,61859.66
1728100800,61941.93
1728104400,62138.07
1728108000,62221.2
1728111600,62073.63
1728115200,62150.24
1728118800,62248.08
1728122400,62210.41
1728126000,62179.01
1728129600,62308.15
1728133200,62150.0
1728136800,62194.68
1728140400,62159.23
1728144000,61956.65
1728147600,62011.35
1728151200,61855.38
1728154800,61844.84
1728158400,61721.17
1728162000,61849.0
1728165600,62033.82
1728169200,62051.29
1728172800,61918.26
1728176400,62082.85
1728180000,61967.37
1728183600,61874.65
1728187200,61871.91
1728190800,61934.6
1728194400,61962.31
1728198000,61947.92
1728201600,61988.42
1728205200,62064.82
1728208800,62014.61
1728212400,62094.72
1728216000,62210.59
1728219600,62245.49
1728223200,62707.04
1728226800,62708.01
1728230400,62594.6
1728234000,62579.08
1728237600,62711.06
1728241200,62630.06
1728244800,62617.83
1728248400,62300.44
1728252000,62609.29
1728255600,62810.86
1728259200,63672.75
1728262800,63807.39
1728266400,63632.03
1728270000,63512.36
1728273600,63469.5
1728277200,63377.5
1728280800,63698.84
1728284400,63530.3
1728288000,63534.56
1728291600,63190.68
1728295200,62874.11
1728298800,63114.99
1728302400,62865.24
1728306000,63453.64
1728309600,63976.65
1728313200,63641.31
1728316800,63800.99
1728320400,63808.35
1728324000,62834.76
1728327600,63368.59
1728331200,63009.46
1728334800,63354.16
1728338400,62439.4
1728342000,62200.28
1728345600,62531.96
1728349200,62607.57
1728352800,62769.07
1728356400,62612.61
1728360000,62674.16
1728363600,62486.7
1728367200,62482.23
1728370800,62289.2
1728374400,62395.49
1728378000,62515.32
1728381600,62497.48
1728385200,62597.18
1728388800,62412.28
1728392400,63009.96
1728396000,62748.68
1728399600,62258.27
1728403200,62526.88
1728406800,62359.69
1728410400,62076.53
1728414000,62216.84
1728417600,62344.09
1728421200,62389.45
1728424800,62137.22
1728428400,62122.02
1728432000,62117.34
1728435600,62357.94
1728439200,62233.2
1728442800,62347.88
1728446400,62310.48
1728450000,62489.62
1728453600,62400.0
1728457200,62233.87
1728460800,62108.97
1728464400,62209.6
1728468000,62099.09
1728471600,62149.18
1728475200,61919.39
1728478800,61739.71
1728482400,61819.7
1728486000,62266.46
1728489600,61766.5
1728493200,61699.85
1728496800,61137.69
1728500400,60968.18
1728504000,60371.54
1728507600,60857.61
1728511200,60746.85
1728514800,60578.28
1728518400,60374.49
1728522000,60736.94
1728525600,60817.46
1728529200,60805.03
1728532800,60804.63
1728536400,60873.74
1728540000,61078.37
1728543600,60835.02
1728547200,60758.12
1728550800,60872.06
1728554400,60991.18
1728558000,61181.57
1728561600,60902.09
1728565200,60869.54
1728568800,60522.71
1728572400,60730.19
1728576000,60225.51
1728579600,59525.95
1728583200,59414.25
1728586800,59670.0
1728590400,59731.03
1728594000,60133.38
1728597600,60091.96
1728601200,60279.53
1728604800,60140.0
1728608400,60522.17
1728612000,60495.57
1728615600,60560.57
1728619200,60657.26
1728622800,60551.99
1728626400,60754.39
1728630000,60624.69
1728633600,60620.03
1728637200,61038.52
1728640800,61111.37
1728644400,61135.59
1728648000,61346.09
1728651600,61650.36
1728655200,61731.59
1728658800,62263.45
1728662400,62263.96
1728666000,62916.76
1728669600,62927.48
1728673200,63094.66
1728676800,62991.85
1728680400,62844.06
1728684000,62438.91
1728687600,62518.75
1728691200,62819.13
1728694800,62715.08
1728698400,62534.29
1728702000,62545.18
1728705600,62567.51
1728709200,62755.72
1728712800,62661.03
1728716400,62740.57
1728720000,62700.07
1728723600,62824.52
1728727200,63017.53
1728730800,62920.03
1728734400,63036.71
1728738000,63060.63
1728741600,63224.99
1728745200,63153.77
1728748800,63061.13
1728752400,63091.87
1728756000,62932.85
1728759600,62989.09
1728763200,63029.24
1728766800,63203.0
1728770400,63273.87
1728774000,63187.47
1728777600,63164.56
1728781200,62862.03
1728784800,62857.14
1728788400,62701.21
1728792000,62803.28
1728795600,62837.81
1728799200,62848.78
1728802800,62835.03
1728806400,62793.67
1728810000,62812.87
1728813600,62683.67
1728817200,62540.53
1728820800,62647.4
1728824400,62638.35
1728828000,62236.9
1728831600,62211.92
1728835200,62610.21
1728838800,62500.65
1728842400,62397.44
1728846000,62717.52
1728849600,62748.71
1728853200,62863.51
1728856800,62815.67
1728860400,62845.3
1728864000,62490.81
1728867600,62600.58
1728871200,62590.51
1728874800,64264.0
1728878400,64112.2
1728882000,63901.23
1728885600,64049.6
1728889200,64568.16
1728892800,64382.65
1728896400,64779.19
1728900000,64811.55
1728903600,64875.85
1728907200,64844.76
1728910800,65121.79
1728914400,65893.74
1728918000,65856.72
1728921600,65668.67
1728925200,65607.44
1728928800,65746.65
1728932400,65914.86
1728936000,65918.18
1728939600,65776.81
1728943200,66445.13
1728946800,66065.65
1728950400,65913.59
1728954000,65846.69
1728957600,65729.58
1728961200,65368.58
1728964800,65562.68
1728968400,65333.85
1728972000,65523.99
1728975600,65619.73
1728979200,65729.57
1728982800,65605.62
1728986400,65656.86
1728990000,65378.21
1728993600,65787.31
1728997200,67651.84
1729000800,65364.45
1729004400,65993.4
1729008000,66853.99
1729011600,66802.52
1729015200,66885.69
1729018800,66975.69
1729022400,66456.17
1729026000,66415.62
1729029600,66737.11
1729033200,67056.6
1729036800,66871.38
1729040400,67365.85
1729044000,67270.27
1729047600,67085.86
1729051200,66989.0
1729054800,67211.54
1729058400,67045.58
1729062000,66967.75
1729065600,67121.39
1729069200,67414.96
1729072800,67729.78
1729076400,67880.2
1729080000,67825.25
1729083600,67373.94
1729087200,67663.83
1729090800,67748.4
1729094400,67806.37
1729098000,67932.3
1729101600,67817.18
1729105200,67725.74
1729108800,67616.37
1729112400,67555.93
1729116000,67776.19
1729119600,67608.44
1729123200,67693.41
1729126800,67885.81
1729130400,67455.0
1729134000,67582.54
1729137600,67246.04
1729141200,67325.92
1729144800,67146.29
1729148400,67273.76
1729152000,67424.56
1729155600,67170.18
1729159200,67181.37
1729162800,66837.13
1729166400,67143.54
1729170000,66989.86
1729173600,67090.61
1729177200,67567.62
1729180800,67370.25
1729184400,67273.3
1729188000,66910.18
1729191600,66825.0
1729195200,66920.5
1729198800,67063.91
1729202400,67417.83
1729206000,67402.33
1729209600,67189.33
1729213200,68058.53
1729216800,68081.88
1729220400,67529.11
1729224000,67711.91
1729227600,67980.35
1729231200,68081.83
1729234800,67945.79
1729238400,67895.46
1729242000,67778.98
1729245600,67852.46
1729249200,67676.26
1729252800,67637.58
1729256400,68189.13
1729260000,68429.13
1729263600,68735.25
1729267200,68793.19
1729270800,68722.28
1729274400,68912.24
1729278000,68602.94
1729281600,68423.62
1729285200,68410.54
1729288800,68199.88
1729292400,68426.11
1729296000,68321.32
1729299600,68322.21
1729303200,68448.59
1729306800,68444.09
1729310400,68330.11
1729314000,68377.54
1729317600,68319.19
1729321200,68342.04
1729324800,68402.82
1729328400,68340.0
1729332000,68232.55
1729335600,68077.57
1729339200,68215.52
1729342800,68110.94
1729346400,68296.01
1729350000,68218.18
1729353600,68033.88
1729357200,68120.16
1729360800,68171.35
1729364400,68178.96
1729368000,68234.65
1729371600,68214.2
1729375200,68316.62
1729378800,68363.73
1729382400,68217.26
1729386000,68137.92
1729389600,68160.88
1729393200,68181.04
1729396800,68224.35
1729400400,68202.69
1729404000,68382.45
1729407600,68361.15
1729411200,68384.3
1729414800,68419.71
1729418400,68355.35
1729422000,68415.6
1729425600,68248.38
1729429200,68449.13
1729432800,68628.06
1729436400,68604.35
1729440000,68482.7
1729443600,68542.01
1729447200,68585.76
1729450800,68491.34
1729454400,68758.47
1729458000,68748.05
1729461600,69119.93
1729465200,69014.86
1729468800,69136.18
1729472400,69187.11
1729476000,68692.78
1729479600,68906.41
1729483200,69003.43
1729486800,68959.42
1729490400,68681.27
1729494000,68481.04
1729497600,68266.39
1729501200,68337.08
1729504800,68242.47
1729508400,68192.79
1729512000,68161.72
1729515600,67265.7
1729519200,67238.81
1729522800,67310.58
1729526400,67279.33
1729530000,67474.11
1729533600,67286.78
1729537200,67735.4
1729540800,67721.97
1729544400,67786.84
1729548000,67758.15
1729551600,67346.15
1729555200,67112.67
1729558800,67473.8
1729562400,67270.99
1729566000,67356.9
1729569600,67456.65
1729573200,67535.82
1729576800,67522.48
1729580400,67358.61
1729584000,66880.0
1729587600,66920.01
1729591200,67140.36
1729594800,67247.23
1729598400,66935.88
1729602000,66953.51
1729605600,67519.14
1729609200,67230.38
1729612800,66909.57
1729616400,67279.5
1729620000,67334.26
1729623600,67439.11
1729627200,67481.81
1729630800,67487.83
1729634400,67676.68
1729638000,67380.08
1729641600,67124.05
1729645200,67297.92
1729648800,67042.84
1729652400,67028.66
1729656000,67166.04
1729659600,67038.76
1729663200,66870.85
1729666800,66796.57
1729670400,66476.79
1729674000,66467.11
1729677600,66353.41
1729681200,66366.78
1729684800,66366.29
1729688400,66744.61
1729692000,66425.78
1729695600,66152.33
1729699200,65794.4
1729702800,65620.35
1729706400,65962.06
1729710000,66393.44
1729713600,66588.06
1729717200,66349.19
1729720800,66416.99
1729724400,66601.11
1729728000,67358.86
1729731600,67196.73
1729735200,67374.97
1729738800,67136.73
1729742400,67310.82
1729746000,67288.7
1729749600,67044.66
1729753200,67046.67
1729756800,66784.03
1729760400,66816.98
1729764000,66930.31
1729767600,67213.4
1729771200,67453.22
1729774800,67837.91
1729778400,67724.48
1729782000,67635.99
1729785600,67522.16
1729789200,67596.32
1729792800,67784.84
1729796400,68269.33
1729800000,68148.24
1729803600,68305.7
1729807200,68139.56
1729810800,68156.84
1729814400,67948.22
1729818000,67933.22
1729821600,68023.9
1729825200,67966.65
1729828800,67702.69
1729832400,67706.14
1729836000,67592.05
1729839600,67502.8
1729843200,67608.89
1729846800,67774.12
1729850400,67816.64
1729854000,68065.06
1729857600,68022.14
1729861200,68281.72
1729864800,68274.22
1729868400,67650.56
1729872000,67622.56
1729875600,66762.11
1729879200,66915.42
1729882800,66725.35
1729886400,66779.38
1729890000,67171.51
1729893600,66515.13
1729897200,66564.51
1729900800,66635.55
1729904400,66597.1
1729908000,66728.09
1729911600,66816.54
1729915200,66855.95
1729918800,67049.34
1729922400,67086.89
1729926000,66926.56
1729929600,67058.44
1729933200,66973.03
1729936800,66977.74
1729940400,67055.68
1729944000,66946.4
1729947600,66808.06
1729951200,66713.12
1729954800,66795.54
1729958400,66818.88
1729962000,66974.5
1729965600,66942.16
1729969200,67100.49
1729972800,67173.56
1729976400,67089.21
1729980000,67042.5
1729983600,67012.56
1729987200,66926.41
1729990800,66985.09
1729994400,66960.1
1729998000,67197.58
1730001600,67061.46
1730005200,67095.66
1730008800,67096.33
1730012400,67114.71
1730016000,67129.98
1730019600,67060.45
1730023200,67011.25
1730026800,67050.77
1730030400,67317.13
1730034000,67536.43
1730037600,67617.91
1730041200,67707.61
1730044800,67743.44
1730048400,67676.73
1730052000,67480.84
1730055600,67755.4
1730059200,67680.34
1730062800,67840.67
1730066400,68030.74
1730070000,67943.19
1730073600,67765.66
1730077200,67657.78
1730080800,67710.62
1730084400,67646.8
1730088000,67658.54
1730091600,67825.0
1730095200,67867.05
1730098800,68328.5
1730102400,68241.57
1730106000,68492.49
1730109600,68550.76
1730113200,68682.91
1730116800,68838.91
1730120400,68769.0
1730124000,68783.39
1730127600,68428.44
1730131200,68663.71
1730134800,68951.93
1730138400,69175.0
1730142000,69616.92
1730145600,69639.35
1730149200,69770.0
1730152800,69909.68
1730156400,69924.5
1730160000,69908.62
1730163600,70249.93
1730167200,71128.67
1730170800,70875.61
1730174400,71023.2
1730178000,70969.53
1730181600,71199.24
1730185200,70963.89
1730188800,71084.59
1730192400,71243.11
1730196000,71122.13
1730199600,71413.7
1730203200,71061.86
1730206800,71774.14
1730210400,71838.87
1730214000,72402.22
1730217600,72732.17
1730221200,72703.81
1730224800,73168.16
1730228400,72512.31
1730232000,72307.76
1730235600,72259.89
1730239200,72649.68
1730242800,72724.35
1730246400,72274.51
1730250000,72408.55
1730253600,72316.45
1730257200,72224.23
1730260800,72266.1
1730264400,72485.7
1730268000,72287.25
1730271600,72214.08
1730275200,72226.19
1730278800,72553.33
1730282400,72341.15
1730286000,71973.15
1730289600,71849.29
1730293200,71940.21
1730296800,72404.01
1730300400,72040.42
1730304000,72099.99
1730307600,71873.59
1730311200,71960.98
1730314800,71817.56
1730318400,72844.31
1730322000,72376.57
1730325600,72375.18
1730329200,72322.91
1730332800,72144.0
1730336400,72346.16
1730340000,72528.97
1730343600,72335.04
1730347200,72258.31
1730350800,72271.05
1730354400,72192.41
1730358000,72407.23
1730361600,72261.08
1730365200,72284.75
1730368800,72628.06
1730372400,72200.1
1730376000,72102.89
1730379600,71282.6
1730383200,70721.36
1730386800,70573.63
1730390400,70333.42
1730394000,70740.51
1730397600,70566.82
1730401200,69963.39
1730404800,69922.3
1730408400,70350.1
1730412000,70383.13
1730415600,70197.83
1730419200,70061.42
1730422800,69309.69
1730426400,69497.55
1730430000,69275.71
1730433600,69525.91
1730437200,69541.05
1730440800,69147.67
1730444400,69204.78
1730448000,69309.7
1730451600,69469.4
1730455200,69920.31
1730458800,69937.72
1730462400,70294.48
1730466000,71149.22
1730469600,71258.6
1730473200,69364.48
1730476800,69905.99
1730480400,69552.21
1730484000,69099.91
1730487600,69211.34
1730491200,69205.22
1730494800,69213.07
1730498400,69400.76
1730502000,69467.29
1730505600,69647.91
1730509200,69642.27
1730512800,69641.0
1730516400,69581.79
1730520000,69542.42
1730523600,69675.43
1730527200,69724.41
1730530800,69775.82
1730534400,69603.03
1730538000,69525.64
1730541600,69595.16
1730545200,69579.3
1730548800,69437.37
1730552400,69342.86
1730556000,69240.89
1730559600,69365.72
1730563200,69557.17
1730566800,69376.59
1730570400,69406.93
1730574000,69497.24
1730577600,69520.64
1730581200,69418.01
1730584800,69409.24
1730588400,69358.94
1730592000,69137.34
1730595600,68987.06
1730599200,68182.58
1730602800,68355.74
1730606400,68560.97
1730610000,68408.05
1730613600,68550.87
1730617200,68350.28
1730620800,68444.09
1730624400,68206.57
1730628000,68405.48
1730631600,68330.01
1730635200,68470.0
1730638800,68025.61
1730642400,67744.4
1730646000,68054.57
1730649600,68125.06
1730653200,68336.38
1730656800,67980.7
1730660400,68649.52
1730664000,68937.07
1730667600,69111.25
1730671200,68845.18
1730674800,68738.18
1730678400,68676.1
1730682000,68923.78
1730685600,69252.18
1730689200,69000.61
1730692800,69092.75
1730696400,68759.28
1730700000,69063.1
1730703600,68544.76
1730707200,68631.01
1730710800,68587.22
1730714400,68786.32
1730718000,68734.39
1730721600,68912.42
1730725200,68619.94
1730728800,68358.01
1730732400,68612.35
1730736000,67708.93
1730739600,67794.73
1730743200,67604.68
1730746800,67799.08
1730750400,67279.04
1730754000,67071.68
1730757600,67874.11
1730761200,67807.48
1730764800,67979.8
1730768400,67940.18
1730772000,67832.28
1730775600,68191.22
1730779200,68269.96
1730782800,68697.66
1730786400,68733.42
1730790000,68861.88
1730793600,68988.44
1730797200,68730.29
1730800800,68735.24
1730804400,68777.08
1730808000,68837.16
1730811600,68779.64
1730815200,69957.01
1730818800,69620.92
1730822400,70178.9
1730826000,69955.78
1730829600,70242.64
1730833200,68997.73
1730836800,69439.54
1730840400,69163.99
1730844000,69586.45
1730847600,69380.73
1730851200,71138.76
1730854800,71136.09
1730858400,73112.53
1730862000,74349.49
1730865600,74277.41
1730869200,74781.91
1730872800,74274.2
1730876400,73411.0
1730880000,73464.06
1730883600,73809.53
1730887200,73864.09
1730890800,74315.87
1730894400,74211.03
1730898000,74028.48
1730901600,73699.36
1730905200,74396.58
1730908800,74398.22
1730912400,74504.53
1730916000,75349.21
1730919600,75966.43
1730923200,76221.57
1730926800,75976.52
1730930400,75702.84
1730934000,75646.55
1730937600,75402.94
1730941200,75436.6
1730944800,75316.15
1730948400,75089.35
1730952000,74766.81
1730955600,74793.45
1730959200,74803.69
1730962800,74795.02
1730966400,75177.2
1730970000,74947.74
1730973600,75053.27
1730977200,74776.42
1730980800,75027.38
1730984400,74707.34
1730988000,74871.04
1730991600,76175.16
1730995200,75997.61
1730998800,76372.09
1731002400,76679.56
1731006000,76638.99
1731009600,76599.9
1731013200,75962.67
1731016800,75935.48
1731020400,75920.0
1731024000,76077.85
1731027600,76051.71
1731031200,75789.43
1731034800,75975.88
1731038400,75914.58
1731042000,76051.21
1731045600,75942.4
1731049200,76284.82
1731052800,75892.8
1731056400,76020.86
1731060000,76315.28
1731063600,76020.93
1731067200,76146.35
1731070800,76363.17
1731074400,75816.41
1731078000,76516.29
1731081600,75984.09
1731085200,76454.18
1731088800,76926.01
1731092400,77032.78
1731096000,76712.64
1731099600,76535.62
1731103200,76430.23
1731106800,76566.73
1731110400,76485.89
1731114000,76362.85
1731117600,76479.68
1731121200,76396.77
1731124800,76433.99
1731128400,76595.55
1731132000,76562.71
1731135600,76586.05
1731139200,76585.38
1731142800,76599.32
1731146400,76509.81
1731150000,76534.61
1731153600,76330.91
1731157200,76461.02
1731160800,76395.53
1731164400,76348.18
1731168000,76117.98
1731171600,76272.1
1731175200,76396.63
1731178800,76244.62
1731182400,76333.14
1731186000,76481.71
1731189600,76541.99
1731193200,76716.06
1731196800,76920.02
1731200400,76741.01
1731204000,77077.09
1731207600,77264.97
1731211200,79145.15
1731214800,79100.68
1731218400,78941.87
1731222000,78862.66
1731225600,79162.77
1731229200,79412.84
1731232800,79589.06
1731236400,79885.68
1731240000,79709.6
1731243600,79784.86
1731247200,79561.9
1731250800,79756.44
1731254400,79838.21
1731258000,80430.85
1731261600,80621.62
1731265200,79811.97
1731268800,78988.6
1731272400,79927.16
1731276000,80662.49
1731279600,80428.92
1731283200,80638.34
1731286800,81262.59
1731290400,81512.24
1731294000,81693.14
1731297600,81505.22
1731301200,80808.62
1731304800,80965.87
1731308400,81198.87
1731312000,81321.35
1731315600,81771.96
1731319200,82048.13
1731322800,82217.97
1731326400,82237.06
1731330000,81900.01
1731333600,82597.75
1731337200,84197.79
1731340800,84330.17
1731344400,84739.41
1731348000,85965.72
1731351600,86281.69
1731355200,87047.89
1731358800,88031.5
1731362400,88084.34
1731366000,88770.73
1731369600,89093.37
1731373200,88663.66
1731376800,87815.74
1731380400,88175.87
1731384000,88538.55
1731387600,88487.12
1731391200,89655.19
1731394800,89114.02
1731398400,89414.1
1731402000,87734.5
1731405600,86860.53
1731409200,87241.48
1731412800,86389.04
1731416400,86385.38
1731420000,87073.35
1731423600,86713.09
1731427200,87155.08
1731430800,87073.27
1731434400,88982.23
1731438000,88874.49
1731441600,89618.02
1731445200,88315.94
1731448800,88660.75
1731452400,88035.43
1731456000,88158.54
1731459600,88379.24
1731463200,87984.16
1731466800,87278.73
1731470400,87311.47
1731474000,86691.48
1731477600,86600.22
1731481200,87504.95
1731484800,87335.5
1731488400,87509.4
1731492000,87651.71
1731495600,87789.62
1731499200,87775.7
1731502800,89362.24
1731506400,91666.92
1731510000,92759.73
1731513600,92451.34
1731517200,92391.41
1731520800,92962.15
1731524400,90313.24
1731528000,89780.86
1731531600,88639.67
1731535200,89825.83
1731538800,90493.82
1731542400,90197.57
1731546000,90459.67
1731549600,90171.39
1731553200,90012.61
1731556800,90198.96
1731560400,90015.3
1731564000,89350.0
1731567600,90829.7
1731571200,90599.57
1731574800,90963.53
1731578400,91164.72
1731582000,91545.36
1731585600,91290.32
1731589200,90801.43
1731592800,88749.38
1731596400,87962.45
1731600000,89235.35
1731603600,89266.96
1731607200,89153.68
1731610800,89502.84
1731614400,87550.16
1731618000,88232.0
1731621600,87654.16
1731625200,87340.4
1731628800,87903.21
1731632400,88113.7
1731636000,88387.15
1731639600,88254.11
1731643200,87487.8
1731646800,87755.72
1731650400,88208.61
1731654000,87663.18
1731657600,88106.48
1731661200,89207.1
1731664800,89357.82
1731668400,89742.57
1731672000,89759.52
1731675600,90159.01
1731679200,89121.11
1731682800,88440.27
1731686400,89385.04
1731690000,89493.38
1731693600,89394.97
1731697200,90418.2
1731700800,91523.12
1731704400,91733.56
1731708000,91238.48
1731711600,91058.36
1731715200,91062.46
1731718800,91296.94
1731722400,91478.15
1731726000,91289.95
1731729600,91328.74
1731733200,91389.71
1731736800,91243.92
1731740400,91154.59
1731744000,91454.84
1731747600,91256.25
1731751200,91411.32
1731754800,91203.76
1731758400,90923.06
1731762000,90787.57
1731765600,90995.25
1731769200,90558.9
1731772800,90638.84
1731776400,90952.45
1731780000,91345.18
1731783600,91158.93
1731787200,90796.04
1731790800,91058.79
1731794400,90377.18
1731798000,90636.24
1731801600,90849.79
1731805200,90309.36
1731808800,90070.88
1731812400,90295.81
1731816000,90606.46
1731819600,90467.27
1731823200,90632.73
1731826800,90551.38
1731830400,90969.51
1731834000,91286.78
1731837600,91074.5
1731841200,90674.33
1731844800,91070.79
1731848400,90504.95
1731852000,90307.73
1731855600,90257.57
1731859200,90439.77
1731862800,90577.66
1731866400,89934.96
1731870000,90054.48
1731873600,89630.95
1731877200,89141.19
1731880800,89563.59
1731884400,89886.69
1731888000,89966.17
1731891600,90747.34
1731895200,90500.0
1731898800,90658.1
1731902400,90456.6
1731906000,90626.05
1731909600,92055.03
1731913200,91726.75
1731916800,91806.3
1731920400,91723.31
1731924000,91763.08
1731927600,90275.89
1731931200,90533.38
1731934800,89511.06
1731938400,90320.3
1731942000,92392.15
1731945600,91466.65
1731949200,91636.23
1731952800,90415.72
1731956400,90681.98
1731960000,91575.13
1731963600,91371.51
1731967200,91230.51
1731970800,90520.3
1731974400,91083.57
1731978000,90762.73
1731981600,91299.99
1731985200,91471.93
1731988800,91589.0
1731992400,91940.75
1731996000,92025.45
1731999600,91677.0
1732003200,91818.06
1732006800,91750.72
1732010400,91809.14
1732014000,91709.49
1732017600,92535.1
1732021200,91196.55
1732024800,91907.5
1732028400,92492.76
1732032000,92663.8
1732035600,92963.32
1732039200,93788.37
1732042800,93331.02
1732046400,92577.97
1732050000,92313.16
1732053600,91960.64
1732057200,92435.89
1732060800,92168.77
1732064400,92125.87
1732068000,91884.84
1732071600,92160.34
1732075200,92204.06
1732078800,92617.54
1732082400,92468.37
1732086000,92946.91
1732089600,93299.83
1732093200,93171.36
1732096800,93382.79
1732100400,93561.47
1732104000,93639.14
1732107600,94492.52
1732111200,94769.21
1732114800,94887.11
1732118400,94172.96
1732122000,94045.2
1732125600,93791.31
1732129200,94139.11
1732132800,94380.69
1732136400,94456.85
1732140000,94244.28
1732143600,94393.15
1732147200,94815.42
1732150800,94792.12
1732154400,94524.1
1732158000,95899.6
1732161600,97611.15
1732165200,97403.71
1732168800,97074.37
1732172400,96982.73
1732176000,97157.74
1732179600,97655.03
1732183200,97746.0
1732186800,98005.95
1732190400,97327.01
1732194000,97569.99
1732197600,97071.06
1732201200,96706.08
1732204800,97216.66
1732208400,98167.11
1732212000,98389.68
1732215600,97936.94
1732219200,98240.34
1732222800,98090.4
1732226400,98484.25
1732230000,98439.09
1732233600,98112.67
1732237200,98195.63
1732240800,98718.66
1732244400,98958.87
1732248000,98915.49
1732251600,98909.24
1732255200,99121.81
1732258800,99305.24
1732262400,98911.75
1732266000,98790.59
1732269600,98462.79
1732273200,98969.35
1732276800,98722.11
1732280400,97844.74
1732284000,97382.74
1732287600,98841.1
1732291200,99013.49
1732294800,98950.01
1732298400,99353.22
1732302000,99311.69
1732305600,99379.49
1732309200,99485.35
1732312800,98755.61
1732316400,99024.03
1732320000,98772.68
1732323600,98715.33
1732327200,98609.08
1732330800,98787.94
1732334400,98690.01
1732338000,98882.74
1732341600,98835.1
1732345200,98692.65
1732348800,98585.09
1732352400,98592.06
1732356000,98553.0
1732359600,98564.28
1732363200,98751.18
1732366800,98664.48
1732370400,98905.99
1732374000,98595.49
1732377600,97873.89
1732381200,98081.6
1732384800,97968.52
1732388400,97620.09
1732392000,97838.41
1732395600,98082.55
1732399200,97765.45
1732402800,97778.77
1732406400,98029.78
1732410000,98311.62
1732413600,98529.23
1732417200,98318.62
1732420800,98301.38
1732424400,98370.7
1732428000,98450.34
1732431600,98518.53
1732435200,98172.19
1732438800,98061.15
1732442400,97798.1
1732446000,97401.42
1732449600,96993.06
1732453200,97312.57
1732456800,97120.99
1732460400,95957.89
1732464000,96476.13
1732467600,95945.14
1732471200,96603.23
1732474800,96359.04
1732478400,96885.93
1732482000,97048.87
1732485600,98116.78
1732489200,98028.18
1732492800,97830.0
1732496400,97317.56
1732500000,97480.48
1732503600,98002.78
1732507200,97928.85
1732510800,98195.65
1732514400,98195.71
1732518000,98164.71
1732521600,98319.11
1732525200,98586.61
1732528800,98402.16
1732532400,98279.7
1732536000,97978.33
1732539600,97535.69
1732543200,95395.24
1732546800,96028.64
1732550400,95912.82
1732554000,95211.34
1732557600,95151.19
1732561200,94664.79
1732564800,94985.99
1732568400,93727.42
1732572000,94391.03
1732575600,93000.01
1732579200,93818.51
1732582800,94889.88
1732586400,94619.22
1732590000,94495.82
1732593600,94325.35
1732597200,94674.63
1732600800,94533.78
1732604400,93775.09
1732608000,93153.75
1732611600,93546.42
1732615200,92304.9
1732618800,92355.45
1732622400,92129.23
1732626000,92135.46
1732629600,93285.64
1732633200,92836.57
1732636800,94108.93
1732640400,93575.3
1732644000,92120.8
1732647600,91676.86
1732651200,90940.03
1732654800,91634.86
1732658400,91775.21
1732662000,91929.54
1732665600,91898.48
1732669200,92735.03
1732672800,92907.03
1732676400,92547.72
1732680000,92539.1
1732683600,92738.52
1732687200,93044.91
1732690800,93584.06
1732694400,93434.14
1732698000,93407.82
1732701600,93828.69
1732705200,93382.82
1732708800,93506.88
1732712400,94287.13
1732716000,94902.81
1732719600,95642.95
1732723200,95768.73
1732726800,96349.13
1732730400,96236.78
1732734000,96781.31
1732737600,96643.99
1732741200,96419.28
1732744800,96148.93
1732748400,95951.19
1732752000,96656.64
1732755600,96382.55
1732759200,95785.93
1732762800,95557.91
1732766400,95829.18
1732770000,95525.94
1732773600,95535.19
1732777200,95355.25
1732780800,95484.5
1732784400,95012.69
1732788000,95001.04
1732791600,95483.99
1732795200,95514.77
1732798800,95755.01
1732802400,95419.71
1732806000,95029.63
1732809600,94995.57
1732813200,94887.89
1732816800,95304.15
1732820400,95133.29
1732824000,94827.32
1732827600,95135.92
1732831200,95681.45
1732834800,95665.53
1732838400,95497.7
1732842000,95940.75
1732845600,96774.06
1732849200,96614.15
1732852800,96284.94
1732856400,96190.5
1732860000,96286.34
1732863600,95649.0
1732867200,95994.99
1732870800,96388.1
1732874400,96883.13
1732878000,97281.06
1732881600,96956.48
1732885200,97259.99
1732888800,98116.03
1732892400,98148.88
1732896000,97901.98
1732899600,97052.95
1732903200,97283.62
1732906800,97422.14
1732910400,97410.57
1732914000,97463.54
1732917600,97372.24
1732921200,97490.56
1732924800,97001.31
1732928400,96461.08
1732932000,96634.78
1732935600,96673.2
1732939200,96734.35
1732942800,97144.84
1732946400,96687.59
1732950000,96825.4
1732953600,96988.18
1732957200,96810.22
1732960800,96172.57
1732964400,96302.74
1732968000,96604.35
1732971600,96457.1
1732975200,96505.16
1732978800,96682.76
1732982400,96921.06
1732986000,96834.66
1732989600,97009.38
1732993200,97054.87
1732996800,97028.05
1733000400,96823.34
1733004000,96520.29
1733007600,96465.42
1733011200,96388.61
1733014800,96160.13
1733018400,95836.0
1733022000,96371.15
1733025600,96542.37
1733029200,96367.88
1733032800,96383.95
1733036400,96523.55
1733040000,97098.97
1733043600,97077.36
1733047200,96880.08
1733050800,97177.31
1733054400,96844.01
1733058000,97146.48
1733061600,97362.02
1733065200,97109.53
1733068800,97276.31
1733072400,97371.73
1733076000,97184.08
1733079600,97234.24
1733083200,97150.0
1733086800,97829.94
1733090400,97616.41
1733094000,97263.18
1733097600,97507.3
1733101200,98053.48
1733104800,97720.34
1733108400,96532.55
1733112000,96756.27
1733115600,96424.65
1733119200,96333.54
1733122800,96048.31
1733126400,95074.66
1733130000,95514.23
1733133600,94989.04
1733137200,95133.01
1733140800,94989.0
1733144400,95701.01
1733148000,96393.12
1733151600,97116.49
1733155200,96219.29
1733158800,94623.07
1733162400,95663.73
1733166000,95832.31
1733169600,95694.32
1733173200,95413.09
1733176800,95404.4
1733180400,95862.89
1733184000,95814.57
1733187600,95528.3
1733191200,96050.62
1733194800,96084.43
1733198400,95932.56
1733202000,96165.36
1733205600,95659.91
1733209200,95563.76
1733212800,95550.0
1733216400,95261.36
1733220000,94722.03
1733223600,94998.01
1733227200,94816.2
1733230800,93661.26
1733234400,95249.06
1733238000,95735.74
1733241600,95142.76
1733245200,95873.85
1733248800,95493.43
1733252400,95453.5
1733256000,95660.2
1733259600,96079.85
1733263200,96185.91
1733266800,95924.52
1733270400,95816.44
1733274000,96300.95
1733277600,95844.49
1733281200,95836.1
1733284800,96077.45
1733288400,96548.84
1733292000,96608.04
1733295600,96655.28
1733299200,96741.9
1733302800,96887.36
1733306400,96570.11
1733310000,96248.47
1733313600,96024.07
1733317200,95712.25
1733320800,95920.76
1733324400,95865.98
1733328000,94884.77
1733331600,95621.38
1733335200,96226.19
1733338800,97391.71
1733342400,99029.44
1733346000,97898.58
1733349600,98346.04
1733353200,98746.24
1733356800,98470.15
1733360400,98315.13
1733364000,101324.83
1733367600,103055.17
1733371200,103410.31
1733374800,102559.39
1733378400,101945.51
1733382000,102316.08
1733385600,102866.0
1733389200,102771.01
1733392800,102358.21
1733396400,102638.22
1733400000,102944.44
1733403600,102844.27
1733407200,103615.38
1733410800,101381.48
1733414400,101122.78
1733418000,101370.21
1733421600,100223.65
1733425200,99064.15
1733428800,99143.74
1733432400,99003.24
1733436000,96917.15
1733439600,97044.23
1733443200,97616.66
1733446800,98165.44
1733450400,97645.74
1733454000,97788.6
1733457600,97912.32
1733461200,97912.69
1733464800,98140.78
1733468400,98216.21
1733472000,98405.59
1733475600,98064.16
1733479200,98214.1
1733482800,98148.64
1733486400,97705.83
1733490000,98696.71
1733493600,99588.41
1733497200,99414.85
1733500800,99123.98
1733504400,100955.31
1733508000,101521.7
1733511600,101615.78
1733515200,101564.38
1733518800,100551.13
1733522400,100670.74
1733526000,99891.35
1733529600,100418.74
1733533200,100194.79
1733536800,100081.44
1733540400,99441.5
1733544000,99642.54
1733547600,99305.29
1733551200,99482.27
1733554800,99528.76
1733558400,99536.36
1733562000,99780.67
1733565600,99630.76
1733569200,99727.05
1733572800,99527.5
1733576400,99443.55
1733580000,99555.91
1733583600,99826.52
1733587200,99714.98
1733590800,99726.38
1733594400,100227.31
1733598000,100165.25
1733601600,100400.0
1733605200,99962.44
1733608800,99676.73
1733612400,99929.32
1733616000,100060.46
1733619600,99930.82
1733623200,100232.44
1733626800,100006.48
1733630400,99832.37
1733634000,99601.82
1733637600,99746.07
1733641200,99719.06
1733644800,99043.93
1733648400,98948.01
1733652000,99303.44
1733655600,99755.04
1733659200,99972.08
1733662800,100460.49
1733666400,99795.4
1733670000,99961.09
1733673600,99874.16
1733677200,99996.93
1733680800,99700.12
1733684400,100147.15
1733688000,99850.38
1733691600,100082.52
1733695200,100281.12
1733698800,101174.99
1733702400,99707.48
1733706000,99614.91
1733709600,99247.56
1733713200,99141.17
1733716800,99493.12
1733720400,99490.16
1733724000,99086.92
1733727600,99594.66
1733731200,98903.58
1733734800,98394.77
1733738400,98699.29
1733742000,98050.01
1733745600,98557.17
1733749200,98971.39
1733752800,100172.35
1733756400,97748.58
1733760000,97809.34
1733763600,97326.16
1733767200,97745.09
1733770800,96996.54
1733774400,96196.76
1733778000,96921.78
1733781600,97011.79
1733785200,97324.81
1733788800,97897.48
1733792400,97992.1
1733796000,96711.5
1733799600,96984.89
1733803200,97071.51
1733806800,96977.08
1733810400,97485.62
1733814000,97222.32
1733817600,97419.25
1733821200,97510.06
1733824800,97728.22
1733828400,97756.78
1733832000,97190.63
1733835600,97760.02
1733839200,97857.71
1733842800,95695.02
1733846400,96338.0
1733850000,94498.46
1733853600,95135.11
1733857200,95887.82
1733860800,96482.7
1733864400,96916.78
1733868000,96917.76
1733871600,96660.76
1733875200,96470.09
1733878800,95820.79
1733882400,97268.66
1733886000,97427.85
1733889600,97570.96
1733893200,97534.69
1733896800,97720.3
1733900400,97376.81
1733904000,98142.0
1733907600,98021.01
1733911200,98236.29
1733914800,98336.38
1733918400,98281.13
1733922000,98774.34
1733925600,99627.06
1733929200,100432.33
1733932800,100675.96
1733936400,99868.53
1733940000,100482.25
1733943600,101283.04
1733947200,101403.61
1733950800,101622.99
1733954400,101280.79
1733958000,101202.11
1733961600,100861.73
1733965200,100579.52
1733968800,101926.74
1733972400,101099.81
1733976000,100742.37
1733979600,100659.14
1733983200,100614.76
1733986800,100531.29
1733990400,101007.21
1733994000,100840.46
1733997600,100617.48
1734001200,100383.46
1734004800,100858.82
1734008400,100946.5
1734012000,101749.38
1734015600,101854.45
1734019200,101508.01
1734022800,101664.54
1734026400,100878.79
1734030000,99481.15
1734033600,100054.53
1734037200,99785.94
1734040800,100476.53
1734044400,100030.47
1734048000,100108.62
1734051600,99359.89
1734055200,99509.5
1734058800,99741.25
1734062400,100015.55
1734066000,99910.53
1734069600,99709.07
1734073200,100167.63
1734076800,100291.35
1734080400,100109.07
1734084000,100472.12
1734087600,100347.79
1734091200,100299.78
1734094800,100287.05
1734098400,101070.63
1734102000,99877.03
1734105600,100971.29
1734109200,101778.49
1734112800,101518.09
1734116400,101493.4
1734120000,101728.61
1734123600,101344.91
1734127200,101255.36
1734130800,101428.75
1734134400,101296.31
1734138000,102153.89
1734141600,102045.42
1734145200,102088.22
1734148800,101688.84
1734152400,101732.26
1734156000,101900.43
1734159600,101832.49
1734163200,101803.02
1734166800,101545.12
1734170400,101549.01
1734174000,101575.64
1734177600,101297.94
1734181200,101179.84
1734184800,101427.61
1734188400,101620.11
1734192000,101650.6
1734195600,100981.94
1734199200,100888.69
1734202800,101320.63
1734206400,100763.97
1734210000,101066.18
1734213600,101108.8
1734217200,101399.99
1734220800,101425.65
1734224400,102088.89
1734228000,101790.31
1734231600,101705.68
1734235200,102346.06
1734238800,102116.05
1734242400,101743.27
1734246000,101714.23
1734249600,101989.01
1734253200,102224.3
1734256800,102244.71
1734260400,102634.73
1734264000,102906.13
1734267600,102747.55
1734271200,102941.11
1734274800,102665.9
1734278400,103073.67
1734282000,103126.83
1734285600,103156.62
1734289200,103218.36
1734292800,103107.74
1734296400,102841.61
1734300000,103245.47
1734303600,104447.76
1734307200,105382.69
1734310800,105493.03
1734314400,104546.33
1734318000,104553.11
1734321600,104645.83
1734325200,104996.09
1734328800,105131.8
1734332400,104957.19
1734336000,104494.64
1734339600,104652.97
1734343200,104640.44
1734346800,103730.27
1734350400,103595.97
1734354000,103854.16
1734357600,105489.76
1734361200,106399.36
1734364800,106837.98
1734368400,107126.77
1734372000,107166.18
1734375600,106621.68
1734379200,105848.66
1734382800,106075.91
1734386400,105849.55
1734390000,106099.81
1734393600,105890.37
1734397200,106395.46
1734400800,106269.5
1734404400,106875.36
1734408000,106499.9
1734411600,106810.63
1734415200,106544.69
1734418800,106820.46
1734422400,107398.72
1734426000,107298.67
1734429600,107205.33
1734433200,106797.81
1734436800,107118.11
1734440400,107279.06
1734444000,108276.43
1734447600,106486.27
1734451200,107091.16
1734454800,107533.89
1734458400,106561.68
1734462000,106471.77
1734465600,106726.24
1734469200,106401.09
1734472800,105964.62
1734476400,106136.99
1734480000,106105.82
1734483600,105362.46
1734487200,105308.04
1734490800,104755.3
1734494400,103865.5
1734498000,103560.42
1734501600,103764.64
1734505200,104237.52
1734508800,103770.06
1734512400,104013.86
1734516000,104507.15
1734519600,104994.69
1734523200,104881.27
1734526800,104557.92
1734530400,104000.12
1734534000,104405.56
1734537600,104169.69
1734541200,104646.29
1734544800,104775.14
1734548400,102735.19
1734552000,100699.83
1734555600,100938.41
1734559200,101126.88
1734562800,100150.73
1734566400,100744.42
1734570000,99691.11
1734573600,100451.62
1734577200,101114.89
1734580800,100617.46
1734584400,101236.11
1734588000,101126.67
1734591600,101607.22
1734595200,101607.53
1734598800,101756.22
1734602400,102367.92
1734606000,102399.57
1734609600,101932.22
1734613200,101901.26
1734616800,100903.48
1734620400,100601.18
1734624000,100603.47
1734627600,98678.99
1734631200,98812.04
1734634800,97095.49
1734638400,96243.93
1734642000,97316.99
1734645600,98289.14
1734649200,97372.21
1734652800,97148.55
1734656400,96212.46
1734660000,97511.01
1734663600,97018.55
1734667200,97212.4
1734670800,96645.9
1734674400,97179.49
1734678000,97713.82
1734681600,95363.79
1734685200,94685.18
1734688800,94231.44
1734692400,92576.31
1734696000,93807.67
1734699600,95118.8
1734703200,95538.06
1734706800,96921.09
1734710400,96700.43
1734714000,97167.62
1734717600,96958.16
1734721200,97088.23
1734724800,96362.57
1734728400,96554.68
1734732000,97413.52
1734735600,97765.0
1734739200,97483.31
1734742800,97306.47
1734746400,97357.32
1734750000,97448.37
1734753600,97522.56
1734757200,98641.67
1734760800,98674.76
1734764400,98988.58
1734768000,98619.66
1734771600,98534.54
1734775200,98102.3
1734778800,98229.54
1734782400,97111.56
1734786000,97298.64
1734789600,97050.52
1734793200,97487.39
1734796800,97251.16
1734800400,97560.74
1734804000,97367.97
1734807600,97223.6
1734811200,97419.35
1734814800,96844.82
1734818400,97084.3
1734822000,97230.08
1734825600,97181.79
1734829200,96989.98
1734832800,96668.05
1734836400,96933.29
1734840000,96012.28
1734843600,96088.22
1734847200,96675.79
1734850800,96136.32
1734854400,96457.43
1734858000,96870.5
1734861600,96922.15
1734865200,97030.61
1734868800,96916.95
1734872400,96916.93
1734876000,95290.7
1734879600,95300.12
1734883200,95646.43
1734886800,95559.88
1734890400,95879.19
1734894000,94756.15
1734897600,95487.49
1734901200,95103.88
1734904800,95439.33
1734908400,95087.75
1734912000,94308.04
1734915600,94382.35
1734919200,94613.85
1734922800,95918.06
1734926400,95752.04
1734930000,95523.52
1734933600,94737.45
1734937200,95314.15
1734940800,95421.14
1734944400,95908.94
1734948000,96267.65
1734951600,95811.25
1734955200,96175.69
1734958800,94817.52
1734962400,94258.92
1734966000,93120.81
1734969600,93833.78
1734973200,93254.55
1734976800,92604.92
1734980400,92900.0
1734984000,92980.11
1734987600,93826.32
1734991200,95057.85
1734994800,94764.56
1734998400,94422.55
1735002000,94006.33
1735005600,93829.91
1735009200,94218.5
1735012800,94277.74
1735016400,94468.58
1735020000,93788.34
1735023600,94089.97
1735027200,94360.92
1735030800,93933.51
1735034400,93822.51
1735038000,94245.53
1735041600,94150.02
1735045200,95972.11
1735048800,97383.6
1735052400,98219.18
1735056000,98464.49
1735059600,98761.49
1735063200,98568.83
1735066800,97552.82
1735070400,97220.2
1735074000,98320.74
1735077600,98700.0
1735081200,98594.47
1735084800,98364.97
1735088400,97913.25
1735092000,98055.91
1735095600,97948.22
1735099200,98161.22
1735102800,98196.01
1735106400,97820.26
1735110000,98015.24
1735113600,98003.93
1735117200,98104.84
1735120800,98392.27
1735124400,97824.84
1735128000,98096.89
1735131600,98380.57
1735135200,98635.08
1735138800,98441.84
1735142400,98321.98
1735146000,98466.49
1735149600,98655.22
1735153200,98918.48
1735156800,99058.55
1735160400,98435.29
1735164000,98723.61
1735167600,99346.28
1735171200,98961.06
1735174800,98980.61
1735178400,98671.12
1735182000,98909.68
1735185600,98213.27
1735189200,98279.53
1735192800,98014.68
1735196400,97667.54
1735200000,95801.75
1735203600,95322.93
1735207200,95403.56
1735210800,95585.78
1735214400,95574.66
1735218000,95598.63
1735221600,95366.71
1735225200,95962.27
1735228800,96444.26
1735232400,95731.07
1735236000,95662.18
1735239600,96023.62
1735243200,95470.16
1735246800,95696.99
1735250400,95706.17
1735254000,95669.49
1735257600,95667.84
1735261200,95779.21
1735264800,95936.91
1735268400,96297.82
1735272000,96181.18
1735275600,96131.28
1735279200,96474.97
1735282800,94979.22
1735286400,95591.5
1735290000,96668.73
1735293600,96477.22
1735297200,96839.24
1735300800,96567.48
1735304400,96306.98
1735308000,95579.12
1735311600,94438.8
1735315200,94005.98
1735318800,94137.49
1735322400,94412.36
1735326000,94610.14
1735329600,94444.1
1735333200,94395.08
1735336800,94297.43
1735340400,94171.89
1735344000,94264.25
1735347600,94420.86
1735351200,94202.92
1735354800,94441.41
1735358400,94385.63
1735362000,94469.56
1735365600,94326.23
1735369200,94222.36
1735372800,94330.72
1735376400,94432.75
1735380000,94473.42
1735383600,94589.92
1735387200,94447.63
1735390800,94501.3
1735394400,94418.53
1735398000,94277.85
1735401600,94706.96
1735405200,94865.54
1735408800,94678.1
1735412400,94865.25
1735416000,94910.21
1735419600,94995.91
1735423200,95143.99
1735426800,95130.82
1735430400,94987.27
1735434000,94703.14
1735437600,94988.69
1735441200,95004.05
1735444800,94957.18
1735448400,94960.51
1735452000,95014.36
1735455600,95111.41
1735459200,94965.08
1735462800,95026.69
1735466400,95009.47
1735470000,94874.69
1735473600,94757.12
1735477200,94775.99
1735480800,94464.27
1735484400,94341.02
1735488000,93736.48
1735491600,93789.58
1735495200,93495.04
1735498800,93424.94
1735502400,93660.01
1735506000,93187.11
1735509600,92959.09
1735513200,93563.35
1735516800,93391.71
1735520400,93740.96
1735524000,93696.46
1735527600,93511.21
1735531200,93078.95
1735534800,93378.14
1735538400,93687.3
1735542000,93545.39
1735545600,93666.08
1735549200,93713.0
1735552800,93617.23
1735556400,93744.82
1735560000,93614.3
1735563600,92497.74
1735567200,91650.69
1735570800,91924.41
1735574400,91945.41
1735578000,93671.51
1735581600,94481.43
1735585200,94303.51
1735588800,94211.54
1735592400,91927.27
1735596000,92620.77
1735599600,92620.71
1735603200,92289.91
1735606800,92261.82
1735610400,92301.42
1735614000,92340.94
1735617600,92300.98
1735621200,92460.88
1735624800,92686.62
1735628400,92721.83
1735632000,93779.64
1735635600,93872.21
1735639200,93955.49
1735642800,94087.83
1735646400,94405.28
1735650000,95450.0
1735653600,95561.66
1735657200,95272.0
1735660800,94688.11
1735664400,93962.65
1735668000,93752.06
1735671600,94022.1
1735675200,93390.22
1735678800,93711.16
1735682400,93308.4
1735686000,93354.22
1735689600,94209.02
1735693200,93423.47
1735696800,93882.09
1735700400,93635.54
1735704000,93358.58
1735707600,93572.8
1735711200,93551.21
1735714800,93478.85
1735718400,93247.38
1735722000,93220.42
1735725600,93124.74
1735729200,93250.79
1735732800,93614.93
1735736400,93821.32
1735740000,93975.58
1735743600,94225.28
1735747200,93877.71
1735750800,93924.22
1735754400,94123.99
1735758000,94434.89
1735761600,94597.57
1735765200,94776.87
1735768800,94595.96
1735772400,94383.59
1735776000,94922.02
1735779600,94676.65
1735783200,95051.34
1735786800,94827.25
1735790400,95532.47
1735794000,95415.55
1735797600,95428.76
1735801200,95691.24
1735804800,95999.88
1735808400,96628.99
1735812000,96607.44
1735815600,96631.02
1735819200,96754.56
1735822800,96358.68
1735826400,97183.21
1735830000,96362.35
1735833600,97167.0
1735837200,96665.63
1735840800,97236.28
1735844400,97224.83
1735848000,97209.38
1735851600,97107.8
1735855200,96799.84
1735858800,96903.19
1735862400,96745.67
1735866000,96889.05
1735869600,96886.48
1735873200,96970.54
1735876800,96735.71
1735880400,96677.58
1735884000,96467.96
1735887600,96232.47
1735891200,96044.07
1735894800,96467.56
1735898400,96411.54
1735902000,96679.43
1735905600,96585.53
1735909200,96430.55
1735912800,96957.36
1735916400,97464.8
1735920000,97804.66
1735923600,97971.45
1735927200,98490.05
1735930800,98562.77
1735934400,98300.02
1735938000,98234.45
1735941600,98269.15
1735945200,98136.51
1735948800,97919.27
1735952400,97989.74
1735956000,98268.34
1735959600,98162.98
1735963200,97957.84
1735966800,98092.44
1735970400,98085.7
1735974000,98240.53
1735977600,97886.86
1735981200,97653.5
1735984800,97759.33
1735988400,97855.09
1735992000,97858.41
1735995600,97948.8
1735999200,98020.04
1736002800,97649.43
1736006400,97700.74
1736010000,98006.89
1736013600,97948.21
1736017200,98156.45
1736020800,98590.39
1736024400,98355.36
1736028000,98399.1
1736031600,98209.85
1736035200,98203.82
1736038800,98114.97
1736042400,98207.94
1736046000,98161.13
1736049600,98329.0
1736053200,98334.9
1736056800,98430.25
1736060400,98247.84
1736064000,97840.84
1736067600,97631.76
1736071200,97700.53
1736074800,97621.82
1736078400,97737.01
1736082000,97668.99
1736085600,97831.21
1736089200,98003.23
1736092800,98005.96
1736096400,97717.87
1736100000,97895.55
1736103600,98060.46
1736107200,98253.13
1736110800,98482.67
1736114400,98658.42
1736118000,98345.33
1736121600,98198.82
1736125200,98716.36
1736128800,98780.02
1736132400,98993.48
1736136000,99420.86
1736139600,99572.59
1736143200,99488.29
1736146800,99278.82
1736150400,99014.89
1736154000,98969.01
1736157600,98745.86
1736161200,99219.43
1736164800,99131.85
1736168400,99460.46
1736172000,100738.42
1736175600,102167.04
1736179200,102185.59
1736182800,101864.76
1736186400,101786.32
1736190000,101854.25
1736193600,102182.39
1736197200,101648.09
1736200800,102036.03
1736204400,102279.41
1736208000,102092.84
1736211600,101958.96
1736215200,101708.12
1736218800,101730.11
1736222400,101674.54
1736226000,101748.66
1736229600,101822.64
1736233200,101684.3
1736236800,101895.42
1736240400,101713.38
1736244000,101401.0
1736247600,100827.28
1736251200,100752.3
1736254800,100631.83
1736258400,99966.01
1736262000,97902.38
1736265600,97705.66
1736269200,97233.28
1736272800,96700.01
1736276400,96401.64
1736280000,96450.93
1736283600,96470.73
1736287200,97152.82
1736290800,96941.98
1736294400,97243.86
1736298000,96888.3
1736301600,96853.93
1736305200,96515.21
1736308800,96253.0
1736312400,96474.77
1736316000,95258.73
1736319600,95620.94
1736323200,95909.16
1736326800,95400.11
1736330400,95923.03
1736334000,95098.31
1736337600,94852.72
1736341200,95354.46
1736344800,95258.37
1736348400,95464.37
1736352000,94740.36
1736355600,94007.23
1736359200,94231.24
1736362800,94213.57
1736366400,93948.24
1736370000,94436.54
1736373600,95266.58
1736377200,95036.63
1736380800,95105.83
1736384400,94953.29
1736388000,94739.37
1736391600,93978.6
1736395200,94369.2
1736398800,94424.85
1736402400,94051.95
1736406000,93179.77
1736409600,92990.86
1736413200,93470.43
1736416800,93412.23
1736420400,93407.52
1736424000,93371.22
1736427600,91943.29
1736431200,92817.98
1736434800,94217.09
1736438400,94239.57
1736442000,92690.06
1736445600,93016.99
1736449200,91902.65
1736452800,91871.06
1736456400,92105.01
1736460000,92453.51
1736463600,92547.44
1736467200,92772.22
1736470800,93095.55
1736474400,93364.11
1736478000,93700.81
1736481600,93843.01
1736485200,93967.02
1736488800,94240.95
1736492400,94486.6
1736496000,94674.52
1736499600,94795.93
1736503200,95213.77
1736506800,95083.52
1736510400,95018.31
1736514000,93538.93
1736517600,94095.16
1736521200,93720.05
1736524800,93645.16
1736528400,95804.84
1736532000,94858.54
1736535600,95333.1
1736539200,94672.29
1736542800,94609.45
1736546400,94748.64
1736550000,94701.18
1736553600,94577.27
1736557200,94415.64
1736560800,94390.13
1736564400,94193.22
1736568000,94047.57
1736571600,94342.19
1736575200,94181.0
1736578800,94217.48
1736582400,94047.39
1736586000,94297.14
1736589600,94451.33
1736593200,94573.68
1736596800,94507.24
1736600400,94361.62
1736604000,94570.01
1736607600,94379.55
1736611200,94399.1
1736614800,94106.15
1736618400,94227.19
1736622000,94190.17
1736625600,94548.46
1736629200,94904.29
1736632800,94549.83
1736636400,94565.02
1736640000,94414.49
1736643600,94525.33
1736647200,94581.12
1736650800,94584.95
1736654400,94535.34
1736658000,94524.83
1736661600,94335.14
1736665200,94275.17
1736668800,94133.11
1736672400,93862.41
1736676000,93961.15
1736679600,94209.21
1736683200,94282.3
1736686800,94606.93
1736690400,94757.17
1736694000,95019.26
1736697600,95011.75
1736701200,95093.16
1736704800,94947.02
1736708400,94604.55
1736712000,94647.46
1736715600,94302.92
1736719200,93907.18
1736722800,94509.62
1736726400,95280.24
1736730000,94169.51
1736733600,94174.46
1736737200,94222.08
1736740800,94446.16
1736744400,94109.47
1736748000,93568.5
1736751600,93536.22
1736755200,92978.1
1736758800,92786.02
1736762400,91552.96
1736766000,90760.43
1736769600,90641.17
1736773200,91048.58
1736776800,91800.94
1736780400,92088.55
1736784000,91289.49
1736787600,91937.8
1736791200,92029.3
1736794800,92253.2
1736798400,93564.5
1736802000,94166.29
1736805600,94371.07
1736809200,94506.45
1736812800,94437.17
1736816400,94800.78
1736820000,94853.43
1736823600,94836.47
1736827200,95090.0
1736830800,94878.72
1736834400,94996.69
1736838000,94828.02
1736841600,95467.99
1736845200,97147.33
1736848800,96649.3
1736852400,96504.22
1736856000,95945.57
1736859600,96288.91
1736863200,96253.8
1736866800,96415.81
1736870400,95690.52
1736874000,96486.24
1736877600,96726.66
1736881200,96490.37
1736884800,96447.58
1736888400,96447.8
1736892000,96652.62
1736895600,96534.96
1736899200,96855.27
1736902800,97311.56
1736906400,96775.35
1736910000,97287.67
1736913600,97151.4
1736917200,96993.34
1736920800,97059.24
1736924400,97262.16
1736928000,97166.25
1736931600,96780.5
1736935200,96903.23
1736938800,96717.99
1736942400,96895.8
1736946000,98965.35
1736949600,99434.65
1736953200,98981.81
1736956800,99017.47
1736960400,98646.74
1736964000,99458.35
1736967600,99865.05
1736971200,99572.92
1736974800,99691.83
1736978400,99728.01
1736982000,100510.23
1736985600,99874.07
1736989200,100093.15
1736992800,99628.49
1736996400,99456.66
1737000000,99605.01
1737003600,99364.0
1737007200,99778.55
1737010800,99785.53
1737014400,98930.94
1737018000,99130.55
1737021600,99194.45
1737025200,99141.92
1737028800,99365.37
1737032400,99065.32
1737036000,97595.9
1737039600,99270.6
1737043200,99324.73
1737046800,99834.3
1737050400,99566.26
1737054000,100403.2
1737057600,100348.45
1737061200,100130.26
1737064800,99819.8
1737068400,99981.78
1737072000,100122.23
1737075600,101641.42
1737079200,101074.79
1737082800,101022.07
1737086400,101462.6
1737090000,101319.89
1737093600,101398.12
1737097200,101437.55
1737100800,102107.38
1737104400,101843.85
1737108000,102299.48
1737111600,102220.23
1737115200,102741.09
1737118800,102445.06
1737122400,103422.08
1737126000,104058.23
1737129600,105041.95
1737133200,104169.79
1737136800,104909.95
1737140400,105935.45
1737144000,104732.3
1737147600,104651.04
1737151200,104447.82
1737154800,104107.0
1737158400,104703.58
1737162000,104310.05
1737165600,104343.49
1737169200,103545.03
1737172800,103565.78
1737176400,102810.52
1737180000,103389.35
1737183600,102776.24
1737187200,103237.48
1737190800,103100.0
1737194400,103112.48
1737198000,103538.57
1737201600,103392.74
1737205200,104318.44
1737208800,103943.6
1737212400,104502.19
1737216000,103168.88
1737219600,103740.08
1737223200,104016.12
1737226800,104283.64
1737230400,103936.61
1737234000,103786.92
1737237600,104192.87
1737241200,104435.0
1737244800,104015.91
1737248400,104380.26
1737252000,104767.67
1737255600,104853.64
1737259200,104906.18
1737262800,105003.97
1737266400,105439.02
1737270000,104995.34
1737273600,104268.2
1737277200,105149.03
1737280800,104639.85
1737284400,104199.8
1737288000,104767.03
1737291600,104807.23
1737295200,104998.84
1737298800,104762.6
1737302400,104803.08
1737306000,104990.22
1737309600,104901.99
1737313200,106071.46
1737316800,106165.23
1737320400,103510.0
1737324000,103306.32
1737327600,101211.13
1737331200,99651.05
1737334800,100535.31
1737338400,101793.87
1737342000,101793.67
1737345600,102123.2
1737349200,102230.22
1737352800,107300.9
1737356400,106965.39
1737360000,108178.16
1737363600,107997.68
1737367200,107835.67
1737370800,108103.56
1737374400,106788.69
1737378000,107812.5
1737381600,107719.3
1737385200,104825.27
1737388800,106520.33
1737392400,102829.6
1737396000,103846.76
1737399600,103579.18
1737403200,103527.69
1737406800,102479.85
1737410400,103472.21
1737414000,102145.43
1737417600,101057.33
1737421200,101369.02
1737424800,102414.96
1737428400,102803.43
1737432000,102209.05
1737435600,101246.49
1737439200,102044.63
1737442800,101852.09
1737446400,102326.74
1737450000,102594.17
1737453600,103051.67
1737457200,103651.97
1737460800,104405.22
1737464400,104370.76
1737468000,103178.25
1737471600,103854.59
1737475200,104926.33
1737478800,106195.4
1737482400,106877.06
1737486000,107051.81
1737489600,106137.11
1737493200,106794.5
1737496800,106032.2
1737500400,106159.26
1737504000,105951.04
1737507600,105800.7
1737511200,105593.11
1737514800,105617.78
1737518400,105570.19
1737522000,105684.36
1737525600,105375.71
1737529200,105062.67
1737532800,105251.8
1737536400,104990.33
1737540000,105122.79
1737543600,105070.75
1737547200,105261.37
1737550800,104046.19
1737554400,104388.76
1737558000,104182.11
1737561600,103700.19
1737565200,104336.85
1737568800,103879.33
1737572400,104625.04
1737576000,104313.15
1737579600,104060.32
1737583200,103862.94
1737586800,103667.11
1737590400,103244.13
1737594000,102886.24
1737597600,102574.45
1737601200,102393.5
1737604800,101988.16
1737608400,102481.13
1737612000,102211.35
1737615600,102656.27
1737619200,102175.01
1737622800,101604.61
1737626400,101653.2
1737630000,101916.25
1737633600,101590.99
1737637200,102480.07
1737640800,105199.9
1737644400,105299.93
1737648000,105170.07
1737651600,105957.45
1737655200,105486.32
1737658800,103807.02
1737662400,103331.39
1737666000,103114.25
1737669600,104024.94
1737673200,103926.36
1737676800,103444.55
1737680400,103222.43
1737684000,103017.07
1737687600,103895.59
1737691200,104617.35
1737694800,105213.47
1737698400,105000.65
1737702000,105079.32
1737705600,105516.17
1737709200,105149.81
1737712800,105441.44
1737716400,105434.23
1737720000,105546.93
1737723600,105124.0
1737727200,105772.32
1737730800,105889.96
1737734400,105689.06
1737738000,106528.73
1737741600,106371.56
1737745200,105793.67
1737748800,104870.05
1737752400,105143.92
1737756000,104772.97
1737759600,104850.27
1737763200,104408.77
1737766800,104717.38
1737770400,104523.98
1737774000,105165.9
1737777600,104623.54
1737781200,104339.0
1737784800,104292.1
1737788400,104363.34
1737792000,104327.96
1737795600,104356.36
1737799200,104526.1
1737802800,104666.42
1737806400,104741.91
1737810000,104696.81
1737813600,104578.1
1737817200,104903.89
1737820800,104658.47
1737824400,104884.49
1737828000,104970.19
1737831600,105036.46
1737835200,104947.57
1737838800,105092.4
1737842400,105060.25
1737846000,104733.56
1737849600,104583.0
1737853200,104601.76
1737856800,104665.59
1737860400,105046.11
1737864000,105142.67
1737867600,105058.23
1737871200,104970.06
1737874800,104974.62
1737878400,105015.86
1737882000,104615.41
1737885600,104699.65
1737889200,104808.4
1737892800,104889.38
1737896400,104950.46
1737900000,104916.96
1737903600,104956.14
1737907200,104933.93
1737910800,104932.22
1737914400,105170.09
1737918000,105070.81
1737921600,104931.81
1737925200,104541.9
1737928800,104319.07
1737932400,102563.0
1737936000,101677.81
1737939600,101221.82
1737943200,100930.27
1737946800,101364.7
1737950400,100362.72
1737954000,100308.72
1737957600,98909.71
1737961200,98998.13
1737964800,98994.19
1737968400,99380.38
1737972000,98335.66
1737975600,98719.82
1737979200,100590.37
1737982800,100499.14
1737986400,101911.14
1737990000,101109.94
1737993600,99697.7
1737997200,99079.2
1738000800,99138.35
1738004400,99652.55
1738008000,101352.86
1738011600,101327.5
1738015200,101623.64
1738018800,102062.42
1738022400,101839.85
1738026000,101363.82
1738029600,102381.31
1738033200,102630.41
1738036800,102906.51
1738040400,103016.29
1738044000,102737.84
1738047600,102802.32
1738051200,102845.64
1738054800,102941.05
1738058400,102730.44
1738062000,102754.41
1738065600,102598.65
1738069200,102580.6
1738072800,102638.13
1738076400,102775.74
1738080000,102249.33
1738083600,102568.04
1738087200,102176.92
1738090800,102402.97
1738094400,101207.91
1738098000,100284.63
1738101600,101203.7
1738105200,101290.0
1738108800,101650.38
1738112400,101801.44
1738116000,101747.12
1738119600,102008.1
1738123200,101961.93
1738126800,102229.42
1738130400,102788.15
1738134000,102696.02
1738137600,102694.78
1738141200,102285.66
1738144800,102494.51
1738148400,102586.39
1738152000,102197.32
1738155600,101803.57
1738159200,102001.59
1738162800,101957.26
1738166400,102071.51
1738170000,102407.83
1738173600,102846.97
1738177200,103592.05
1738180800,104220.34
1738184400,103748.77
1738188000,103492.12
1738191600,103747.25
1738195200,104037.37
1738198800,104275.06
1738202400,104664.52
1738206000,105209.75
1738209600,105496.33
1738213200,105393.67
1738216800,105195.06
1738220400,105137.7
1738224000,105059.13
1738227600,105400.47
1738231200,105336.88
1738234800,105292.18
1738238400,105012.04
1738242000,104840.67
1738245600,105931.57
1738249200,105584.17
1738252800,105720.4
1738256400,105307.08
1738260000,105620.7
1738263600,105744.96
1738267200,104915.66
1738270800,105075.32
1738274400,105115.57
1738278000,104742.64
1738281600,104913.14
1738285200,104747.08
1738288800,104331.09
1738292400,104327.36
1738296000,103999.99
1738299600,104306.85
1738303200,104511.11
1738306800,104201.05
1738310400,104019.48
1738314000,104253.53
1738317600,104276.04
1738321200,104727.38
1738324800,104701.57
1738328400,104661.72
1738332000,104454.75
1738335600,105477.7
1738339200,105089.95
1738342800,104578.13
1738346400,102565.23
1738350000,102242.23
1738353600,101599.53
1738357200,102111.73
1738360800,102247.37
1738364400,102411.26
1738368000,102470.17
1738371600,102556.22
1738375200,102446.71
1738378800,102225.68
1738382400,102297.43
1738386000,102479.97
1738389600,102387.5
1738393200,102147.0
1738396800,101996.59
1738400400,101656.17
1738404000,101616.0
1738407600,102005.24
1738411200,102258.15
1738414800,101837.5
1738418400,101805.13
1738422000,102064.23
1738425600,101874.9
1738429200,102252.69
1738432800,101988.83
1738436400,101650.27
1738440000,101293.93
1738443600,101185.0
1738447200,100651.44
1738450800,100623.85
1738454400,101246.56
1738458000,101227.98
1738461600,100430.01
1738465200,99183.07
1738468800,99519.98
1738472400,100236.17
1738476000,100264.43
1738479600,99606.07
1738483200,99805.24
1738486800,99664.47
1738490400,99393.97
1738494000,98807.02
1738497600,98141.85
1738501200,98760.02
1738504800,99191.64
1738508400,99319.5
1738512000,98223.84
1738515600,97182.46
1738519200,97023.68
1738522800,98234.55
1738526400,97760.33
1738530000,97020.62
1738533600,97995.4
1738537200,97676.52
1738540800,96478.28
1738544400,93394.64
1738548000,93574.83
1738551600,94111.05
1738555200,92841.43
1738558800,94285.54
1738562400,93995.03
1738566000,95431.27
1738569600,95417.12
1738573200,95367.18
1738576800,95795.81
1738580400,95166.34
1738584000,94850.0
1738587600,94729.32
1738591200,96706.34
1738594800,99042.03
1738598400,98697.59
1738602000,99356.54
1738605600,100015.87
1738609200,102094.44
1738612800,101209.94
1738616400,101923.8
1738620000,101817.1
1738623600,101460.2
1738627200,101160.01
1738630800,101481.65
1738634400,100935.69
1738638000,100714.99
1738641600,100164.72
1738645200,98969.48
1738648800,99455.46
1738652400,98500.0
1738656000,98379.61
1738659600,98430.67
1738663200,98857.79
1738666800,99067.83
1738670400,99460.67
1738674000,99106.87
1738677600,100093.0
1738681200,99439.45
1738684800,99102.09
1738688400,99224.75
1738692000,99477.11
1738695600,98940.21
1738699200,98697.79
1738702800,96552.86
1738706400,97749.07
1738710000,97795.05
1738713600,98317.58
1738717200,97865.47
1738720800,98034.02
1738724400,98082.88
1738728000,98084.86
1738731600,98172.5
1738735200,97698.97
1738738800,97913.59
1738742400,97679.67
1738746000,97453.06
1738749600,97788.31
1738753200,98260.6
1738756800,98110.15
1738760400,98604.94
1738764000,98333.2
1738767600,98161.88
1738771200,98012.31
1738774800,97593.31
1738778400,96735.69
1738782000,97395.43
1738785600,97325.05
1738789200,96966.04
1738792800,96487.78
1738796400,96638.33
1738800000,96836.85
1738803600,97176.43
1738807200,97389.61
1738810800,97370.59
1738814400,97642.57
1738818000,97859.39
1738821600,98419.88
1738825200,98242.0
1738828800,98177.62
1738832400,98665.06
1738836000,99068.99
1738839600,98921.72
1738843200,98374.79
1738846800,98652.45
1738850400,97871.7
1738854000,97365.84
1738857600,96621.58
1738861200,96742.2
1738864800,96340.39
1738868400,96003.75
1738872000,96935.46
1738875600,96821.62
1738879200,96978.97
1738882800,96564.62
1738886400,96521.95
1738890000,97414.68
1738893600,97596.95
1738897200,97474.62
1738900800,97443.91
1738904400,97374.33
1738908000,96777.45
1738911600,96775.97
1738915200,97050.13
1738918800,97298.9
1738922400,97289.34
1738926000,97775.03
1738929600,98000.0
1738933200,98872.3
1738936800,99807.19
1738940400,98329.4
1738944000,97873.12
1738947600,97455.91
1738951200,97768.71
1738954800,96907.19
1738958400,95776.2
1738962000,96025.31
1738965600,96083.45
1738969200,96537.08
1738972800,96689.81
1738976400,96558.73
1738980000,96786.33
1738983600,96721.28
1738987200,96308.51
1738990800,96216.15
1738994400,96010.42
1738998000,96214.84
1739001600,95888.38
1739005200,96169.92
1739008800,96044.3
1739012400,96122.61
1739016000,96060.27
1739019600,96238.98
1739023200,96097.43
1739026800,95834.99
1739030400,96127.15
1739034000,96384.29
1739037600,96529.25
1739041200,96610.26
1739044800,96476.14
1739048400,96562.95
1739052000,96510.14
1739055600,96476.25
1739059200,96608.33
1739062800,97004.31
1739066400,96756.3
1739070000,97341.43
1739073600,97246.32
1739077200,97043.27
1739080800,97029.12
1739084400,97084.12
1739088000,97096.89
1739091600,96949.19
1739095200,96790.15
1739098800,96566.88
1739102400,96554.91
1739106000,95900.33
1739109600,96148.87
1739113200,96499.16
1739116800,96481.27
1739120400,96198.11
1739124000,96232.31
1739127600,96083.87
1739131200,96337.83
1739134800,95183.89
1739138400,95839.72
1739142000,96475.82
1739145600,96732.12
1739149200,95599.72
1739152800,95811.66
1739156400,96809.69
1739160000,96948.29
1739163600,97024.57
1739167200,97175.78
1739170800,97441.81
1739174400,97705.02
1739178000,97695.84
1739181600,97739.98
1739185200,97680.7
1739188800,97375.75
1739192400,98245.17
1739196000,97287.07
1739199600,97252.11
1739203200,97336.64
1739206800,97522.21
1739210400,97590.46
1739214000,97405.39
1739217600,97374.72
1739221200,97404.44
1739224800,97415.84
1739228400,97444.41
1739232000,97802.36
1739235600,98010.82
1739239200,97787.68
1739242800,97630.42
1739246400,98085.23
1739250000,98443.12
1739253600,98443.69
1739257200,98282.91
1739260800,98251.63
1739264400,98018.49
1739268000,97975.55
1739271600,98158.12
1739275200,97785.92
1739278800,96809.7
1739282400,96967.61
1739286000,97020.95
1739289600,96359.55
1739293200,96155.92
1739296800,95445.07
1739300400,95019.16
1739304000,95279.96
1739307600,96369.81
1739311200,95578.66
1739314800,95774.08
1739318400,96039.9
1739322000,96195.52
1739325600,95552.72
1739329200,95256.41
1739332800,95522.85
1739336400,95876.66
1739340000,95804.57
1739343600,96053.57
1739347200,96352.03
1739350800,96130.35
1739354400,95979.98
1739358000,96090.85
1739361600,95977.19
1739365200,94959.44
1739368800,95644.21
1739372400,95804.75
1739376000,97000.35
1739379600,97373.29
1739383200,96903.11
1739386800,97193.77
1739390400,97033.95
1739394000,97660.02
1739397600,97811.9
1739401200,97862.53
1739404800,97825.42
1739408400,97987.73
1739412000,97484.4
1739415600,97525.24
1739419200,96941.02
1739422800,96672.78
1739426400,96059.87
1739430000,96078.39
1739433600,95951.28
1739437200,96265.14
1739440800,96165.26
1739444400,95935.71
1739448000,95837.51
1739451600,96088.59
1739455200,95866.8
1739458800,96004.64
1739462400,95356.68
1739466000,95702.59
1739469600,95979.42
1739473200,95627.99
1739476800,96273.84
1739480400,96490.2
1739484000,96422.12
1739487600,96625.29
1739491200,96765.2
1739494800,96549.98
1739498400,96559.13
1739502000,97163.91
1739505600,96769.71
1739509200,96694.24
1739512800,96847.19
1739516400,96957.05
1739520000,96897.65
1739523600,97119.48
1739527200,97024.18
1739530800,96890.8
1739534400,96660.57
1739538000,96800.02
1739541600,97304.78
1739545200,96954.71
1739548800,97658.51
1739552400,98581.09
1739556000,98237.8
1739559600,97994.91
1739563200,97236.51
1739566800,97491.11
1739570400,97154.06
1739574000,97509.03
1739577600,97473.87
1739581200,97809.6
1739584800,97857.06
1739588400,97675.76
1739592000,97546.53
1739595600,97624.48
1739599200,97509.5
1739602800,97367.24
1739606400,97533.28
1739610000,97577.88
1739613600,97669.69
1739617200,97637.59
1739620800,97753.3
1739624400,97728.81
1739628000,97617.47
1739631600,97648.41
1739635200,97548.11
1739638800,97418.78
1739642400,97550.34
1739646000,97544.89
1739649600,97549.99
1739653200,97696.96
1739656800,97555.33
1739660400,97596.94
1739664000,97602.68
1739667600,97653.72
1739671200,97534.15
1739674800,97551.33
1739678400,97536.31
1739682000,97597.07
1739685600,97496.73
1739689200,97258.24
1739692800,97175.26
1739696400,97369.71
1739700000,97199.27
1739703600,97336.01
1739707200,97140.72
1739710800,96837.58
1739714400,96989.53
1739718000,96919.5
1739721600,97064.15
1739725200,96995.1
1739728800,96882.82
1739732400,97071.86
1739736000,96921.46
1739739600,97188.65
1739743200,96891.79
1739746800,96119.88
1739750400,96329.36
1739754000,96514.7
1739757600,96228.17
1739761200,96202.26
1739764800,96037.57
1739768400,96254.84
1739772000,96395.63
1739775600,96069.76
1739779200,96151.68
1739782800,96161.52
1739786400,96109.95
1739790000,96068.38
1739793600,96459.45
1739797200,96419.56
1739800800,96814.75
1739804400,95669.95
1739808000,95336.93
1739811600,95485.52
1739815200,95329.97
1739818800,95534.03
1739822400,95978.25
1739826000,96406.84
1739829600,95884.64
1739833200,95781.8
1739836800,95621.53
1739840400,96257.23
1739844000,96061.87
1739847600,96200.47
1739851200,96062.72
1739854800,95603.2
1739858400,95361.45
1739862000,95430.03
1739865600,95214.42
1739869200,95756.92
1739872800,95721.5
1739876400,95605.56
1739880000,96164.41
1739883600,96206.5
1739887200,95495.92
1739890800,95523.15
1739894400,94604.5
1739898000,94051.53
1739901600,93865.22
1739905200,94039.83
1739908800,94161.31
1739912400,94996.31
1739916000,95250.5
1739919600,95607.4
1739923200,95298.0
1739926800,95424.73
1739930400,95779.14
1739934000,95669.63
1739937600,95196.15
1739941200,95252.74
1739944800,95585.35
1739948400,95643.59
1739952000,95613.36
1739955600,95917.08
1739959200,96307.0
1739962800,96408.32
1739966400,96139.68
1739970000,96275.05
1739973600,95745.23
1739977200,95919.78
1739980800,96291.3
1739984400,96376.99
1739988000,95655.91
1739991600,96192.99
1739995200,96162.43
1739998800,96310.5
1740002400,96534.02
1740006000,96632.03
1740009600,96866.47
1740013200,96783.52
1740016800,97140.12
1740020400,97073.09
1740024000,97224.09
1740027600,96921.85
1740031200,96925.15
1740034800,96876.04
1740038400,97171.19
1740042000,97203.11
1740045600,97381.77
1740049200,97219.01
1740052800,97437.4
1740056400,97568.67
1740060000,96986.41
1740063600,96918.01
1740067200,97560.61
1740070800,97989.54
1740074400,98326.35
1740078000,98456.62
1740081600,98512.94
1740085200,98122.25
1740088800,98157.99
1740092400,98347.2
1740096000,98267.26
1740099600,98344.99
1740103200,98143.96
1740106800,98174.98
1740110400,98235.36
1740114000,98369.89
1740117600,98428.1
1740121200,98217.89
1740124800,98246.9
1740128400,98376.33
1740132000,98643.0
1740135600,98662.06
1740139200,98931.26
1740142800,99368.76
1740146400,98809.43
1740150000,98127.24
1740153600,98230.03
1740157200,96966.86
1740160800,96517.68
1740164400,95232.71
1740168000,94937.7
1740171600,95296.62
1740175200,95773.35
1740178800,96157.03
1740182400,96189.66
1740186000,96235.72
1740189600,96348.5
1740193200,96310.61
1740196800,96404.17
1740200400,96517.67
1740204000,96395.01
1740207600,96288.05
1740211200,96196.89
1740214800,96484.92
1740218400,96481.35
1740222000,96579.99
1740225600,96809.07
1740229200,96545.67
1740232800,96535.89
1740236400,96587.42
1740240000,96508.04
1740243600,96631.41
1740247200,96452.09
1740250800,96647.62
1740254400,96580.95
1740258000,96696.94
1740261600,96650.07
1740265200,96582.12
1740268800,96675.78
1740272400,96477.73
1740276000,96437.87
1740279600,96443.15
1740283200,96404.29
1740286800,96214.79
1740290400,96374.34
1740294000,96540.01
1740297600,96388.63
1740301200,96301.86
1740304800,96190.56
1740308400,96117.98
1740312000,95748.22
1740315600,95977.99
1740319200,95595.59
1740322800,95447.86
1740326400,95424.19
1740330000,95663.67
1740333600,95755.7
1740337200,95774.81
1740340800,95792.9
1740344400,95774.87
1740348000,95796.52
1740351600,96265.98
1740355200,96255.26
1740358800,95991.43
1740362400,95829.45
1740366000,95432.72
1740369600,95305.13
1740373200,95734.03
1740376800,95868.61
1740380400,95889.99
1740384000,95524.92
1740387600,95786.5
1740391200,95650.73
1740394800,95842.17
1740398400,95802.99
1740402000,95589.0
1740405600,94668.39
1740409200,94324.99
1740412800,94410.37
1740416400,94653.63
1740420000,94165.04
1740423600,93934.13
1740427200,93977.16
1740430800,93957.0
1740434400,92427.84
1740438000,91510.82
1740441600,91851.02
1740445200,92023.82
1740448800,92363.55
1740452400,92160.3
1740456000,91894.06
1740459600,92050.96
1740463200,91263.16
1740466800,89300.0
1740470400,89378.41
1740474000,88254.1
1740477600,88150.18
1740481200,89215.64
1740484800,89374.5
1740488400,88785.76
1740492000,87083.8
1740495600,87121.92
1740499200,87351.8
1740502800,87131.17
1740506400,86956.07
1740510000,87825.05
1740513600,88057.62
1740517200,88706.81
1740520800,88740.03
1740524400,88583.74
1740528000,88037.3
1740531600,88580.01
1740535200,88899.05
1740538800,88787.0
1740542400,88587.25
1740546000,88319.91
1740549600,88826.02
1740553200,88637.09
1740556800,88414.69
1740560400,89049.58
1740564000,89188.14
1740567600,88544.51
1740571200,87859.58
1740574800,87092.47
1740578400,87512.13
1740582000,87447.31
1740585600,86696.14
1740589200,85942.56
1740592800,84175.12
1740596400,83755.12
1740600000,84264.23
1740603600,84506.75
1740607200,84307.1
1740610800,84111.78
1740614400,84601.88
1740618000,84624.84
1740621600,84209.81
1740625200,85128.56
1740628800,85059.74
1740632400,85806.66
1740636000,86180.46
1740639600,86205.77
1740643200,86000.14
1740646800,86093.77
1740650400,86931.32
1740654000,86622.46
1740657600,86242.88
1740661200,86035.42
1740664800,84897.85
1740668400,85434.23
1740672000,84384.78
1740675600,84487.88
1740679200,84501.65
1740682800,83990.0
1740686400,83358.53
1740690000,84287.85
1740693600,84618.18
1740697200,84625.19
1740700800,84171.17
1740704400,81580.28
1740708000,80769.99
1740711600,80354.29
1740715200,80314.07
1740718800,79862.35
1740722400,79240.95
1740726000,79100.2
1740729600,78894.99
1740733200,80296.43
1740736800,79957.97
1740740400,80445.74
1740744000,80727.3
1740747600,81445.14
1740751200,82072.5
1740754800,83992.75
1740758400,84354.83
1740762000,83592.08
1740765600,84423.64
1740769200,84403.17
1740772800,84155.16
1740776400,84192.75
1740780000,84100.11
1740783600,84297.73
1740787200,83811.74
1740790800,84600.01
1740794400,85195.71
1740798000,85302.99
1740801600,86154.16
1740805200,85562.68
1740808800,85029.06
1740812400,84691.34
1740816000,85279.43
1740819600,85353.75
1740823200,84864.95
1740826800,84601.34
1740830400,84730.34
1740834000,84494.95
1740837600,84675.17
1740841200,84750.05
1740844800,85225.42
1740848400,85164.06
1740852000,85269.34
1740855600,85438.94
1740859200,85501.54
1740862800,86039.19
1740866400,86077.86
1740870000,86018.76
1740873600,85978.47
1740877200,86317.13
1740880800,85733.16
1740884400,85817.52
1740888000,85699.79
1740891600,85905.36
1740895200,86217.66
1740898800,86189.19
1740902400,85708.59
1740906000,85862.49
1740909600,85964.77
1740913200,86061.79
1740916800,85958.29
1740920400,85671.67
1740924000,85074.57
1740927600,87414.26
1740931200,91230.3
1740934800,94120.0
1740938400,92785.19
1740942000,93521.62
1740945600,94350.87
1740949200,94282.09
1740952800,94230.48
1740956400,94265.48
1740960000,93281.69
1740963600,93056.43
1740967200,93282.27
1740970800,92672.93
1740974400,92836.04
1740978000,93309.21
1740981600,91608.09
1740985200,92338.19
1740988800,91448.22
1740992400,91795.58
1740996000,92523.46
1740999600,92709.31
1741003200,92987.95
1741006800,93562.64
1741010400,89188.42
1741014000,89962.96
1741017600,90083.33
1741021200,90235.37
1741024800,87076.42
1741028400,85510.54
1741032000,85989.99
1741035600,85314.68
1741039200,86579.45
1741042800,86161.1
1741046400,85971.7
1741050000,83317.66
1741053600,83850.73
1741057200,83929.9
1741060800,83357.02
1741064400,84220.09
1741068000,83807.88
1741071600,83133.92
1741075200,83847.51
1741078800,83695.27
1741082400,83918.13
1741086000,83891.42
1741089600,83720.5
1741093200,82751.94
1741096800,83142.03
1741100400,82907.99
1741104000,83512.98
1741107600,85418.77
1741111200,86747.95
1741114800,88205.81
1741118400,86813.52
1741122000,87500.75
1741125600,87464.63
1741129200,87249.96
1741132800,86767.0
1741136400,87607.79
1741140000,87448.8
1741143600,86810.0
1741147200,86891.31
1741150800,87116.95
1741154400,87459.24
1741158000,87594.53
1741161600,87739.5
1741165200,88452.12
1741168800,89916.36
1741172400,89809.09
1741176000,90356.11
1741179600,89461.4
1741183200,88517.61
1741186800,88320.07
1741190400,88894.25
1741194000,89679.21
1741197600,89696.64
1741201200,89731.38
1741204800,90499.79
1741208400,90365.37
1741212000,90445.2
1741215600,90603.73
1741219200,90047.92
1741222800,91053.02
1741226400,91808.78
1741230000,91610.85
1741233600,92273.12
1741237200,92733.92
1741240800,91912.52
1741244400,91332.31
1741248000,91172.14
1741251600,90748.94
1741255200,91285.78
1741258800,91347.32
1741262400,90084.09
1741266000,89537.97
1741269600,89789.86
1741273200,90813.77
1741276800,89302.28
1741280400,88597.9
1741284000,88407.36
1741287600,88512.32
1741291200,89019.08
1741294800,89890.72
1741298400,90304.75
1741302000,89921.85
1741305600,85515.27
1741309200,88257.8
1741312800,87246.27
1741316400,86977.98
1741320000,87621.8
1741323600,88217.09
1741327200,88208.81
1741330800,88356.65
1741334400,88372.88
1741338000,88940.39
1741341600,89268.43
1741345200,88965.44
1741348800,89038.22
1741352400,89149.98
1741356000,90445.82
1741359600,88433.86
1741363200,87163.36
1741366800,87637.54
1741370400,88562.72
1741374000,87773.72
1741377600,86970.66
1741381200,86293.67
1741384800,86708.91
1741388400,86756.98
1741392000,86683.0
1741395600,86074.22
1741399200,86148.02
1741402800,85891.34
1741406400,86417.32
1741410000,86249.81
1741413600,86455.32
1741417200,86173.19
1741420800,86037.4
1741424400,85905.16
1741428000,86101.41
1741431600,85915.46
1741435200,86180.07
1741438800,86298.79
1741442400,86342.6
1741446000,86371.4
1741449600,86115.22
1741453200,85920.07
1741456800,86021.83
1741460400,86199.07
1741464000,86244.19
1741467600,86212.92
1741471200,86321.21
1741474800,86206.69
1741478400,86393.89
1741482000,86169.04
1741485600,85977.88
1741489200,86088.5
1741492800,86023.75
1741496400,86004.1
1741500000,85873.09
1741503600,85980.0
1741507200,85763.42
1741510800,85540.6
1741514400,84819.82
1741518000,85004.95
1741521600,84581.81
1741525200,83468.81
1741528800,83581.93
1741532400,83056.6
1741536000,82470.05
1741539600,82343.05
1741543200,82656.85
1741546800,82617.4
1741550400,83079.89
1741554000,81829.13
1741557600,80321.52
1741561200,80699.17
1741564800,81256.54
1741568400,81742.96
1741572000,82188.67
1741575600,82019.98
1741579200,82619.32
1741582800,82293.22
1741586400,82316.04
1741590000,82300.18
1741593600,81344.11
1741597200,82485.75
1741600800,82280.19
1741604400,83570.23
1741608000,83244.88
1741611600,81508.46
1741615200,79817.39
1741618800,80005.0
1741622400,78945.99
1741626000,78394.62
1741629600,77598.02
1741633200,79002.84
1741636800,79250.41
1741640400,79511.29
1741644000,79461.98
1741647600,78544.71
1741651200,77619.85
1741654800,79062.37
1741658400,79316.82
1741662000,79494.47
1741665600,79726.54
1741669200,80224.46
1741672800,80071.84
1741676400,80399.74
1741680000,81111.65
1741683600,81444.84
1741687200,81800.57
1741690800,81705.72
1741694400,81198.65
1741698000,80874.43
1741701600,79724.64
1741705200,81201.43
1741708800,81360.86
1741712400,81284.8
1741716000,83267.38
1741719600,83071.91
1741723200,82780.09
1741726800,83081.77
1741730400,83112.8
1741734000,82914.51
1741737600,82746.43
1741741200,83288.29
1741744800,82419.2
1741748400,82102.47
1741752000,81756.87
1741755600,81936.04
1741759200,81389.34
1741762800,82390.69
1741766400,82649.37
1741770000,82655.16
1741773600,82473.41
1741777200,82978.09
1741780800,84037.83
1741784400,82672.79
1741788000,81493.18
1741791600,81712.02
1741795200,81933.29
1741798800,81816.36
1741802400,82621.93
1741806000,82893.13
1741809600,83096.86
1741813200,83064.49
1741816800,83632.75
1741820400,83659.43
1741824000,83414.25
1741827600,83901.21
1741831200,83763.32
1741834800,83556.96
1741838400,83275.75
1741842000,83138.51
1741845600,83274.8
1741849200,83139.92
1741852800,82967.47
1741856400,83406.33
1741860000,83157.79
1741863600,82945.17
1741867200,82494.58
1741870800,81744.41
1741874400,81979.36
1741878000,81013.84
1741881600,80842.79
1741885200,80009.96
1741888800,80769.24
1741892400,80140.82
1741896000,80318.53
1741899600,80771.97
1741903200,81350.0
1741906800,81073.43
1741910400,81454.97
1741914000,81571.6
1741917600,82193.95
1741921200,81875.88
1741924800,81926.12
1741928400,82135.41
1741932000,82024.62
1741935600,82159.18
1741939200,82576.57
1741942800,82765.6
1741946400,83033.2
1741950000,83236.54
1741953600,83418.35
1741957200,83592.46
1741960800,83527.61
1741964400,84729.11
1741968000,84783.92
1741971600,84373.72
1741975200,84584.08
1741978800,84561.86
1741982400,84154.74
1741986000,84215.66
1741989600,84454.48
1741993200,83980.49
1741996800,84300.0
1742000400,84374.0
1742004000,84558.14
1742007600,84502.27
1742011200,84466.34
1742014800,84274.28
1742018400,84197.3
1742022000,83847.18
1742025600,83904.83
1742029200,83968.11
1742032800,83925.47
1742036400,84118.58
1742040000,84155.79
1742043600,84471.02
1742047200,84141.3
1742050800,84333.83
1742054400,84351.84
1742058000,84419.29
1742061600,84224.29
1742065200,84302.36
1742068800,84392.89
1742072400,84392.59
1742076000,84382.0
1742079600,84351.46
1742083200,84253.81
1742086800,83877.26
1742090400,83965.28
1742094000,84324.83
1742097600,84411.97
1742101200,84399.99
1742104800,84227.59
1742108400,84286.17
1742112000,84268.57
1742115600,83894.35
1742119200,83667.03
1742122800,82404.39
1742126400,82750.83
1742130000,82597.73
1742133600,83356.27
1742137200,83311.6
1742140800,83627.45
1742144400,83907.01
1742148000,83693.86
1742151600,83102.88
1742155200,83213.26
1742158800,82761.7
1742162400,82086.89
1742166000,82562.57
1742169600,83045.72
1742173200,83221.69
1742176800,83199.5
1742180400,83658.05
1742184000,83602.96
1742187600,83105.33
1742191200,83204.61
1742194800,83541.9
1742198400,83526.48
1742202000,83652.41
1742205600,83323.31
1742209200,83495.08
1742212800,83031.62
1742216400,83014.01
1742220000,82903.97
1742223600,83537.88
1742227200,83436.97
1742230800,84190.12
1742234400,84491.09
1742238000,84481.92
1742241600,83967.62
1742245200,84073.45
1742248800,84066.17
1742252400,84011.4
1742256000,83796.89
1742259600,83161.44
1742263200,83365.65
1742266800,83128.35
1742270400,82983.76
1742274000,83013.53
1742277600,82448.57
1742281200,83150.66
1742284800,83280.52
1742288400,82833.3
1742292000,82812.43
1742295600,82573.41
1742299200,82387.62
1742302800,81342.45
1742306400,81833.15
1742310000,81595.35
1742313600,81842.42
1742317200,81446.0
1742320800,81866.96
1742324400,82308.47
1742328000,82036.62
1742331600,82034.66
1742335200,82370.3
1742338800,82698.76
1742342400,83102.68
1742346000,82602.89
1742349600,82862.19
1742353200,83045.81
1742356800,82961.08
1742360400,83243.37
1742364000,83217.22
1742367600,83217.46
1742371200,83416.18
1742374800,83532.03
1742378400,83467.57
1742382000,83878.5
1742385600,83744.43
1742389200,84090.57
1742392800,84319.93
1742396400,84746.38
1742400000,84600.83
1742403600,84244.86
1742407200,85672.63
1742410800,85469.73
1742414400,85382.21
1742418000,85696.12
1742421600,86186.46
1742425200,86877.96
1742428800,86033.52
1742432400,85899.86
1742436000,86095.41
1742439600,85904.18
1742443200,85698.55
1742446800,85843.07
1742450400,85763.04
1742454000,85825.76
1742457600,86249.31
1742461200,85877.28
1742464800,85141.89
1742468400,85487.31
1742472000,85323.02
1742475600,85482.9
1742479200,86139.99
1742482800,84667.21
1742486400,83768.82
1742490000,84054.22
1742493600,84005.33
1742497200,84137.13
1742500800,84505.05
1742504400,84326.44
1742508000,84110.04
1742511600,84183.42
1742515200,84451.62
1742518800,84732.69
1742522400,84640.58
1742526000,84420.97
1742529600,84645.92
1742533200,84437.17
1742536800,84175.08
1742540400,83900.25
1742544000,83982.01
1742547600,84103.56
1742551200,84127.47
1742554800,84015.23
1742558400,83430.4
1742562000,83896.95
1742565600,84200.76
1742569200,83521.98
1742572800,84066.53
1742576400,83986.0
1742580000,84059.11
1742583600,83918.76
1742587200,84186.45
1742590800,84373.85
1742594400,84143.07
1742598000,84061.96
1742601600,84168.8
1742605200,84048.19
1742608800,84159.19
1742612400,84228.77
1742616000,84333.09
1742619600,84296.31
1742623200,84311.91
1742626800,84267.13
1742630400,84206.51
1742634000,84329.73
1742637600,84394.4
1742641200,84217.55
1742644800,84214.35
1742648400,84169.3
1742652000,84005.83
1742655600,84104.35
1742659200,84143.82
1742662800,84237.94
1742666400,84247.0
1742670000,84178.14
1742673600,83938.84
1742677200,84003.05
1742680800,83956.02
1742684400,83852.03
1742688000,84008.97
1742691600,84070.52
1742695200,84230.17
1742698800,84232.39
1742702400,84112.12
1742706000,84228.64
1742709600,84238.59
1742713200,84274.04
1742716800,84349.42
1742720400,84319.76
1742724000,84465.07
1742727600,84692.8
1742731200,84725.01
1742734800,85070.0
1742738400,84896.44
1742742000,85179.08
1742745600,85240.71
1742749200,85014.24
1742752800,84975.76
1742756400,85016.54
1742760000,85107.79
1742763600,85191.5
1742767200,85374.93
1742770800,86092.94
1742774400,86043.4
1742778000,85580.44
1742781600,85888.35
1742785200,86531.17
1742788800,86846.64
1742792400,86909.7
1742796000,87126.12
1742799600,86880.5
1742803200,87417.65
1742806800,87158.39
1742810400,87804.39
1742814000,87709.91
1742817600,87339.89
1742821200,87713.5
1742824800,88002.46
1742828400,88357.49
1742832000,88075.74
1742835600,88482.34
1742839200,88486.76
1742842800,88292.88
1742846400,87874.61
1742850000,88139.74
1742853600,87476.73
1742857200,87523.62
1742860800,87627.86
1742864400,87113.08
1742868000,86879.78
1742871600,86536.52
1742875200,86564.46
1742878800,86673.81
1742882400,86559.2
1742886000,86452.25
1742889600,86732.98
1742893200,87241.71
1742896800,87145.46
1742900400,87391.98
1742904000,87098.32
1742907600,87626.14
1742911200,88047.59
1742914800,87793.01
1742918400,87829.24
1742922000,87962.76
1742925600,87869.72
1742929200,88175.6
1742932800,87902.65
1742936400,87795.8
1742940000,87493.98
1742943600,87427.88
1742947200,87672.73
1742950800,87863.41
1742954400,87355.03
1742958000,87176.89
1742961600,87350.49
1742965200,87552.49
1742968800,87932.64
1742972400,88159.18
1742976000,87985.39
1742979600,87969.49
1742983200,88244.6
1742986800,87991.1
1742990400,87826.8
1742994000,86875.6
1742997600,86787.25
1743001200,86760.12
1743004800,86507.95
1743008400,86578.36
1743012000,86209.27
1743015600,86567.47
1743019200,87290.23
1743022800,87121.13
1743026400,86848.81
1743030000,86926.01
1743033600,87308.31
1743037200,87395.1
1743040800,87594.44
1743044400,87689.44
1743048000,87550.75
1743051600,87331.58
1743055200,87376.23
1743058800,87433.26
1743062400,87457.35
1743066000,87430.04
1743069600,87206.19
1743073200,86955.43
1743076800,86771.73
1743080400,86383.37
1743084000,87298.88
1743087600,86952.06
1743091200,86821.14
1743094800,86888.6
1743098400,87188.82
1743102000,87059.54
1743105600,87312.06
1743109200,87558.69
1743112800,87333.02
1743116400,87217.48
1743120000,87340.79
1743123600,87224.46
1743127200,86972.84
1743130800,86779.12
1743134400,86277.09
1743138000,86025.69
1743141600,85699.54
1743145200,85164.98
1743148800,85177.78
1743152400,85127.0
1743156000,84929.56
1743159600,85221.77
1743163200,85007.44
1743166800,84974.5
1743170400,84124.23
1743174000,84009.68
1743177600,83740.32
1743181200,83936.73
1743184800,83822.56
1743188400,83733.93
1743192000,83757.09
1743195600,84000.0
1743199200,84433.5
1743202800,84381.8
1743206400,84359.45
1743210000,84246.53
1743213600,83828.64
1743217200,84139.06
1743220800,84042.48
1743224400,83975.7
1743228000,83763.74
1743231600,83699.25
1743235200,83893.3
1743238800,83518.44
1743242400,82887.46
1743246000,82257.95
1743249600,82426.9
1743253200,82825.03
1743256800,82469.01
1743260400,82392.06
1743264000,82164.61
1743267600,82315.14
1743271200,82322.17
1743274800,82727.58
1743278400,82482.42
1743282000,82476.15
1743285600,82369.83
1743289200,82616.83
1743292800,82765.32
1743296400,82917.26
1743300000,83301.8
1743303600,83071.92
1743307200,83097.63
1743310800,82941.71
1743314400,83172.28
1743318000,83054.77
1743321600,83352.57
1743325200,83476.66
1743328800,83103.01
1743332400,83100.64
1743336000,83045.37
1743339600,82670.92
1743343200,82777.21
1743346800,82709.34
1743350400,82272.12
1743354000,82388.57
1743357600,82696.31
1743361200,82518.34
1743364800,82544.57
1743368400,82223.83
1743372000,82406.03
1743375600,82379.98
1743379200,81623.07
1743382800,81944.82
1743386400,81922.76
1743390000,81517.95
1743393600,81840.11
1743397200,82154.06
1743400800,82038.42
1743404400,81918.99
1743408000,81894.91
1743411600,81440.31
1743415200,82159.85
1743418800,82199.88
1743422400,82776.28
1743426000,82485.44
1743429600,83494.06
1743433200,83415.94
1743436800,83284.62
1743440400,82666.85
1743444000,83282.95
1743447600,82443.85
1743451200,82418.9
1743454800,82542.4
1743458400,82385.1
1743462000,82534.32
1743465600,82633.87
1743469200,82687.05
1743472800,83079.78
1743476400,82944.98
1743480000,83049.62
1743483600,82987.42
1743487200,83451.66
1743490800,83447.04
1743494400,84108.91
1743498000,84350.01
1743501600,84185.04
1743505200,83917.98
1743508800,83600.09
1743512400,83600.03
1743516000,84189.67
1743519600,85288.24
1743523200,85112.42
1743526800,85109.38
1743530400,85123.34
1743534000,84955.25
1743537600,85241.19
1743541200,85200.12
1743544800,85094.08
1743548400,85170.37
1743552000,84960.02
1743555600,85158.35
1743559200,84719.01
1743562800,84548.3
1743566400,84610.18
1743570000,84106.72
1743573600,84126.77
1743577200,84422.1
1743580800,84674.76
1743584400,85027.18
1743588000,84861.24
1743591600,84566.01
1743595200,85050.13
1743598800,85250.13
1743602400,85874.71
1743606000,86792.01
1743609600,87063.7
1743613200,86621.13
1743616800,86283.08
1743620400,86925.98
1743624000,85635.62
1743627600,84849.5
1743631200,82794.77
1743634800,82490.08
1743638400,83208.78
1743642000,83755.74
1743645600,83763.39
1743649200,83475.97
1743652800,83550.04
1743656400,83330.01
1743660000,83051.97
1743663600,83453.2
1743667200,83682.77
1743670800,83469.3
1743674400,83215.48
1743678000,83076.96
1743681600,81928.33
1743685200,82332.73
1743688800,81487.83
1743692400,82017.27
1743696000,81797.93
1743699600,81799.94
1743703200,82064.55
1743706800,81949.14
1743710400,82325.91
1743714000,82688.87
1743717600,82706.04
1743721200,83174.33
1743724800,83010.92
1743728400,82668.97
1743732000,82881.92
1743735600,82793.31
1743739200,82694.79
1743742800,83169.87
1743746400,83025.0
1743750000,83989.28
1743753600,84411.83
1743757200,84571.01
1743760800,82566.73
1743764400,82667.11
1743768000,82855.89
1743771600,83307.98
1743775200,82529.9
1743778800,82826.61
1743782400,83348.69
1743786000,84439.62
1743789600,83954.71
1743793200,83967.63
1743796800,84126.44
1743800400,84149.99
1743804000,84027.96
1743807600,83860.16
1743811200,83760.75
1743814800,83963.0
1743818400,83945.56
1743822000,83597.43
1743825600,83665.54
1743829200,83661.81
1743832800,83450.44
1743836400,83498.36
1743840000,83491.72
1743843600,83810.41
1743847200,83619.37
1743850800,83429.91
1743854400,83253.9
1743858000,82732.9
1743861600,82887.08
1743865200,82589.68
1743868800,82716.85
1743872400,82840.0
1743876000,83005.23
1743879600,82827.42
1743883200,83049.51
1743886800,82883.47
1743890400,83156.11
1743894000,83498.25
1743897600,83494.94
1743901200,83400.94
1743904800,83269.69
1743908400,83312.11
1743912000,83470.46
1743915600,83410.94
1743919200,83082.88
1743922800,82990.65
1743926400,82995.72
1743930000,83031.59
1743933600,82830.31
1743937200,82802.77
1743940800,82659.0
1743944400,82272.9
1743948000,82639.36
1743951600,82518.56
1743955200,81951.32
1743958800,80777.26
1743962400,79037.09
1743966000,79588.11
1743969600,78820.0
1743973200,78896.16
1743976800,77984.1
1743980400,78370.75
1743984000,78274.74
1743987600,79099.42
1743991200,78388.64
1743994800,77651.82
1743998400,76927.63
1744002000,76890.16
1744005600,74718.76
1744009200,75039.76
1744012800,76201.74
1744016400,76233.57
1744020000,76948.34
1744023600,76649.67
1744027200,77287.88
1744030800,78310.71
1744034400,78991.23
1744038000,78444.26
1744041600,77391.99
1744045200,79030.23
1744048800,78443.13
1744052400,78071.42
1744056000,78921.07
1744059600,79200.09
1744063200,79934.94
1744066800,79140.01
1744070400,78999.43
1744074000,80577.13
1744077600,79907.63
1744081200,79892.73
1744084800,80280.84
1744088400,79841.14
1744092000,79433.75
1744095600,79449.71
1744099200,79136.23
1744102800,78878.07
1744106400,78980.02
1744110000,79956.21
1744113600,79798.78
1744117200,79879.61
1744120800,78446.82
1744124400,78467.74
1744128000,77350.0
1744131600,77275.57
1744135200,77185.27
1744138800,76751.4
1744142400,77066.82
1744146000,77037.56
1744149600,76651.06
1744153200,76251.64
1744156800,76449.99
1744160400,76025.76
1744164000,75613.86
1744167600,75012.31
1744171200,76362.69
1744174800,76683.97
1744178400,76785.86
1744182000,77665.4
1744185600,77261.17
1744189200,77439.85
1744192800,77148.43
1744196400,76201.93
1744200000,76708.07
1744203600,77616.99
1744207200,76788.9
1744210800,77193.8
1744214400,78205.91
1744218000,82183.56
1744221600,81750.0
1744225200,82301.16
1744228800,83181.97
1744232400,83272.89
1744236000,83047.18
1744239600,82594.75
1744243200,82326.37
1744246800,82227.42
1744250400,82174.34
1744254000,81744.34
1744257600,82000.0
1744261200,82142.32
1744264800,82125.68
1744268400,81583.67
1744272000,81528.16
1744275600,82016.82
1744279200,81722.39
1744282800,81829.71
1744286400,81672.02
1744290000,80812.99
1744293600,81218.13
1744297200,78692.32
1744300800,79399.95
1744304400,79269.04
1744308000,79434.58
1744311600,79574.75
1744315200,79874.59
1744318800,79666.55
1744322400,79650.85
1744326000,79552.34
1744329600,78988.75
1744333200,80401.26
1744336800,80254.21
1744340400,80801.48
1744344000,80842.85
1744347600,80774.42
1744351200,81056.21
1744354800,81224.99
1744358400,81582.47
1744362000,82400.0
1744365600,82672.79
1744369200,82085.93
1744372800,82086.91
1744376400,82909.2
1744380000,81848.71
1744383600,82481.53
1744387200,82762.36
1744390800,83915.19
1744394400,83584.82
1744398000,83835.8
1744401600,83823.94
1744405200,83630.77
1744408800,83373.91
1744412400,83380.47
1744416000,83337.67
1744419600,83190.89
1744423200,82779.23
1744426800,82950.7
1744430400,83179.3
1744434000,83308.21
1744437600,83534.74
1744441200,83699.25
1744444800,83582.37
1744448400,83518.23
1744452000,83398.67
1744455600,83496.35
1744459200,83797.88
1744462800,84427.26
1744466400,84802.79
1744470000,84986.86
1744473600,84630.17
1744477200,84738.49
1744480800,85160.22
1744484400,84929.59
1744488000,85504.95
1744491600,85361.24
1744495200,85328.87
1744498800,85271.01
1744502400,85494.97
1744506000,85249.59
1744509600,85264.82
1744513200,85407.47
1744516800,84602.2
1744520400,84500.57
1744524000,84593.93
1744527600,84407.53
1744531200,84648.19
1744534800,84888.91
1744538400,84673.01
1744542000,84509.34
1744545600,84437.48
1744549200,83569.52
1744552800,84061.67
1744556400,83820.58
1744560000,84199.62
1744563600,84742.45
1744567200,84707.18
1744570800,83972.84
1744574400,83487.64
1744578000,83574.17
1744581600,83312.1
1744585200,83733.07
1744588800,84306.49
1744592400,84209.03
1744596000,85100.99
1744599600,84546.56
1744603200,84849.82
1744606800,84560.85
1744610400,84604.53
1744614000,84567.48
1744617600,84752.4
1744621200,84426.33
1744624800,84645.49
1744628400,84917.14
1744632000,85136.8
1744635600,84366.38
1744639200,85431.75
1744642800,84095.53
1744646400,84342.77
1744650000,84876.95
1744653600,84986.39
1744657200,84918.89
1744660800,84853.69
1744664400,84710.42
1744668000,84503.16
1744671600,84590.36
1744675200,84908.73
1744678800,84978.08
1744682400,85225.18
1744686000,85369.75
1744689600,85478.51
1744693200,85522.69
1744696800,85378.47
1744700400,85747.04
1744704000,85841.24
1744707600,85975.72
1744711200,85635.19
1744714800,85582.16
1744718400,85818.54
1744722000,85592.96
1744725600,85149.01
1744729200,84916.68
1744732800,84857.39
1744736400,84493.2
1744740000,84197.03
1744743600,83983.6
1744747200,84018.29
1744750800,84180.71
1744754400,83835.09
1744758000,83629.78
1744761600,83135.44
1744765200,83627.16
1744768800,83888.89
1744772400,83681.4
1744776000,83581.15
1744779600,83352.63
1744783200,83638.98
1744786800,83349.86
1744790400,83736.62
1744794000,83592.66
1744797600,83944.82
1744801200,84039.82
1744804800,83751.92
1744808400,83732.31
1744812000,84602.02
1744815600,84858.7
1744819200,85055.27
1744822800,83285.5
1744826400,84033.99
1744830000,84338.62
1744833600,84311.16
1744837200,84553.8
1744840800,84467.88
1744844400,84028.72
1744848000,84214.54
1744851600,84339.36
1744855200,84259.64
1744858800,84000.61
1744862400,84158.23
1744866000,84395.09
1744869600,84777.48
1744873200,84670.31
1744876800,84452.37
1744880400,84462.12
1744884000,84370.03
1744887600,84565.44
1744891200,84762.05
1744894800,84461.87
1744898400,84082.25
1744902000,84536.49
1744905600,84936.74
1744909200,85113.08
1744912800,84917.74
1744916400,84860.31
1744920000,85148.71
1744923600,85066.25
1744927200,84749.58
1744930800,84961.97
1744934400,84832.66
1744938000,84939.41
1744941600,84897.24
1744945200,84844.67
1744948800,84679.28
1744952400,84745.85
1744956000,84722.99
1744959600,84657.73
1744963200,84640.19
1744966800,84539.86
1744970400,84523.47
1744974000,84662.41
1744977600,84632.88
1744981200,84561.97
1744984800,84583.03
1744988400,84367.82
1744992000,84481.23
1744995600,84559.22
1744999200,84610.21
1745002800,84555.94
1745006400,84504.47
1745010000,84621.54
1745013600,84521.17
1745017200,84466.47
1745020800,84431.63
1745024400,84537.11
1745028000,84782.45
1745031600,84875.52
1745035200,85014.2
1745038800,85087.1
1745042400,84921.14
1745046000,85214.06
1745049600,85308.62
1745053200,85336.41
1745056800,85253.31
1745060400,85218.88
1745064000,85289.48
1745067600,85470.69
1745071200,85405.0
1745074800,85184.2
1745078400,84846.41
1745082000,85227.65
1745085600,85133.71
1745089200,85078.6
1745092800,85177.25
1745096400,85332.31
1745100000,85248.43
1745103600,85074.99
1745107200,85156.45
1745110800,85316.55
1745114400,85232.03
1745118000,85159.92
1745121600,85182.31
1745125200,85087.96
1745128800,84964.88
1745132400,84784.25
1745136000,84648.38
1745139600,84538.5
1745143200,84176.29
1745146800,84135.23
1745150400,84369.0
1745154000,84314.07
1745157600,84629.37
1745161200,84350.04
1745164800,84608.7
1745168400,84582.79
1745172000,84576.32
1745175600,84643.3
1745179200,85122.97
1745182800,85001.63
1745186400,84829.61
1745190000,85177.34
1745193600,86622.93
1745197200,87284.69
1745200800,87357.49
1745204400,87206.28
1745208000,87349.2
1745211600,87548.32
1745215200,87526.8
1745218800,87432.69
1745222400,87577.9
1745226000,87512.36
1745229600,87348.92
1745233200,86982.49
1745236800,87051.78
1745240400,87051.53
1745244000,88288.03
1745247600,88093.5
1745251200,87195.83
1745254800,86869.28
1745258400,86793.72
1745262000,87416.85
1745265600,87376.68
1745269200,87275.14
1745272800,87178.41
1745276400,87522.07
1745280000,87706.45
1745283600,88399.94
1745287200,88186.05
1745290800,88169.95
1745294400,88061.51
1745298000,88395.59
1745301600,88253.83
1745305200,88485.65
1745308800,88422.32
1745312400,88583.53
1745316000,88511.81
1745319600,88626.65
1745323200,89015.52
1745326800,90286.02
1745330400,90855.55
1745334000,91031.65
1745337600,90749.93
1745341200,91493.67
1745344800,91583.05
1745348400,91497.04
1745352000,91173.93
1745355600,93065.54
1745359200,92830.59
1745362800,93489.1
1745366400,92939.25
1745370000,92670.9
1745373600,92893.96
1745377200,93190.48
1745380800,93700.12
1745384400,93509.89
1745388000,93655.87
1745391600,94152.05
1745395200,94307.98
1745398800,93918.94
1745402400,93758.46
1745406000,93485.87
1745409600,93779.06
1745413200,93066.97
1745416800,92951.94
1745420400,93223.12
1745424000,93667.0
1745427600,93928.56
1745431200,93642.82
1745434800,93558.79
1745438400,93690.65
1745442000,93526.82
1745445600,93836.0
1745449200,93740.92
1745452800,93418.35
1745456400,93528.76
1745460000,93139.26
1745463600,92697.64
1745467200,92773.23
1745470800,92608.14
1745474400,92417.79
1745478000,92220.97
1745481600,92040.04
1745485200,92487.7
1745488800,92571.72
1745492400,92648.58
1745496000,92818.56
1745499600,92867.47
1745503200,93145.64
1745506800,93247.4
1745510400,93401.73
1745514000,93052.33
1745517600,93423.06
1745521200,93618.4
1745524800,93459.86
1745528400,93400.02
1745532000,93485.17
1745535600,94021.96
1745539200,93950.55
1745542800,93701.78
1745546400,93031.09
1745550000,93348.18
1745553600,93084.78
1745557200,93235.55
1745560800,93580.86
1745564400,93820.2
1745568000,93716.55
1745571600,93857.75
1745575200,93678.47
1745578800,94677.3
1745582400,94463.87
1745586000,94461.39
1745589600,95564.9
1745593200,95172.63
1745596800,95305.64
1745600400,94588.5
1745604000,95076.44
1745607600,95423.14
1745611200,94963.0
1745614800,94696.64
1745618400,94925.66
1745622000,94708.79
1745625600,94950.68
1745629200,95070.22
1745632800,95049.82
1745636400,94780.15
1745640000,94575.77
1745643600,94660.84
1745647200,94670.26
1745650800,94623.38
1745654400,94352.91
1745658000,94311.8
1745661600,94242.52
1745665200,94178.17
1745668800,94275.33
1745672400,94184.56
1745676000,94273.14
1745679600,94410.01
1745683200,94330.92
1745686800,94366.62
1745690400,94196.4
1745694000,94336.37
1745697600,94137.54
1745701200,94403.05
1745704800,94836.88
1745708400,94666.64
1745712000,94909.29
1745715600,94169.51
1745719200,94384.22
1745722800,94193.66
1745726400,94040.1
1745730000,93945.98
1745733600,94049.07
1745737200,94094.01
1745740800,94239.16
1745744400,94185.67
1745748000,94076.26
1745751600,93959.34
1745755200,93780.01
1745758800,94101.3
1745762400,94020.31
1745766000,93937.11
1745769600,93911.66
1745773200,94076.94
1745776800,94323.37
1745780400,94462.84
1745784000,94290.5
1745787600,94358.38
1745791200,93973.61
1745794800,93780.57
1745798400,93460.9
1745802000,92977.65
1745805600,93649.58
1745809200,93884.88
1745812800,94070.19
1745816400,94260.49
1745820000,94615.79
1745823600,94726.69
1745827200,94746.42
1745830800,94777.43
1745834400,95108.15
1745838000,95363.13
1745841600,95378.84
1745845200,94001.3
1745848800,94475.09
1745852400,93877.43
1745856000,93770.41
1745859600,94117.78
1745863200,94228.02
1745866800,94813.63
1745870400,94498.19
1745874000,94575.31
1745877600,94844.74
1745881200,95042.57
1745884800,95089.95
1745888400,94888.66
1745892000,94645.79
1745895600,94684.01
1745899200,94393.06
1745902800,94312.93
1745906400,94814.53
1745910000,94956.23
1745913600,95073.82
1745917200,95029.84
1745920800,94859.11
1745924400,95161.84
1745928000,94853.19
1745931600,94834.02
1745935200,95075.2
1745938800,94859.76
1745942400,94992.92
1745946000,95273.6
1745949600,95437.64
1745953200,95349.42
1745956800,94866.48
1745960400,94775.2
1745964000,94181.53
1745967600,94271.09
1745971200,94577.32
1745974800,94565.43
1745978400,94672.0
1745982000,95062.08
1745985600,95087.03
1745989200,94928.92
1745992800,94779.45
1745996400,94651.42
1746000000,94737.25
1746003600,94997.52
1746007200,94972.01
1746010800,95211.0
1746014400,94586.27
1746018000,93050.32
1746021600,93713.8
1746025200,94001.08
1746028800,93946.84
1746032400,94106.94
1746036000,94086.87
1746039600,94157.42
1746043200,94577.56
1746046800,94447.48
1746050400,94150.61
1746054000,94182.54
1746057600,94419.68
1746061200,94658.77
1746064800,94873.66
1746068400,94807.6
1746072000,94890.82
1746075600,95168.36
1746079200,94916.17
1746082800,95039.37
1746086400,95226.3
1746090000,95541.84
1746093600,96195.49
1746097200,96208.98
1746100800,96419.14
1746104400,95861.43
1746108000,96927.04
1746111600,96929.0
1746115200,97088.38
1746118800,96847.29
1746122400,96938.18
1746126000,96588.48
1746129600,96463.0
1746133200,96510.82
1746136800,96422.6
1746140400,96524.98
1746144000,97068.84
1746147600,97005.45
1746151200,96990.45
1746154800,97147.72
1746158400,96968.0
1746162000,96737.63
1746165600,96746.46
1746169200,96384.21
1746172800,96671.74
1746176400,96639.66
1746180000,96939.25
1746183600,96964.54
1746187200,97234.58
1746190800,96813.84
1746194400,97793.68
1746198000,97363.03
1746201600,97404.26
1746205200,97454.85
1746208800,97229.13
1746212400,96966.7
1746216000,97062.0
1746219600,96768.66
1746223200,96694.82
1746226800,96929.81
1746230400,96743.41
1746234000,96534.22
1746237600,96561.35
1746241200,96379.08
1746244800,96559.11
1746248400,96456.12
1746252000,96211.5
1746255600,96359.54
1746259200,96322.21
1746262800,96289.3
1746266400,95934.67
1746270000,95970.15
1746273600,96151.55
1746277200,96368.0
1746280800,96403.26
1746284400,96440.13
1746288000,96228.32
1746291600,96222.12
1746295200,96172.66
1746298800,96388.06
1746302400,96362.85
1746306000,96284.95
1746309600,96185.19
1746313200,95861.33
1746316800,95877.89
1746320400,96103.14
1746324000,95905.63
1746327600,95743.43
1746331200,95744.19
1746334800,96054.63
1746338400,95927.19
1746342000,95897.69
1746345600,95669.45
1746349200,95494.65
1746352800,95408.51
1746356400,95433.42
1746360000,95473.38
1746363600,95383.38
1746367200,95615.21
1746370800,95471.07
1746374400,95353.42
1746378000,95419.08
1746381600,95378.23
1746385200,95603.63
1746388800,95735.6
1746392400,95693.01
1746396000,95022.91
1746399600,94272.55
1746403200,94721.18
1746406800,93929.69
1746410400,94249.17
1746414000,94047.17
1746417600,94417.14
1746421200,94729.86
1746424800,94775.81
1746428400,94764.89
1746432000,94564.73
1746435600,94567.68
1746439200,94121.38
1746442800,94037.13
1746446400,94336.2
1746450000,94234.19
1746453600,93885.63
1746457200,93768.58
1746460800,94206.11
1746464400,94500.6
1746468000,94735.99
1746471600,94348.18
1746475200,94242.18
1746478800,94717.62
1746482400,95060.39
1746486000,94733.99
1746489600,94596.09
1746493200,94301.82
1746496800,94328.83
1746500400,94449.92
1746504000,94572.01
1746507600,94324.48
1746511200,94488.44
1746514800,94396.29
1746518400,94367.15
1746522000,94208.06
1746525600,93929.61
1746529200,93793.16
1746532800,93933.87
1746536400,93600.88
1746540000,94143.35
1746543600,94558.11
1746547200,94241.89
1746550800,94514.6
1746554400,95082.44
1746558000,94977.68
1746561600,94699.84
1746565200,94692.38
1746568800,96249.63
1746572400,96839.17
1746576000,97427.1
1746579600,97257.78
1746583200,96628.52
1746586800,96498.78
1746590400,96573.49
1746594000,96376.84
1746597600,96556.91
1746601200,97000.82
1746604800,97022.95
1746608400,96980.77
1746612000,97030.0
1746615600,97071.81
1746619200,96979.99
1746622800,97044.22
1746626400,96953.81
1746630000,96946.41
1746633600,96865.29
1746637200,96312.68
1746640800,96616.54
1746644400,96208.29
1746648000,96804.91
1746651600,97143.39
1746655200,97279.74
1746658800,97058.32
1746662400,97767.01
1746666000,97837.77
1746669600,98701.25
1746673200,99160.03
1746676800,98968.74
1746680400,98760.69
1746684000,99020.91
1746687600,99274.11
1746691200,99686.09
1746694800,99802.92
1746698400,99804.5
1746702000,99423.03
1746705600,99308.61
1746709200,99322.48
1746712800,99417.67
1746716400,100795.68
1746720000,101317.13
1746723600,101046.79
1746727200,101391.89
1746730800,101335.87
1746734400,102622.63
1746738000,102815.96
1746741600,102999.98
1746745200,103253.49
1746748800,102810.15
1746752400,103080.73
1746756000,102591.7
1746759600,102433.37
1746763200,102812.11
1746766800,102944.0
1746770400,103214.48
1746774000,103659.95
1746777600,102968.15
1746781200,102910.51
1746784800,103340.99
1746788400,102942.84
1746792000,102898.83
1746795600,103641.82
1746799200,103193.22
1746802800,102909.0
1746806400,102500.0
1746810000,103220.67
1746813600,103203.5
1746817200,103229.28
1746820800,103211.32
1746824400,103000.0
1746828000,102791.84
1746831600,102986.96
1746835200,102867.38
1746838800,102986.85
1746842400,103149.61
1746846000,103235.24
1746849600,103180.0
1746853200,103375.52
1746856800,103947.84
1746860400,103779.9
1746864000,103647.39
1746867600,103778.13
1746871200,103608.49
1746874800,103440.31
1746878400,103716.83
1746882000,103640.85
1746885600,103537.48
1746889200,103156.75
1746892800,103446.64
1746896400,103185.01
1746900000,103261.02
1746903600,103205.28
1746907200,103201.77
1746910800,103770.0
1746914400,103612.4
1746918000,104821.19
1746921600,104427.33
1746925200,104138.3
1746928800,103779.89
1746932400,104016.64
1746936000,104164.37
1746939600,103845.85
1746943200,103868.7
1746946800,103393.57
1746950400,103825.65
1746954000,104368.08
1746957600,104658.96
1746961200,104665.28
1746964800,104616.55
1746968400,103988.54
1746972000,104187.15
1746975600,104177.33
1746979200,104018.03
1746982800,104066.09
1746986400,104565.53
1746990000,104455.36
1746993600,104296.29
1746997200,104388.08
1747000800,103819.34
1747004400,104137.62
1747008000,104610.83
1747011600,103997.01
1747015200,103907.37
1747018800,104100.0
1747022400,104055.78
1747026000,103958.27
1747029600,104397.22
1747033200,104479.68
1747036800,104621.19
1747040400,104465.03
1747044000,104515.66
1747047600,103753.93
1747051200,103884.76
1747054800,104339.9
1747058400,102801.39
1747062000,102522.89
1747065600,102853.89
1747069200,102564.85
1747072800,101630.99
1747076400,101850.92
1747080000,102690.29
1747083600,102513.22
1747087200,102865.6
1747090800,102800.21
1747094400,102279.55
1747098000,102398.36
1747101600,102070.62
1747105200,101724.52
1747108800,102741.12
1747112400,102471.43
1747116000,102551.89
1747119600,102671.88
1747123200,102716.62
1747126800,103467.55
1747130400,103575.38
1747134000,103748.34
1747137600,103709.09
1747141200,103751.99
1747144800,103211.63
1747148400,103705.49
1747152000,103747.87
1747155600,104298.32
1747159200,104405.23
1747162800,104836.64
1747166400,104580.58
1747170000,104363.8
1747173600,104147.57
1747177200,104131.06
1747180800,103911.62
1747184400,103728.8
1747188000,103710.5
1747191600,103585.29
1747195200,103747.99
1747198800,103912.36
1747202400,103754.66
1747206000,103714.43
1747209600,103220.54
1747213200,103486.2
1747216800,103717.42
1747220400,103952.28
1747224000,104013.8
1747227600,103989.43
1747231200,103287.7
1747234800,103536.89
1747238400,103386.4
1747242000,103279.95
1747245600,103541.59
1747249200,103302.0
1747252800,103580.59
1747256400,103666.03
1747260000,103536.17
1747263600,103545.38
1747267200,103831.66
1747270800,103058.12
1747274400,103068.27
1747278000,102769.0
1747281600,102908.62
1747285200,102389.01
1747288800,102283.01
1747292400,101807.59
1747296000,102287.8
1747299600,101839.68
1747303200,101841.26
1747306800,102402.12
1747310400,102585.25
1747314000,102171.81
1747317600,101998.51
1747321200,103286.86
1747324800,103869.62
1747328400,103990.88
1747332000,102712.37
1747335600,103179.6
1747339200,103457.38
1747342800,103323.25
1747346400,103522.69
1747350000,103786.43
1747353600,103786.12
1747357200,104074.55
1747360800,104221.49
1747364400,104046.94
1747368000,103946.57
1747371600,103934.56
1747375200,104019.69
1747378800,103737.28
1747382400,103427.69
1747386000,103831.44
1747389600,103842.81
1747393200,103706.52
1747396800,103542.51
1747400400,104048.99
1747404000,103619.05
1747407600,104229.4
1747411200,104197.69
1747414800,103901.06
1747418400,103721.93
1747422000,104069.32
1747425600,103718.91
1747429200,103638.32
1747432800,103554.69
1747436400,103500.03
1747440000,103382.12
1747443600,102861.15
1747447200,103301.41
1747450800,103529.59
1747454400,103677.05
1747458000,103377.28
1747461600,103510.79
1747465200,103476.63
1747468800,103449.83
1747472400,102928.33
1747476000,102909.29
1747479600,103021.2
1747483200,102963.68
1747486800,102742.58
1747490400,103162.31
1747494000,102976.24
1747497600,102987.63
1747501200,103164.2
1747504800,103027.95
1747508400,103188.14
1747512000,103406.89
1747515600,103286.46
1747519200,103073.44
1747522800,103161.07
1747526400,103408.28
1747530000,103296.14
1747533600,103372.43
1747537200,103320.92
1747540800,103384.12
1747544400,103671.09
1747548000,103503.44
1747551600,103957.26
1747555200,103937.2
1747558800,103900.77
1747562400,103885.29
1747566000,103836.86
1747569600,103972.88
1747573200,104750.23
1747576800,105290.0
1747580400,105551.85
1747584000,105844.34
1747587600,104878.45
1747591200,104535.04
1747594800,103925.72
1747598400,104112.36
1747602000,104230.2
1747605600,105971.1
1747609200,106473.46
1747612800,105270.0
1747616400,105073.49
1747620000,104660.94
1747623600,103634.83
1747627200,103022.91
1747630800,103051.85
1747634400,102233.59
1747638000,103256.57
1747641600,103270.25
1747645200,103091.87
1747648800,102951.63
1747652400,102979.01
1747656000,102499.99
1747659600,103318.56
1747663200,104367.08
1747666800,104822.66
1747670400,105398.79
1747674000,105400.16
1747677600,104811.48
1747681200,105556.13
1747684800,105507.26
1747688400,105486.25
1747692000,105594.84
1747695600,105616.18
1747699200,105762.36
1747702800,106471.11
1747706400,106120.94
1747710000,105780.46
1747713600,106253.83
1747717200,106135.86
1747720800,105488.87
1747724400,105069.33
1747728000,105256.88
1747731600,105315.21
1747735200,105052.06
1747738800,105241.6
1747742400,104813.4
1747746000,104477.87
1747749600,104557.73
1747753200,105379.12
1747756800,105242.22
1747760400,106249.57
1747764000,105314.65
1747767600,107086.17
1747771200,106956.67
1747774800,106659.24
1747778400,106805.36
1747782000,106883.24
1747785600,106788.66
1747789200,106544.8
1747792800,106888.52
1747796400,106892.96
1747800000,107338.48
1747803600,107579.65
1747807200,107804.33
1747810800,106559.41
1747814400,106424.21
1747818000,106239.23
1747821600,106374.18
1747825200,106594.49
1747828800,106624.09
1747832400,107317.95
1747836000,109075.65
1747839600,109030.37
1747843200,109190.5
1747846800,106649.54
1747850400,107019.17
1747854000,108675.07
1747857600,108297.51
1747861200,108472.54
1747864800,108796.62
1747868400,109699.54
1747872000,109995.71
1747875600,109957.11
1747879200,110509.01
1747882800,111805.99
1747886400,111495.62
1747890000,110871.13
1747893600,110612.08
1747897200,111061.79
1747900800,110410.13
1747904400,110830.27
1747908000,110794.22
1747911600,110985.64
1747915200,111619.05
1747918800,110932.5
1747922400,110921.72
1747926000,111328.2
1747929600,111329.99
1747933200,111538.49
1747936800,111771.43
1747940400,111241.94
1747944000,111106.44
1747947600,110868.57
1747951200,111055.01
1747954800,111722.53
1747958400,111637.3
1747962000,111348.73
1747965600,111281.03
1747969200,111100.87
1747972800,110850.7
1747976400,110855.98
1747980000,110508.1
1747983600,110718.99
1747987200,110928.76
1747990800,111321.16
1747994400,111048.84
1747998000,109105.05
1748001600,108455.66
1748005200,109676.93
1748008800,109700.0
1748012400,108973.71
1748016000,109101.06
1748019600,109433.7
1748023200,108822.72
1748026800,108747.25
1748030400,108261.23
1748034000,108320.71
1748037600,107818.56
1748041200,107329.61
1748044800,107396.59
1748048400,107502.36
1748052000,107816.73
1748055600,108390.96
1748059200,108502.36
1748062800,108265.52
1748066400,107980.21
1748070000,107619.15
1748073600,108270.39
1748077200,108196.97
1748080800,109123.57
1748084400,109224.02
1748088000,108814.78
1748091600,108630.22
1748095200,108993.59
1748098800,108965.47
1748102400,109044.7
1748106000,108959.97
1748109600,108854.55
1748113200,108988.71
1748116800,108890.37
1748120400,108847.91
1748124000,108115.92
1748127600,107794.01
1748131200,107489.29
1748134800,107699.63
1748138400,107962.82
1748142000,108134.39
1748145600,108280.48
1748149200,108138.97
1748152800,107969.5
1748156400,107713.06
1748160000,107144.94
1748163600,107153.39
1748167200,106976.48
1748170800,107286.33
1748174400,107548.93
1748178000,107565.63
1748181600,107402.69
1748185200,107001.2
1748188800,107225.56
1748192400,107412.31
1748196000,107449.08
1748199600,107745.28
1748203200,107701.14
1748206800,107495.37
1748210400,109213.28
1748214000,109048.68
1748217600,109593.27
1748221200,109596.88
1748224800,109442.95
1748228400,109682.34
1748232000,109589.52
1748235600,109686.64
1748239200,109996.51
1748242800,110156.05
1748246400,109724.79
1748250000,109773.63
1748253600,109695.35
1748257200,109843.01
1748260800,109873.45
1748264400,109650.55
1748268000,109706.39
1748271600,110047.43
1748275200,109429.17
1748278800,109217.5
1748282400,109130.6
1748286000,109157.59
1748289600,109623.61
1748293200,109382.42
1748296800,109229.05
1748300400,109464.32
1748304000,109181.09
1748307600,108427.4
1748311200,108304.35
1748314800,108925.85
1748318400,108980.74
1748322000,108942.34
1748325600,108866.77
1748329200,109566.99
1748332800,109742.81
1748336400,109881.16
1748340000,109743.42
1748343600,109629.01
1748347200,109648.08
1748350800,109904.86
1748354400,109426.54
1748358000,110200.0
1748361600,110274.91
1748365200,110296.06
1748368800,109934.45
1748372400,109938.56
1748376000,109596.88
1748379600,108978.63
1748383200,109065.44
1748386800,108978.46
1748390400,109255.2
1748394000,108727.2
1748397600,108667.28
1748401200,108911.52
1748404800,109032.6
1748408400,109042.11
1748412000,108772.07
1748415600,108869.58
1748419200,109093.07
1748422800,108856.32
1748426400,108872.26
1748430000,108916.32
1748433600,108945.4
1748437200,108101.34
1748440800,107558.19
1748444400,107149.25
1748448000,107447.84
1748451600,107709.74
1748455200,107507.64
1748458800,106956.19
1748462400,107344.6
1748466000,107519.54
1748469600,107431.34
1748473200,107819.29
1748476800,108306.97
1748480400,108202.33
1748484000,108468.01
1748487600,108092.72
1748491200,107608.76
1748494800,107721.78
1748498400,107954.83
1748502000,107925.69
1748505600,108526.73
1748509200,108559.79
1748512800,108790.67
1748516400,108816.44
1748520000,108460.97
1748523600,107644.98
1748527200,107642.47
1748530800,107034.16
1748534400,106748.62
1748538000,106302.25
1748541600,105828.57
1748545200,105744.47
1748548800,106192.85
1748552400,106456.36
1748556000,105926.07
1748559600,105572.58
1748563200,104913.56
1748566800,105679.95
1748570400,106025.37
1748574000,106051.67
1748577600,106138.79
1748581200,106121.13
1748584800,105742.72
1748588400,105096.62
1748592000,105208.5
1748595600,105665.73
1748599200,105959.86
1748602800,105901.75
1748606400,105704.71
1748610000,105508.26
1748613600,105347.72
1748617200,105558.64
1748620800,103901.99
1748624400,104187.47
1748628000,104919.06
1748631600,104651.99
1748635200,104604.76
1748638800,104657.58
1748642400,104017.77
1748646000,104033.26
1748649600,104000.0
1748653200,103520.09
1748656800,103229.54
1748660400,103719.33
1748664000,103854.66
1748667600,103575.42
1748671200,103897.9
1748674800,103808.19
1748678400,103702.34
1748682000,103580.7
1748685600,103456.27
1748689200,103546.34
1748692800,104088.21
1748696400,104177.49
1748700000,104630.07
1748703600,104609.23
1748707200,104553.51
1748710800,104402.75
1748714400,104564.36
1748718000,104767.76
1748721600,104843.99
1748725200,104926.82
1748728800,104682.5
1748732400,104645.87
1748736000,104510.41
1748739600,104188.13
1748743200,104248.98
1748746800,104429.76
1748750400,104687.77
1748754000,104592.74
1748757600,104314.69
1748761200,104339.62
1748764800,104446.67
1748768400,103989.75
1748772000,103983.23
1748775600,104148.26
1748779200,104018.0
1748782800,104308.77
1748786400,104650.44
1748790000,104767.63
1748793600,105093.59
1748797200,105106.98
1748800800,104959.48
1748804400,105179.12
1748808000,105011.27
1748811600,105547.53
1748815200,105565.11
1748818800,105697.94
1748822400,105475.65
1748826000,105444.35
1748829600,105076.0
1748833200,104885.77
1748836800,104825.12
1748840400,104890.32
1748844000,105220.11
1748847600,105446.88
1748851200,105392.19
1748854800,104629.61
1748858400,104427.97
1748862000,104085.64
1748865600,104246.37
1748869200,103862.16
1748872800,104212.2
1748876400,104500.0
1748880000,104320.97
1748883600,104447.73
1748887200,104401.82
1748890800,104470.22
1748894400,104952.39
1748898000,105011.98
1748901600,105745.0
1748905200,105904.94
1748908800,106347.66
1748912400,106547.19
1748916000,105676.76
1748919600,105556.21
1748923200,105245.93
1748926800,105520.74
1748930400,105486.63
1748934000,105233.05
1748937600,105140.75
1748941200,105242.8
1748944800,105344.83
1748948400,105352.02
1748952000,105375.52
1748955600,105500.71
1748959200,106653.6
1748962800,106702.16
1748966400,105890.9
1748970000,106029.05
1748973600,106081.03
1748977200,106301.7
1748980800,105811.68
1748984400,105451.54
1748988000,105814.64
1748991600,105447.82
1748995200,105544.83
1748998800,105656.34
1749002400,105554.12
1749006000,105591.68
1749009600,105491.76
1749013200,105426.15
1749016800,105371.45
1749020400,105371.91
1749024000,105503.79
1749027600,105882.81
1749031200,105763.98
1749034800,105143.88
1749038400,105109.42
1749042000,104793.26
1749045600,105079.15
1749049200,105353.24
1749052800,105510.2
1749056400,105098.25
1749060000,104998.99
1749063600,104961.64
1749067200,104684.78
1749070800,104985.77
1749074400,104842.57
1749078000,104753.38
1749081600,105038.09
1749085200,104828.45
1749088800,105049.95
1749092400,105087.89
1749096000,105240.86
1749099600,104698.9
1749103200,104502.58
1749106800,104570.76
1749110400,104728.41
1749114000,104944.64
1749117600,104711.06
1749121200,104875.47
1749124800,105704.85
1749128400,104557.29
1749132000,104695.9
1749135600,104572.7
1749139200,103280.0
1749142800,103245.78
1749146400,103012.88
1749150000,101908.77
1749153600,100496.42
1749157200,101589.19
1749160800,101555.84
1749164400,101570.2
1749168000,101947.12
1749171600,101896.1
1749175200,102241.87
1749178800,102556.01
1749182400,102851.49
1749186000,103015.15
1749189600,103245.48
1749193200,103214.54
1749196800,103573.79
1749200400,103715.56
1749204000,103742.86
1749207600,104005.75
1749211200,103841.24
1749214800,104169.86
1749218400,104886.58
1749222000,105182.17
1749225600,104865.84
1749229200,105019.22
1749232800,104592.35
1749236400,104304.24
1749240000,104575.74
1749243600,104490.6
1749247200,104577.84
1749250800,104397.99
1749254400,104612.2
1749258000,104540.33
1749261600,104630.36
1749265200,104972.65
1749268800,104912.19
1749272400,104955.09
1749276000,105407.91
1749279600,104955.07
1749283200,104818.75
1749286800,104922.06
1749290400,105213.77
1749294000,105208.82
1749297600,105524.52
1749301200,105678.75
1749304800,105486.43
1749308400,105628.18
1749312000,105405.01
1749315600,105461.96
1749319200,105662.43
1749322800,105786.47
1749326400,105931.47
1749330000,105832.66
1749333600,105882.6
1749337200,105619.02
1749340800,105544.35
1749344400,105756.42
1749348000,105505.12
1749351600,105548.75
1749355200,105674.79
1749358800,105499.82
1749362400,105499.8
1749366000,105485.5
1749369600,105427.11
1749373200,105196.46
1749376800,105402.8
1749380400,105727.02
1749384000,105768.82
1749387600,105670.02
1749391200,105875.74
1749394800,106039.35
1749398400,106257.49
1749402000,106151.47
1749405600,106369.09
1749409200,106367.49
1749412800,106214.65
1749416400,106392.93
1749420000,105821.2
1749423600,105784.4
1749427200,105764.12
1749430800,105577.19
1749434400,105611.0
1749438000,105720.87
1749441600,105503.28
1749445200,105437.73
1749448800,105744.0
1749452400,105614.48
1749456000,105990.89
1749459600,106670.09
1749463200,107250.0
1749466800,107817.21
1749470400,107803.61
1749474000,107074.91
1749477600,107678.77
1749481200,107689.6
1749484800,107778.93
1749488400,108416.31
1749492000,108517.51
1749495600,108679.24
1749499200,108762.75
1749502800,110021.08
1749506400,110224.96
1749510000,110301.15
1749513600,109950.96
1749517200,109820.93
1749520800,109691.33
1749524400,109614.65
1749528000,109577.54
1749531600,109356.2
1749535200,109542.45
1749538800,109268.31
1749542400,109143.06
1749546000,109556.09
1749549600,109348.49
1749553200,109581.05
1749556800,109725.32
1749560400,109334.62
1749564000,108649.65
1749567600,109047.05
1749571200,108753.61
1749574800,108750.99
1749578400,109306.85
1749582000,109533.92
1749585600,109990.03
1749589200,109887.46
1749592800,109746.55
1749596400,110300.24
1749600000,109846.82
1749603600,109621.73
1749607200,109713.9
1749610800,109742.64
1749614400,109596.57
1749618000,109494.31
1749621600,109608.64
1749625200,109458.26
1749628800,109581.04
1749632400,109280.98
1749636000,109376.47
1749639600,109246.31
1749643200,109729.04
1749646800,109711.72
1749650400,109907.2
1749654000,109752.95
1749657600,109474.17
1749661200,109000.0
1749664800,108838.51
1749668400,108768.9
1749672000,108955.12
1749675600,108532.4
1749679200,108480.0
1749682800,108669.37
1749686400,108728.81
1749690000,108549.77
1749693600,108411.57
1749697200,107881.37
1749700800,107787.66
1749704400,107767.88
1749708000,107931.25
1749711600,107637.67
1749715200,107749.74
1749718800,107534.34
1749722400,107357.54
1749726000,106932.65
1749729600,107007.16
1749733200,107088.38
1749736800,107642.73
1749740400,107029.39
1749744000,107757.41
1749747600,108328.51
1749751200,107593.44
1749754800,106828.55
1749758400,106028.25
1749762000,105941.7
1749765600,105935.72
1749769200,105721.05
1749772800,103859.25
1749776400,103864.3
1749780000,103707.88
1749783600,104372.23
1749787200,104483.43
1749790800,104080.2
1749794400,104781.66
1749798000,104946.46
1749801600,104782.69
1749805200,104887.74
1749808800,104925.48
1749812400,105099.63
1749816000,104914.44
1749819600,104790.71
1749823200,105015.03
1749826800,105503.6
1749830400,105851.59
1749834000,105443.1
1749837600,105236.87
1749841200,105153.75
1749844800,105480.93
1749848400,105669.7
1749852000,105805.36
1749855600,106118.7
1749859200,105860.44
1749862800,105520.65
1749866400,105442.14
1749870000,105296.44
1749873600,105425.45
1749877200,105342.51
1749880800,105157.55
1749884400,105126.03
1749888000,105154.95
1749891600,104918.82
1749895200,105054.4
1749898800,105130.39
1749902400,105099.3
1749906000,105074.09
1749909600,104973.96
1749913200,104889.39
1749916800,104500.9
1749920400,104660.81
1749924000,104938.41
1749927600,104706.36
1749931200,104944.7
1749934800,105382.68
1749938400,105477.75
1749942000,105465.42
1749945600,105695.89
1749949200,105474.35
1749952800,105527.78
1749956400,105534.24
1749960000,105620.25
1749963600,106115.74
1749967200,105493.9
1749970800,105470.67
1749974400,105236.83
1749978000,104963.99
1749981600,105153.21
1749985200,105011.89
1749988800,105329.32
1749992400,105565.67
1749996000,105685.71
1749999600,105597.85
1750003200,105605.84
1750006800,105719.55
1750010400,105513.59
1750014000,105333.91
1750017600,104762.86
1750021200,104814.61
1750024800,105284.87
1750028400,105599.25
1750032000,105448.09
1750035600,105824.33
1750039200,105803.1
1750042800,105935.25
1750046400,106426.95
1750050000,106597.74
1750053600,106599.38
1750057200,107080.07
1750060800,107197.94
1750064400,106972.99
1750068000,106849.0
1750071600,106900.0
1750075200,106697.02
1750078800,107194.33
1750082400,107574.63
1750086000,107478.21
1750089600,107816.53
1750093200,107790.18
1750096800,108313.05
1750100400,108699.51
1750104000,108845.46
1750107600,108563.94
1750111200,107735.9
1750114800,106853.38
1750118400,107273.22
1750122000,107232.37
1750125600,107517.68
1750129200,107630.24
1750132800,107362.47
1750136400,107150.71
1750140000,106868.23
1750143600,106792.45
1750147200,106586.8
1750150800,106188.35
1750154400,105970.34
1750158000,105659.83
1750161600,105540.7
1750165200,105373.47
1750168800,104861.0
1750172400,104246.81
1750176000,103643.33
1750179600,103822.11
1750183200,104448.32
1750186800,104705.02
1750190400,104388.35
1750194000,104591.9
1750197600,104253.55
1750201200,104590.44
1750204800,104856.06
1750208400,104817.94
1750212000,104872.56
1750215600,105207.65
1750219200,105479.87
1750222800,105437.95
1750226400,104990.27
1750230000,104996.51
1750233600,104977.93
1750237200,104707.41
1750240800,104288.91
1750244400,104858.58
1750248000,104539.48
1750251600,104460.85
1750255200,104646.82
1750258800,104823.0
1750262400,104446.91
1750266000,104366.33
1750269600,103641.86
1750273200,103818.67
1750276800,104840.57
1750280400,105116.71
1750284000,104855.27
1750287600,104915.6
1750291200,104995.97
1750294800,104649.11
1750298400,104742.32
1750302000,105129.91
1750305600,105109.79
1750309200,104919.13
1750312800,104733.6
1750316400,104662.53
1750320000,104761.56
1750323600,105025.78
1750327200,104941.84
1750330800,104802.4
1750334400,104775.18
1750338000,104304.63
1750341600,104171.72
1750345200,104127.74
1750348800,104033.85
1750352400,104535.56
1750356000,104409.99
1750359600,104269.56
1750363200,104300.81
1750366800,104349.62
1750370400,104620.34
1750374000,104671.9
1750377600,104715.34
1750381200,104807.97
1750384800,104654.78
1750388400,104618.04
1750392000,104275.83
1750395600,104617.65
1750399200,104743.49
1750402800,105837.99
1750406400,105980.34
1750410000,105961.74
1750413600,105978.82
1750417200,106001.7
1750420800,105994.06
1750424400,105686.0
1750428000,103928.42
1750431600,104244.14
1750435200,103692.21
1750438800,103283.32
1750442400,103197.42
1750446000,103326.33
1750449600,103721.31
1750453200,103547.81
1750456800,103127.23
1750460400,103317.8
1750464000,103280.05
1750467600,103546.9
1750471200,103528.67
1750474800,103515.31
1750478400,103414.89
1750482000,103451.68
1750485600,103603.89
1750489200,103475.28
1750492800,103836.14
1750496400,103870.29
1750500000,103861.26
1750503600,103897.18
1750507200,103826.04
1750510800,103595.86
1750514400,103584.37
1750518000,103587.05
1750521600,103512.74
1750525200,103209.11
1750528800,102684.2
1750532400,102272.72
1750536000,102795.05
1750539600,101479.07
1750543200,101810.83
1750546800,102160.03
1750550400,102908.7
1750554000,102433.19
1750557600,102381.14
1750561200,102416.01
1750564800,102582.11
1750568400,102890.06
1750572000,102782.97
1750575600,102468.55
1750579200,102741.71
1750582800,102232.26
1750586400,102525.15
1750590000,102765.41
1750593600,102779.22
1750597200,100883.33
1750600800,99660.81
1750604400,98950.3
1750608000,99698.88
1750611600,99521.3
1750615200,99463.75
1750618800,98914.74
1750622400,99566.57
1750626000,99214.23
1750629600,101016.54
1750633200,100996.87
1750636800,100959.18
1750640400,101150.06
1750644000,101326.54
1750647600,101200.0
1750651200,101215.05
1750654800,101804.66
1750658400,101977.08
1750662000,101976.06
1750665600,101903.31
1750669200,101594.96
1750672800,101499.77
1750676400,101328.51
1750680000,101717.62
1750683600,102398.63
1750687200,101679.47
1750690800,101479.84
1750694400,100743.4
1750698000,102553.58
1750701600,103004.67
1750705200,103243.85
1750708800,103801.43
1750712400,103762.97
1750716000,105631.9
1750719600,105419.39
1750723200,105207.66
1750726800,105526.17
1750730400,104841.98
1750734000,104996.12
1750737600,104898.61
1750741200,105477.4
1750744800,105738.63
1750748400,104997.25
1750752000,105079.95
1750755600,105273.31
1750759200,105339.02
1750762800,105240.53
1750766400,105262.41
1750770000,105134.95
1750773600,105588.51
1750777200,105300.0
1750780800,106284.58
1750784400,106123.58
1750788000,105584.69
1750791600,105710.77
1750795200,106145.66
1750798800,106032.0
1750802400,106074.0
1750806000,106141.0
1750809600,106451.89
1750813200,106447.15
1750816800,106537.56
1750820400,106301.44
1750824000,106256.06
1750827600,106270.77
1750831200,106460.71
1750834800,106657.35
1750838400,106688.0
1750842000,106706.82
1750845600,107190.29
1750849200,107252.04
1750852800,107291.51
1750856400,107995.47
1750860000,107703.0
1750863600,107101.15
1750867200,107213.41
1750870800,107465.34
1750874400,107492.0
1750878000,107836.0
1750881600,107846.37
1750885200,107629.79
1750888800,107346.74
1750892400,107400.22
1750896000,107389.59
1750899600,107696.21
1750903200,107990.89
1750906800,107928.17
1750910400,107901.26
1750914000,107690.02
1750917600,107811.44
1750921200,107890.24
1750924800,107818.87
1750928400,107385.02
1750932000,107439.57
1750935600,107374.17
1750939200,107161.82
1750942800,106989.35
1750946400,107494.52
1750950000,107366.24
1750953600,107256.16
1750957200,107245.29
1750960800,107433.0
1750964400,107584.79
1750968000,107829.87
1750971600,107073.3
1750975200,107041.56
1750978800,107029.64
1750982400,106743.79
1750986000,107175.34
1750989600,107304.04
1750993200,107538.51
1750996800,107563.8
1751000400,107322.6
1751004000,107331.48
1751007600,106962.68
1751011200,107053.45
1751014800,107139.96
1751018400,107037.95
1751022000,107024.46
1751025600,106721.57
1751029200,106867.42
1751032800,106630.6
1751036400,107385.92
1751040000,107530.36
1751043600,106914.62
1751047200,106771.06
1751050800,106851.43
1751054400,107183.0
1751058000,107105.71
1751061600,107165.14
1751065200,107113.38
1751068800,107113.55
1751072400,107129.44
1751076000,107164.89
1751079600,107347.24
1751083200,107248.06
1751086800,107355.61
1751090400,107477.07
1751094000,107540.37
1751097600,107439.9
1751101200,107368.78
1751104800,107330.65
1751108400,107430.78
1751112000,107394.66
1751115600,107170.01
1751119200,107262.75
1751122800,107506.75
1751126400,107355.98
1751130000,107515.05
1751133600,107388.01
1751137200,107282.35
1751140800,107221.45
1751144400,107392.02
1751148000,107411.5
1751151600,107352.2
1751155200,107513.29
1751158800,107371.98
1751162400,107351.25
1751166000,107272.5
1751169600,107321.68
1751173200,107357.38
1751176800,107425.16
1751180400,107455.92
1751184000,107736.44
1751187600,107935.42
1751191200,108191.54
1751194800,108517.46
1751198400,108232.29
1751202000,108102.96
1751205600,107979.6
1751209200,107775.37
1751212800,107589.25
1751216400,107580.4
1751220000,107674.09
1751223600,107431.35
1751227200,107400.38
1751230800,107588.59
1751234400,108122.51
1751238000,108386.44
1751241600,108756.55
1751245200,108540.2
1751248800,108534.72
1751252400,108553.6
1751256000,108361.24
1751259600,108312.37
1751263200,107600.02
1751266800,107648.06
1751270400,107539.88
1751274000,107498.18
1751277600,107672.57
1751281200,107688.4
1751284800,107602.76
1751288400,107539.09
1751292000,106835.96
1751295600,107607.32
1751299200,107643.66
1751302800,107505.1
1751306400,107266.75
1751310000,107751.68
1751313600,107605.18
1751317200,107150.03
1751320800,107132.53
1751324400,107173.21
1751328000,107406.29
1751331600,107253.51
1751335200,107126.83
1751338800,107221.44
1751342400,106919.27
1751346000,106968.66
1751349600,106938.02
1751353200,107212.88
1751356800,106747.49
1751360400,106575.41
1751364000,106512.12
1751367600,106639.08
1751371200,106462.43
1751374800,106856.85
1751378400,105950.7
1751382000,105986.38
1751385600,106117.24
1751389200,106281.8
1751392800,105759.99
1751396400,105403.99
1751400000,105938.82
1751403600,105806.94
1751407200,105641.33
1751410800,105711.78
1751414400,105404.39
1751418000,105742.06
1751421600,105925.28
1751425200,106229.67
1751428800,106409.15
1751432400,106662.29
1751436000,107059.22
1751439600,107126.85
1751443200,107777.69
1751446800,107690.26
1751450400,107880.01
1751454000,107512.04
1751457600,107406.41
1751461200,107819.12
1751464800,108209.44
1751468400,108800.0
1751472000,109499.25
1751475600,109217.43
1751479200,109617.3
1751482800,109755.27
1751486400,109199.72
1751490000,109489.47
1751493600,109194.85
1751497200,108888.32
1751500800,108978.22
1751504400,109025.03
1751508000,108758.47
1751511600,108688.4
1751515200,108835.0
1751518800,109395.24
1751522400,109499.63
1751526000,109322.3
1751529600,109423.3
1751533200,109989.57
1751536800,109879.98
1751540400,109625.99
1751544000,109207.08
1751547600,110329.76
1751551200,109782.29
1751554800,109162.22
1751558400,109316.08
1751562000,109597.26
1751565600,109730.74
1751569200,109834.12
1751572800,109988.77
1751576400,109824.32
1751580000,109741.47
1751583600,109628.83
1751587200,109508.65
1751590800,109539.51
1751594400,109230.04
1751598000,109284.22
1751601600,109025.75
1751605200,109054.37
1751608800,109067.75
1751612400,108750.0
1751616000,108807.06
1751619600,109038.59
1751623200,108944.63
1751626800,108936.73
1751630400,108770.92
1751634000,108014.1
1751637600,107863.84
1751641200,107606.44
1751644800,107663.92
1751648400,107920.68
1751652000,107515.02
1751655600,107493.54
1751659200,107718.32
1751662800,107949.48
1751666400,108287.72
1751670000,108028.6
1751673600,108226.71
1751677200,108029.72
1751680800,108110.4
1751684400,108187.38
1751688000,108178.64
1751691600,108168.62
1751695200,108319.38
1751698800,108110.18
1751702400,108055.59
1751706000,108123.86
1751709600,108132.2
1751713200,108152.24
1751716800,108199.18
1751720400,108166.01
1751724000,108238.06
1751727600,108103.3
1751731200,108143.85
1751734800,108130.8
1751738400,108040.28
1751742000,108180.64
1751745600,108135.04
1751749200,108120.26
1751752800,108220.17
1751756400,108246.65
1751760000,108251.71
1751763600,108248.81
1751767200,108091.99
1751770800,108086.43
1751774400,108021.93
1751778000,108038.24
1751781600,108171.07
1751785200,108081.97
1751788800,108044.88
1751792400,107887.44
1751796000,108024.23
1751799600,108110.69
1751803200,108277.42
1751806800,108804.99
1751810400,108961.48
1751814000,108944.6
1751817600,108879.14
1751821200,108935.01
1751824800,108497.22
1751828400,108570.58
1751832000,108695.55
1751835600,109240.52
1751839200,109261.16
1751842800,109217.98
1751846400,108842.35
1751850000,109045.31
1751853600,109405.59
1751857200,109426.67
1751860800,109136.43
1751864400,109103.39
1751868000,108791.67
1751871600,109087.74
1751875200,109029.86
1751878800,108872.7
1751882400,108695.04
1751886000,108656.34
1751889600,108356.14
1751893200,108534.89
1751896800,108235.51
1751900400,108309.93
1751904000,107980.23
1751907600,107950.98
1751911200,108030.97
1751914800,108058.12
1751918400,107890.46
1751922000,108191.07
1751925600,108024.72
1751929200,108269.84
1751932800,108298.89
1751936400,107691.55
1751940000,107781.46
1751943600,107905.48
1751947200,108037.79
1751950800,108210.81
1751954400,108299.87
1751958000,108506.19
1751961600,108267.18
1751965200,108468.19
1751968800,108841.41
1751972400,108774.04
1751976000,108979.63
1751979600,109050.46
1751983200,108398.44
1751986800,108278.82
1751990400,108459.17
1751994000,109003.72
1751997600,109188.36
1752001200,108781.37
1752004800,108660.64
1752008400,108924.31
1752012000,108947.42
1752015600,108958.04
1752019200,108969.21
1752022800,108807.55
1752026400,108643.37
1752030000,108378.76
1752033600,108570.85
1752037200,108787.66
1752040800,108864.25
1752044400,108738.16
1752048000,108672.14
1752051600,108766.25
1752055200,108921.91
1752058800,109085.02
1752062400,109352.08
1752066000,109203.07
1752069600,108901.87
1752073200,109086.77
1752076800,109430.91
1752080400,109174.02
1752084000,109563.77
1752087600,111792.0
1752091200,110758.65
1752094800,110866.09
1752098400,111430.26
1752102000,111282.85
1752105600,110950.01
1752109200,111244.07
1752112800,111269.41
1752116400,111114.62
1752120000,111200.95
1752123600,111138.86
1752127200,111284.26
1752130800,111272.74
1752134400,111272.6
1752138000,111083.83
1752141600,111137.06
1752145200,111076.74
1752148800,110906.56
1752152400,110860.99
1752156000,111318.3
1752159600,111485.5
1752163200,112737.45
1752166800,113808.4
1752170400,113491.02
1752174000,113399.95
1752177600,113575.56
1752181200,116478.62
1752184800,116029.8
1752188400,116031.3
1752192000,115600.47
1752195600,115983.16
1752199200,116698.11
1752202800,116930.12
1752206400,116939.66
1752210000,117899.73
1752213600,117679.58
1752217200,117601.25
1752220800,118028.29
1752224400,118514.58
1752228000,118029.37
1752231600,117839.32
1752235200,117898.7
1752238800,118010.86
1752242400,117901.0
1752246000,116902.9
1752249600,117442.21
1752253200,117686.72
1752256800,117750.39
1752260400,118191.06
1752264000,117740.03
1752267600,117679.68
1752271200,117669.84
1752274800,117582.16
1752278400,117459.62
1752282000,117692.01
1752285600,117660.28
1752289200,117838.46
1752292800,117716.29
1752296400,117744.28
1752300000,117902.73
1752303600,117797.06
1752307200,117971.06
1752310800,118207.02
1752314400,118115.86
1752318000,117870.35
1752321600,117585.58
1752325200,117551.39
1752328800,117426.98
1752332400,117154.27
1752336000,117238.78
1752339600,117517.49
1752343200,117538.87
1752346800,117606.56
1752350400,117065.3
1752354000,117529.33
1752357600,117428.74
1752361200,117472.65
1752364800,117353.01
1752368400,117587.38
1752372000,117650.02
1752375600,117797.77
1752379200,117924.01
1752382800,117806.28
1752386400,117930.01
1752390000,118043.07
1752393600,117938.57
1752397200,117778.51
1752400800,117811.55
1752404400,118130.41
1752408000,118477.48
1752411600,118653.36
1752415200,118814.25
1752418800,118716.69
1752422400,118561.87
1752426000,118747.7
1752429600,119032.27
1752433200,119011.9
1752436800,119123.61
1752440400,118711.09
1752444000,118561.88
1752447600,119130.81
1752451200,119121.01
1752454800,119138.56
1752458400,119699.73
1752462000,120781.98
1752465600,121418.09
1752469200,122507.08
1752472800,122156.56
1752476400,122751.9
1752480000,122603.6
1752483600,122000.0
1752487200,121915.75
1752490800,121463.61
1752494400,121937.3
1752498000,121726.43
1752501600,121157.84
1752505200,119867.12
1752508800,120283.97
1752512400,119900.0
1752516000,119627.79
1752519600,119945.25
1752523200,120186.93
1752526800,120019.09
1752530400,120055.2
1752534000,119863.71
1752537600,119524.55
1752541200,118506.3
1752544800,118252.26
1752548400,117148.04
1752552000,117482.36
1752555600,117304.62
1752559200,117059.32
1752562800,116762.15
1752566400,116749.1
1752570000,116772.77
1752573600,117005.92
1752577200,117103.18
1752580800,117179.87
1752584400,118068.32
1752588000,115976.73
1752591600,116318.4
1752595200,117168.76
1752598800,117355.31
1752602400,116696.85
1752606000,116410.21
1752609600,116412.37
1752613200,117568.44
1752616800,117845.41
1752620400,117781.64
1752624000,118135.0
1752627600,117740.85
1752631200,117337.45
1752634800,117499.4
1752638400,117624.67
1752642000,117889.64
1752645600,118305.0
1752649200,118238.3
1752652800,118725.8
1752656400,119231.95
1752660000,118777.43
1752663600,118800.0
1752667200,118650.69
1752670800,118708.23
1752674400,119097.52
1752678000,119170.36
1752681600,119356.09
1752685200,119140.64
1752688800,119587.9
1752692400,119304.15
1752696000,119978.98
1752699600,119370.0
1752703200,118713.13
1752706800,118681.68
1752710400,118946.24
1752714000,118176.09
1752717600,118379.27
1752721200,118177.96
1752724800,118560.51
1752728400,118651.52
1752732000,118510.91
1752735600,118373.81
1752739200,118372.73
1752742800,118827.6
1752746400,118382.43
1752750000,118016.41
1752753600,117894.8
1752757200,118331.11
1752760800,118838.29
1752764400,118937.61
1752768000,118615.14
1752771600,119309.87
1752775200,119640.26
1752778800,119032.03
1752782400,119504.65
1752786000,120325.12
1752789600,119845.05
1752793200,119273.69
1752796800,119860.81
1752800400,120450.04
1752804000,120194.14
1752807600,120320.1
1752811200,120501.23
1752814800,120680.09
1752818400,120344.64
1752822000,119446.63
1752825600,118697.72
1752829200,118950.06
1752832800,119315.64
1752836400,119231.5
1752840000,119509.91
1752843600,118861.95
1752847200,118191.97
1752850800,117899.13
1752854400,117610.36
1752858000,117642.09
1752861600,117380.83
1752865200,117426.36
1752868800,117472.23
1752872400,117747.67
1752876000,117782.68
1752879600,118023.05
1752883200,117819.83
1752886800,118141.27
1752890400,118292.07
1752894000,118431.22
1752897600,118235.85
1752901200,118301.52
1752904800,118265.83
1752908400,118264.24
1752912000,118177.69
1752915600,118326.25
1752919200,118516.84
1752922800,118408.09
1752926400,118316.94
1752930000,118268.53
1752933600,117749.56
1752937200,118114.79
1752940800,118038.34
1752944400,117871.58
1752948000,117934.43
1752951600,118083.66
1752955200,117777.45
1752958800,117763.6
1752962400,117855.48
1752966000,117914.17
1752969600,118001.01
1752973200,118004.05
1752976800,118062.56
1752980400,118021.09
1752984000,118018.05
1752987600,117908.2
1752991200,117891.37
1752994800,118080.01
1752998400,118222.65
1753002000,117979.02
1753005600,117950.33
1753009200,117942.16
1753012800,118127.02
1753016400,118448.86
1753020000,118519.06
1753023600,118726.73
1753027200,118617.22
1753030800,118067.8
1753034400,118407.74
1753038000,118201.2
1753041600,118130.98
1753045200,118061.37
1753048800,117545.78
1753052400,117312.7
1753056000,117421.83
1753059600,117369.36
1753063200,118262.02
1753066800,118449.2
1753070400,118395.66
1753074000,118470.03
1753077600,119214.2
1753081200,119414.15
1753084800,119042.38
1753088400,118737.48
1753092000,118617.14
1753095600,118104.65
1753099200,118210.64
1753102800,118912.84
1753106400,118888.26
1753110000,118383.53
1753113600,117794.38
1753117200,117903.26
1753120800,117208.29
1753124400,116782.87
1753128000,116985.37
1753131600,117274.68
1753135200,117404.51
1753138800,117428.79
1753142400,117170.01
1753146000,117813.34
1753149600,117072.67
1753153200,117262.61
1753156800,116603.28
1753160400,117385.61
1753164000,117884.78
1753167600,118044.33
1753171200,118348.55
1753174800,118449.78
1753178400,119007.0
1753182000,119214.92
1753185600,119373.06
1753189200,118209.74
1753192800,119116.6
1753196400,118966.03
1753200000,118726.41
1753203600,119254.65
1753207200,119821.7
1753210800,119326.44
1753214400,119768.22
1753218000,119446.69
1753221600,119902.9
1753225200,120026.42
1753228800,119623.82
1753232400,119560.38
1753236000,119141.19
1753239600,118676.0
1753243200,119038.92
1753246800,118691.37
1753250400,118477.33
1753254000,118415.11
1753257600,118467.19
1753261200,118083.41
1753264800,118431.96
1753268400,118597.48
1753272000,118040.29
1753275600,117420.0
1753279200,118272.86
1753282800,118648.92
1753286400,117778.08
1753290000,118198.47
1753293600,118444.24
1753297200,118458.67
1753300800,117952.91
1753304400,118241.49
1753308000,118632.15
1753311600,118810.44
1753315200,119101.75
1753318800,119154.39
1753322400,119025.51
1753326000,118557.79
1753329600,118017.58
1753333200,117667.94
1753336800,117532.06
1753340400,118470.55
1753344000,118838.97
1753347600,118547.28
1753351200,118446.16
1753354800,118654.8
1753358400,118588.56
1753362000,118286.63
1753365600,119126.02
1753369200,119176.25
1753372800,118593.14
1753376400,119191.04
1753380000,119120.52
1753383600,119030.64
1753387200,118768.61
1753390800,118585.07
1753394400,118338.15
1753398000,118397.04
1753401600,117706.03
1753405200,117399.8
1753408800,116409.44
1753412400,115400.0
1753416000,116127.65
1753419600,115558.62
1753423200,115328.15
1753426800,115335.28
1753430400,115181.66
1753434000,116062.22
1753437600,116316.3
1753441200,116514.27
1753444800,116119.68
1753448400,116241.68
1753452000,114950.34
1753455600,115728.38
1753459200,116205.78
1753462800,116067.75
1753466400,116526.68
1753470000,116721.63
1753473600,117095.99
1753477200,117240.59
1753480800,117308.61
1753484400,117633.27
1753488000,117538.36
1753491600,117195.53
1753495200,117502.8
1753498800,117522.69
1753502400,117548.56
1753506000,117495.45
1753509600,117401.84
1753513200,117371.97
1753516800,117618.36
1753520400,117636.04
1753524000,118017.05
1753527600,117830.65
1753531200,117963.51
1753534800,118175.66
1753538400,118117.85
1753542000,118172.6
1753545600,118116.29
1753549200,118081.19
1753552800,118154.04
1753556400,118280.01
1753560000,117995.86
1753563600,118081.81
1753567200,118056.11
1753570800,117969.63
1753574400,117998.89
1753578000,118143.98
1753581600,118368.05
1753585200,118227.13
1753588800,118256.66
1753592400,118333.1
1753596000,118326.91
1753599600,118165.53
1753603200,117990.47
1753606800,117982.89
1753610400,118245.23
1753614000,118133.83
1753617600,118150.0
1753621200,118263.99
1753624800,118450.0
1753628400,118620.01
1753632000,119112.87
1753635600,119225.02
1753639200,119061.73
1753642800,119006.15
1753646400,118794.62
1753650000,119310.08
1753653600,119545.01
1753657200,119465.52
1753660800,119259.13
1753664400,119072.63
1753668000,119468.86
1753671600,119306.42
1753675200,119224.36
1753678800,119553.98
1753682400,119486.16
1753686000,118894.66
1753689600,119077.24
1753693200,118948.32
1753696800,118779.71
1753700400,118827.17
1753704000,118857.25
1753707600,118423.68
1753711200,117981.86
1753714800,118165.37
1753718400,118014.12
1753722000,117666.57
1753725600,117767.13
1753729200,118066.31
1753732800,118033.9
1753736400,118118.97
1753740000,117862.52
1753743600,118070.59
1753747200,117993.24
1753750800,117777.02
1753754400,118091.15
1753758000,118764.01
1753761600,118527.61
1753765200,118813.38
1753768800,118747.4
1753772400,118885.92
1753776000,118921.44
1753779600,118786.52
1753783200,118319.33
1753786800,118601.76
1753790400,118889.28
1753794000,118611.65
1753797600,117820.17
1753801200,117365.37
1753804800,117714.44
1753808400,117758.49
1753812000,117586.35
1753815600,117483.28
1753819200,117491.2
1753822800,117566.63
1753826400,117827.65
1753830000,117933.39
1753833600,117738.95
1753837200,117838.46
1753840800,118017.97
1753844400,118148.05
1753848000,117996.78
1753851600,117978.95
1753855200,118266.17
1753858800,118121.0
1753862400,118363.15
1753866000,118159.68
1753869600,118008.25
1753873200,117571.99
1753876800,117729.13
1753880400,117670.76
1753884000,118730.8
1753887600,118010.09
1753891200,117750.02
1753894800,117803.34
1753898400,116500.68
1753902000,116900.01
1753905600,117151.21
1753909200,117337.52
1753912800,117489.01
1753916400,117830.15
1753920000,118405.03
1753923600,118053.64
1753927200,118431.03
1753930800,118476.4
1753934400,118499.29
1753938000,118351.39
1753941600,118687.98
1753945200,118677.41
1753948800,118583.5
1753952400,118590.89
1753956000,118495.85
1753959600,118345.67
1753963200,118604.02
1753966800,118562.63
1753970400,117903.93
1753974000,118288.23
1753977600,118523.25
1753981200,117726.08
1753984800,117640.87
1753988400,116757.77
1753992000,116482.72
1753995600,116517.59
1753999200,116005.24
1754002800,115761.13
1754006400,115426.24
1754010000,115317.57
1754013600,115969.67
1754017200,115638.66
1754020800,115697.01
1754024400,115557.51
1754028000,115143.81
1754031600,115034.22
1754035200,114566.42
1754038800,114926.37
1754042400,114715.17
1754046000,115267.54
1754049600,115705.38
1754053200,114304.5
1754056800,115591.0
1754060400,115317.51
1754064000,114960.39
1754067600,114374.85
1754071200,113780.32
1754074800,113247.92
1754078400,113898.61
1754082000,113829.61
1754085600,113075.81
1754089200,113248.73
1754092800,113785.2
1754096400,113615.78
1754100000,113670.82
1754103600,113871.57
1754107200,113992.69
1754110800,113943.42
1754114400,113665.33
1754118000,113942.01
1754121600,113651.51
1754125200,113650.0
1754128800,113525.76
1754132400,113761.44
1754136000,113603.67
1754139600,113426.91
1754143200,113069.83
1754146800,112805.74
1754150400,113175.22
1754154000,112703.1
1754157600,112307.19
1754161200,112203.87
1754164800,112769.24
1754168400,112838.78
1754172000,112830.55
1754175600,112542.74
1754179200,112908.54
1754182800,113074.62
1754186400,113490.44
1754190000,113580.62
1754193600,113460.72
1754197200,113604.88
1754200800,113551.32
1754204400,113701.61
1754208000,113682.22
1754211600,113648.76
1754215200,113891.04
1754218800,113857.28
1754222400,114001.77
1754226000,113952.01
1754229600,113779.93
1754233200,113941.38
1754236800,114000.01
1754240400,114125.03
1754244000,114411.43
1754247600,114331.12
1754251200,114419.75
1754254800,114447.26
1754258400,114318.03
1754262000,114215.73
1754265600,114913.62
1754269200,114697.41
1754272800,114817.26
1754276400,114578.63
1754280000,114387.56
1754283600,114398.04
1754287200,114428.22
1754290800,114665.21
1754294400,114563.89
1754298000,114330.81
1754301600,114242.7
1754305200,114504.62
1754308800,114444.0
1754312400,114921.05
1754316000,114757.45
1754319600,114818.95
1754323200,115299.98
1754326800,115192.01
1754330400,114924.33
1754334000,114746.95
1754337600,114793.54
1754341200,115126.63
1754344800,115349.17
1754348400,115051.85
1754352000,114877.0
1754355600,114700.0
1754359200,114721.72
1754362800,114241.62
1754366400,114323.16
1754370000,114407.71
1754373600,114165.89
1754377200,113952.07
1754380800,114262.42
1754384400,114677.38
1754388000,114832.22
1754391600,114807.47
1754395200,113930.71
1754398800,114370.17
1754402400,113012.07
1754406000,112907.97
1754409600,113131.78
1754413200,113602.16
1754416800,113624.55
1754420400,113602.75
1754424000,113689.75
1754427600,113578.38
1754431200,113957.97
1754434800,114112.95
1754438400,113879.35
1754442000,113824.31
1754445600,113623.64
1754449200,113504.04
1754452800,113424.19
1754456400,114147.94
1754460000,114081.89
1754463600,114220.34
1754467200,113934.91
1754470800,114081.29
1754474400,114057.81
1754478000,114226.23
1754481600,113918.1
1754485200,114254.46
1754488800,115199.97
1754492400,115417.96
1754496000,115149.36
1754499600,115538.51
1754503200,115439.28
1754506800,115295.57
1754510400,115072.82
1754514000,115105.39
1754517600,115125.78
1754521200,115028.83
1754524800,114925.45
1754528400,114772.52
1754532000,114575.61
1754535600,114566.78
1754539200,114372.24
1754542800,114593.52
1754546400,114678.36
1754550000,114813.0
1754553600,114987.84
1754557200,115081.16
1754560800,116362.4
1754564400,116535.61
1754568000,116390.83
1754571600,116673.7
1754575200,116392.77
1754578800,116732.65
1754582400,116293.19
1754586000,116541.03
1754589600,116596.43
1754593200,117525.79
1754596800,117241.81
1754600400,117140.17
1754604000,117614.78
1754607600,117515.49
1754611200,117306.0
1754614800,116923.73
1754618400,116736.93
1754622000,116777.39
1754625600,116780.0
1754629200,116558.16
1754632800,116780.78
1754636400,116851.97
1754640000,116655.08
1754643600,116712.13
1754647200,116566.72
1754650800,116930.25
1754654400,116535.98
1754658000,116953.25
1754661600,116517.13
1754665200,116212.94
1754668800,116213.47
1754672400,116727.56
1754676000,116533.35
1754679600,116467.8
1754683200,116923.59
1754686800,116945.6
1754690400,116893.02
1754694000,116683.79
1754697600,116596.6
1754701200,116560.98
1754704800,116392.06
1754708400,116394.98
1754712000,116465.87
1754715600,116754.93
1754719200,116671.63
1754722800,116772.96
1754726400,117120.15
1754730000,117512.88
1754733600,117437.46
1754737200,117134.05
1754740800,117112.71
1754744400,116975.66
1754748000,116978.77
1754751600,116912.04
1754755200,116665.42
1754758800,116697.91
1754762400,116655.71
1754766000,116569.86
1754769600,116793.13
1754773200,116546.62
1754776800,116573.12
1754780400,116492.51
1754784000,116773.9
1754787600,116606.82
1754791200,117324.99
1754794800,118515.2
1754798400,118507.77
1754802000,118065.13
1754805600,118072.5
1754809200,117814.16
1754812800,118314.02
1754816400,118285.99
1754820000,118015.96
1754823600,118335.59
1754827200,118513.61
1754830800,118445.19
1754834400,118786.19
1754838000,118803.04
1754841600,118669.23
1754845200,118529.48
1754848800,118548.15
1754852400,118675.53
1754856000,118331.38
1754859600,118724.04
1754863200,119091.51
1754866800,119309.37
1754870400,119153.98
1754874000,119999.35
1754877600,121876.03
1754881200,121709.49
1754884800,122072.54
1754888400,122036.11
1754892000,122292.12
1754895600,121522.07
1754899200,121662.14
1754902800,121406.25
1754906400,121150.11
1754910000,120525.0
1754913600,119616.96
1754917200,119976.39
1754920800,120222.41
1754924400,120298.37
1754928000,119940.01
1754931600,119493.62
1754935200,119773.04
1754938800,119068.36
1754942400,118833.55
1754946000,118726.85
1754949600,118910.87
1754953200,118701.84
1754956800,118967.08
1754960400,118989.34
1754964000,119065.86
1754967600,118857.75
1754971200,119067.05
1754974800,118828.04
1754978400,118843.65
1754982000,118993.98
1754985600,118817.52
1754989200,118413.72
1754992800,118449.55
1754996400,118502.05
1755000000,119266.8
1755003600,118851.38
1755007200,119449.49
1755010800,119936.26
1755014400,119655.0
1755018000,119291.95
1755021600,119351.26
1755025200,119655.97
1755028800,120178.22
1755032400,119889.41
1755036000,120090.27
1755039600,120113.18
1755043200,119692.9
1755046800,119456.37
1755050400,119547.6
1755054000,119466.17
1755057600,119333.86
1755061200,119064.31
1755064800,119427.15
1755068400,119579.66
1755072000,120050.0
1755075600,120117.96
1755079200,120487.19
1755082800,120554.93
1755086400,120293.23
1755090000,121789.99
1755093600,120915.31
1755097200,120941.15
1755100800,121451.37
1755104400,121833.85
1755108000,121654.57
1755111600,122804.64
1755115200,122977.64
1755118800,122619.9
1755122400,123012.91
1755126000,123365.63
1755129600,123906.29
1755133200,123385.95
1755136800,123713.03
1755140400,123396.86
1755144000,123044.91
1755147600,122180.62
1755151200,121821.19
1755154800,121773.02
1755158400,121680.88
1755162000,121700.18
1755165600,120985.93
1755169200,121017.92
1755172800,118921.99
1755176400,118471.73
1755180000,118871.3
1755183600,118298.79
1755187200,117912.28
1755190800,117968.85
1755194400,118155.76
1755198000,117997.18
1755201600,117948.46
1755205200,117987.9
1755208800,118374.73
1755212400,118389.79
1755216000,118286.32
1755219600,118780.68
1755223200,118814.84
1755226800,119091.68
1755230400,118945.68
1755234000,119078.03
1755237600,119188.75
1755241200,119053.14
1755244800,118949.05
1755248400,118789.15
1755252000,118966.31
1755255600,119078.9
1755259200,118728.95
1755262800,117820.76
1755266400,117453.24
1755270000,117327.19
1755273600,117415.96
1755277200,117643.08
1755280800,117223.94
1755284400,116997.52
1755288000,117348.01
1755291600,117400.0
1755295200,117792.66
1755298800,117436.96
1755302400,117832.99
1755306000,117921.26
1755309600,117600.01
1755313200,117532.82
1755316800,117919.49
1755320400,117700.0
1755324000,117488.05
1755327600,117694.76
1755331200,117709.71
1755334800,117390.63
1755338400,117479.87
1755342000,117469.11
1755345600,117828.1
1755349200,117719.42
1755352800,117857.26
1755356400,117768.19
1755360000,117839.13
1755363600,117779.89
1755367200,117773.62
1755370800,117748.04
1755374400,117739.02
1755378000,117523.05
1755381600,117544.83
1755385200,117455.68
1755388800,117340.98
1755392400,117518.31
1755396000,117680.21
1755399600,117769.65
1755403200,118160.85
1755406800,118088.14
1755410400,118012.05
1755414000,118099.59
1755417600,118458.86
1755421200,118400.11
1755424800,118455.64
1755428400,118376.1
1755432000,118227.33
1755435600,118507.36
1755439200,118219.87
1755442800,118302.2
1755446400,117888.98
1755450000,117966.91
1755453600,117631.58
1755457200,117656.36
1755460800,117672.55
1755464400,117779.77
1755468000,118031.67
1755471600,117488.6
1755475200,117372.53
1755478800,116351.04
1755482400,115522.04
1755486000,115397.11
1755489600,115557.59
1755493200,115772.8
1755496800,115326.82
1755500400,115283.52
1755504000,115206.88
1755507600,115108.19
1755511200,115135.61
1755514800,115015.51
1755518400,115579.48
1755522000,114904.0
1755525600,115691.65
1755529200,116208.06
1755532800,116029.51
1755536400,116484.25
1755540000,116546.01
1755543600,116365.53
1755547200,116466.71
1755550800,116726.0
1755554400,116457.67
1755558000,116286.76
1755561600,116617.16
1755565200,115856.61
1755568800,115806.01
1755572400,114864.96
1755576000,115346.71
1755579600,115005.65
1755583200,115058.01
1755586800,115020.64
1755590400,115229.83
1755594000,115372.56
1755597600,115441.66
1755601200,115550.06
1755604800,115630.12
1755608400,115212.71
1755612000,113886.29
1755615600,113791.91
1755619200,113375.27
1755622800,113506.6
1755626400,113034.75
1755630000,113105.4
1755633600,113560.28
1755637200,113402.36
1755640800,113157.32
1755644400,112856.19
1755648000,113197.0
1755651600,112995.67
1755655200,113438.6
1755658800,113521.93
1755662400,113633.09
1755666000,113714.48
1755669600,113658.86
1755673200,113491.9
1755676800,114000.26
1755680400,113682.56
1755684000,113774.64
1755687600,113667.96
1755691200,113665.52
1755694800,112674.73
1755698400,113456.47
1755702000,113347.09
1755705600,113850.04
1755709200,114215.27
1755712800,113489.29
1755716400,114279.3
1755720000,114382.5
1755723600,114362.66
1755727200,114603.21
1755730800,114276.0
1755734400,114291.55
1755738000,114719.82
1755741600,114028.97
1755745200,113953.7
1755748800,113788.75
1755752400,113977.78
1755756000,113795.44
1755759600,113873.16
1755763200,113566.94
1755766800,113352.92
1755770400,113318.46
1755774000,113121.25
1755777600,113073.52
1755781200,113459.78
1755784800,113260.89
1755788400,112762.44
1755792000,112354.93
1755795600,112389.65
1755799200,112571.11
1755802800,112160.29
1755806400,112412.16
1755810000,112590.61
1755813600,112470.97
1755817200,112480.3
1755820800,112597.52
1755824400,112803.81
1755828000,113117.39
1755831600,112890.92
1755835200,112799.01
1755838800,113190.94
1755842400,112954.98
1755846000,113042.75
1755849600,112944.33
1755853200,113007.0
1755856800,112491.65
1755860400,112285.28
1755864000,112308.69
1755867600,112459.99
1755871200,115805.63
1755874800,116366.84
1755878400,116139.59
1755882000,117005.79
1755885600,116793.88
1755889200,116648.95
1755892800,117044.19
1755896400,117011.44
1755900000,116733.54
1755903600,116908.68
1755907200,116822.04
1755910800,116396.5
1755914400,115882.25
1755918000,115509.75
1755921600,115884.85
1755925200,115891.23
1755928800,115720.0
1755932400,115762.06
1755936000,115691.64
1755939600,115709.35
1755943200,115521.18
1755946800,115249.95
1755950400,115166.74
1755954000,114825.03
1755957600,114581.87
1755961200,114770.0
1755964800,114967.39
1755968400,115054.9
1755972000,115108.64
1755975600,115098.49
1755979200,115288.99
1755982800,114983.8
1755986400,115278.45
1755990000,115383.87
1755993600,115329.99
1755997200,115422.46
1756000800,114955.01
1756004400,114986.76
1756008000,115124.88
1756011600,114944.39
1756015200,114810.6
1756018800,114837.1
1756022400,114790.25
1756026000,114792.84
1756029600,114739.3
1756033200,114697.43
1756036800,114626.23
1756040400,114525.18
1756044000,114466.37
1756047600,114368.38
1756051200,114229.61
1756054800,114372.01
1756058400,114582.51
1756062000,112588.1
1756065600,112764.29
1756069200,112975.77
1756072800,113434.27
1756076400,113478.0
1756080000,112628.06
1756083600,113058.64
1756087200,113384.2
1756090800,112883.89
1756094400,112740.78
1756098000,112292.52
1756101600,111902.84
1756105200,111479.54
1756108800,111387.22
1756112400,111761.68
1756116000,110950.7
1756119600,111189.32
1756123200,111561.79
1756126800,111473.22
1756130400,112257.4
1756134000,112187.03
1756137600,112500.03
1756141200,112434.9
1756144800,112385.02
1756148400,110693.42
1756152000,109572.38
1756155600,109896.39
1756159200,110161.03
1756162800,110127.74
1756166400,109105.48
1756170000,109915.09
1756173600,109728.13
1756177200,109899.97
1756180800,110109.19
1756184400,110212.23
1756188000,110007.83
1756191600,110302.51
1756195200,110109.02
1756198800,110164.49
1756202400,110223.89
1756206000,109876.0
1756209600,110205.6
1756213200,110081.06
1756216800,110350.0
1756220400,109657.06
1756224000,110159.26
1756227600,109993.39
1756231200,110711.14
1756234800,111125.26
1756238400,111345.68
1756242000,111600.0
1756245600,111917.04
1756249200,111788.01
1756252800,111360.0
1756256400,111321.42
1756260000,111158.76
1756263600,111426.39
1756267200,111576.1
1756270800,111365.77
1756274400,111034.53
1756278000,110737.17
1756281600,110747.55
1756285200,110808.06
1756288800,110976.65
1756292400,111323.01
1756296000,111351.55
1756299600,111511.59
1756303200,111823.84
1756306800,112027.96
1756310400,112131.73
1756314000,112349.7
1756317600,111962.6
1756321200,112078.96
1756324800,112417.99
1756328400,111524.41
1756332000,111426.06
1756335600,111253.21
1756339200,111340.78
1756342800,111652.8
1756346400,111493.63
1756350000,112013.83
1756353600,112971.22
1756357200,112853.05
1756360800,113210.32
1756364400,113127.51
1756368000,113128.89
1756371600,112864.1
1756375200,113133.77
1756378800,112924.36
1756382400,113245.79
1756386000,112822.66
1756389600,113160.26
1756393200,112692.44
1756396800,112342.62
1756400400,112395.67
1756404000,112374.62
1756407600,111905.45
1756411200,111906.28
1756414800,112024.62
1756418400,112349.49
1756422000,112574.85
1756425600,112209.65
1756429200,111490.62
1756432800,111435.57
1756436400,111712.23
1756440000,111512.56
1756443600,111317.08
1756447200,111287.62
1756450800,110020.05
1756454400,109625.2
1756458000,109765.91
1756461600,110003.77
1756465200,110115.36
1756468800,110731.78
1756472400,109100.0
1756476000,108187.37
1756479600,108396.96
1756483200,108703.77
1756486800,108467.12
1756490400,108135.5
1756494000,108213.98
1756497600,107791.6
1756501200,108451.91
1756504800,108383.69
1756508400,108378.32
1756512000,108297.96
1756515600,107456.71
1756519200,107781.66
1756522800,108434.84
1756526400,108425.65
1756530000,108347.37
1756533600,108315.03
1756537200,108519.24
1756540800,108562.1
1756544400,108513.85
1756548000,108428.26
1756551600,108681.98
1756555200,108612.94
1756558800,108541.56
1756562400,108663.95
1756566000,108866.31
1756569600,108825.08
1756573200,108788.06
1756576800,108743.42
1756580400,108842.86
1756584000,108651.17
1756587600,108594.73
1756591200,108536.37
1756594800,108827.93
1756598400,109397.01
1756602000,109425.3
1756605600,109231.83
1756609200,109226.77
1756612800,108818.06
1756616400,108760.77
1756620000,108712.88
1756623600,108714.38
1756627200,109018.04
1756630800,108506.98
1756634400,108606.22
1756638000,108380.17
1756641600,108319.37
1756645200,108415.23
1756648800,108463.44
1756652400,108803.24
1756656000,108914.83
1756659600,108990.11
1756663200,109138.41
1756666800,108932.62
1756670400,109125.86
1756674000,109046.01
1756677600,108885.55
1756681200,108247.95
1756684800,108218.5
1756688400,108140.78
1756692000,107629.71
1756695600,107646.69
1756699200,107408.08
1756702800,107856.54
1756706400,108066.03
1756710000,109433.59
1756713600,109594.19
1756717200,109517.74
1756720800,108564.25
1756724400,108772.9
1756728000,109102.08
1756731600,109021.51
1756735200,109155.53
1756738800,108788.19
1756742400,108786.69
1756746000,108929.59
1756749600,109225.28
1756753200,109213.7
1756756800,108873.4
1756760400,107790.31
1756764000,108440.93
1756767600,109240.55
1756771200,109034.47
1756774800,109315.14
1756778400,110241.04
1756782000,110326.51
1756785600,110307.04
1756789200,110206.7
1756792800,110379.19
1756796400,110241.5
1756800000,110359.54
1756803600,110466.95
1756807200,110260.34
1756810800,109746.15
1756814400,108808.57
1756818000,111172.0
1756821600,111359.64
1756825200,110845.33
1756828800,110799.63
1756832400,110917.77
1756836000,110641.44
1756839600,110809.89
1756843200,111421.13
1756846800,111123.83
1756850400,111276.59
1756854000,111247.94
1756857600,111347.42
1756861200,111173.33
1756864800,111374.41
1756868400,111044.31
1756872000,111022.21
1756875600,110698.93
1756879200,110730.45
1756882800,111104.35
1756886400,111031.17
1756890000,111318.29
1756893600,111458.05
1756897200,111463.71
1756900800,111137.01
1756904400,111487.49
1756908000,112287.27
1756911600,112239.48
1756915200,111887.04
1756918800,112332.65
1756922400,112033.06
1756926000,112240.18
1756929600,112260.77
1756933200,112024.66
1756936800,112000.01
1756940400,111756.41
1756944000,112106.43
1756947600,111993.29
1756951200,111500.37
1756954800,111182.13
1756958400,110953.2
1756962000,110694.58
1756965600,110419.37
1756969200,110486.94
1756972800,110675.29
1756976400,110848.71
1756980000,110650.51
1756983600,110844.24
1756987200,110963.5
1756990800,110477.38
1756994400,109850.3
1756998000,109505.32
1757001600,109434.5
1757005200,109789.33
1757008800,109983.47
1757012400,109808.31
1757016000,110411.38
1757019600,110490.13
1757023200,111486.08
1757026800,110720.79
1757030400,110459.22
1757034000,111125.52
1757037600,111334.15
1757041200,111313.82
1757044800,111445.04
1757048400,111581.59
1757052000,111906.0
1757055600,112961.08
1757059200,112631.31
1757062800,112283.47
1757066400,112251.25
1757070000,112350.13
1757073600,113222.23
1757077200,113088.48
1757080800,110560.85
1757084400,110714.5
1757088000,110809.72
1757091600,110612.61
1757095200,111214.56
1757098800,111630.22
1757102400,111646.68
1757106000,110613.43
1757109600,110812.99
1757113200,110670.02
1757116800,110784.37
1757120400,110878.41
1757124000,111219.71
1757127600,111093.53
1757131200,110875.03
1757134800,110723.12
1757138400,110759.55
1757142000,110838.71
1757145600,110956.54
1757149200,110700.03
1757152800,110789.08
1757156400,110796.75
1757160000,110839.29
1757163600,110944.41
1757167200,110822.01
1757170800,110398.38
1757174400,110288.98
1757178000,110176.79
1757181600,110247.05
1757185200,110060.61
1757188800,110196.7
1757192400,110232.85
1757196000,110201.41
1757199600,110212.6
1757203200,110385.69
1757206800,110574.57
1757210400,110678.63
1757214000,110641.71
1757217600,110564.49
1757221200,110667.08
1757224800,110517.48
1757228400,110766.84
1757232000,111066.48
1757235600,111124.96
1757239200,111220.57
1757242800,111303.16
1757246400,111128.89
1757250000,111217.12
1757253600,111141.95
1757257200,111324.58
1757260800,111194.24
1757264400,110971.2
1757268000,111050.16
1757271600,111257.49
1757275200,111327.75
1757278800,111039.69
1757282400,111246.86
1757286000,111129.61
1757289600,110823.36
1757293200,110884.19
1757296800,111227.69
1757300400,111040.91
1757304000,110974.32
1757307600,111028.76
1757311200,111107.84
1757314800,111264.76
1757318400,111667.25
1757322000,112077.78
1757325600,112023.84
1757329200,112038.45
1757332800,112020.64
1757336400,111900.11
1757340000,112646.8
1757343600,112634.02
1757347200,112408.33
1757350800,112224.69
1757354400,112485.88
1757358000,112107.76
1757361600,112001.45
1757365200,112352.53
1757368800,112253.9
1757372400,112072.57
1757376000,111652.32
1757379600,111364.37
1757383200,111335.04
1757386800,111711.01
1757390400,112024.69
1757394000,112201.45
1757397600,113026.83
1757401200,112999.93
1757404800,113000.01
1757408400,112961.93
1757412000,112735.96
1757415600,112439.83
1757419200,112691.75
1757422800,112773.6
1757426400,111764.15
1757430000,110872.45
1757433600,110964.01
1757437200,111031.89
1757440800,111150.06
1757444400,111305.71
1757448000,111529.19
1757451600,111300.01
1757455200,111557.04
1757458800,111549.32
1757462400,111000.0
1757466000,111009.31
1757469600,111406.87
1757473200,111541.36
1757476800,111517.87
1757480400,111578.55
1757484000,111787.21
1757487600,112536.82
1757491200,112366.85
1757494800,112261.56
1757498400,112262.04
1757502000,112306.06
1757505600,113417.0
1757509200,113984.26
1757512800,113926.0
1757516400,113877.22
1757520000,113787.15
1757523600,113761.2
1757527200,113606.99
1757530800,113610.0
1757534400,113615.31
1757538000,113868.1
1757541600,113918.04
1757545200,113983.97
1757548800,113910.0
1757552400,113925.19
1757556000,113847.83
1757559600,114430.85
1757563200,114186.36
1757566800,114293.03
1757570400,114356.87
1757574000,114123.13
1757577600,114082.29
1757581200,113917.95
1757584800,114086.22
1757588400,114048.47
1757592000,114030.29
1757595600,114664.07
1757599200,114488.03
1757602800,114210.0
1757606400,114514.04
1757610000,114624.31
1757613600,114338.15
1757617200,114464.0
1757620800,114431.08
1757624400,114520.05
1757628000,115122.59
1757631600,115540.0
1757635200,115890.03
1757638800,115442.09
1757642400,115443.8
1757646000,115235.43
1757649600,115396.44
1757653200,115661.98
1757656800,115344.41
1757660400,115142.78
1757664000,115090.6
1757667600,115065.09
1757671200,115010.94
1757674800,114962.27
1757678400,115117.95
1757682000,115200.02
1757685600,115321.73
1757689200,115173.79
1757692800,115540.09
1757696400,115883.97
1757700000,116573.58
1757703600,116793.73
1757707200,116256.0
1757710800,115958.67
1757714400,116102.59
1757718000,116106.03
1757721600,116280.71
1757725200,115838.62
1757728800,115946.02
1757732400,116015.98
1757736000,115760.81
1757739600,115788.7
1757743200,115807.9
1757746800,115840.5
1757750400,116036.23
1757754000,116096.0
1757757600,116010.03
1757761200,116036.02
1757764800,116058.69
1757768400,115826.39
1757772000,115858.06
1757775600,115840.08
1757779200,115398.02
1757782800,115623.65
1757786400,115701.95
1757790000,115860.71
1757793600,115962.03
1757797200,115952.68
1757800800,115934.0
1757804400,115968.35
1757808000,115984.9
1757811600,116019.33
1757815200,115915.85
1757818800,115732.02
1757822400,115810.24
1757826000,115925.82
1757829600,115796.86
1757833200,115856.99
1757836800,115987.19
1757840400,116102.23
1757844000,116087.31
1757847600,115862.27
1757851200,115836.8
1757854800,115399.51
1757858400,115466.54
1757862000,115270.92
1757865600,115538.41
1757869200,115607.66
1757872800,115446.83
1757876400,115693.34
1757880000,115853.81
1757883600,116116.67
1757887200,116056.26
1757890800,115314.13
1757894400,115122.85
1757898000,115279.16
1757901600,115414.18
1757905200,115471.53
1757908800,116097.89
1757912400,116543.25
1757916000,116152.33
1757919600,115856.02
1757923200,114763.4
1757926800,114899.89
1757930400,114809.46
1757934000,115091.92
1757937600,114754.02
1757941200,114684.76
1757944800,114705.57
1757948400,114876.0
1757952000,114693.99
1757955600,115153.89
1757959200,115321.68
1757962800,115327.01
1757966400,115411.99
1757970000,115536.92
1757973600,115326.56
1757977200,115381.08
1757980800,115101.16
1757984400,115046.12
1757988000,115052.94
1757991600,115324.37
1757995200,115538.03
1757998800,115959.87
1758002400,115790.35
1758006000,115867.8
1758009600,115689.34
1758013200,115501.17
1758016800,115395.66
1758020400,115298.02
1758024000,115464.42
1758027600,115208.61
1758031200,115302.91
1758034800,115940.01
1758038400,116087.56
1758042000,116500.0
1758045600,116462.17
1758049200,116866.13
1758052800,116878.82
1758056400,116838.08
1758060000,116892.33
1758063600,116832.56
1758067200,116620.04
1758070800,116720.0
1758074400,116728.96
1758078000,116415.29
1758081600,116366.8
1758085200,117164.07
1758088800,117275.97
1758092400,117208.39
1758096000,116886.26
1758099600,116586.25
1758103200,116388.27
1758106800,116278.64
1758110400,116218.84
1758114000,116144.07
1758117600,115642.0
1758121200,115909.49
1758124800,115671.97
1758128400,115576.21
1758132000,115265.98
1758135600,115699.28
1758139200,115656.37
1758142800,116080.51
1758146400,116598.0
1758150000,116484.4
1758153600,116368.52
1758157200,116676.17
1758160800,116985.24
1758164400,117615.37
1758168000,117647.6
1758171600,117304.39
1758175200,117120.14
1758178800,117110.22
1758182400,117266.91
1758186000,117341.73
1758189600,117226.94
1758193200,117093.99
1758196800,117158.91
1758200400,117463.5
1758204000,117682.18
1758207600,117632.01
1758211200,117617.99
1758214800,117641.66
1758218400,117875.01
1758222000,117503.13
1758225600,117568.09
1758229200,117342.8
1758232800,117112.02
1758236400,117117.99
1758240000,117478.01
1758243600,117288.0
1758247200,117167.62
1758250800,117028.5
1758254400,117035.85
1758258000,116940.59
1758261600,116724.79
1758265200,116958.41
1758268800,116984.01
1758272400,116528.43
1758276000,116582.42
1758279600,116433.58
1758283200,116207.0
1758286800,116338.66
1758290400,115949.36
1758294000,115936.02
1758297600,116146.49
1758301200,115581.99
1758304800,115460.86
1758308400,115166.0
1758312000,115393.55
1758315600,115524.17
1758319200,115663.26
1758322800,115690.55
1758326400,115782.03
1758330000,115676.81
1758333600,115658.02
1758337200,115516.43
1758340800,115630.52
1758344400,115775.62
1758348000,115756.44
1758351600,116030.48
1758355200,115763.99
1758358800,115720.02
1758362400,115804.07
1758366000,115938.77
1758369600,115945.65
1758373200,115989.98
1758376800,116030.09
1758380400,116060.73
1758384000,116102.03
1758387600,115896.02
1758391200,115776.14
1758394800,115763.46
1758398400,115784.55
1758402000,115854.05
1758405600,115844.03
1758409200,115752.4
1758412800,115720.02
1758416400,115559.85
1758420000,115752.65
1758423600,115730.83
1758427200,115562.45
1758430800,115746.82
1758434400,115764.09
1758438000,115895.38
1758441600,115697.49
1758445200,115747.91
1758448800,115580.02
1758452400,115682.43
1758456000,115730.0
1758459600,115725.47
1758463200,115558.17
1758466800,115585.02
1758470400,115381.42
1758474000,115688.11
1758477600,115591.17
1758481200,115553.78
1758484800,115369.7
1758488400,115462.34
1758492000,115580.9
1758495600,115282.27
1758499200,114460.26
1758502800,114331.02
1758506400,114252.02
1758510000,114719.07
1758513600,114483.81
1758517200,113747.38
1758520800,112887.92
1758524400,112586.65
1758528000,112712.86
1758531600,112418.01
1758535200,112864.71
1758538800,112956.04
1758542400,112811.41
1758546000,113222.71
1758549600,113019.52
1758553200,112903.4
1758556800,112689.45
1758560400,112450.6
1758564000,112503.31
1758567600,112192.0
1758571200,112847.25
1758574800,113050.63
1758578400,112720.0
1758582000,112736.59
1758585600,112478.99
1758589200,112240.0
1758592800,111893.29
1758596400,112430.0
1758600000,112527.73
1758603600,112728.64
1758607200,113047.5
1758610800,113157.04
1758614400,113192.07
1758618000,112991.99
1758621600,113024.36
1758625200,113052.04
1758628800,112998.36
1758632400,113001.65
1758636000,112703.55
1758639600,112932.29
1758643200,112864.0
1758646800,111979.46
1758650400,111791.99
1758654000,111679.02
1758657600,112018.11
1758661200,112184.0
1758664800,112189.62
1758668400,112017.21
1758672000,112250.04
1758675600,112471.33
1758679200,112144.44
1758682800,111716.0
1758686400,112190.0
1758690000,112671.9
1758693600,112627.26
1758697200,112620.28
1758700800,112636.6
1758704400,112757.0
1758708000,112960.03
1758711600,113047.99
1758715200,113088.0
1758718800,112858.98
1758722400,113768.16
1758726000,113396.02
1758729600,113772.53
1758733200,113801.89
1758736800,113696.61
1758740400,113477.89
1758744000,113551.0
1758747600,113395.19
1758751200,113383.35
1758754800,113348.17
1758758400,113087.85
1758762000,112691.88
1758765600,112915.52
1758769200,112538.26
1758772800,111734.47
1758776400,111728.34
1758780000,111540.16
1758783600,111783.46
1758787200,111755.09
1758790800,111585.48
1758794400,111671.44
1758798000,111379.31
1758801600,111140.81
1758805200,111032.0
1758808800,111584.74
1758812400,111647.16
1758816000,110998.39
1758819600,108851.99
1758823200,109783.14
1758826800,109391.38
1758830400,109204.0
1758834000,109442.06
1758837600,109467.26
1758841200,109035.72
1758844800,109518.0
1758848400,109729.99
1758852000,109671.45
1758855600,109621.17
1758859200,109395.43
1758862800,109300.01
1758866400,109410.97
1758870000,109396.14
1758873600,109652.03
1758877200,109644.89
1758880800,108961.9
1758884400,109181.28
1758888000,109432.02
1758891600,109717.98
1758895200,108894.35
1758898800,109071.38
1758902400,109495.89
1758906000,109962.0
1758909600,109775.99
1758913200,109218.56
1758916800,109349.98
1758920400,109525.01
1758924000,109616.02
1758927600,109697.29
1758931200,109706.02
1758934800,109490.02
1758938400,109469.53
1758942000,109617.14
1758945600,109718.15
1758949200,109685.99
1758952800,109590.68
1758956400,109450.33
1758960000,109305.03
1758963600,109344.36
1758967200,109487.36
1758970800,109367.28
1758974400,109447.55
1758978000,109362.0
1758981600,109344.62
1758985200,109440.49
1758988800,109440.82
1758992400,109427.82
1758996000,109470.0
1758999600,109470.2
1759003200,109441.02
1759006800,109522.47
1759010400,109654.43
1759014000,109681.16
1759017600,109663.65
1759021200,109401.19
1759024800,109492.71
1759028400,109491.36
1759032000,109425.67
1759035600,109390.03
1759039200,109455.86
1759042800,109554.67
1759046400,109561.97
1759050000,109560.0
1759053600,109413.15
1759057200,109418.27
1759060800,109354.09
1759064400,109658.54
1759068000,109876.39
1759071600,110071.91
1759075200,110235.02
1759078800,110227.69
1759082400,110311.65
1759086000,110356.68
1759089600,110840.8
1759093200,110862.36
1759096800,111969.35
1759100400,112197.67
1759104000,112295.41
1759107600,111885.71
1759111200,111772.57
1759114800,111900.48
1759118400,111839.4
1759122000,111796.29
1759125600,111671.39
1759129200,111910.49
1759132800,112123.2
1759136400,112136.45
1759140000,112126.54
1759143600,112144.59
1759147200,112059.98
1759150800,113277.99
1759154400,114104.25
1759158000,113884.28
1759161600,113692.27
1759165200,114121.47
1759168800,114088.0
1759172400,114325.41
1759176000,114313.95
1759179600,114237.31
1759183200,114240.61
1759186800,114365.07
1759190400,114590.52
1759194000,114587.91
1759197600,114529.02
1759201200,114429.15
1759204800,114147.65
1759208400,113952.0
1759212000,113956.62
1759215600,113757.98
1759219200,113496.13
1759222800,112823.98
1759226400,112956.27
1759230000,113090.86
1759233600,113041.59
1759237200,113444.82
1759240800,113632.03
1759244400,113135.87
1759248000,112854.88
1759251600,113260.87
1759255200,113726.21
1759258800,114378.49
1759262400,114642.0
1759266000,114178.42
1759269600,113947.57
1759273200,114067.71
1759276800,114254.23
1759280400,114568.28
1759284000,114286.0
1759287600,114198.94
1759291200,114310.63
1759294800,114596.91
1759298400,114289.72
1759302000,114566.13
1759305600,116150.38
1759309200,116454.91
1759312800,116316.02
1759316400,116825.23
1759320000,116447.62
1759323600,116865.98
1759327200,117384.29
1759330800,117511.58
1759334400,117618.03
1759338000,116824.0
1759341600,117292.01
1759345200,117501.25
1759348800,117605.16
1759352400,117624.42
1759356000,117816.04
1759359600,118659.97
1759363200,118500.0
1759366800,118683.99
1759370400,118807.96
1759374000,118791.69
1759377600,118715.83
1759381200,118435.93
1759384800,118729.8
1759388400,118561.86
1759392000,118749.56
1759395600,118929.41
1759399200,118686.78
1759402800,118835.99
1759406400,119479.99
1759410000,119696.0
1759413600,118899.17
1759417200,119997.97
1759420800,119823.26
1759424400,119998.19
1759428000,120604.03
1759431600,120932.04
1759435200,120733.21
1759438800,120220.06
1759442400,120342.9
1759446000,120621.32
1759449600,120239.05
1759453200,119973.76
1759456800,120258.59
1759460400,120332.06
1759464000,120149.12
1759467600,120015.45
1759471200,120004.0
1759474800,119727.67
1759478400,120138.01
1759482000,120394.02
1759485600,120520.3
1759489200,120421.46
1759492800,120462.03
1759496400,120473.99
1759500000,121028.0
1759503600,122372.75
1759507200,122645.23
1759510800,122152.04
1759514400,122614.99
1759518000,122778.0
1759521600,122546.2
1759525200,122407.37
1759528800,122556.37
1759532400,122318.4
1759536000,122207.98
1759539600,121952.22
1759543200,121954.35
1759546800,122331.63
1759550400,122585.01
1759554000,122611.24
1759557600,122516.19
1759561200,122390.37
1759564800,122342.03
1759568400,122286.5
1759572000,122187.01
1759575600,122042.17
1759579200,122079.65
1759582800,122467.05
1759586400,122068.02
1759590000,121866.79
1759593600,121792.01
1759597200,121826.12
1759600800,121658.46
1759604400,122040.11
1759608000,121944.08
1759611600,122252.13
1759615200,122359.67
1759618800,122458.56
1759622400,122214.03
1759626000,122434.0
1759629600,124072.03
1759633200,123811.24
1759636800,125206.48
1759640400,125136.87
1759644000,125001.17
1759647600,124736.13
1759651200,124613.93
1759654800,123038.28
1759658400,123048.01
1759662000,123474.75
1759665600,123118.94
1759669200,123193.39
1759672800,123073.09
1759676400,122835.87
1759680000,123291.79
1759683600,123098.91
1759687200,123041.99
1759690800,122625.04
1759694400,122739.14
1759698000,122766.78
1759701600,123274.03
1759705200,123520.79
1759708800,123388.64
1759712400,124067.32
1759716000,124168.0
1759719600,123892.22
1759723200,123622.02
1759726800,123600.53
1759730400,123975.01
1759734000,123429.52
1759737600,123887.55
1759741200,124009.46
1759744800,124012.91
1759748400,124264.7
1759752000,124600.24
1759755600,125086.03
1759759200,124597.88
1759762800,125060.76
1759766400,125536.0
1759770000,125355.76
1759773600,126099.22
1759777200,125474.93
1759780800,125266.33
1759784400,125161.23
1759788000,125101.59
1759791600,124720.09
1759795200,124953.38
1759798800,124768.34
1759802400,124328.0
1759806000,124387.25
1759809600,124557.1
1759813200,124465.14
1759816800,123952.39
1759820400,123750.87
1759824000,123942.13
1759827600,124187.38
1759831200,124376.69
1759834800,124555.52
1759838400,125003.76
1759842000,123986.59
1759845600,122829.0
1759849200,121914.66
1759852800,121757.3
1759856400,121186.91
1759860000,120933.0
1759863600,121695.48
1759867200,122017.02
1759870800,122068.64
1759874400,122078.27
1759878000,121393.95
1759881600,121979.43
1759885200,122015.49
1759888800,122087.75
1759892400,121430.13
1759896000,121939.52
1759899600,121397.62
1759903200,121824.86
1759906800,121633.51
1759910400,122421.98
1759914000,122570.73
1759917600,122983.16
1759921200,122910.51
1759924800,122672.95
1759928400,122639.97
1759932000,122360.01
1759935600,122225.01
1759939200,123097.9
1759942800,124089.59
1759946400,123465.84
1759950000,123467.99
1759953600,122892.3
1759957200,123314.0
1759960800,123239.52
1759964400,123343.25
1759968000,122876.01
1759971600,122576.53
1759975200,121649.77
1759978800,122069.36
1759982400,122170.81
1759986000,122141.07
1759989600,121978.38
1759993200,121952.03
1759996800,121286.02
1760000400,121841.49
1760004000,122209.56
1760007600,122783.3
1760011200,123606.0
1760014800,122451.42
1760018400,121378.05
1760022000,121213.41
1760025600,119905.93
1760029200,121026.01
1760032800,120714.99
1760036400,121040.0
1760040000,121172.06
1760043600,121539.28
1760047200,121754.14
1760050800,121714.51
1760054400,121814.96
1760058000,121688.94
1760061600,121124.35
1760065200,121078.09
1760068800,121285.29
1760072400,121627.88
1760076000,121406.56
1760079600,120991.04
1760083200,121665.22
1760086800,121360.09
1760090400,121543.26
1760094000,121600.0
1760097600,121646.11
1760101200,121718.65
1760104800,120524.03
1760108400,119064.09
1760112000,118221.8
1760115600,117655.63
1760119200,117238.0
1760122800,116670.01
1760126400,114317.33
1760130000,113874.92
1760133600,114014.76
1760137200,112980.28
1760140800,112676.33
1760144400,111220.97
1760148000,113340.01
1760151600,112417.34
1760155200,113090.04
1760158800,112513.67
1760162400,112166.35
1760166000,110518.61
1760169600,111424.62
1760173200,111734.27
1760176800,112220.46
1760180400,112390.37
1760184000,112496.69
1760187600,112375.24
1760191200,112093.99
1760194800,111907.99
1760198400,111974.39
1760202000,112118.05
1760205600,112078.51
1760209200,111301.55
1760212800,110367.76
1760216400,111022.41
1760220000,111164.06
1760223600,110768.89
1760227200,109764.03
1760230800,110078.26
1760234400,110211.06
1760238000,110790.0
1760241600,111620.87
1760245200,111793.36
1760248800,111783.98
1760252400,111618.0
1760256000,111370.94
1760259600,111878.0
1760263200,111708.02
1760266800,111887.54
1760270400,111827.49
1760274000,111338.72
1760277600,112369.1
1760281200,113246.19
1760284800,114158.0
1760288400,113893.75
1760292000,113951.69
1760295600,114420.86
1760299200,115024.0
1760302800,114981.18
1760306400,115331.19
1760310000,115067.98
1760313600,115389.45
1760317200,115816.42
1760320800,115435.15
1760324400,114928.58
1760328000,114791.6
1760331600,114698.44
1760335200,115287.85
1760338800,115481.11
1760342400,115338.44
1760346000,115203.06
1760349600,114905.33
1760353200,114278.99
1760356800,114501.62
1760360400,115452.43
1760364000,114125.98
1760367600,114425.77
1760371200,114756.98
1760374800,115112.35
1760378400,115251.43
1760382000,115899.11
1760385600,115816.0
1760389200,115811.89
1760392800,115613.03
1760396400,115274.03
1760400000,115057.99
1760403600,114356.52
1760407200,113703.75
1760410800,113574.95
1760414400,113132.96
1760418000,112566.84
1760421600,112053.02
1760425200,111799.44
1760428800,111907.35
1760432400,111364.0
1760436000,110712.45
1760439600,111394.48
1760443200,110889.47
1760446800,111088.61
1760450400,111477.27
1760454000,112960.11
1760457600,112398.04
1760461200,112844.01
1760464800,112903.59
1760468400,112664.75
1760472000,113048.24
1760475600,113175.34
1760479200,113264.91
1760482800,113068.0
1760486400,113041.4
1760490000,112784.28
1760493600,112860.93
1760497200,112073.9
1760500800,112389.78
1760504400,112486.5
1760508000,112515.72
1760511600,112642.34
1760515200,113013.13
1760518800,112618.04
1760522400,112346.01
1760526000,112000.01
1760529600,111790.38
1760533200,111460.64
1760536800,111146.5
1760540400,110867.71
1760544000,110809.96
1760547600,111238.18
1760551200,111480.75
1760554800,111318.21
1760558400,111162.87
1760562000,110886.78
1760565600,110709.88
1760569200,110804.12
1760572800,110482.33
1760576400,111347.21
1760580000,111566.07
1760583600,111383.51
1760587200,111017.55
1760590800,110998.92
1760594400,111707.26
1760598000,110575.99
1760601600,110845.01
1760605200,111185.99
1760608800,111500.69
1760612400,111443.19
1760616000,111560.01
1760619600,110891.39
1760623200,110577.05
1760626800,108591.19
1760630400,109294.03
1760634000,108315.73
1760637600,108706.01
1760641200,108246.33
1760644800,107878.75
1760648400,108457.01
1760652000,107814.12
1760655600,108198.0
1760659200,108812.82
1760662800,108861.98
1760666400,109006.02
1760670000,109211.22
1760673600,108802.15
1760677200,108397.8
1760680800,106752.77
1760684400,105614.0
1760688000,104880.39
1760691600,104519.84
1760695200,104742.83
1760698800,105681.29
1760702400,105351.07
1760706000,105854.0
1760709600,105177.68
1760713200,106800.0
1760716800,106391.99
1760720400,106460.82
1760724000,106672.9
1760727600,106484.0
1760731200,107051.02
1760734800,107332.06
1760738400,107024.0
1760742000,106463.3
1760745600,106879.76
1760749200,107185.85
1760752800,106632.63
1760756400,107119.46
1760760000,106510.89
1760763600,106854.58
1760767200,106891.93
1760770800,106725.61
1760774400,106766.75
1760778000,106936.08
1760781600,106961.73
1760785200,107251.98
1760788800,107108.03
1760792400,106932.44
1760796000,107074.16
1760799600,106989.94
1760803200,106688.24
1760806800,106904.63
1760810400,106889.03
1760814000,107115.29
1760817600,107045.47
1760821200,107199.99
1760824800,107157.5
1760828400,107208.91
1760832000,106930.73
1760835600,107005.06
1760839200,106876.93
1760842800,107300.01
1760846400,107070.35
1760850000,106914.43
1760853600,106799.97
1760857200,106808.56
1760860800,106458.41
1760864400,107423.44
1760868000,107909.55
1760871600,107817.99
1760875200,107672.32
1760878800,108111.54
1760882400,108434.18
1760886000,108521.99
1760889600,108659.99
1760893200,109150.01
1760896800,109433.65
1760900400,108948.7
1760904000,108884.28
1760907600,108794.71
1760911200,109182.0
1760914800,108676.78
1760918400,108087.96
1760922000,108088.48
1760925600,108805.95
1760929200,110181.41
1760932800,110455.68
1760936400,111049.28
1760940000,111326.08
1760943600,111234.7
1760947200,111119.77
1760950800,111003.98
1760954400,110775.29
1760958000,111049.41
1760961600,110874.22
1760965200,111182.14
1760968800,111236.18
1760972400,111167.39
1760976000,110717.89
1760979600,110321.99
1760983200,110948.13
1760986800,110840.0
1760990400,111125.54
1760994000,110592.42
1760997600,110830.0
1761001200,110568.06
1761004800,110482.42
1761008400,109894.0
1761012000,109552.53
1761015600,109100.02
1761019200,107818.23
1761022800,107579.51
1761026400,107940.61
1761030000,108103.61
1761033600,107725.34
1761037200,107784.37
1761040800,108530.23
1761044400,108604.02
1761048000,108819.97
1761051600,108468.0
1761055200,112239.7
1761058800,113484.0
1761062400,112592.97
1761066000,112059.28
1761069600,112047.99
1761073200,111841.0
1761076800,110859.99
1761080400,110866.27
1761084000,109115.52
1761087600,108362.27
1761091200,108030.13
1761094800,108408.21
1761098400,108256.27
1761102000,108273.42
1761105600,108671.31
1761109200,108221.99
1761112800,108040.0
1761116400,108368.57
1761120000,108280.34
1761123600,108007.07
1761127200,107700.28
1761130800,107592.92
1761134400,108091.59
1761138000,108838.18
1761141600,108962.0
1761145200,108426.4
1761148800,108229.96
1761152400,107789.73
1761156000,108036.08
1761159600,107846.83
1761163200,107700.99
1761166800,107210.08
1761170400,107203.95
1761174000,107585.98
1761177600,107873.57
1761181200,108185.86
1761184800,108433.99
1761188400,108391.59
1761192000,108670.41
1761195600,108986.14
1761199200,110284.59
1761202800,109289.99
1761206400,109534.0
1761210000,109458.39
1761213600,109466.02
1761217200,109284.22
1761220800,109197.84
1761224400,109538.23
1761228000,109631.62
1761231600,109944.02
1761235200,110286.6
1761238800,111276.07
1761242400,110617.16
1761246000,110247.6
1761249600,109562.48
1761253200,109582.71
1761256800,109985.4
1761260400,110116.03
1761264000,110548.38
1761267600,110614.77
1761271200,110600.21
1761274800,110486.58
1761278400,111207.55
1761282000,111287.66
1761285600,111498.04
1761289200,111096.85
1761292800,111121.4
1761296400,111367.17
1761300000,111156.66
1761303600,111100.64
1761307200,111334.0
1761310800,110948.24
1761314400,110239.33
1761318000,110070.09
1761321600,110286.93
1761325200,110233.73
1761328800,110621.56
1761332400,110624.14
1761336000,110920.22
1761339600,111110.1
1761343200,111044.41
1761346800,111042.13
1761350400,110805.27
1761354000,111104.25
1761357600,111062.21
1761361200,111049.76
1761364800,111252.4
1761368400,111406.78
1761372000,111386.18
1761375600,111518.22
1761379200,111792.25
1761382800,111544.02
1761386400,111585.07
1761390000,111599.11
1761393600,111918.22
1761397200,111699.48
1761400800,111605.64
1761404400,111466.2
1761426000,111500.0
1761429600,111636.0
1761433200,111666.21
1761436800,111741.31
1761440400,111658.21
1761444000,111476.05
1761447600,111289.95
1761451200,111441.89
1761454800,111619.39
1761458400,111642.0
1761462000,111749.98
1761465600,111796.46
1761469200,112557.99
1761472800,112499.99
1761476400,113303.16
1761480000,113592.4
1761483600,113724.29
1761487200,113564.83
1761490800,113701.92
1761494400,113518.85
1761498000,113451.66
1761501600,113595.99
1761505200,113607.99
1761508800,113332.0
1761512400,113493.44
1761516000,114687.72
1761519600,114548.09
1761523200,114771.21
1761526800,115285.34
1761530400,114895.57
1761534000,114982.0
1761537600,115269.58
1761541200,115562.01
1761544800,116059.46
1761548400,115565.97
1761552000,115028.61
1761555600,115250.0
1761559200,115461.85
1761562800,115351.41
1761566400,115063.99
1761570000,115253.99
1761573600,114810.52
1761577200,114966.0
1761580800,115498.75
1761584400,115714.01
1761588000,115350.01
1761591600,114950.0
1761595200,114453.61
1761598800,114300.01
1761602400,114124.12
1761606000,114087.06
1761609600,113963.99
1761613200,114437.47
1761616800,113940.67
1761620400,113912.05
1761624000,113959.2
1761627600,113600.76
1761631200,114110.87
1761634800,114178.2
1761638400,114411.27
1761642000,114524.37
1761645600,114600.01
1761649200,114340.0
1761652800,114442.81
1761656400,115534.01
1761660000,115069.17
1761663600,114639.86
1761667200,115350.04
1761670800,115306.13
1761674400,115023.24
1761678000,113687.51
1761681600,112817.87
1761685200,113013.98
1761688800,113243.29
1761692400,112906.75
1761696000,112446.0
1761699600,112501.17
1761703200,112674.17
1761706800,112529.3
1761710400,112823.82
1761714000,113054.31
1761717600,113287.03
1761721200,113580.68
1761724800,113073.46
1761728400,112998.0
1761732000,112885.53
1761735600,113146.58
1761739200,113173.42
1761742800,112883.47
1761746400,112489.28
1761750000,111519.46
1761753600,111100.0
1761757200,111883.48
1761760800,110807.88
1761764400,110644.31
1761768000,111450.0
1761771600,111635.42
1761775200,111041.99
1761778800,110032.13
1761782400,110559.99
1761786000,110453.18
1761789600,110980.42
1761793200,110763.96
1761796800,108571.96
1761800400,110270.05
1761804000,110766.01
1761807600,111367.43
1761811200,110714.01
1761814800,110177.89
1761818400,110107.07
1761822000,109707.35
1761825600,108378.0
1761829200,107624.0
1761832800,108254.89
1761836400,107707.98
1761840000,108142.46
1761843600,107473.6
1761847200,106821.12
1761850800,106491.99
1761854400,107491.98
1761858000,107900.19
1761861600,107900.0
1761865200,108308.18
1761868800,109300.0
1761872400,109604.63
1761876000,108830.35
1761879600,109201.98
1761883200,110063.23
1761886800,109864.38
1761890400,109615.18
1761894000,109383.27
1761897600,110030.12
1761901200,109824.36
1761904800,109778.0
1761908400,110365.92
1761912000,109616.72
1761915600,110103.83
1761919200,110692.0
1761922800,110137.07
1761926400,108769.15
1761930000,109233.98
1761933600,109373.05
1761937200,109756.29
1761940800,109423.43
1761944400,109509.11
1761948000,109521.92
1761951600,109555.27
1761955200,109678.59
1761958800,109670.4
1761962400,109717.01
1761966000,110174.08
1761969600,110221.61
1761973200,110073.63
1761976800,109942.24
1761980400,110016.68
1761984000,110186.26
1761987600,109936.14
1761991200,110089.5
1761994800,110065.37
1761998400,109953.01
1762002000,109891.24
1762005600,109881.08
1762009200,110256.93
1762012800,110420.37
1762016400,110159.29
1762020000,110286.16
1762023600,110252.53
1762027200,110364.99
1762030800,109814.79
1762034400,110051.03
1762038000,110052.25
1762041600,109921.99
1762045200,109928.49
1762048800,109972.26
1762052400,110007.99
1762056000,110631.96
1762059600,110453.98
1762063200,110631.3
1762066800,110871.92
1762070400,110802.78
1762074000,110682.09
1762077600,110467.93
1762081200,111150.96
1762084800,110713.58
1762088400,110562.0
1762092000,110409.91
1762095600,110095.99
1762099200,110106.01
1762102800,110188.65
1762106400,110338.02
1762110000,110178.02
1762113600,110085.82
1762117200,109978.95
1762120800,109902.0
1762124400,110536.01
1762128000,109744.25
1762131600,109658.88
1762135200,109043.93
1762138800,107934.01
1762142400,107890.62
1762146000,107592.21
1762149600,107476.0
1762153200,107444.01
1762156800,107563.9
1762160400,107181.96
1762164000,106951.68
1762167600,107779.99
1762171200,107744.82
1762174800,107890.02
1762178400,108040.04
1762182000,105727.95
1762185600,106658.0
1762189200,107447.29
1762192800,106935.17
1762196400,107053.5
1762200000,106632.31
1762203600,106872.3
1762207200,106464.58
1762210800,106557.98
1762214400,106436.0
1762218000,107008.98
1762221600,106447.89
1762225200,107120.04
1762228800,106711.97
1762232400,104176.89
1762236000,104707.37
1762239600,104444.27
1762243200,104002.04
1762246800,103809.6
1762250400,103765.99
1762254000,104549.78
1762257600,103915.99
1762261200,103871.23
1762264800,104457.6
1762268400,103150.0
1762272000,102195.72
1762275600,101039.0
1762279200,101294.09
1762282800,100464.88
1762286400,100680.87
1762290000,100258.61
1762293600,101279.99
1762297200,101468.15
1762300800,100542.65
1762304400,100742.39
1762308000,101665.62
1762311600,102126.0
1762315200,101984.0
1762318800,101810.14
1762322400,102109.99
1762326000,101988.04
1762329600,101686.79
1762333200,101978.01
1762336800,101379.54
1762340400,102062.0
1762344000,102651.85
1762347600,102967.41
1762351200,103190.37
1762354800,103706.65
1762358400,103904.0
1762362000,103895.41
1762365600,104358.13
1762369200,103996.0
1762372800,103841.98
1762376400,103656.04
1762380000,103693.18
1762383600,103869.0
1762387200,103669.27
1762390800,103344.51
1762394400,103294.03
1762398000,103632.01
1762401600,104030.03
1762405200,103125.04
1762408800,103292.21
1762412400,103170.4
1762416000,103180.11
1762419600,102793.3
1762423200,103096.77
1762426800,103198.7
1762430400,102512.83
1762434000,103271.98
1762437600,102077.02
1762441200,101961.75
1762444800,100795.18
1762448400,101739.96
1762452000,101665.54
1762455600,101325.58
1762459200,100860.0
1762462800,101059.02
1762466400,101355.5
1762470000,101290.5
1762473600,101415.52
1762477200,101486.55
1762480800,101848.08
1762484400,101855.57
1762488000,101962.03
1762491600,102397.07
1762495200,101766.0
1762498800,101959.83
1762502400,101439.85
1762506000,100953.91
1762509600,100712.31
1762513200,100350.26
1762516800,99560.93
1762520400,100277.71
1762524000,100748.01
1762527600,100722.66
1762531200,101092.92
1762534800,102324.91
1762538400,102544.49
1762542000,103349.98
1762545600,103749.09
1762549200,103848.0
1762552800,103584.81
1762556400,103284.27
1762560000,102638.02
1762563600,102930.1
1762567200,102798.15
1762570800,102526.24
1762574400,102500.21
1762578000,102247.59
1762581600,102179.0
1762585200,102295.78
1762588800,102381.19
1762592400,102342.0
1762596000,102429.3
1762599600,101811.83
1762603200,102018.8
1762606800,101754.78
1762610400,101800.34
1762614000,101684.54
1762617600,101824.0
1762621200,101969.08
1762624800,102108.9
1762628400,101950.03
1762632000,102040.97
1762635600,102248.01
1762639200,102345.41
1762642800,102285.57
1762646400,101760.73
1762650000,102012.64
1762653600,101613.88
1762657200,101642.0
1762660800,101698.02
1762664400,101911.98
1762668000,101728.63
1762671600,101919.36
1762675200,101961.03
1762678800,101635.16
1762682400,101864.02
1762686000,102232.01
1762689600,102069.25
1762693200,102892.06
1762696800,103025.06
1762700400,103735.45
1762704000,103826.64
1762707600,103621.52
1762711200,104493.89
1762714800,104795.0
1762718400,104610.02
1762722000,104514.61
1762725600,104715.95
1762729200,104694.95
1762732800,106272.59
1762736400,105693.49
1762740000,105976.97
1762743600,106010.61
1762747200,106144.93
1762750800,106079.64
1762754400,106200.79
1762758000,106435.98
1762761600,105947.29
1762765200,106432.1
1762768800,105976.34
1762772400,106159.58
1762776000,105922.59
1762779600,106519.99
1762783200,104863.7
1762786800,105051.63
1762790400,105196.17
1762794000,105924.01
1762797600,105440.76
1762801200,105797.98
1762804800,105985.94
1762808400,105598.25
1762812000,106027.56
1762815600,105979.38
1762819200,106109.28
1762822800,106067.29
1762826400,106614.19
1762830000,106429.99
1762833600,105717.51
1762837200,105222.01
1762840800,105227.95
1762844400,104757.65
1762848000,105129.44
1762851600,104957.11
1762855200,105160.6
1762858800,105298.47
1762862400,104535.98
1762866000,104388.32
1762869600,104550.59
1762873200,103447.76
1762876800,103390.25
1762880400,103305.91
1762884000,103375.08
1762887600,103105.7
1762891200,102771.54
1762894800,102591.82
1762898400,102958.78
1762902000,103009.35
1762905600,102832.02
1762909200,103212.25
1762912800,103114.05
1762916400,103282.62
1762920000,103216.03
1762923600,103373.06
1762927200,103348.0
1762930800,103102.51
1762934400,104132.02
1762938000,104507.32
1762941600,104877.95
1762945200,105015.6
1762948800,104986.41
1762952400,105037.5
1762956000,103980.77
1762959600,102165.3
1762963200,101420.0
1762966800,101729.23
1762970400,101525.04
1762974000,101270.01
1762977600,101519.99
1762981200,101898.4
1762984800,101954.74
1762988400,101639.01
1762992000,101857.28
1762995600,101988.0
1762999200,102048.87
1763002800,102106.16
1763006400,102089.29
1763010000,103116.03
1763013600,103576.92
1763017200,103449.93
1763020800,103637.93
1763024400,102803.84
1763028000,102966.16
1763031600,102906.53
1763035200,103115.16
1763038800,102299.77
1763042400,102850.98
1763046000,101352.0
1763049600,100589.59
1763053200,99594.96
1763056800,98529.2
1763060400,98629.96
1763064000,98090.0
1763067600,98738.14
1763071200,99795.65
1763074800,99614.54
1763078400,98929.36
1763082000,99212.68
1763085600,99574.94
1763089200,99095.36
1763092800,97780.08
1763096400,97479.32
1763100000,97516.0
1763103600,97093.95
1763107200,97313.86
1763110800,96799.58
1763114400,96700.5
1763118000,96124.0
1763121600,95282.4
1763125200,95147.49
1763128800,96464.01
1763132400,96730.95
1763136000,96954.45
1763139600,95784.51
1763143200,95011.98
1763146800,95707.73
1763150400,94287.01
1763154000,94961.99
1763157600,95096.01
1763161200,94503.96
1763164800,95070.0
1763168400,95600.0
1763172000,96386.03
1763175600,96347.93
1763179200,96048.01
1763182800,96287.24
1763186400,96051.99
1763190000,96267.55
1763193600,95831.25
1763197200,95743.5
1763200800,95879.23
1763204400,95626.39
1763208000,95751.33
1763211600,96313.35
1763215200,96190.56
1763218800,96200.0
1763222400,96091.1
1763226000,96166.76
1763229600,95990.85
1763233200,95946.03
1763236800,95211.35
1763240400,95225.09
1763244000,95556.69
1763247600,95544.94
1763251200,95303.36
1763254800,95207.08
1763258400,95904.87
1763262000,95749.72
1763265600,95755.46
1763269200,95812.03
1763272800,95733.55
1763276400,96018.1
1763280000,96039.99
1763283600,96558.0
1763287200,96366.63
1763290800,95569.49
1763294400,95681.14
1763298000,95368.93
1763301600,95468.77
1763305200,94513.71
1763308800,94151.99
1763312400,94299.99
1763316000,93988.01
1763319600,93976.0
1763323200,94036.42
1763326800,93435.99
1763330400,94108.67
1763334000,94183.97
1763337600,95243.47
1763341200,94704.75
1763344800,94904.62
1763348400,95434.02
1763352000,95040.9
1763355600,95057.99
1763359200,95204.01
1763362800,95569.51
1763366400,95550.0
1763370000,95576.48
1763373600,95577.22
1763377200,95490.45
1763380800,95244.29
1763384400,93869.34
1763388000,94679.36
1763391600,93866.91
1763395200,94217.5
1763398800,92672.19
1763402400,92435.53
1763406000,91554.77
1763409600,91787.28
1763413200,91836.46
1763416800,92139.99
1763420400,92100.6
1763424000,92055.99
1763427600,91594.56
1763431200,90750.04
1763434800,90735.92
1763438400,89972.0
1763442000,90106.89
1763445600,89537.8
1763449200,90391.98
1763452800,91121.6
1763456400,91296.55
1763460000,91472.86
1763463600,91413.99
1763467200,91416.01
1763470800,91385.14
1763474400,91255.01
1763478000,92827.96
1763481600,93444.01
1763485200,93202.93
1763488800,93274.83
1763492400,93123.99
1763496000,92748.97
1763499600,92442.18
1763503200,93112.95
1763506800,92914.46
1763510400,92354.58
1763514000,92379.41
1763517600,92497.54
1763521200,91805.53
1763524800,91083.17
1763528400,90384.87
1763532000,90914.01
1763535600,91807.64
1763539200,91416.0
1763542800,91470.46
1763546400,91234.0
1763550000,91342.79
1763553600,91712.0
1763557200,91337.31
1763560800,91666.02
1763564400,89876.91
1763568000,89833.03
1763571600,89422.1
1763575200,89140.0
1763578800,88783.08
1763582400,89413.61
1763586000,90503.89
1763589600,90384.83
1763593200,91461.6
1763596800,91802.0
1763600400,92522.66
1763604000,92503.17
1763607600,92358.0
1763611200,92878.94
1763614800,92535.28
1763618400,91892.05
1763622000,92224.46
1763625600,92040.0
1763629200,91810.0
1763632800,91710.01
1763636400,91834.69
1763640000,91747.62
1763643600,91436.94
1763647200,91002.45
1763650800,89746.57
1763654400,87776.0
1763658000,87136.57
1763661600,86376.7
1763665200,86796.05
1763668800,86333.83
1763672400,87184.0
1763676000,87969.55
1763679600,86536.88
1763683200,87177.4
1763686800,86941.51
1763690400,85346.8
1763694000,85718.02
1763697600,85944.83
1763701200,86084.86
1763704800,85465.98
1763708400,83914.25
1763712000,83532.0
1763715600,82104.02
1763719200,82592.04
1763722800,82204.53
1763726400,83176.01
1763730000,84005.71
1763733600,84756.3
1763737200,82846.0
1763740800,84825.24
1763744400,84806.13
1763748000,84506.03
1763751600,84135.7
1763755200,84487.2
1763758800,85121.99
1763762400,84210.0
1763766000,85068.88
1763769600,84672.0
1763773200,85104.0
1763776800,84463.99
1763780400,84379.26
1763784000,84177.67
1763787600,84215.96
1763791200,84574.43
1763794800,84522.2
1763798400,83959.02
1763802000,83870.01
1763805600,83636.57
1763809200,84033.62
1763812800,83829.85
1763816400,83890.01
1763820000,84436.03
1763823600,84228.15
1763827200,84644.43
1763830800,84493.56
1763834400,84607.79
1763838000,84552.4
1763841600,84416.62
1763845200,84358.15
1763848800,85012.54
1763852400,84684.0
1763856000,84915.25
1763859600,85827.88
1763863200,85944.14
1763866800,86264.01
1763870400,86496.04
1763874000,86305.23
1763877600,85812.88
1763881200,85724.07
1763884800,86088.05
1763888400,86369.99
1763892000,86012.0
1763895600,86293.12
1763899200,86483.2
1763902800,86892.33
1763906400,86506.01
1763910000,87046.01
1763913600,86643.21
1763917200,86711.17
1763920800,86959.99
1763924400,87290.42
1763928000,87452.01
1763931600,87970.01
1763935200,87980.49
1763938800,86808.28
1763942400,86702.54
1763946000,87031.24
1763949600,87486.03
1763953200,87408.0
1763956800,86690.1
1763960400,87421.06
1763964000,86867.55
1763967600,87009.32
1763971200,86911.99
1763974800,85895.05
1763978400,85996.0
1763982000,86210.03
1763985600,85949.38
1763989200,86096.0
1763992800,86089.44
1763996400,86564.16
1764000000,87129.84
1764003600,88340.75
1764007200,88689.9
1764010800,88308.42
1764014400,89072.01
1764018000,88744.72
1764021600,88605.46
1764025200,88266.2
1764028800,88080.14
1764032400,87708.69
1764036000,87886.61
1764039600,87786.04
1764043200,88311.44
1764046800,88093.22
1764050400,87981.14
1764054000,87375.34
1764057600,86984.76
1764061200,87209.26
1764064800,87382.27
1764068400,87334.41
1764072000,87478.15
1764075600,87035.14
1764079200,86691.45
1764082800,86946.0
1764086400,87068.02
1764090000,87568.62
1764093600,87183.75
1764097200,86834.43
1764100800,87343.65
1764104400,86995.04
1764108000,87596.32
1764111600,87325.01
1764115200,87538.6
1764118800,87884.03
1764122400,87678.0
1764126000,87084.48
1764129600,87192.15
1764133200,87484.3
1764136800,87760.76
1764140400,87903.99
1764144000,87380.9
1764147600,86791.05
1764151200,86913.48
1764154800,87077.36
1764158400,86626.01
1764162000,87097.98
1764165600,86864.3
1764169200,86945.14
1764172800,87794.03
1764176400,89816.01
1764180000,90128.02
1764183600,89948.0
1764187200,89856.06
1764190800,90186.06
1764194400,90370.0
1764198000,90468.84
1764201600,90469.78
1764205200,91138.04
1764208800,91376.9
1764212400,91072.91
1764216000,91261.62
1764219600,90949.31
1764223200,91222.94
1764226800,91396.51
1764230400,91482.18
1764234000,91552.05
1764237600,91595.95
1764241200,91364.45
1764244800,90966.0
1764248400,90836.62
1764252000,90768.0
1764255600,90947.07
1764259200,91448.02
1764262800,91462.07
1764266400,91774.02
1764270000,91521.61
1764273600,91426.21
1764277200,91420.43
1764280800,91309.88
1764284400,91316.7
1764288000,91192.07
1764291600,90771.87
1764295200,91059.27
1764298800,91187.99
1764302400,91405.01
1764306000,91598.74
1764309600,91286.85
1764313200,90887.4
1764316800,91680.2
1764320400,91596.03
1764324000,91828.68
1764327600,91420.04
1764331200,91504.07
1764334800,92367.85
1764338400,92250.11
1764342000,92366.58
1764345600,90936.73
1764349200,90673.19
1764352800,90846.1
1764356400,91158.85
1764360000,91222.03
1764363600,90903.27
1764367200,91126.6
1764370800,90902.7
1764374400,90901.99
1764378000,90889.99
1764381600,90810.91
1764385200,90683.0
1764388800,90913.19
1764392400,90757.7
1764396000,90573.14
1764399600,90585.39
1764403200,90645.14
1764406800,90587.94
1764410400,90581.31
1764414000,90698.18
1764417600,90640.56
1764421200,90814.91
1764424800,90650.38
1764428400,91100.0
1764432000,91029.58
1764435600,90456.03
1764439200,90723.02
1764442800,90676.53
1764446400,90986.94
1764450000,91034.03
1764453600,90773.73
1764457200,90828.06
1764460800,90914.65
1764464400,90929.59
1764468000,90812.93
1764471600,90935.44
1764475200,90876.5
1764478800,90802.88
1764482400,90910.57
1764486000,90988.11
1764489600,91194.96
1764493200,91411.32
1764496800,91241.1
1764500400,91059.38
1764504000,91485.87
1764507600,91781.88
1764511200,91499.72
1764514800,91455.99
1764518400,91844.11
1764522000,91497.65
1764525600,91464.01
1764529200,91466.34
1764532800,91319.34
1764536400,91180.0
1764540000,91224.83
1764543600,90369.51
1764547200,87002.03
1764550800,87178.31
1764554400,86726.9
1764558000,86349.27
1764561600,85797.99
1764565200,85998.86
1764568800,86232.65
1764572400,86539.21
1764576000,86857.98
1764579600,86697.01
1764583200,86632.21
1764586800,86119.98
1764590400,85407.03
1764594000,85970.5
1764597600,86047.49
1764601200,84668.05
1764604800,84549.85
1764608400,84942.55
1764612000,85188.98
1764615600,85022.14
1764619200,85511.18
1764622800,86440.01
1764626400,86590.35
1764630000,86282.36
1764633600,86514.01
1764637200,86449.52
1764640800,86540.33
1764644400,86978.43
1764648000,86974.9
1764651600,87010.0
1764655200,87087.02
1764658800,87013.33
1764662400,86470.32
1764666000,86762.92
1764669600,87272.0
1764673200,87375.2
1764676800,87272.0
1764680400,87733.17
1764684000,89286.94
1764687600,90854.04
1764691200,90769.31
1764694800,91481.98
1764698400,91973.01
1764702000,91920.76
1764705600,91070.79
1764709200,91600.19
1764712800,92000.45
1764716400,91308.05
1764720000,91684.58
1764723600,92268.9
1764727200,92824.0
1764730800,92644.18
1764734400,93376.01
1764738000,93658.47
1764741600,93464.03
1764745200,93026.22
1764748800,92789.54
1764752400,93198.08
1764756000,92961.36
1764759600,93022.75
1764763200,92958.01
1764766800,93157.05
1764770400,92400.0
1764774000,92393.47
1764777600,92258.04
1764781200,92981.71
1764784800,92628.18
1764788400,93045.99
1764792000,92991.75
1764795600,93716.04
1764799200,93798.43
1764802800,93453.84
1764806400,93075.91
1764810000,93210.0
1764813600,93950.03
1764817200,93552.18
1764820800,93377.02
1764824400,92987.78
1764828000,93158.03
1764831600,93406.33
1764835200,93278.36
1764838800,93470.02
1764842400,93278.5
1764846000,92952.84
1764849600,93004.0
1764853200,92525.48
1764856800,91903.99
1764860400,92992.0
1764864000,92459.17
1764867600,92453.43
1764871200,92162.08
1764874800,92003.65
1764878400,92523.07
1764882000,92176.35
1764885600,92355.64
1764889200,92093.54
1764892800,92318.01
1764896400,92383.04
1764900000,92534.44
1764903600,92168.16
1764907200,92046.89
1764910800,91962.46
1764914400,92308.45
1764918000,92287.6
1764921600,92117.94
1764925200,91154.02
1764928800,91304.03
1764932400,91371.57
1764936000,91266.28
1764939600,90491.88
1764943200,90309.13
1764946800,90478.42
1764950400,88840.0
1764954000,89360.12
1764957600,88971.52
1764961200,89660.05
1764964800,89321.7
1764968400,89206.85
1764972000,89260.61
1764975600,89345.29
1764979200,89428.2
1764982800,89336.8
1764986400,89400.41
1764990000,89699.99
1764993600,89670.38
1764997200,89617.76
1765000800,89710.06
1765004400,89602.89
1765008000,89301.94
1765011600,89593.81
1765015200,89524.44
1765018800,89646.44
1765022400,89597.08
1765026000,89682.85
1765029600,90020.34
1765033200,89778.85
1765036800,89737.37
1765040400,89734.07
1765044000,89675.01
1765047600,89427.99
1765051200,89565.85
1765054800,89438.38
1765058400,89307.28
1765062000,89267.97
1765065600,89412.7
1765069200,89306.06
1765072800,89633.6
1765076400,89746.99
1765080000,89555.13
1765083600,89521.94
1765087200,89718.08
1765090800,89385.25
1765094400,89322.39
1765098000,89119.57
1765101600,89252.14
1765105200,89165.9
1765108800,89490.03
1765112400,89056.97
1765116000,88239.13
1765119600,89552.0
1765123200,89889.95
1765126800,90961.84
1765130400,91378.37
1765134000,91435.57
1765137600,91446.28
1765141200,90230.01
1765144800,89608.16
1765148400,90402.29
1765152000,90360.81
1765155600,90921.13
1765159200,91373.24
1765162800,91085.51
1765166400,91298.02
1765170000,91333.64
1765173600,91469.99
1765177200,91571.36
1765180800,91842.29
1765184400,91920.96
1765188000,92136.99
1765191600,91980.87
1765195200,91776.12
1765198800,91464.37
1765202400,90843.04
1765206000,89972.0
1765209600,89982.34
1765213200,90263.74
1765216800,89926.61
1765220400,90130.76
1765224000,90813.85
1765227600,91319.0
1765231200,90839.76
1765234800,90653.86
1765238400,90402.19
1765242000,90076.1
1765245600,90081.99
1765249200,90421.79
1765252800,89929.88
1765256400,89911.61
1765260000,90170.01
1765263600,90498.96
1765267200,90499.95
1765270800,90144.02
1765274400,90300.75
1765278000,90397.72
1765281600,90587.92
1765285200,90435.48
1765288800,90363.79
1765292400,92722.04
1765296000,94204.69
1765299600,93935.61
1765303200,93949.98
1765306800,93821.52
1765310400,93136.46
1765314000,92647.32
1765317600,92884.35
1765321200,92690.0
1765324800,92138.0
1765328400,92323.84
1765332000,92520.01
1765335600,92423.53
1765339200,92568.27
1765342800,92562.31
1765346400,92705.8
1765350000,92812.44
1765353600,92607.85
1765357200,92930.28
1765360800,92266.3
1765364400,92125.65
1765368000,91992.71
1765371600,92095.96
1765375200,91832.74
1765378800,92073.72
1765382400,92178.49
1765386000,92396.87
1765389600,92503.1
1765393200,92992.05
1765396800,92498.32
1765400400,92395.93
1765404000,92528.07
1765407600,92035.99
1765411200,91410.0
1765414800,90697.62
1765418400,90099.99
1765422000,89898.02
1765425600,90456.47
1765429200,90329.76
1765432800,90303.35
1765436400,90291.84
1765440000,90206.9
1765443600,90257.98
1765447200,90335.71
1765450800,90252.8
1765454400,90038.35
1765458000,90099.94
1765461600,89531.8
1765465200,89874.66
1765468800,89756.0
1765472400,89979.65
1765476000,90708.37
1765479600,90853.99
1765483200,91808.02
1765486800,92882.74
1765490400,92381.76
1765494000,92542.0
1765497600,91586.09
1765501200,92185.99
1765504800,92614.0
1765508400,92300.42
1765512000,92411.99
1765515600,92455.99
1765519200,92528.01
1765522800,92455.55
1765526400,92380.88
1765530000,92538.19
1765533600,92505.79
1765537200,92432.0
1765540800,92444.01
1765544400,92320.71
1765548000,92447.36
1765551600,89951.05
1765555200,90069.26
1765558800,90111.66
1765562400,90396.06
1765566000,90203.88
1765569600,90220.0
1765573200,90194.0
1765576800,90361.35
1765580400,90278.0
1765584000,90326.1
1765587600,90229.94
1765591200,90239.99
1765594800,90351.96
1765598400,90386.76
1765602000,90358.48
1765605600,90366.58
1765609200,90341.73
1765612800,90479.06
1765616400,90438.97
1765620000,90609.54
1765623600,90360.6
1765627200,90364.02
1765630800,90272.96
1765634400,90094.0
1765638000,90108.0
1765641600,90108.01
1765645200,90075.14
1765648800,90140.77
1765652400,90200.01
1765656000,90115.93
1765659600,90187.97
1765663200,90153.17
1765666800,90255.32
1765670400,90362.0
1765674000,90316.5
1765677600,90314.47
1765681200,90272.02
1765684800,90214.0
1765688400,90216.01
1765692000,90163.97
1765695600,90256.0
1765699200,90130.89
1765702800,90034.23
1765706400,89865.26
1765710000,89375.99
1765713600,89443.23
1765717200,89509.98
1765720800,89126.0
1765724400,89035.96
1765728000,88846.65
1765731600,88826.45
1765735200,89013.27
1765738800,88655.85
1765742400,88573.99
1765746000,88460.0
1765749600,88427.41
1765753200,88171.61
1765756800,88475.12
1765760400,89258.8
1765764000,89327.99
1765767600,89295.7
1765771200,89678.0
1765774800,89624.21
1765778400,89744.0
1765782000,89748.26
1765785600,89772.0
1765789200,89870.01
1765792800,89870.98
1765796400,89656.06
1765800000,89702.01
1765803600,89428.12
1765807200,88043.99
1765810800,87027.98
1765814400,86375.91
1765818000,85740.27
1765821600,86179.56
1765825200,86130.02
1765828800,85757.01
1765832400,86217.61
1765836000,86243.69
1765839600,86417.5
1765843200,85856.56
1765846800,85876.24
1765850400,85926.88
1765854000,85856.0
1765857600,85813.2
1765861200,86017.9
1765864800,86494.24
1765868400,86002.2
1765872000,86266.0
1765875600,86333.54
1765879200,86958.56
1765882800,87242.88
1765886400,87192.0
1765890000,86434.0
1765893600,87278.01
1765897200,87956.43
1765900800,87572.25
1765904400,87113.99
1765908000,87771.16
1765911600,87565.12
1765915200,87552.02
1765918800,87744.0
1765922400,87784.0
1765926000,87854.01
1765929600,87517.99
1765933200,87537.28
1765936800,87470.0
1765940400,87189.02
1765944000,86729.86
1765947600,86602.73
1765951200,86749.42
1765954800,87017.4
1765958400,86361.79
1765962000,86389.98
1765965600,86594.49
1765969200,86961.86
1765972800,86995.93
1765976400,87598.0
1765980000,89658.0
1765983600,87197.29
1765987200,86954.0
1765990800,86393.49
1765994400,85779.78
1765998000,85980.0
1766001600,85857.38
1766005200,85945.98
1766008800,86313.99
1766012400,86209.77
1766016000,86200.95
1766019600,86092.04
1766023200,86659.82
1766026800,86578.0
1766030400,86730.68
1766034000,86406.1
1766037600,86618.76
1766041200,86798.0
1766044800,86938.54
1766048400,87238.17
1766052000,87308.26
1766055600,87228.34
1766059200,87215.24
1766062800,88796.9
1766066400,88298.35
1766070000,88451.99
1766073600,87946.09
1766077200,86425.66
1766080800,85933.99
1766084400,84433.02
1766088000,84558.65
1766091600,85579.45
1766095200,85534.0
1766098800,85460.02
1766102400,85562.84
1766106000,85270.65
1766109600,85589.93
1766113200,86824.07
1766116800,87042.12
1766120400,87087.15
1766124000,87420.68
1766127600,87895.12
1766131200,88041.99
1766134800,88056.87
1766138400,88226.02
1766142000,88146.46
1766145600,87812.04
1766149200,87949.76
1766152800,88126.0
1766156400,87896.58
1766160000,87918.0
1766163600,86886.0
1766167200,87091.68
1766170800,87779.29
1766174400,88021.73
1766178000,87794.46
1766181600,88294.0
1766185200,88092.65
1766188800,87966.64
1766192400,88043.19
1766196000,88168.0
1766199600,88174.63
1766203200,88261.04
1766206800,88258.01
1766210400,88268.08
1766214000,88245.89
1766217600,88213.64
1766221200,88186.0
1766224800,88131.08
1766228400,88238.01
1766232000,88204.96
1766235600,88228.0
1766239200,88208.0
1766242800,88138.0
1766246400,88115.97
1766250000,88152.56
1766253600,88277.94
1766257200,88197.16
1766260800,88252.63
1766264400,88182.82
1766268000,88247.98
1766271600,88324.0
1766275200,88358.0
1766278800,87991.54
1766282400,87923.25
1766286000,88050.0
1766289600,88046.31
1766293200,88108.85
1766296800,88066.0
1766300400,88150.02
1766304000,88501.69
1766307600,88859.99
1766311200,88631.73
1766314800,88569.99
1766318400,88602.14
1766322000,87642.01
1766325600,88030.43
1766329200,88035.59
1766332800,88323.22
1766336400,88296.73
1766340000,88416.02
1766343600,88460.88
1766347200,88210.0
1766350800,88137.97
1766354400,88448.95
1766358000,88639.95
1766361600,88600.0
1766365200,88598.02
1766368800,88435.99
1766372400,88750.01
1766376000,88884.15
1766379600,88803.96
1766383200,88875.61
1766386800,89134.76
1766390400,89293.99
1766394000,89785.97
1766397600,89748.06
1766401200,89900.32
1766404800,90174.0
1766408400,89876.77
1766412000,90100.09
1766415600,89691.94
1766419200,89507.32
1766422800,89268.18
1766426400,89090.93
1766430000,87996.17
1766433600,88294.02
1766437200,88220.24
1766440800,88607.0
1766444400,88556.77
1766448000,88719.8
1766451600,88456.02
1766455200,88149.99
1766458800,88114.4
1766462400,87867.96
1766466000,87701.89
1766469600,87342.07
1766473200,87505.98
1766476800,87413.29
1766480400,87471.4
1766484000,87546.85
1766487600,87806.84
1766491200,87730.38
1766494800,87569.94
1766498400,86814.02
1766502000,87390.51
1766505600,87946.29
1766509200,87128.0
1766512800,87921.09
1766516400,87690.84
1766520000,87613.32
1766523600,87663.39
1766527200,87351.63
1766530800,87429.32
1766534400,87595.91
1766538000,87571.2
1766541600,87068.89
1766545200,87278.1
1766548800,87085.05
1766552400,86895.49
1766556000,86953.99
1766559600,86843.96
1766563200,86727.99
1766566800,86734.96
1766570400,87029.42
1766574000,87144.36
1766577600,87379.99
1766581200,87234.42
1766584800,86925.21
1766588400,86978.71
1766592000,87214.0
1766595600,87257.34
1766599200,87406.6
1766602800,87498.87
1766606400,87494.01
1766610000,87631.96
1766613600,87940.0
1766617200,87609.03
1766620800,87501.99
1766624400,87643.96
1766628000,87825.22
1766631600,87782.85
1766635200,87718.44
1766638800,87689.83
1766642400,87779.18
1766646000,87774.01
1766649600,87526.02
1766653200,87456.01
1766656800,87361.3
1766660400,87459.42
1766664000,87513.45
1766667600,87571.95
1766671200,87672.06
1766674800,88313.03
1766678400,88023.94
1766682000,88070.86
1766685600,88180.02
1766689200,88091.64
1766692800,87832.01
1766696400,87840.11
1766700000,87603.99
1766703600,87171.68
1766707200,87072.9
1766710800,87367.66
1766714400,89107.99
1766718000,88752.0
1766721600,88891.03
1766725200,88918.87
1766728800,89051.34
1766732400,88377.39
1766736000,88664.93
1766739600,88756.01
1766743200,88688.15
1766746800,88471.93
1766750400,88613.9
1766754000,88935.0
1766757600,87307.98
1766761200,87060.01
1766764800,86779.0
1766768400,87239.26
1766772000,87192.0
1766775600,87421.94
1766779200,87507.92
1766782800,87393.27
1766786400,87474.49
1766790000,87296.01
1766793600,87329.16
1766797200,87412.32
1766800800,87391.6
1766804400,87449.67
1766808000,87414.79
1766811600,87448.39
1766815200,87405.84
1766818800,87470.54
1766822400,87530.31
1766826000,87562.25
1766829600,87444.05
1766833200,87422.73
1766836800,87424.04
1766840400,87400.02
1766844000,87480.4
1766847600,87503.85
1766851200,87448.0
1766854800,87502.59
1766858400,87443.5
1766862000,87518.98
1766865600,87500.92
1766869200,87605.25
1766872800,87495.69
1766876400,87808.0
1766880000,87779.75
1766883600,87722.66
1766887200,87737.18
1766890800,87664.71
1766894400,87657.42
1766898000,87590.32
1766901600,87655.51
1766905200,87668.32
1766908800,87736.16
1766912400,87739.47
1766916000,87792.88
1766919600,87821.17
1766923200,87773.32
1766926800,87822.04
1766930400,87846.5
1766934000,87770.32
1766937600,87748.01
1766941200,87673.99
1766944800,87530.02
1766948400,87449.26
1766952000,87439.54
1766955600,87522.75
1766959200,87831.83
1766962800,87877.29
1766966400,88222.05
1766970000,88361.85
1766973600,89066.32
1766977200,90018.79
1766980800,90050.0
1766984400,89882.04
1766988000,89671.99
1766991600,89502.71
1766995200,89447.93
1766998800,88003.99
1767002400,87665.99
1767006000,87448.83
1767009600,87266.44
1767013200,87277.86
1767016800,87321.22
1767020400,87577.99
1767024000,87531.99
1767027600,87752.32
1767031200,87360.63
1767034800,87243.73
1767038400,87076.36
1767042000,87214.0
1767045600,87227.79
1767049200,87110.78
1767052800,87138.83
1767056400,87193.94
1767060000,86984.48
1767063600,87259.68
1767067200,87190.05
1767070800,87140.01
1767074400,87335.33
1767078000,87380.7
1767081600,87746.76
1767085200,87882.02
1767088800,87832.25
1767092400,87791.99
1767096000,87914.84
1767099600,87996.6
1767103200,88767.99
1767106800,88954.99
1767110400,88659.99
1767114000,88297.59
1767117600,88226.5
1767121200,88145.74
1767124800,87836.94
1767128400,88197.87
1767132000,88335.23
1767135600,88397.5
1767139200,88156.0
1767142800,88550.41
1767146400,88573.77
1767150000,88344.71
1767153600,88225.11
1767157200,88347.98
1767160800,88403.82
1767164400,88503.98
1767168000,88328.01
1767171600,88558.32
1767175200,88732.03
1767178800,88906.29
1767182400,88672.0
1767186000,88879.94
1767189600,88382.97
1767193200,87837.8
1767196800,87531.06
1767200400,87487.96
1767204000,87554.16
1767207600,87391.02
1767211200,87523.98
1767214800,87649.5
1767218400,87591.31
1767222000,87497.94
1767225600,87650.01
1767229200,87796.09
1767232800,87753.11
1767236400,87696.53
1767240000,87418.55
1767243600,87534.01
1767247200,87493.28
1767250800,87471.99
1767254400,87617.55
1767258000,87744.0
1767261600,87723.72
1767265200,87883.74
1767268800,87812.44
1767272400,87792.65
1767276000,87844.0
1767279600,87915.23
1767283200,87878.48
1767286800,88199.49
1767290400,88073.44
1767294000,88275.99
1767297600,88144.99
1767301200,88278.0
1767304800,88528.02
1767308400,88738.34
1767312000,88734.11
1767315600,88542.3
1767319200,88539.99
1767322800,88840.02
1767326400,88532.01
1767330000,88656.48
1767333600,88837.1
1767337200,88758.22
1767340800,89056.0
1767344400,89371.99
1767348000,89588.43
1767351600,89411.99
1767355200,89316.01
1767358800,89280.28
1767362400,89539.58
1767366000,89352.02
1767369600,90329.0
1767373200,90335.75
1767376800,89732.71
1767380400,89844.04
1767384000,89693.1
1767387600,90020.0
1767391200,90164.0
1767394800,89957.99
1767398400,90124.94
1767402000,90240.01
1767405600,90296.02
1767409200,90293.58
1767412800,90132.72
1767416400,90002.0
1767420000,89835.25
1767423600,89545.64
1767427200,89639.99
1767430800,89763.99
1767434400,89717.94
1767438000,89700.01
1767441600,89988.63
1767445200,89956.43
1767448800,90079.99
1767452400,89921.79
1767456000,90060.08
1767459600,90049.48
1767463200,90095.0
1767466800,90080.13
1767470400,90319.97
1767474000,90518.89
1767477600,90552.02
1767481200,90598.02
1767484800,91295.85
1767488400,91190.42
1767492000,91103.99
1767495600,91193.98
1767499200,91356.97
1767502800,91439.99
1767506400,91191.88
1767510000,91490.83
1767513600,91332.01
1767517200,91418.0
1767520800,91556.85
1767524400,91274.0
1767528000,91104.53
1767531600,91228.78
1767535200,91299.33
1767538800,91291.42
1767542400,91279.99
1767546000,91302.36
1767549600,91172.29
1767553200,91101.9
1767556800,91285.99
1767560400,91248.12
1767564000,91173.15
1767567600,91494.0
1767571200,92370.01
1767574800,92927.23
1767578400,92999.99
1767582000,92841.41
1767585600,92559.84
1767589200,92312.46
1767592800,92440.74
1767596400,92478.02
1767600000,92426.06
1767603600,92652.2
1767607200,93045.97
1767610800,93094.0
1767614400,92819.61
1767618000,92704.26
1767621600,93410.58
1767625200,93947.6
1767628800,93700.0
1767632400,94316.0
1767636000,94446.61
1767639600,94296.02
1767643200,94194.02
1767646800,94098.83
1767650400,94176.01
1767654000,93870.06
1767657600,93813.28
1767661200,93774.95
1767664800,93624.13
1767668400,93747.38
1767672000,93796.03
1767675600,93582.1
1767679200,93751.61
1767682800,93212.74
1767686400,93198.33
1767690000,93424.01
1767693600,93549.7
1767697200,93830.0
1767700800,93831.57
1767704400,93692.96
1767708000,93809.96
1767711600,93621.84
1767715200,92647.58
1767718800,91527.98
1767722400,91983.98
1767726000,92040.91
1767729600,92447.52
1767733200,93218.66
1767736800,93323.07
1767740400,93722.01
1767744000,92652.02
1767747600,92379.88
1767751200,92905.22
1767754800,92760.01
1767758400,92609.45
1767762000,92478.38
1767765600,92547.61
1767769200,92822.38
1767772800,92646.71
1767776400,91629.1
1767780000,91890.95
1767783600,92013.08
1767787200,91915.99
1767790800,91970.02
1767794400,91898.86
1767798000,91258.01
1767801600,91176.81
1767805200,91151.3
1767808800,90810.04
1767812400,91065.29
1767816000,90930.07
1767819600,90995.84
1767823200,91085.3
1767826800,91279.73
1767830400,91296.01
1767834000,91316.98
1767837600,90855.54
1767841200,90702.0
1767844800,90919.46
1767848400,90713.97
1767852000,89778.22
1767855600,90408.0
1767859200,90112.0
1767862800,89893.98
1767866400,90291.98
1767870000,90097.8
1767873600,89859.75
1767877200,89831.98
1767880800,89906.34
1767884400,90690.0
1767888000,90852.01
1767891600,91304.01
1767895200,91046.01
1767898800,90856.97
1767902400,90847.09
1767906000,91201.91
1767909600,91162.4
1767913200,91026.0
1767916800,91207.89
1767920400,90965.75
1767924000,90954.89
1767927600,91119.49
1767931200,90922.01
1767934800,90978.01
1767938400,91016.81
1767942000,90642.0
1767945600,89903.34
1767949200,90227.83
1767952800,90384.04
1767956400,90348.09
1767960000,90341.23
1767963600,90495.13
1767967200,90051.95
1767970800,91096.0
1767974400,91553.04
1767978000,91332.55
1767981600,90723.97
1767985200,90217.89
1767988800,90195.99
1767992400,90410.01
1767996000,90500.0
1767999600,90515.45
1768003200,90463.85
1768006800,90560.02
1768010400,90563.98
1768014000,90503.51
1768017600,90325.99
1768021200,90469.76
1768024800,90372.06
1768028400,90543.77
1768032000,90540.0
1768035600,90642.0
1768039200,90697.15
1768042800,90614.02
1768046400,90620.27
1768050000,90535.89
1768053600,90472.0
1768057200,90536.87
1768060800,90556.01
1768064400,90426.68
1768068000,90468.64
1768071600,90509.92
1768075200,90448.0
1768078800,90381.92
1768082400,90306.17
1768086000,90385.54
1768089600,90505.35
1768093200,90513.51
1768096800,90568.41
1768100400,90618.85
1768104000,90670.0
1768107600,90656.01
1768111200,90619.28
1768114800,90585.96
1768118400,90661.36
1768122000,90609.15
1768125600,90609.98
1768129200,90621.85
1768132800,90801.52
1768136400,90735.0
1768140000,90996.52
1768143600,90751.56
1768147200,90909.86
1768150800,90849.52
1768154400,90749.99
1768158000,90553.91
1768161600,90566.87
1768165200,90618.0
1768168800,90401.63
1768172400,90872.01
1768176000,91120.0
1768179600,91280.25
1768183200,92084.01
1768186800,91677.99
1768190400,92041.4
1768194000,91986.54
1768197600,91694.85
1768201200,91277.59
1768204800,90627.98
1768208400,90566.17
1768212000,90315.36
1768215600,90495.27
1768219200,90667.36
1768222800,90508.0
1768226400,90791.99
1768230000,91579.72
1768233600,92061.74
1768237200,91432.51
1768240800,91615.52
1768244400,91784.13
1768248000,91409.51
1768251600,90973.97
1768255200,91140.61
1768258800,91188.09
1768262400,91366.82
1768266000,91084.04
1768269600,91018.04
1768273200,91310.01
1768276800,91406.77
1768280400,91820.24
1768284000,92085.12
1768287600,91837.19
1768291200,92076.41
1768294800,92186.3
1768298400,92040.2
1768302000,91895.69
1768305600,92019.13
1768309200,91973.55
1768312800,92394.72
1768316400,93425.99
1768320000,93384.11
1768323600,93190.12
1768327200,93606.17
1768330800,94230.54
1768334400,94411.91
1768338000,94090.01
1768341600,95737.5
1768345200,95384.23
1768348800,95208.02
1768352400,95217.65
1768356000,95319.35
1768359600,95683.13
1768363200,95208.86
1768366800,95000.01
1768370400,95004.73
1768374000,95186.89
1768377600,94862.0
1768381200,95068.07
1768384800,95066.01
1768388400,94756.03
1768392000,95034.55
1768395600,94958.6
1768399200,96505.99
1768402800,96770.01
1768406400,97321.38
1768410000,96974.0
1768413600,96814.02
1768417200,97273.44
1768420800,97676.01
1768424400,97574.0
1768428000,96888.31
1768431600,96955.16
1768435200,96646.71
1768438800,96431.13
1768442400,96307.38
1768446000,95950.0
1768449600,96288.01
1768453200,96403.32
1768456800,96213.81
1768460400,96616.13
1768464000,96626.56
1768467600,97030.5
1768471200,96783.76
1768474800,96562.02
1768478400,96959.91
1768482000,96832.99
1768485600,96021.91
1768489200,96690.95
1768492800,96699.97
1768496400,96584.0
1768500000,95819.03
1768503600,95464.9
1768507200,95225.99
1768510800,95555.47
1768514400,95542.12
1768518000,95587.65
1768521600,95595.6
1768525200,95632.49
1768528800,95471.06
1768532400,95319.18
1768536000,95236.01
1768539600,95636.86
1768543200,95716.0
1768546800,95628.93
1768550400,95638.0
1768554000,95578.02
1768557600,95276.82
1768561200,95388.0
1768564800,95430.13
1768568400,95413.12
1768572000,95155.71
1768575600,94531.87
1768579200,94831.99
1768582800,95035.15
1768586400,94951.64
1768590000,94947.55
1768593600,95536.0
1768597200,95481.46
1768600800,95473.99
1768604400,95504.0
1768608000,95427.97
1768611600,95354.65
1768615200,95326.01
1768618800,95326.18
1768622400,95270.89
1768626000,95279.99
1768629600,95187.7
1768633200,95060.09
1768636800,95216.01
1768640400,95222.33
1768644000,95065.44
1768647600,95279.82
1768651200,95220.0
1768654800,95402.02
1768658400,95434.99
1768662000,95541.15
1768665600,95269.06
1768669200,95337.69
1768672800,95388.42
1768676400,95260.17
1768680000,95342.11
1768683600,95271.69
1768687200,95124.25
1768690800,95109.99
1768694400,95070.66
1768698000,94928.45
1768701600,94984.22
1768705200,95154.01
1768708800,95060.23
1768712400,95148.0
1768716000,95135.04
1768719600,94991.52
1768723200,95134.73
1768726800,95220.08
1768730400,95133.0
1768734000,95123.98
1768737600,95064.87
1768741200,95107.9
1768744800,94916.02
1768748400,95074.1
1768752000,95126.01
1768755600,95217.99
1768759200,95412.3
1768762800,95336.0
1768766400,95264.04
1768770000,95384.08
1768773600,95444.4
1768777200,93633.53
1768780800,92668.25
1768784400,92536.89
1768788000,92522.0
1768791600,92656.01
1768795200,92616.36
1768798800,92472.18
1768802400,92544.51
1768806000,92787.38
1768809600,93208.01
1768813200,92997.85
1768816800,93015.99
1768820400,93133.08
1768824000,93010.71
1768827600,92975.03
1768831200,92751.34
1768834800,93009.65
1768838400,93252.49
1768842000,93179.68
1768845600,93001.37
1768849200,93048.01
1768852800,93098.91
1768856400,92936.4
1768860000,92495.84
1768863600,92559.66
1768867200,92637.62
1768870800,92655.56
1768874400,92478.12
1768878000,92360.27
1768881600,91991.75
1768885200,91538.0
1768888800,90829.99
1768892400,91068.0
1768896000,91000.0
1768899600,90932.03
1768903200,91170.01
1768906800,91134.95
1768910400,91195.92
1768914000,90875.96
1768917600,90435.99
1768921200,90585.89
1768924800,90061.11
1768928400,89670.24
1768932000,89378.96
1768935600,89594.0
1768939200,89592.06
1768942800,89350.0
1768946400,88372.2
1768950000,88310.6
1768953600,88819.72
1768957200,88907.35
1768960800,88942.0
1768964400,89319.06
1768968000,89327.27
1768971600,89847.96
1768975200,89547.43
1768978800,89092.77
1768982400,89080.0
1768986000,89001.07
1768989600,89139.58
1768993200,88691.8
1768996800,88642.01
1769000400,88580.0
1769004000,89713.15
1769007600,90208.16
1769011200,87501.32
1769014800,87836.0
1769018400,88395.99
1769022000,90281.8
1769025600,90136.01
1769029200,90180.23
1769032800,89690.61
1769036400,89363.71
1769040000,89828.22
1769043600,90016.2
1769047200,89850.13
1769050800,89801.93
1769054400,89905.96
1769058000,89933.38
1769061600,90080.34
1769065200,89728.3
1769068800,89830.43
1769072400,89949.99
1769076000,89989.83
1769079600,89837.84
1769083200,89920.14
1769086800,89512.31
1769090400,88991.92
1769094000,88907.99
1769097600,88956.0
1769101200,89457.67
1769104800,89245.98
1769108400,89676.01
1769112000,89312.0
1769115600,89166.92
1769119200,89261.75
1769122800,89463.5
1769126400,89430.66
1769130000,89842.46
1769133600,89550.58
1769137200,89831.13
1769140800,89859.8
1769144400,89492.41
1769148000,89386.65
1769151600,89415.47
1769155200,89095.93
1769158800,88856.0
1769162400,88930.31
1769166000,89094.89
1769169600,89135.61
1769173200,89236.89
1769176800,88894.18
1769180400,89641.84
1769184000,90020.38
1769187600,90502.09
1769191200,90412.0
1769194800,89874.0
1769198400,89395.04
1769202000,89234.22
1769205600,89515.84
1769209200,89474.93
1769212800,89327.55
1769216400,89425.39
1769220000,89565.21
1769223600,89637.43
1769227200,89714.22
1769230800,89657.61
1769234400,89515.31
1769238000,89477.08
1769241600,89525.29
1769245200,89457.72
1769248800,89479.89
1769252400,89450.01
1769256000,89390.21
1769259600,89254.26
1769263200,89315.33
1769266800,89131.9
1769270400,89142.01
1769274000,89252.2
1769277600,89243.67
1769281200,89183.91
1769284800,89235.0
1769288400,89251.97
1769292000,89298.33
1769295600,89082.17
1769299200,89173.37
1769302800,89031.95
1769306400,88995.16
1769310000,88819.61
1769313600,88875.46
1769317200,88848.0
1769320800,88700.01
1769324400,88521.35
1769328000,88153.23
1769331600,88266.18
1769335200,88518.1
1769338800,88430.0
1769342400,88659.35
1769346000,88796.01
1769349600,88570.55
1769353200,88323.61
1769356800,87963.99
1769360400,87766.09
1769364000,87292.53
1769367600,86391.94
1769371200,86566.12
1769374800,86480.3
1769378400,86433.63
1769382000,86561.94
1769385600,86742.92
1769389200,87576.38
1769392800,87433.14
1769396400,87147.24
1769400000,87621.95
1769403600,87692.46
1769407200,87836.34
1769410800,87906.01
1769414400,87884.23
1769418000,87563.99
1769421600,87800.0
1769425200,87754.38
1769428800,87689.72
1769432400,87859.28
1769436000,88104.28
1769439600,87558.14
1769443200,87521.97
1769446800,87598.0
1769450400,88323.87
1769454000,87915.99
1769457600,87528.0
1769461200,87974.0
1769464800,88046.62
1769468400,88250.01
1769472000,88261.69
1769475600,88467.09
1769479200,88715.42
1769482800,88672.02
1769486400,88476.0
1769490000,88354.08
1769493600,88216.78
1769497200,88212.0
1769500800,88048.22
1769504400,87763.62
1769508000,87666.0
1769511600,87861.93
1769515200,87867.94
1769518800,87856.63
1769522400,87613.99
1769526000,87916.43
1769529600,88526.23
1769533200,87429.67
1769536800,88160.59
1769540400,88286.33
1769544000,89297.98
1769547600,88959.92
1769551200,89130.02
1769554800,89116.96
1769558400,89354.47
1769562000,89277.17
1769565600,89150.58
1769569200,88991.98
1769572800,88866.67
1769576400,88963.2
1769580000,89199.13
1769583600,89009.79
1769587200,88799.96
1769590800,89432.38
1769594400,89287.92
1769598000,89961.14
1769601600,89888.92
1769605200,90149.36
1769608800,89490.02
1769612400,89360.02
1769616000,89505.62
1769619600,90049.03
1769623200,89417.94
1769626800,89268.48
1769630400,88997.89
1769634000,89268.01
1769637600,89240.62
1769641200,89162.4
1769644800,89009.5
1769648400,88461.72
1769652000,87761.14
1769655600,87906.07
1769659200,88170.06
1769662800,88047.94
1769666400,88170.55
1769670000,88218.02
1769673600,87913.43
1769677200,87739.47
1769680800,87799.99
1769684400,87675.87
1769688000,87968.4
1769691600,87903.93
1769695200,86852.0
1769698800,84781.27
1769702400,85131.95
1769706000,84118.01
1769709600,83321.0
1769713200,83835.02
1769716800,84043.29
1769720400,84375.03
1769724000,84425.46
1769727600,84513.2
1769731200,84041.59
1769734800,82345.65
1769738400,82030.17
1769742000,82541.7
1769745600,82799.9
1769749200,82777.03
1769752800,82470.0
1769756400,82650.01
1769760000,82525.91
1769763600,82217.99
1769767200,82693.03
1769770800,83004.91
1769774400,82639.57
1769778000,82604.71
1769781600,82962.75
1769785200,82740.33
1769788800,83019.89
1769792400,82812.26
1769796000,83803.99
1769799600,84115.0
1769803200,83738.0
1769806800,84145.85
1769810400,84085.64
1769814000,84110.99
1769817600,83926.03
1769821200,83854.5
1769824800,83977.49
1769828400,83868.88
1769832000,83831.98
1769835600,83843.55
1769839200,83620.97
1769842800,83391.37
1769846400,82910.94
1769850000,82965.47
1769853600,83022.02
1769857200,82866.23
1769860800,82626.0
1769864400,82628.86
1769868000,81353.99
1769871600,81168.0
1769875200,80231.96
1769878800,78774.02
1769882400,77947.73
1769886000,77656.14
1769889600,77889.11
1769893200,78204.41
1769896800,78060.69
1769900400,78648.0
1769904000,78817.01
1769907600,78442.25
1769911200,78819.0
1769914800,78785.69
1769918400,78886.0
1769922000,78534.06
1769925600,78211.14
1769929200,78269.98
1769932800,78523.07
1769936400,78959.65
1769940000,78207.44
1769943600,78688.99
1769947200,78397.55
1769950800,78244.02
1769954400,78134.37
1769958000,77532.55
1769961600,77413.15
1769965200,77682.0
1769968800,77948.95
1769972400,77092.0
1769976000,77025.05
1769979600,76461.14
1769983200,77170.0
1769986800,76895.53
1769990400,77595.99
1769994000,77440.99
1769997600,76405.99
1770001200,76211.71
1770004800,75798.18
1770008400,75401.24
1770012000,76462.65
1770015600,76560.0
1770019200,76784.34
1770022800,77628.56
1770026400,77414.95
1770030000,77679.0
1770033600,77927.56
1770037200,78172.5
1770040800,77782.73
1770044400,78833.37
1770048000,78578.5
1770051600,78943.16
1770055200,78508.99
1770058800,78280.98
1770062400,77941.95
1770066000,78467.33
1770069600,78737.98
1770073200,78666.85
1770076800,79000.01
1770080400,78945.34
1770084000,77733.09
1770087600,78684.0
1770091200,78732.42
1770094800,78164.76
1770098400,78526.74
1770102000,78712.02
1770105600,78680.02
1770109200,78326.76
1770112800,78046.82
1770116400,78000.0
1770120000,78247.87
1770123600,78223.66
1770127200,77128.93
1770130800,78064.01
1770134400,76411.99
1770138000,74812.0
1770141600,73048.29
1770145200,74846.0
1770148800,76370.3
1770152400,76137.27
1770156000,75603.31
1770159600,75661.49
1770163200,75807.1
1770166800,76312.47
1770170400,75853.56
1770174000,76611.34
1770177600,76387.7
1770181200,76194.37
1770184800,76555.23
1770188400,76415.01
1770192000,76475.57
1770195600,75995.19
1770199200,76184.82
1770202800,75898.83
1770206400,76060.04
1770210000,74746.34
1770213600,74239.3
1770217200,74015.35
1770220800,73498.02
1770224400,72390.27
1770228000,73262.96
1770231600,73757.15
1770235200,73337.99
1770238800,72625.36
1770242400,72362.15
1770246000,72998.0
1770249600,72711.99
1770253200,72241.21
1770256800,71301.69
1770260400,71081.55
1770264000,70732.12
1770267600,70577.96
1770271200,70805.02
1770274800,70584.8
1770278400,70906.14
1770282000,71428.0
1770285600,70719.96
1770289200,70195.21
1770292800,69439.08
1770296400,69557.99
1770300000,69272.01
1770303600,67368.96
1770307200,68167.81
1770310800,66036.0
1770314400,66210.26
1770318000,65119.05
1770321600,63620.01
1770325200,63069.99
1770328800,63791.98
1770332400,62791.0
1770336000,63400.39
1770339600,65629.0
1770343200,64916.1
1770346800,64081.99
1770350400,64832.42
1770354000,66320.04
1770357600,64898.0
1770361200,64760.64
1770364800,64808.5
1770368400,65713.88
1770372000,65877.55
1770375600,66546.03
1770379200,66489.5
1770382800,67258.51
1770386400,68182.15
1770390000,68643.99
1770393600,69920.0
1770397200,70721.38
1770400800,69716.29
1770404400,70668.79
1770408000,69963.99
1770411600,70310.62
1770415200,71292.0
1770418800,70527.7
1770422400,69917.26
1770426000,70430.78
1770429600,70320.33
1770433200,70881.7
1770436800,70725.57
1770440400,70128.0
1770444000,68749.0
1770447600,68056.88
1770451200,68470.71
1770454800,68101.36
1770458400,67948.46
1770462000,67917.39
1770465600,68958.02
1770469200,69021.35
1770472800,68577.65
1770476400,69088.12
1770480000,68908.67
1770483600,69144.01
1770487200,69457.13
1770490800,69318.18
1770494400,69584.89
1770498000,69459.5
1770501600,69356.79
1770505200,69244.74
1770508800,69107.77
1770512400,69327.48
1770516000,69324.01
1770519600,69047.16
1770523200,69291.85
1770526800,69174.45
1770530400,69303.4
1770534000,69650.96
1770537600,70594.06
1770541200,70050.0
1770544800,70208.64
1770548400,70937.94
1770552000,71187.85
1770555600,71466.63
1770559200,71207.31
1770562800,71137.43
1770566400,70362.98
1770570000,70734.95
1770573600,71087.51
1770577200,71380.16
1770580800,70793.13
1770584400,70652.38
1770588000,71010.37
1770591600,70279.33
1770595200,70444.02
1770598800,70322.54
1770602400,70570.0
1770606000,71241.43
1770609600,70937.27
1770613200,70991.78
1770616800,70604.02
1770620400,70358.02
1770624000,69812.49
1770627600,69564.83
1770631200,68658.0
1770634800,68868.8
1770638400,69079.99
1770642000,68525.52
1770645600,69232.41
1770649200,69533.85
1770652800,70050.0
1770656400,70570.09
1770660000,70377.04
1770663600,70922.12
1770667200,70707.99
1770670800,70363.99
1770674400,70336.78
1770678000,70101.99
1770681600,69782.01
1770685200,70441.98
1770688800,70060.0
1770692400,69450.74
1770696000,69782.99
1770699600,69399.8
1770703200,68871.58
1770706800,68859.02
1770710400,69075.85
1770714000,69088.15
1770717600,68860.0
1770721200,68457.44
1770724800,68550.07
1770728400,68971.7
1770732000,68402.0
1770735600,69256.02
1770739200,69480.45
1770742800,69900.01
1770746400,68857.99
1770750000,69030.13
1770753600,68708.94
1770757200,68618.47
1770760800,68658.0
1770764400,68803.65
1770768000,69135.27
1770771600,68935.12
1770775200,68639.68
1770778800,68132.94
1770782400,67542.0
1770786000,67362.0
1770789600,66767.44
1770793200,66986.18
1770796800,66947.59
1770800400,66843.93
1770804000,66498.5
1770807600,67026.84
1770811200,67103.52
1770814800,67421.88
1770818400,66542.49
1770822000,66490.0
1770825600,65986.57
1770829200,66466.0
1770832800,67233.02
1770836400,67540.29
1770840000,67517.41
1770843600,67755.09
1770847200,67381.02
1770850800,67024.93
1770854400,67409.07
1770858000,67644.1
1770861600,67384.39
1770865200,67533.13
1770868800,66961.38
1770872400,67095.0
1770876000,67074.84
1770879600,67167.96
1770883200,67086.01
1770886800,67502.4
1770890400,67969.99
1770894000,68041.99
1770897600,67826.31
1770901200,68346.0
1770904800,67545.69
1770908400,67091.99
1770912000,65806.05
1770915600,65362.41
1770919200,65535.99
1770922800,65730.0
1770926400,65362.5
1770930000,65776.48
1770933600,66219.99
1770937200,66208.0
1770940800,65840.12
1770944400,66393.8
1770948000,66606.0
1770951600,66504.02
1770955200,66274.02
1770958800,66128.02
1770962400,66309.99
1770966000,66142.0
1770969600,66648.0
1770973200,66907.42
1770976800,66920.18
1770980400,67109.69
1770984000,67022.47
1770987600,67211.35
1770991200,67697.35
1770994800,68650.0
1770998400,68913.98
1771002000,68995.98
1771005600,69095.19
1771009200,68898.67
1771012800,68729.57
1771016400,68854.05
1771020000,68959.97
1771023600,68812.0
1771027200,69066.1
1771030800,68922.72
1771034400,68838.01
1771038000,68941.67
1771041600,68759.86
1771045200,68736.43
1771048800,68897.77
1771052400,69179.9
1771056000,69705.72
1771059600,69676.21
1771063200,69630.51
1771066800,70469.17
1771070400,69600.24
1771074000,69445.41
1771077600,69687.34
1771081200,69767.28
1771084800,69724.0
1771088400,69713.33
1771092000,69741.5
1771095600,69845.55
1771099200,69982.01
1771102800,69897.68
1771106400,69923.78
1771110000,69786.96
1771113600,69741.18
1771117200,69672.06
1771120800,69445.92
1771124400,69925.01
1771128000,70162.52
1771131600,70237.99
1771135200,70373.96
1771138800,70790.31
1771142400,70410.28
1771146000,70387.45
1771149600,70392.94
1771153200,70262.7
1771156800,69266.35
1771160400,68896.47
1771164000,69138.0
1771167600,69067.09
1771171200,68984.42
1771174800,68597.99
1771178400,68414.06
1771182000,68244.49
1771185600,68406.83
1771189200,68804.01
1771192800,68954.99
1771196400,68792.0
1771200000,68805.91
1771203600,68583.25
1771207200,68287.02
1771210800,68386.83
1771214400,68830.14
1771218000,68347.27
1771221600,68415.22
1771225200,68549.82
1771228800,68728.0
1771232400,68963.84
1771236000,68761.26
1771239600,68771.82
1771243200,69723.06
1771246800,68369.85
1771250400,68382.15
1771254000,67502.0
1771257600,67855.48
1771261200,67907.99
1771264800,67829.79
1771268400,67880.63
1771272000,68491.34
1771275600,68822.87
1771279200,68558.98
1771282800,68858.13
1771286400,68850.0
1771290000,68579.28
1771293600,68804.13
1771297200,68432.65
1771300800,68440.69
1771304400,68206.9
1771308000,68369.93
1771311600,68357.51
1771315200,68132.73
1771318800,68085.67
1771322400,67799.89
1771326000,67808.3
1771329600,67884.57
1771333200,68086.87
1771336800,66826.77
1771340400,67362.33
1771344000,67491.56
1771347600,67200.93
1771351200,68054.92
1771354800,67755.7
1771358400,67712.49
1771362000,67639.04
1771365600,67491.91
1771369200,67466.7
1771372800,67264.52
1771376400,67132.01
1771380000,67296.0
1771383600,67586.4
1771387200,67788.11
1771390800,67605.71
1771394400,67808.78
1771398000,68081.41
1771401600,68089.99
1771405200,68117.59
1771408800,67762.34
1771412400,67334.9
1771416000,67430.02
1771419600,67215.05
1771423200,67183.19
1771426800,67663.28
1771430400,67101.18
1771434000,67160.31
1771437600,66316.26
1771441200,66135.94
1771444800,66221.41
1771448400,66301.56
1771452000,66361.5
1771455600,66419.79
1771459200,66405.98
1771462800,66835.99
1771466400,66803.82
1771470000,66944.99
1771473600,66763.29
1771477200,66839.8
1771480800,67118.96
1771484400,67171.96
1771488000,66928.99
1771491600,66805.76
1771495200,66804.0
1771498800,66457.45
1771502400,66482.37
1771506000,65878.37
1771509600,66397.57
1771513200,66367.99
1771516800,66262.15
1771520400,66334.39
1771524000,67002.85
1771527600,67025.61
1771531200,67125.14
1771534800,66900.26
1771538400,66880.59
1771542000,66972.5
1771545600,67195.96
1771549200,67253.99
1771552800,67209.99
1771556400,67332.43
1771560000,67236.01
1771563600,67766.77
1771567200,67820.71
1771570800,67809.28
1771574400,67852.0
1771578000,68190.89
1771581600,67924.64
1771585200,67303.5
1771588800,67521.23
1771592400,66791.43
1771596000,67066.99
1771599600,67578.79
1771603200,67786.99
1771606800,67602.07
1771610400,67917.99
1771614000,67625.99
1771617600,67733.36
1771621200,67799.68
1771624800,68052.28
1771628400,67984.42
1771632000,67811.76
1771635600,67927.75
1771639200,67980.65
1771642800,67648.88
1771646400,67797.72
1771650000,67841.32
1771653600,67771.19
1771657200,67835.99
1771660800,68035.18
1771664400,68126.28
1771668000,68199.99
1771671600,68076.47
1771675200,68191.77
1771678800,68238.51
1771682400,68427.97
1771686000,68595.16
1771689600,68313.43
1771693200,68425.5
1771696800,68564.99
1771700400,68533.24
1771704000,68199.99
1771707600,68368.94
1771711200,67961.79
1771714800,67955.78
1771718400,67920.32
1771722000,68138.97
1771725600,67889.59
1771729200,68024.46
1771732800,67959.11
1771736400,67958.83
1771740000,68020.67
1771743600,67996.01
1771747200,67942.41
1771750800,68040.98
1771754400,68112.6
1771758000,68200.0
1771761600,67912.79
1771765200,67633.8
1771768800,67434.0
1771772400,67673.72
1771776000,67608.99
1771779600,67358.59
1771783200,67392.53
1771786800,67390.14
1771790400,67368.0
1771794000,67579.45
1771797600,67642.45
1771801200,67617.98
1771804800,66717.27
1771808400,64417.98
1771812000,64767.71
1771815600,64918.0
1771819200,64800.39
1771822800,65054.76
1771826400,65752.71
1771830000,65941.91
1771833600,65660.97
1771837200,66401.28
1771840800,66322.3
1771844400,66204.04
1771848000,66287.98
1771851600,66128.59
1771855200,65905.99
1771858800,65631.02
1771862400,65356.0
1771866000,64806.01
1771869600,64620.18
1771873200,64275.4
1771876800,64463.59
1771880400,64572.12
1771884000,64705.99
1771887600,64625.78
1771891200,64906.0
1771894800,64133.04
1771898400,64079.18
1771902000,63568.6
1771905600,63348.73
1771909200,63084.84
1771912800,63067.09
1771916400,63167.02
1771920000,63371.25
1771923600,63240.37
1771927200,63270.0
1771930800,63211.99
1771934400,62948.01
1771938000,62884.71
1771941600,63461.98
1771945200,63979.2
1771948800,64273.22
1771952400,64229.93
1771956000,64428.01
1771959600,64442.79
1771963200,64474.97
1771966800,64032.89
1771970400,64119.84
1771974000,64068.33
1771977600,64221.53
1771981200,65899.06
1771984800,65879.41
1771988400,65387.99
1771992000,65451.26
1771995600,64884.01
1771999200,64893.97
1772002800,65028.35
1772006400,65517.99
1772010000,65551.23
1772013600,65402.44
1772017200,65413.11
1772020800,66066.1
1772024400,66243.79
1772028000,66974.33
1772031600,67420.0
1772035200,68332.01
1772038800,68694.01
1772042400,69359.71
1772046000,69060.2
1772049600,69177.78
1772053200,68935.98
1772056800,68453.75
1772060400,67992.68
1772064000,68347.72
1772067600,68264.0
1772071200,68262.14
1772074800,68214.01
1772078400,68571.94
1772082000,68458.18
1772085600,68186.0
1772089200,67840.04
1772092800,67964.02
1772096400,68587.99
1772100000,68304.02
1772103600,68044.19
1772107200,68174.39
1772110800,67900.01
1772114400,67703.42
1772118000,67392.0
1772121600,66641.04
1772125200,66822.04
1772128800,67308.75
1772132400,67580.98
1772136000,67434.87
1772139600,67472.99
1772143200,67578.85
1772146800,67490.51
1772150400,67231.99
1772154000,67355.99
1772157600,67270.0
1772161200,67609.05
1772164800,67745.98
1772168400,67727.61
1772172000,67662.0
1772175600,67686.01
1772179200,67941.01
1772182800,67356.01
1772186400,66613.27
1772190000,66123.71
1772193600,65933.27
1772197200,66283.45
1772200800,65899.36
1772204400,66095.88
1772208000,65473.1
1772211600,65705.77
1772215200,65304.02
1772218800,65385.31
1772222400,65590.47
1772226000,65529.54
1772229600,65634.66
1772233200,65859.94
1772236800,65932.02
1772240400,65774.75
1772244000,65955.99
1772247600,65791.45
1772251200,65660.38
1772254800,65587.37
1772258400,63218.37
1772262000,63821.02
1772265600,63474.98
1772269200,63652.93
1772272800,64010.75
1772276400,63844.3
1772280000,64027.47
1772283600,65116.0
1772287200,64435.02
1772290800,64841.99
1772294400,65094.62
1772298000,65440.01
1772301600,65913.56
1772305200,66357.26
1772308800,66966.47
1772312400,66728.13
1772316000,67117.73
1772319600,66967.85
1772323200,66799.65
1772326800,67353.45
1772330400,67628.92
1772334000,67506.2
1772337600,67350.6
1772341200,67300.98
1772344800,66928.0
1772348400,67140.44
1772352000,66566.75
1772355600,66413.74
1772359200,66467.46
1772362800,66467.32
1772366400,66300.42
1772370000,66945.48
1772373600,66857.11
1772377200,66850.0
1772380800,66149.13
1772384400,65986.17
1772388000,66324.87
1772391600,65963.94
1772395200,65296.67
1772398800,65661.05
1772402400,65257.47
1772406000,65769.0
1772409600,66507.32
1772413200,66538.37
1772416800,66280.0
1772420400,66825.19
1772424000,66876.32
1772427600,66738.97
1772431200,66208.93
1772434800,66016.8
1772438400,66293.77
1772442000,66168.7
1772445600,66320.6
1772449200,66363.54
1772452800,65960.64
1772456400,65427.85
1772460000,67180.89
1772463600,69152.45
1772467200,69483.28
1772470800,69212.76
1772474400,68902.9
1772478000,68975.38
1772481600,69128.01
1772485200,69425.28
1772488800,69451.21
1772492400,68832.01
1772496000,69090.0
1772499600,68753.77
1772503200,68503.67
1772506800,68366.38
1772510400,68116.11
1772514000,67935.06
1772517600,68095.89
1772521200,68164.02
1772524800,66992.02
1772528400,66642.61
1772532000,66846.0
1772535600,67008.74
1772539200,67381.94
1772542800,66920.05
1772546400,66550.32
1772550000,67724.0
1772553600,68177.31
1772557200,68318.25
1772560800,68649.04
1772564400,68437.92
1772568000,68264.6
1772571600,68015.36
1772575200,68319.02
1772578800,68335.99
1772582400,68104.43
1772586000,68421.38
1772589600,68327.54
1772593200,67730.25
1772596800,67788.01
1772600400,68205.5
1772604000,68498.35
1772607600,69496.32
1772611200,71016.02
1772614800,71523.96
1772618400,71350.2
1772622000,71113.99
1772625600,71350.01
1772629200,71487.91
1772632800,71652.58
1772636400,73428.0
1772640000,73349.61
1772643600,73256.95
1772647200,73734.91
1772650800,73673.05
1772654400,73077.92
1772658000,73348.33
1772661600,72721.88
1772665200,72683.26
1772668800,72782.96
1772672400,72561.21
1772676000,72518.01
1772679600,72516.02
1772683200,72835.98
1772686800,72437.25
1772690400,72563.48
1772694000,72069.81
1772697600,72350.59
1772701200,72618.65
1772704800,73417.14
1772708400,72930.5
1772712000,72903.14
1772715600,72502.07
1772719200,72638.0
1772722800,71670.39
1772726400,71321.88
1772730000,70702.39
1772733600,70996.0
1772737200,70910.88
1772740800,71233.32
1772744400,71141.64
1772748000,71213.53
1772751600,70887.6
1772755200,70987.42
1772758800,71258.0
1772762400,71248.45
1772766000,71082.01
1772769600,70614.06
1772773200,70431.19
1772776800,70597.02
1772780400,71069.75
1772784000,70794.76
1772787600,70562.89
1772791200,70531.24
1772794800,70211.49
1772798400,69935.93
1772802000,69226.86
1772805600,68397.59
1772809200,68499.99
1772812800,68443.78
1772816400,67948.83
1772820000,68164.94
1772823600,68114.5
1772827200,68102.86
1772830800,68284.83
1772834400,68317.08
1772838000,68108.24
1772841600,68277.44
1772845200,68251.14
1772848800,68340.0
1772852400,68090.87
1772856000,68054.01
1772859600,68013.83
1772863200,67684.0
1772866800,67840.82
1772870400,67798.4
1772874000,67996.86
1772877600,67887.16
1772881200,68010.31
1772884800,67990.0
1772888400,67922.4
1772892000,68015.89
1772895600,67874.75
1772899200,67788.26
1772902800,67783.84
1772906400,67567.33
1772910000,67080.78
1772913600,67396.68
1772917200,67451.74
1772920800,67262.01
1772924400,67259.62
1772928000,67189.25
1772931600,67292.02
1772935200,66921.35
1772938800,67001.16
1772942400,66631.06
1772946000,67145.98
1772949600,67162.04
1772953200,67314.86
1772956800,67527.89
1772960400,67689.99
1772964000,67896.09
1772967600,67514.12
1772971200,67315.43
1772974800,67231.98
1772978400,67334.52
1772982000,67201.03
1772985600,66867.19
1772989200,67057.0
1772992800,66805.84
1772996400,67333.26
1773000000,67218.0
1773003600,67007.13
1773007200,66239.95
1773010800,65970.56
1773014400,66354.36
1773018000,66194.01
1773021600,66533.43
1773025200,67201.76
1773028800,67150.63
1773032400,67901.55
1773036000,67255.0
1773039600,67533.14
1773043200,67806.0
1773046800,67974.97
1773050400,67592.67
1773054000,67755.33
1773057600,68150.04
1773061200,68988.3
1773064800,69172.01
1773068400,68885.47
1773072000,68968.04
1773075600,68611.96
1773079200,68365.46
1773082800,69012.12
1773086400,68973.85
1773090000,68922.05
1773093600,68640.11
1773097200,68432.17
1773100800,69160.19
1773104400,69265.98
1773108000,70279.04
1773111600,69430.34
1773115200,70073.74
1773118800,69973.8
1773122400,69919.17
1773126000,70413.22
1773129600,70692.97
1773133200,71067.99
1773136800,70777.62
1773140400,70605.18
1773144000,70537.56
1773147600,69920.2
1773151200,71481.24
1773154800,71370.62
1773158400,71291.52
1773162000,70891.96
1773165600,70026.99
1773169200,70055.27
1773172800,70254.98
1773176400,69769.3
1773180000,69714.43
1773183600,69960.83
1773187200,70053.06
1773190800,70089.48
1773194400,69828.11
1773198000,69556.0
1773201600,70141.62
1773205200,69508.02
1773208800,69945.73
1773212400,69659.45
1773216000,69660.72
1773219600,69472.01
1773223200,69616.08
1773226800,69179.97
1773230400,69366.2
1773234000,70192.1
1773237600,70599.99
1773241200,70252.8
1773244800,70597.96
1773248400,70802.31
1773252000,70644.66
1773255600,70670.11
1773259200,70651.31
1773262800,70758.67
1773266400,70390.94
1773270000,70208.0
1773273600,70229.32
1773277200,69849.93
1773280800,69295.67
1773284400,69449.46
1773288000,69375.72
1773291600,69474.34
1773295200,69501.93
1773298800,69826.22
1773302400,69915.45
1773306000,69958.02
1773309600,70431.09
1773313200,70439.47
1773316800,70401.1
1773320400,69994.43
1773324000,69600.89
1773327600,70353.53
1773331200,70405.94
1773334800,70235.3
1773338400,69832.88
1773342000,70462.0
1773345600,70175.69
1773349200,70279.13
1773352800,70178.55
1773356400,70531.56
1773360000,71480.68
1773363600,71672.15
1773367200,71148.3
1773370800,71411.23
1773374400,71392.87
1773378000,71557.97
1773381600,71359.1
1773385200,71632.03
1773388800,71844.78
1773392400,72017.99
1773396000,72483.94
1773399600,72246.3
1773403200,72810.19
1773406800,73414.64
1773410400,72423.34
1773414000,71849.53
1773417600,71904.49
1773421200,71043.02
1773424800,71061.76
1773428400,71190.64
1773432000,71359.88
1773435600,71110.76
1773439200,70825.07
1773442800,70944.33
1773446400,70640.67
1773450000,70839.2
1773453600,70796.94
1773457200,71087.41
1773460800,71040.24
1773464400,71028.99
1773468000,70638.29
1773471600,70617.28
1773475200,70599.63
1773478800,70523.99
1773482400,70580.02
1773486000,70754.52
1773489600,70784.01
1773493200,70865.49
1773496800,70616.48
1773500400,70597.33
1773504000,70694.21
1773507600,70633.0
1773511200,70672.77
1773514800,70717.99
1773518400,70821.57
1773522000,70822.33
1773525600,70731.15
1773529200,71232.02
1773532800,71002.73
1773536400,71001.14
1773540000,71458.53
1773543600,71364.6
1773547200,71596.02
1773550800,71500.16
1773554400,71462.0
1773558000,71464.07
1773561600,71723.85
1773565200,71798.88
1773568800,71794.0
1773572400,71856.99
1773576000,71624.85
1773579600,71610.09
1773583200,71633.43
1773586800,71484.91
1773590400,71448.09
1773594000,71832.0
1773597600,71398.78
1773601200,71565.09
1773604800,71739.41
1773608400,72112.32
1773612000,72763.99
1773615600,72830.01
1773619200,72547.4
1773622800,72774.28
1773626400,72532.8
1773630000,73575.57
1773633600,73841.43
1773637200,74201.02
1773640800,73717.82
1773644400,73465.3
1773648000,73143.72
1773651600,73263.95
1773655200,73802.0
1773658800,73563.79
1773662400,73872.37
1773666000,74132.01
1773669600,73579.38
1773673200,73279.9
1773676800,73767.05
1773680400,73949.99
1773684000,73921.78
1773687600,73969.53
1773691200,74243.1
1773694800,74407.46
1773698400,74764.04
1773702000,74886.47
1773705600,75320.37
1773709200,75627.23
1773712800,75200.86
1773716400,74468.66
1773720000,74249.96
1773723600,74048.0
1773727200,74086.51
1773730800,74252.1
1773734400,74193.87
1773738000,73951.17
1773741600,73737.41
1773745200,74045.4
1773748800,73744.94
1773752400,73641.98
1773756000,74410.51
1773759600,73941.45
1773763200,74182.41
1773766800,74546.73
1773770400,74706.76
1773774000,74542.28
1773777600,74533.45
1773781200,74717.11
1773784800,74334.48
1773788400,73934.11
1773792000,73885.06
1773795600,74104.9
1773799200,74374.01
1773802800,74478.75
1773806400,74200.01
1773810000,73977.74
1773813600,73971.27
1773817200,73895.3
1773820800,74061.76
1773824400,74197.12
1773828000,73954.49
1773831600,72962.74
1773835200,72381.77
1773838800,72144.35
1773842400,71199.76
1773846000,71470.96
1773849600,71323.91
1773853200,71598.74
1773856800,71103.89
1773860400,71065.73
1773864000,71221.72
1773867600,71259.68
1773871200,71150.0
1773874800,71245.02
1773878400,71004.91
1773882000,71120.0
1773885600,71062.12
1773889200,71215.89
1773892800,70824.61
1773896400,70823.94
1773900000,70587.88
1773903600,70199.73
1773907200,69999.05
1773910800,70504.14
1773914400,70129.69
1773918000,69950.0
1773921600,69291.6
1773925200,69900.0
1773928800,69478.49
1773932400,69402.15
1773936000,69447.3
1773939600,69853.51
1773943200,69814.2
1773946800,70265.41
1773950400,70480.85
1773954000,70411.61
1773957600,70189.25
1773961200,69918.3
1773964800,70195.82
1773968400,70408.74
1773972000,70414.39
1773975600,70729.69
1773979200,70778.0
1773982800,70593.45
1773986400,70495.35
1773990000,70850.25
1773993600,71038.86
1773997200,70579.69
1774000800,70607.67
1774004400,70472.89
1774008000,70334.83
1774011600,69848.28
1774015200,69717.49
1774018800,69849.86
1774022400,69810.85
1774026000,69977.09
1774029600,69745.97
1774033200,70169.39
1774036800,70046.25
1774040400,70531.65
1774044000,70764.38
1774047600,70497.01
1774051200,70672.02
1774054800,70456.05
1774058400,70722.01
1774062000,70654.1
1774065600,70629.15
1774069200,70695.3
1774072800,70762.26
1774076400,70713.49
1774080000,70584.04
1774083600,70651.74
1774087200,70596.88
1774090800,70637.76
1774094400,70699.31
1774098000,70717.52
1774101600,70614.45
1774105200,70616.7
1774108800,70298.51
1774112400,70287.0
1774116000,70360.24
1774119600,70376.86
1774123200,70449.32
1774126800,70342.66
1774130400,70259.15
1774134000,68912.02
1774137600,68934.97
1774141200,68956.64
1774144800,69268.37
1774148400,69335.71
1774152000,69340.35
1774155600,69142.85
1774159200,69151.99
1774162800,68904.52
1774166400,68785.81
1774170000,68812.29
1774173600,68636.09
1774177200,68209.8
1774180800,68644.84
1774184400,68699.04
1774188000,68710.77
1774191600,68844.55
1774195200,68800.01
1774198800,68665.55
1774202400,68610.22
1774206000,68199.18
1774209600,68167.08
1774213200,67894.18
1774216800,68318.21
1774220400,67844.94
1774224000,67652.0
1774227600,67888.8
1774231200,68301.46
1774234800,68063.13
1774238400,68525.09
1774242000,68883.58
1774245600,67858.74
1774249200,68317.2
1774252800,68414.86
1774256400,68322.94
1774260000,68530.98
1774263600,70103.4
1774267200,70719.26
1774270800,71473.97
1774274400,71448.24
1774278000,70104.0
1774281600,70549.0
1774285200,71067.48
1774288800,71074.81
1774292400,70660.88
1774296000,70901.44
1774299600,70840.26
1774303200,70752.28
1774306800,70874.23
1774310400,70659.55
1774314000,70495.99
1774317600,70423.78
1774321200,70521.97
1774324800,70354.98
1774328400,70264.0
1774332000,70517.08
1774335600,71272.0
1774339200,70944.41
1774342800,71303.34
1774346400,71258.01
1774350000,71139.99
1774353600,70948.79
1774357200,70084.01
1774360800,69834.62
1774364400,69842.11
1774368000,69447.0
1774371600,69203.48
1774375200,69394.64
1774378800,69334.0
1774382400,70066.38
1774386000,70294.99
1774389600,70284.96
1774393200,70533.49
1774396800,70809.67
1774400400,70644.0
1774404000,70496.9
1774407600,70683.1
1774411200,70944.06
1774414800,71088.87
1774418400,70974.49
1774422000,70910.68
1774425600,71224.5
1774429200,71332.41
1774432800,71486.2
1774436400,71673.97
1774440000,71705.97
1774443600,71564.41
1774447200,71218.49
1774450800,70806.44
1774454400,71301.79
1774458000,70745.15
1774461600,70785.0
1774465200,70859.88
1774468800,70986.57
1774472400,71007.06
1774476000,71341.92
1774479600,71301.53
1774483200,71272.01
1774486800,71217.53
1774490400,70846.0
1774494000,70875.6
1774497600,70733.2
1774501200,69963.17
1774504800,70056.32
1774508400,70060.01
1774512000,69984.85
1774515600,69533.62
1774519200,69481.99
1774522800,69238.42
1774526400,69396.79
1774530000,69606.0
1774533600,69432.65
1774537200,69035.84
1774540800,68881.49
1774544400,68437.5
1774548000,68431.78
1774551600,68479.59
1774555200,68950.36
1774558800,68868.21
1774562400,68839.49
1774566000,68769.02
1774569600,68726.27
1774573200,69004.08
1774576800,68861.16
1774580400,68721.7
1774584000,68526.01
1774587600,68575.32
1774591200,68613.89
1774594800,68478.65
1774598400,67869.79
1774602000,67642.39
1774605600,66462.67
1774609200,66671.97
1774612800,66579.94
1774616400,66141.92
1774620000,66152.49
1774623600,66070.3
1774627200,65933.04
1774630800,65573.28
1774634400,65770.0
1774638000,65975.02
1774641600,65967.14
1774645200,66032.97
1774648800,65972.46
1774652400,66353.34
1774656000,66376.04
1774659600,66126.96
1774663200,66004.75
1774666800,66181.29
1774670400,66231.75
1774674000,66298.47
1774677600,66339.39
1774681200,66504.9
1774684800,66366.01
1774688400,66254.0
1774692000,66169.7
1774695600,66267.24
1774699200,66406.64
1774702800,66794.09
1774706400,66689.98
1774710000,66961.62
1774713600,66871.34
1774717200,66797.72
1774720800,66858.05
1774724400,66861.09
1774728000,66864.36
1774731600,66626.0
1774735200,66700.01
1774738800,66320.15
1774742400,66430.96
1774746000,66510.83
1774749600,66751.71
1774753200,66853.6
1774756800,66680.55
1774760400,66712.72
1774764000,66674.91
1774767600,66606.04
1774771200,66662.08
1774774800,66568.99
1774778400,66447.06
1774782000,66755.17
1774785600,66793.1
1774789200,66522.92
1774792800,66532.0
1774796400,66469.98
1774800000,66439.29
1774803600,66322.33
1774807200,66367.84
1774810800,66291.94
1774814400,66552.93
1774818000,66646.77
1774821600,65805.01
1774825200,65956.94
1774828800,66223.32
1774832400,66595.48
1774836000,67055.51
1774839600,67107.99
1774843200,67548.04
1774846800,67428.56
1774850400,67239.89
1774854000,67566.0
1774857600,67619.19
1774861200,67441.99
1774864800,67434.31
1774868400,67624.66
1774872000,67852.12
1774875600,67474.78
1774879200,67753.09
1774882800,67573.32
1774886400,67308.96
1774890000,66771.88
1774893600,66590.16
1774897200,66488.0
1774900800,66593.83
1774904400,66747.22
1774908000,66724.55
1774911600,66737.18
1774915200,67151.76
1774918800,67881.14
1774922400,67888.83
1774926000,67647.83
1774929600,67482.49
1774933200,67620.04
1774936800,67434.14
1774940400,67305.0
1774944000,66709.45
1774947600,66056.98
1774951200,66301.19
1774954800,66624.91
1774958400,66589.88
1774962000,67240.76
1774965600,66515.98
1774969200,66676.78
1774972800,67602.99
1774976400,67461.57
1774980000,67787.68
1774983600,67772.92
1774987200,68197.89
1774990800,68216.0
1774994400,68117.7
1774998000,68221.85
1775001600,68267.99
1775005200,67729.15
1775008800,67610.95
1775012400,68097.76
1775016000,68252.73
1775019600,68398.07
1775023200,69070.01
1775026800,68660.97
1775030400,68631.05
1775034000,68622.89
1775037600,68557.97
1775041200,68690.42
1775044800,68366.44
1775048400,68095.2
1775052000,68573.61
1775055600,68901.73
1775059200,68793.42
1775062800,68243.61
1775066400,68062.09
1775070000,68162.03
1775073600,68185.48
1775077200,68356.33
1775080800,68116.98
1775084400,68112.35
1775088000,68595.68
1775091600,67354.17
1775095200,66855.05
1775098800,66569.3
1775102400,66322.59
1775106000,66575.42
1775109600,66672.37
1775113200,66912.56
1775116800,66429.65
1775120400,66443.9
1775124000,66448.33
1775127600,66197.5
1775131200,66034.18
1775134800,66251.71
1775138400,66853.77
1775142000,66842.5
1775145600,67085.29
1775149200,66677.48
1775152800,66982.43
1775156400,66976.06
1775160000,66939.27
1775163600,66937.05
1775167200,66986.0
1775170800,66894.48
1775174400,66783.81
1775178000,66627.41
1775181600,66526.6
1775185200,66577.66
1775188800,66601.5
1775192400,66605.73
1775196000,66791.93
1775199600,67039.49
1775203200,66969.0
1775206800,66862.48
1775210400,66878.29
1775214000,67023.63
1775217600,66725.31
1775221200,66674.35
1775224800,66921.99
1775228400,66816.13
1775232000,67001.77
1775235600,66825.36
1775239200,66805.99
1775242800,66879.68
1775246400,66828.0
1775250000,66956.2
1775253600,66885.05
1775257200,66959.99
1775260800,66897.84
1775264400,66850.5
1775268000,66838.0
1775271600,66830.06
1775275200,66858.01
1775278800,66914.67
1775282400,67004.27
1775286000,67009.28
1775289600,66937.65
1775293200,66974.22
1775296800,67158.01
1775300400,67147.92
1775304000,67084.98
1775307600,67183.97
1775311200,67199.8
1775314800,67374.49
1775318400,67358.99
1775322000,67324.02
1775325600,67284.05
1775329200,67281.99
1775332800,67267.48
1775336400,67350.08
1775340000,67395.98
1775343600,67291.73
1775347200,67199.99
1775350800,67079.99
1775354400,67157.96
1775358000,67138.55
1775361600,67085.1
1775365200,66918.59
1775368800,66786.0
1775372400,66808.57
1775376000,66917.55
1775379600,67017.85
1775383200,67023.31
1775386800,66990.35
1775390400,66770.91
1775394000,66878.54
1775397600,66912.24
1775401200,67291.57
1775404800,67194.96
1775408400,67346.72
1775412000,67395.61
1775415600,67350.84
1775419200,67644.01
1775422800,67533.26
1775426400,68320.43
1775430000,69005.0
1775433600,69065.2
1775437200,68789.5
1775440800,69194.96
1775444400,69107.0
1775448000,69120.03
1775451600,69180.0
1775455200,68965.98
1775458800,69100.0
1775462400,69215.44
1775466000,69735.03
1775469600,69773.9
1775473200,69619.77
1775476800,69367.96
1775480400,69427.53
1775484000,69658.63
1775487600,69975.89
1775491200,69818.63
1775494800,69577.77
1775498400,69904.98
1775502000,69732.99
1775505600,69833.05
1775509200,69516.47
1775512800,68812.0
1775516400,68853.61
1775520000,68771.18
1775523600,68403.98
1775527200,68663.65
1775530800,68777.67
1775534400,68856.71
1775538000,68655.07
1775541600,68566.49
1775545200,68610.29
1775548800,68942.34
1775552400,69150.35
1775556000,68225.93
1775559600,68328.81
1775563200,68383.99
1775566800,68221.38
1775570400,67843.12
1775574000,68152.71
1775577600,68223.75
1775581200,68694.66
1775584800,68430.56
1775588400,68993.62
1775592000,69313.92
1775595600,69923.37
1775599200,71506.0
1775602800,71910.2
1775606400,71699.91
1775610000,71465.98
1775613600,71355.75
1775617200,71286.0
1775620800,71556.55
1775624400,71730.91
1775628000,71728.99
1775631600,71641.01
1775635200,71800.02
1775638800,71674.21
1775642400,71470.12
1775646000,71690.4
1775649600,72077.79
1775653200,71602.39
1775656800,70901.42
1775660400,71309.99
1775664000,71608.27
1775667600,71903.97
1775671200,71101.98
1775674800,71331.51
1775678400,71387.32
1775682000,71562.97
1775685600,71068.09
1775689200,71085.99
1775692800,70813.81
1775696400,70927.84
1775700000,71066.55
1775703600,70999.17
1775707200,70791.99
1775710800,70997.63
1775714400,71041.44
1775718000,70992.56
1775721600,71260.01
1775725200,71540.24
1775728800,71284.51
1775732400,71152.8
1775736000,71290.07
1775739600,70797.2
1775743200,71132.04
1775746800,72158.09
1775750400,72096.47
1775754000,72359.99
1775757600,71890.12
1775761200,72136.37
1775764800,72430.01
1775768400,72277.86
1775772000,71953.22
1775775600,71798.01
1775779200,71977.66
1775782800,72172.56
1775786400,71968.13
1775790000,71882.19
1775793600,72125.99
1775797200,72138.54
1775800800,71809.58
1775804400,71493.99
1775808000,71611.98
1775811600,71787.6
1775815200,71917.27
1775818800,72147.83
1775822400,72273.05
1775826000,72347.0
1775829600,72953.12
1775833200,72482.98
1775836800,73021.3
1775840400,73152.07
1775844000,73150.0
1775847600,73286.01
1775851200,73400.01
1775854800,73222.7
1775858400,72907.5
1775862000,72997.88
1775865600,72867.99
1775869200,72998.0
1775872800,73008.01
1775876400,72909.53
1775880000,72849.03
1775883600,72763.44
1775887200,72803.28
1775890800,72791.84
1775894400,72701.16
1775898000,72953.25
1775901600,72882.26
1775905200,72947.62
1775908800,72972.81
1775912400,72690.13
1775916000,72742.56
1775919600,72893.41
1775923200,73076.42
1775926800,73134.06
1775930400,73586.02
1775934000,73720.25
1775937600,73333.21
1775941200,73470.34
1775944800,73410.49
1775948400,73086.0
1775952000,73112.65
1775955600,71676.55
1775959200,71791.75
1775962800,71621.55
1775966400,71503.61
1775970000,71730.02
1775973600,71689.0
1775977200,71707.58
1775980800,71664.18
1775984400,71571.84
1775988000,71486.54
1775991600,71495.41
1775995200,71116.92
1775998800,70921.91
1776002400,70774.68
1776006000,70922.08
1776009600,70962.38
1776013200,71168.12
1776016800,71163.59
1776020400,71121.13
1776024000,71364.9
1776027600,71393.04
1776031200,70912.75
1776034800,70755.35
1776038400,71192.38
1776042000,71209.06
1776045600,71094.12
1776049200,70998.24
1776052800,70913.71
1776056400,70904.06
1776060000,71050.58
1776063600,70842.01
1776067200,70693.85
1776070800,70805.99
1776074400,70767.62
1776078000,70942.98
1776081600,71088.5
1776085200,71683.38
1776088800,72450.0
1776092400,71894.19
1776096000,72250.0
1776099600,72202.02
1776103200,72465.68
1776106800,73373.2
1776110400,73192.99
1776114000,73207.1
1776117600,74660.86
1776121200,74446.0
1776124800,74193.69
1776128400,74421.21
1776132000,74369.13
1776135600,74474.67
1776139200,74421.26
1776142800,74246.04
1776146400,74562.48
1776150000,74590.8
1776153600,74800.25
1776157200,74546.65
1776160800,74376.99
1776164400,74409.96
1776168000,74488.79
1776171600,75608.99
1776175200,75070.05
1776178800,75361.81
1776182400,74698.73
1776186000,74806.0
1776189600,74145.14
1776193200,74299.83
1776196800,74152.37
1776200400,74315.62
1776204000,74067.36
1776207600,74179.04
1776211200,74601.5
1776214800,74649.0
1776218400,74360.39
1776222000,74376.75
1776225600,74372.02
1776229200,74047.15
1776232800,73924.0
1776236400,73771.35
1776240000,74139.99
1776243600,74033.46
1776247200,73890.9
1776250800,74232.72
1776254400,74302.48
1776258000,74069.62
1776261600,74168.81
1776265200,73861.45
1776268800,73953.68
1776272400,74154.99
1776276000,74414.41
1776279600,75048.06
1776283200,74872.14
1776286800,74765.38
1776290400,74992.25
1776294000,74836.31
1776297600,74834.35
1776301200,74681.46
1776304800,74901.14
1776308400,74901.17
1776312000,74964.65
1776315600,75060.65
1776319200,75048.66
1776322800,74721.55
1776326400,74697.71
1776330000,74612.67
1776333600,74325.74
1776337200,74593.33
1776340800,74632.87
1776344400,73788.46
1776348000,73973.2
1776351600,74720.99
1776355200,74186.03
1776358800,74354.87
1776362400,75052.22
1776366000,75378.0
1776369600,75245.99
1776373200,74953.73
1776376800,74888.49
1776380400,75163.09
1776384000,74960.61
1776387600,74763.89
1776391200,74728.67
1776394800,74633.16
1776398400,74810.01
1776402000,74656.56
1776405600,74954.74
1776409200,75094.02
1776412800,75806.24
1776416400,75811.48
1776420000,75301.11
1776423600,75622.58
1776427200,76263.95
1776430800,77388.0
1776434400,77987.99
1776438000,77843.27
1776441600,77907.27
1776445200,77563.51
1776448800,77207.66
1776452400,77453.07
1776456000,77366.97
1776459600,77475.0
1776463200,77321.96
1776466800,77098.01
1776470400,77203.97
1776474000,77251.97
1776477600,77325.61
1776481200,77043.74
1776484800,77148.75
1776488400,77167.13
1776492000,77160.01
1776495600,77020.01
1776499200,76760.02
1776502800,76631.26
1776506400,76222.49
1776510000,76069.46
1776513600,76239.75
1776517200,76148.64
1776520800,76280.61
1776524400,76191.72
1776528000,75968.12
1776531600,75852.13
1776535200,75672.45
1776538800,75678.9
1776542400,75784.94
1776546000,75854.57
1776549600,75849.35
1776553200,75736.82
1776556800,75708.01
1776560400,75652.1
1776564000,75523.86
1776567600,75546.49
1776571200,75700.01
1776574800,75580.01
1776578400,75434.5
1776582000,75291.12
1776585600,75293.17
1776589200,75055.42
1776592800,75246.08
1776596400,75637.52
1776600000,75611.92
1776603600,75963.14
1776607200,76064.95
1776610800,75885.62
1776614400,75417.16
1776618000,74820.85
1776621600,74806.71
1776625200,74985.04
1776628800,74662.56
1776632400,74457.97
1776636000,74072.54
1776639600,73823.14
1776643200,74305.3
1776646800,74621.43
1776650400,74439.9
1776654000,74667.9
1776657600,74590.39
1776661200,74298.45
1776664800,74820.18
1776668400,74857.39
1776672000,74758.01
1776675600,75100.44
1776679200,75068.69
1776682800,75223.96
1776686400,75322.87
1776690000,75307.98
1776693600,75071.84
1776697200,75747.08
1776700800,75378.79
1776704400,75937.31
1776708000,76466.0
1776711600,76337.42
1776715200,76317.28
1776718800,75984.53
1776722400,76004.67
1776726000,75864.86
1776729600,76122.01
1776733200,75955.08
1776736800,75613.75
1776740400,75740.58
1776744000,75840.59
1776747600,75835.77
1776751200,76001.83
1776754800,76118.09
1776758400,76545.65
1776762000,76397.31
1776765600,76775.13
1776769200,76485.82
1776772800,76037.95
1776776400,75927.03
1776780000,75681.99
1776783600,75844.02
1776787200,75795.0
1776790800,75567.26
1776794400,75619.17
1776798000,75030.96
1776801600,75714.21
1776805200,75565.01
1776808800,75662.06
1776812400,76348.58
1776816000,76380.89
1776819600,76317.11
1776823200,77624.23
1776826800,77541.55
1776830400,77536.0
1776834000,77986.99
1776837600,78023.21
1776841200,78025.8
1776844800,78020.25
1776848400,78015.56
1776852000,78175.7
1776855600,78327.98
1776859200,78262.91
1776862800,78887.44
1776866400,79073.57
1776870000,79323.61
1776873600,78782.46
1776877200,78947.97
1776880800,79062.46
1776884400,78878.3
1776888000,78463.99
1776891600,78794.76
1776895200,78635.61
1776898800,78208.52
1776902400,78467.52
1776906000,78387.39
1776909600,77967.46
1776913200,77766.9
1776916800,77935.46
1776920400,78051.59
1776924000,78240.0
1776927600,78086.14
1776931200,77877.34
1776934800,77670.55
1776938400,77425.92
1776942000,77722.29
1776945600,77894.01
1776949200,77549.31
1776952800,78210.59
1776956400,78410.43
1776960000,78133.06
1776963600,77796.41
1776967200,77698.4
1776970800,77743.16
1776974400,77903.01
1776978000,77890.0
1776981600,78257.14
1776985200,78281.32
1776988800,78446.01
1776992400,78457.91
1776996000,78154.1
1776999600,77755.39
1777003200,77682.91
1777006800,77974.29
1777010400,77813.12
1777014000,77676.96
1777017600,77808.73
1777021200,77551.89
1777024800,77762.45
1777028400,78256.13
1777032000,78290.74
1777035600,78107.84
1777039200,78070.15
1777042800,78066.88
1777046400,77800.0
1777050000,77707.15
1777053600,77637.61
1777057200,77659.72
1777060800,77748.69
1777064400,77565.45
1777068000,77360.78
1777071600,77461.8
1777075200,77483.44
1777078800,77559.96
1777082400,77639.19
1777086000,77699.91
1777089600,77641.16
1777093200,77542.19
1777096800,77526.42
1777100400,77521.97
1777104000,77672.65
1777107600,77738.19
1777111200,77809.48
1777114800,77709.94
1777118400,77575.35
1777122000,77701.35
1777125600,77679.96
1777129200,77354.06
1777132800,77427.69
1777136400,77274.53
1777140000,77319.65
1777143600,77339.77
1777147200,77497.07
1777150800,77555.49
1777154400,77577.96
1777158000,77650.72
1777161600,77520.34
1777165200,77479.27
1777168800,77545.7
1777172400,77408.01
1777176000,77790.06
1777179600,78004.97
1777183200,78019.26
1777186800,78126.31
1777190400,78050.01
1777194000,78026.91
1777197600,78024.64
1777201200,78118.01
1777204800,77850.81
1777208400,77993.74
1777212000,78108.37
1777215600,78073.83
1777219200,77945.43
1777222800,78037.46
1777226400,78299.91
1777230000,78258.01
1777233600,78218.16
1777237200,78437.96
1777240800,78333.24
1777244400,78673.83
1777248000,79322.57
1777251600,79301.99
1777255200,79149.68
1777258800,79120.02
1777262400,78942.02
1777266000,77790.0
1777269600,77709.76
1777273200,77613.58
1777276800,77811.56
1777280400,77902.45
1777284000,77857.45
1777287600,77847.89
1777291200,77671.04
1777294800,77750.0
1777298400,77817.6
1777302000,76775.89
1777305600,76615.83
1777309200,76721.22
1777312800,76814.01
1777316400,76886.0
1777320000,76955.36
1777323600,76777.0
1777327200,77064.48
1777330800,77364.42
1777334400,77376.38
1777338000,77088.49
1777341600,76886.86
1777345200,76809.35
1777348800,76885.6
1777352400,76882.73
1777356000,76702.99
1777359600,76872.94
1777363200,76856.0
1777366800,76587.24
1777370400,76604.91
1777374000,76224.71
1777377600,76383.49
1777381200,76183.67
1777384800,75940.0
1777388400,76052.69
1777392000,76109.27
1777395600,76166.79
1777399200,76220.66
1777402800,76308.13
1777406400,76461.99
1777410000,76349.51
1777413600,76229.8
1777417200,76317.99
1777420800,76502.35
1777424400,76552.31
1777428000,76509.27
1777431600,76987.27
1777435200,77260.57
1777438800,77280.36
1777442400,77016.0
1777446000,77034.04
1777449600,77029.45
1777453200,77646.24
1777456800,77622.55
1777460400,77580.73
1777464000,77123.22
1777467600,76752.98
1777471200,76555.55
1777474800,75897.98
1777478400,75769.7
1777482000,76153.83
1777485600,75483.82
1777489200,75526.0
1777492800,75649.91
1777496400,75901.88
1777500000,75893.29
1777503600,75752.88
1777507200,76218.67
1777510800,76212.85
1777514400,75669.99
1777518000,75898.86
1777521600,75453.94
1777525200,75567.91
1777528800,75726.17
1777532400,76134.32
1777536000,76035.73
1777539600,76073.33
1777543200,75994.3
1777546800,76039.6
1777550400,76279.03
1777554000,76385.9
1777557600,76267.97
1777561200,76436.38
1777564800,76220.05
1777568400,76210.43
1777572000,76314.99
1777575600,76375.39
1777579200,76461.51
1777582800,76207.91
1777586400,76205.36
1777590000,76305.78
1777593600,76423.74
1777597200,76651.2
1777600800,76566.47
1777604400,77091.85
1777608000,77004.99
1777611600,77144.81
1777615200,76949.15
1777618800,77108.02
1777622400,77358.39
1777626000,77266.0
1777629600,77276.8
1777633200,77452.72
1777636800,77885.38
1777640400,78754.46
1777644000,78355.69
1777647600,78438.2
1777651200,78202.93
1777654800,78550.0
1777658400,78436.17
1777662000,78374.85
1777665600,77872.81
1777669200,78207.04
1777672800,78149.36
1777676400,78234.05
1777680000,78346.02
1777683600,78348.01
1777687200,78358.1
1777690800,78409.63
1777694400,78179.38
1777698000,78179.6
1777701600,78324.02
1777705200,78220.21
1777708800,78313.63
1777712400,78299.79
1777716000,78249.98
1777719600,78147.04
1777723200,78213.16
1777726800,78367.8
1777730400,78415.34
1777734000,78483.53
1777737600,78446.03
1777741200,78393.08
1777744800,78456.01
1777748400,78484.47
1777752000,78458.67
1777755600,78724.69
1777759200,78833.98
1777762800,78682.31
1777766400,78551.71
1777770000,78250.0
1777773600,78162.86
1777777200,78196.02
1777780800,78164.86
1777784400,78239.86
1777788000,78281.18
1777791600,78357.63
1777795200,78379.39
1777798800,78532.44
1777802400,78404.77
1777806000,78657.99
1777809600,78746.13
1777813200,78659.99
1777816800,78715.97
1777820400,78656.83
1777824000,78650.53
1777827600,78721.36
1777831200,78732.28
1777834800,78753.17
1777838400,78921.14
1777842000,78822.53
1777845600,79168.26
1777849200,78558.89
1777852800,78537.44
1777856400,79763.38
1777860000,80166.46
1777863600,80305.37
1777867200,80327.86
1777870800,80013.53
1777874400,79859.63
1777878000,79690.03
1777881600,79692.82
1777885200,79815.22
1777888800,78935.22
1777892400,78782.95
1777896000,78849.08
1777899600,78780.0
1777903200,80233.26
1777906800,80026.01
1777910400,80024.01
1777914000,80393.97
1777917600,80108.9
1777921200,80052.2
1777924800,79919.11
1777928400,80260.08
1777932000,80059.69
1777935600,79852.37
1777939200,80163.99
1777942800,80345.99
1777946400,80549.23
1777950000,80870.89
1777953600,80900.32
1777957200,80965.55
1777960800,80968.99
1777964400,80850.04
1777968000,80817.96
1777971600,80585.83
1777975200,80842.0
1777978800,81026.17
1777982400,81284.67
1777986000,81334.29
1777989600,81338.68
1777993200,81553.68
1777996800,81297.92
1778000400,81280.0
1778004000,81519.13
1778007600,81611.95
1778011200,81650.01
1778014800,81410.03
1778018400,81120.56
1778022000,80907.72
1778025600,81014.92
1778029200,81430.59
1778032800,81358.52
1778036400,81579.16
1778040000,81325.53
1778043600,81322.16
1778047200,81472.95
1778050800,81370.0
1778054400,81956.69
1778058000,82006.05
1778061600,82284.2
1778065200,82520.75
1778068800,82223.59
1778072400,81658.93
1778076000,81514.84
1778079600,81699.07
1778083200,81626.3
1778086800,81449.91
1778090400,81347.83
1778094000,81457.38
1778097600,81425.9
1778101200,81542.03
1778104800,81339.66
1778108400,81438.1
1778112000,81014.23
1778115600,81165.68
1778119200,81118.61
1778122800,80841.99
1778126400,80974.01
1778130000,81092.98
1778133600,81443.13
1778137200,81517.8
1778140800,81220.0
1778144400,80914.5
1778148000,80835.32
1778151600,80857.33
1778155200,81160.85
1778158800,80492.66
1778162400,80153.5
1778166000,79888.48
1778169600,79783.75
1778173200,80091.18
1778176800,80200.12
1778180400,80142.85
1778184000,79876.14
1778187600,79716.75
1778191200,79907.4
1778194800,80005.38
1778198400,79827.67
1778202000,79593.1
1778223600,79673.89
1778227200,79877.58
1778230800,79861.86
1778234400,80206.57
1778238000,80223.49
1778241600,80020.27
1778245200,79617.84
1778248800,80134.09
1778252400,80125.63
1778256000,79777.04
1778259600,80050.95
1778263200,80075.56
1778266800,80149.99
1778270400,80129.06
1778274000,80253.67
1778277600,80270.12
1778281200,80188.82
1778284800,80230.24
1778288400,80318.26
1778292000,80412.15
1778295600,80380.3
1778299200,80383.85
1778302800,80374.0
1778306400,80248.13
1778310000,80214.87
1778313600,80399.99
1778317200,80236.74
1778320800,80258.49
1778324400,80315.98
1778328000,80387.71
1778331600,80391.53
1778335200,80325.1
1778338800,80523.95
1778342400,80609.3
1778346000,80794.61
1778349600,80898.41
1778353200,80939.02
1778356800,80797.42
1778360400,80767.34
1778364000,80756.99
1778367600,80655.96
1778371200,80663.99
1778374800,80664.0
1778378400,80767.32
1778382000,80752.23
1778385600,80747.09
1778389200,80679.99
1778392800,80724.06
1778396400,80725.85
1778400000,80818.99
1778403600,80794.02
1778407200,80848.06
1778410800,80794.0
1778414400,80924.01
1778418000,80962.33
1778421600,80994.01
1778425200,81408.11
1778428800,81357.27
1778432400,81471.42
1778436000,81268.56
1778439600,81425.13
1778443200,80724.73
1778446800,80702.61
1778450400,82042.44
1778454000,82199.99
1778457600,81448.03
1778461200,81487.11
1778464800,81161.46
1778468400,80717.0
1778472000,80798.01
1778475600,80809.99
1778479200,80814.08
1778482800,80722.19
1778486400,80743.44
1778490000,80944.65
1778493600,80927.28
1778497200,81186.04
1778500800,81035.67
1778504400,81036.97
1778508000,80906.75
1778511600,81422.94
1778515200,81551.99
1778518800,81931.6
1778522400,81846.47
1778526000,81956.0
1778529600,81812.2
1778533200,81812.46
1778536800,81813.03
1778540400,81727.06
1778544000,81528.2
1778547600,81176.73
1778551200,81235.0
1778554800,81037.06
1778558400,81203.98
1778562000,81200.0
1778565600,80986.13
1778569200,80829.94
1778572800,80806.0
1778576400,80799.7
1778580000,80644.61
1778583600,80756.24
1778587200,80862.54
1778590800,80437.6
1778594400,80518.05
1778598000,80298.1
1778601600,79967.67
1778605200,80493.81
1778608800,80650.11
1778612400,80820.63
1778616000,80673.03
1778619600,80569.23
1778623200,80639.99
1778626800,80484.72
1778630400,80698.0
1778634000,80985.88
1778637600,81040.6
1778641200,81240.78
1778644800,81217.39
1778648400,80998.67
1778652000,80959.63
1778655600,80996.01
1778659200,81161.09
1778662800,81256.6
1778666400,80773.92
1778670000,80468.97
1778673600,80172.52
1778677200,79610.22
1778680800,79720.39
1778684400,78783.04
1778688000,79068.35
1778691600,79485.12
1778695200,79574.01
1778698800,79612.0
1778702400,79676.66
1778706000,79363.1
1778709600,79396.64
1778713200,79288.26
1778716800,79546.8
1778720400,79572.29
1778724000,79340.0
1778727600,79012.48
1778731200,79428.7
1778734800,79779.34
1778738400,79776.31
1778742000,79706.1
1778745600,79784.57
1778749200,79591.08
1778752800,79534.48
1778756400,79212.02
1778760000,79743.92
1778763600,79679.97
1778767200,80954.08
1778770800,81317.28
1778774400,81877.33
1778778000,81678.01
1778781600,81590.34
1778785200,81439.17
1778788800,81404.16
1778792400,81375.98
1778796000,81444.0
1778799600,81079.39
1778803200,81502.29
1778806800,81115.99
1778810400,81281.41
1778814000,81052.96
1778817600,80711.87
1778821200,80346.37
1778824800,80575.0
1778828400,80817.36
1778832000,80640.86
1778835600,80484.27
1778839200,80710.29
1778842800,80616.05
1778846400,80380.11
1778850000,78714.08
1778853600,79109.89
1778857200,79113.39
1778860800,79267.74
1778864400,79424.91
1778868000,79229.6
1778871600,79089.14
1778875200,79083.35
1778878800,78932.0
1778882400,79060.14
1778886000,79058.51
1778889600,79069.05
1778893200,79113.37
1778896800,79094.1
1778900400,79016.7
1778904000,78996.95
1778907600,78998.0
1778911200,78594.73
1778914800,78335.0
1778918400,78374.87
1778922000,78042.8
1778925600,77931.49
1778929200,78047.68
1778932800,77973.22
1778936400,77981.88
1778940000,78091.58
1778943600,78201.44
1778947200,78177.84
1778950800,78168.25
1778954400,78196.94
1778958000,78234.4
1778961600,78208.04
1778965200,78226.41
1778968800,78148.22
1778972400,78105.45
1778976000,77918.95
1778979600,77700.69
1778983200,77866.78
1778986800,77993.24
1778990400,78124.0
1778994000,78098.48
1778997600,78077.58
1779001200,78152.1
1779004800,78058.19
1779008400,78217.31
1779012000,78431.36
1779015600,78382.0
1779019200,78332.38
1779022800,78175.09
1779026400,78014.74
1779030000,78012.9
1779033600,78001.56
1779037200,78056.21
1779040800,78226.4
1779044400,78368.73
1779048000,78218.55
1779051600,78356.63
1779055200,77953.12
1779058800,77407.59
1779062400,77166.14
1779066000,77068.04
1779069600,76787.41
1779073200,76877.97
1779076800,76988.11
1779080400,76878.39
1779084000,76867.02
1779087600,77021.47
1779091200,76972.08
1779094800,76884.85
1779098400,76722.33
1779102000,77238.51
1779105600,77610.72
1779109200,76896.77
1779112800,76343.9
1779116400,76348.01
1779120000,76348.72
1779123600,76639.59
1779127200,76179.23
1779130800,76859.05
1779134400,76849.26
1779138000,77043.31
1779141600,77021.39
1779145200,76943.98
1779148800,77079.52
1779152400,76601.89
1779156000,76550.26
1779159600,76721.99
1779163200,76855.29
1779166800,76841.83
1779170400,76965.74
1779174000,77168.92
1779177600,76982.08
1779181200,76746.86
1779184800,76969.47
1779188400,76641.3
1779192000,76865.77
1779195600,76806.71
1779199200,76315.97
1779202800,76444.52
1779206400,76819.09
1779210000,76778.22
1779213600,76728.3
1779217200,76758.13
1779220800,76953.35
1779224400,76911.38
1779228000,76640.46
1779231600,76767.48
1779235200,76712.49
1779238800,76735.32
1779242400,76611.13
1779246000,76637.61
1779249600,76695.99
1779253200,77121.0
1779256800,77337.26
1779260400,77195.48
1779264000,77372.46
1779267600,77399.04
1779271200,77433.65
1779274800,77291.88
1779278400,77549.3
1779282000,77125.55
1779285600,77362.35
1779289200,77376.67
1779292800,77248.65
1779296400,77493.77
1779300000,77332.72
1779303600,77598.0
1779307200,77632.24
1779310800,77422.67
1779314400,77424.19
1779318000,77475.99
1779321600,77889.98
1779325200,77788.0
1779328800,77880.57
1779332400,78001.65
1779336000,77960.29
1779339600,77749.27
1779343200,77536.78
1779346800,77807.67
1779350400,77848.27
1779354000,77549.97
1779357600,77113.62
1779361200,77111.09
1779364800,77197.99
1779368400,77035.84
1779372000,76892.0
1779375600,77175.4
1779379200,77110.26
1779382800,77796.94
1779386400,77309.31
1779390000,77613.34
1779393600,77634.95
1779397200,77598.58
1779400800,77550.18
1779404400,77547.62
1779408000,77304.21
1779411600,77539.67
1779415200,77598.4
1779418800,77705.25
1779422400,77577.83
1779426000,77408.43
1779429600,77340.2
1779433200,77320.63
1779436800,77177.86
1779440400,77213.98
1779444000,77224.67
1779447600,77342.06
1779451200,77446.33
1779454800,77199.99
1779458400,76674.89
1779462000,76695.53
1779465600,76863.0
1779469200,76655.06
1779472800,76443.77
1779476400,75769.44
1779480000,75892.47
1779483600,75880.3
1779487200,75639.99
1779490800,75443.91
1779494400,75259.24
1779498000,75402.12
1779501600,75479.54
1779505200,75545.71
1779508800,75455.12
1779512400,75398.54
1779516000,75312.33
1779519600,74516.73
1779523200,74594.49
1779526800,74575.97
1779530400,74627.74
1779534000,74710.31
1779537600,74674.88
1779541200,75128.07
1779544800,75443.72
1779548400,75432.03
1779552000,75347.42
1779555600,75399.73
1779559200,75757.62
1779562800,75887.59
1779566400,77173.32
1779570000,76707.99
1779573600,76480.0
1779577200,76650.0
1779580800,76741.5
1779584400,76790.99
1779588000,76718.05
1779591600,76638.49
1779595200,76682.77
1779598800,76714.49
1779602400,76881.31
1779606000,76710.29
1779609600,76737.39
1779613200,76931.99
1779616800,77095.89
1779620400,77219.29
1779624000,77013.65
1779627600,76721.22
1779631200,76361.04
1779634800,76278.72
1779638400,76574.55
1779642000,76591.26
1779645600,76565.21
1779649200,76677.77
1779652800,76579.07
1779656400,76045.5
1779660000,76710.0
1779663600,76975.99
1779667200,77060.3
1779670800,76850.99
1779674400,77012.29
1779678000,76933.1
1779681600,77297.53
1779685200,77316.27
1779688800,77330.98
1779692400,77315.8
1779696000,77366.79
1779699600,77517.01
1779703200,77460.05
1779706800,77284.13
1779710400,77280.54
1779714000,77257.53
1779717600,77639.31
1779721200,77549.95
1779724800,77663.17
1779728400,77490.01
1779732000,77481.11
1779735600,77369.05
1779739200,77199.04
1779742800,77297.26
1779746400,77043.97
1779750000,77249.07
1779753600,76700.71
1779757200,76667.46
1779760800,76586.05
1779764400,76571.73
1779768000,76660.84
1779771600,76830.0
1779775200,76817.55
1779778800,76629.9
1779782400,76637.97
1779786000,76586.07
1779789600,77343.72
1779793200,77097.98
1779796800,77047.92
1779800400,77146.03
1779804000,76804.55
1779807600,76397.69
1779811200,76450.03
1779814800,75816.73
1779818400,75709.43
1779822000,75919.93
1779825600,75999.18
1779829200,75787.66
1779832800,75631.15
1779836400,75826.1
1779840000,75970.77
1779843600,75763.42
1779847200,75751.67
1779850800,75540.51
1779854400,75445.73
1779858000,75575.98
1779861600,75713.98
1779865200,75849.47
1779868800,75758.75
1779872400,75785.98
1779876000,75773.89
1779879600,75637.79
1779883200,75553.33
1779886800,74915.74
1779890400,74885.94
1779894000,75187.95
1779897600,75163.73
1779901200,74711.67
1779904800,74884.01
1779908400,74920.54
1779912000,75141.03
1779915600,74356.79
1779919200,74307.82
1779922800,74315.98
1779926400,74432.28
1779930000,74215.36
1779933600,74156.96
1779937200,73130.01
1779940800,73035.98
1779944400,72857.98
1779948000,73068.39
1779951600,73356.11
1779955200,73193.91
1779958800,73412.25
1779962400,73272.29
1779966000,73375.62
1779969600,73394.96
1779973200,72880.04
1779976800,72885.08
1779980400,72791.4
1779984000,73319.56
1779987600,73430.6
1779991200,73536.01
1779994800,73318.39
1779998400,73477.34
1780002000,73710.83
1780005600,73361.7
1780009200,73512.56
1780012800,73621.99
1780016400,73480.16
1780020000,73116.68
1780023600,73187.99
1780027200,73386.77
1780030800,73595.29
1780034400,73685.96
1780038000,73405.44
1780041600,73548.0
1780045200,73636.0
1780048800,73522.0
1780052400,73369.79
1780056000,73179.33
1780059600,73023.84
1780063200,72964.15
1780066800,73694.51
1780070400,73939.39
1780074000,73864.41
1780077600,73260.01
1780081200,73404.1
1780084800,73576.51
1780088400,73307.21
1780092000,73381.95
1780095600,73366.77
1780099200,73394.47
1780102800,73559.38
1780106400,73688.99
1780110000,73426.56
1780113600,73292.94
1780117200,73504.38
1780120800,73490.14
1780124400,73450.02
1780128000,73417.92
1780131600,73514.25
1780135200,73549.56
1780138800,73495.4
1780142400,73588.13
1780146000,73716.0
1780149600,73822.02
1780153200,73811.8
1780156800,73823.81
1780160400,73910.78
1780164000,73929.53
1780167600,73904.0
1780171200,73871.19
1780174800,73869.07
1780178400,73767.48
1780182000,73770.69
1780185600,73915.0
1780189200,73941.0
1780192800,73982.76
1780196400,74032.06
1780200000,74054.0
1780203600,73947.01
1780207200,73942.3
1780210800,73752.83
1780214400,73835.14
1780218000,73733.38
1780221600,73791.02
1780225200,73818.71
1780228800,73806.4
1780232400,73762.82
1780236000,73494.65
1780239600,73542.76
1780243200,73426.01
1780246800,73612.54
1780250400,73492.8
1780254000,73442.49
1780257600,73637.13
1780261200,73782.14
1780264800,73836.61
1780268400,73575.17
1780272000,73781.07
1780275600,73188.0
1780279200,73686.15
1780282800,73661.74
1780286400,73419.49
1780290000,73249.74
1780293600,73035.99
1780297200,72701.95
1780300800,72800.76
1780304400,72791.36
1780308000,72656.6
1780311600,72388.76
1780315200,72129.41
1780318800,71582.01
1780322400,71429.86
1780326000,70992.1
1780329600,71445.06
1780333200,71535.0
1780336800,71400.0
1780340400,71488.84
1780344000,71355.13
1780347600,70932.41
1780351200,71305.87
1780354800,71314.42
1780358400,71189.36
1780362000,70548.0
1780365600,70735.97
1780369200,70839.51
1780372800,70700.8
1780376400,70159.03
1780380000,70000.0
1780383600,70009.25
1780387200,69710.93
1780390800,69319.4
1780394400,69535.1
1780398000,69349.99
1780401600,68903.79
1780405200,68678.0
1780408800,67875.41
1780412400,67158.38
1780416000,67296.18
1780419600,67356.4
1780423200,67215.75
1780426800,67213.59
1780430400,67484.99
1780434000,67460.0
1780437600,66291.94
1780441200,66658.35
1780444800,66834.0
1780448400,66817.99
1780452000,66519.98
1780455600,65754.13
1780459200,66377.98
1780462800,67223.73
1780466400,66879.08
1780470000,67128.75
1780473600,66927.65
1780477200,66971.83
1780480800,67194.35
1780484400,66969.63
1780488000,66984.64
1780491600,66787.0
1780495200,66748.71
1780498800,65969.53
1780502400,65960.76
1780506000,65859.81
1780509600,65939.52
1780513200,65356.01
1780516800,64909.01
1780520400,65672.75
1780524000,64812.21
1780527600,64040.0
1780531200,63253.49
1780534800,62099.03
1780538400,63150.0
1780542000,64283.38
1780545600,64328.01
1780549200,63893.55
1780552800,63966.5
1780556400,63531.01
1780560000,63539.98
1780563600,63177.89
1780567200,62343.18
1780570800,62478.12
1780574400,63699.08
1780578000,64176.0
1780581600,63887.09
1780585200,63813.58
1780588800,63471.56
1780592400,63446.65
1780596000,63717.58
1780599600,63541.28
1780603200,63571.19
1780606800,63216.79
1780610400,63660.85
1780614000,63806.02
1780617600,63345.93
1780621200,63290.74
1780624800,62544.28
1780628400,62658.31
1780632000,63542.46
1780635600,62263.05
1780639200,61881.79
1780642800,63049.15
1780646400,62402.36
1780650000,62803.3
1780653600,62479.4
1780657200,61898.07
1780660800,61910.9
1780664400,60679.38
1780668000,60818.03
1780671600,60387.87
1780675200,61348.76
1780678800,60751.96
1780682400,59346.8
1780686000,60264.11
1780689600,61595.92
1780693200,61641.23
1780696800,61565.01
1780700400,61032.0
1780704000,61246.91
1780707600,61025.82
1780711200,60922.79
1780714800,60663.77
1780718400,60076.85
1780722000,60910.5
1780725600,60759.38
1780729200,60974.23
1780732800,61236.0
1780736400,60946.61
1780740000,60555.94
1780743600,60775.55
1780747200,60997.95
1780750800,60774.3
1780754400,60763.52
1780758000,60748.13
1780761600,60750.32
1780765200,60548.84
1780768800,60603.98
1780772400,60562.06
1780776000,60682.68
1780779600,60718.89
1780783200,60511.01
1780786800,60850.48
1780790400,60750.0
1780794000,61441.93
1780797600,61470.95
1780801200,61670.73
1780804800,61855.48
1780808400,61715.21
1780812000,62076.26
1780815600,62374.5
1780819200,62824.21
1780822800,62504.83
1780826400,62345.37
1780830000,62600.04
1780833600,61870.71
1780837200,61673.52
1780840800,61870.71
1780844400,62068.82
1780848000,62054.07
1780851600,62128.02
1780855200,61998.25
1780858800,61297.99
1780862400,61838.92
1780866000,61748.63
1780869600,62834.46
1780873200,63302.73
1780876800,63605.95
1780880400,63182.45
1780884000,63093.02
1780887600,63090.02
1780891200,62645.99
1780894800,62725.0
1780898400,62953.68
1780902000,63240.0
1780905600,63086.0
1780909200,63448.33
1780912800,63108.69
1780916400,63429.85
1780920000,63825.0
1780923600,63709.98
1780927200,63943.28
1780930800,63742.93
1780934400,63488.72
1780938000,63520.5
1780941600,63442.06
1780945200,63352.53
1780948800,63466.73
1780952400,63701.76
1780956000,63426.02
1780959600,63062.98
1780963200,62529.99
1780966800,62740.0
1780970400,62846.56
1780974000,62842.08
1780977600,63199.32
1780981200,63306.18
1780984800,63263.98
1780988400,63158.51
1780992000,62808.18
1780995600,62681.91
1780999200,62748.74
1781002800,62673.3
1781006400,62599.92
1781010000,62232.22
1781013600,61502.36
1781017200,61069.07
1781020800,61338.0
1781024400,61637.72
1781028000,61729.36
1781031600,62044.83
1781035200,62117.95
1781038800,61714.0
1781042400,61682.05
1781046000,61685.8
1781049600,61877.93
1781053200,61670.6
1781056800,61258.68
1781060400,61503.97
1781064000,61250.32
1781067600,61306.28
1781071200,61418.18
1781074800,61641.08
1781078400,61213.04
1781082000,61289.11
1781085600,61329.49
1781089200,60977.48
1781092800,61512.99
1781096400,62091.92
1781100000,62146.02
1781103600,62580.66
1781107200,62169.99
1781110800,61914.59
1781114400,61818.11
1781118000,61882.0
1781121600,61738.38
1781125200,61293.47
1781128800,61320.0
1781132400,61449.46
1781136000,61762.03
1781139600,62147.95
1781143200,62066.99
1781146800,62601.0
1781150400,62649.94
1781154000,62543.33
1781157600,62686.01
1781161200,62639.88
1781164800,62886.41
1781168400,62850.0
1781172000,63067.15
1781175600,63043.98
1781179200,62939.17
1781182800,63019.97
1781186400,62657.76
1781190000,62680.49
1781193600,62493.8
1781197200,63562.0
1781200800,63384.92
1781204400,63548.0
1781208000,63332.0
1781211600,63464.01
1781215200,63436.7
1781218800,63563.42
1781222400,63574.68
1781226000,63350.46
1781229600,63534.84
1781233200,63430.5
1781236800,63613.93
1781240400,63268.0
1781244000,62898.71
1781247600,63014.82
1781251200,63391.68
1781254800,63678.78
1781258400,63617.69
1781262000,63685.17
1781265600,63388.3
1781269200,63151.96
1781272800,63950.72
1781276400,63550.46
1781280000,63942.77
1781283600,63823.2
1781287200,63648.0
1781290800,63552.05
1781294400,63408.07
1781298000,63435.97
1781301600,63472.34
1781305200,63538.43
1781308800,63557.9
1781312400,63796.97
1781316000,63605.25
1781319600,63494.14
1781323200,63472.43
1781326800,63551.17
1781330400,63705.56
1781334000,63806.37
1781337600,63764.92
1781341200,63705.45
1781344800,63803.18
1781348400,63923.41
1781352000,64091.98
1781355600,64061.62
1781359200,64183.93
1781362800,64258.02
1781366400,63985.03
1781370000,63932.63
1781373600,64124.32
1781377200,64268.92
1781380800,64254.0
1781384400,64438.02
1781388000,64426.58
1781391600,64429.99
1781395200,64532.28
1781398800,64545.59
1781402400,64456.28
1781406000,64513.58
1781409600,64307.56
1781413200,64334.0
1781416800,64258.25
1781420400,64396.52
1781424000,64422.06
1781427600,64577.99
1781431200,64486.44
1781434800,64513.83
1781438400,64294.22
1781442000,64285.06
1781445600,63950.24
1781449200,63986.18
1781452800,63905.28
1781456400,63696.58
1781460000,63775.71
1781463600,63768.28
1781467200,63971.99
1781470800,65280.67
1781474400,65381.84
1781478000,65706.62
1781481600,65590.0
1781485200,65484.45
1781488800,65427.46
1781492400,65894.03
1781496000,65604.96
1781499600,65825.05
1781503200,65770.83
1781506800,65633.83
1781510400,65614.81
1781514000,65550.46
1781517600,65879.95
1781521200,66190.01
1781524800,66527.51
1781528400,66394.34
1781532000,66543.2
1781535600,67252.01
1781539200,67123.03
1781542800,66813.93
1781546400,66734.81
1781550000,66577.42
1781553600,66487.44
1781557200,66335.42
1781560800,66155.99
1781564400,66276.8
1781568000,66211.09
1781571600,66304.16
1781575200,65704.98
1781578800,66111.75
1781582400,65800.0
1781586000,66020.16
1781589600,66408.46
1781593200,66334.18
1781596800,66858.7
1781600400,66461.65
1781604000,66456.9
1781607600,66440.49
1781611200,66367.98
1781614800,65985.0
1781618400,65601.16
1781622000,65807.01
1781625600,65698.37
1781629200,65917.35
1781632800,65781.87
1781636400,65622.49
1781640000,65792.7
1781643600,65703.71
1781647200,65710.11
1781650800,65616.64
1781654400,65644.68
1781658000,65870.61
1781661600,65847.99
1781665200,65794.05
1781668800,65824.01
1781672400,65768.1
1781676000,65550.84
1781679600,65463.42
1781683200,64861.97
1781686800,64849.92
1781690400,64739.51
1781694000,64749.51
1781697600,64979.56
1781701200,65219.59
1781704800,65047.01
1781708400,65696.96
1781712000,65807.19
1781715600,66055.58
1781719200,65453.18
1781722800,64241.65
1781726400,64370.66
1781730000,64196.47
1781733600,64233.99
1781737200,64446.04
1781740800,64399.99
1781744400,64488.05
1781748000,64617.61
1781751600,64215.05
1781755200,63809.28
1781758800,63920.54
1781762400,64011.38
1781766000,64438.53
1781769600,64336.01
1781773200,64144.89
1781776800,64024.0
1781780400,63901.92
1781784000,64309.22
1781787600,63906.47
1781791200,63732.62
1781794800,62290.58
1781798400,62603.71
1781802000,62512.66
1781805600,62618.64
1781809200,62872.8
1781812800,63012.28
1781816400,62889.73
1781820000,62815.7
1781823600,62879.01
1781827200,62949.87
1781830800,62951.98
1781834400,62930.0
1781838000,62702.08
1781841600,62390.39
1781845200,62675.81
1781848800,62829.32
1781852400,62561.21
1781856000,62537.18
1781859600,62317.11
1781863200,62466.31
1781866800,62570.52
1781870400,62765.91
1781874000,63147.18
1781877600,63145.39
1781881200,63150.22
1781884800,62909.99
1781888400,63135.45
1781892000,63049.55
1781895600,62969.39
1781899200,63188.75
1781902800,63015.11
1781906400,63256.94
1781910000,63475.2
1781913600,63464.0
1781917200,63524.86
1781920800,63279.62
1781924400,63418.16
1781928000,63522.37
1781931600,63613.05
1781935200,63678.42
1781938800,63593.09
1781942400,63358.49
1781946000,63667.07
1781949600,63609.6
1781953200,63617.41
1781956800,63594.45
1781960400,63336.34
1781964000,63881.93
1781967600,64086.07
1781971200,63967.89
1781974800,63751.18
1781978400,63734.81
1781982000,63867.36
1781985600,63858.68
1781989200,63937.01
1781992800,64196.99
1781996400,64222.99
1782000000,64212.8
1782003600,64150.01
1782007200,64157.98
1782010800,64339.42
1782014400,64199.05
1782018000,64178.01
1782021600,64219.96
1782025200,64102.01
1782028800,63935.35
1782032400,64126.0
1782036000,64286.71
1782039600,64095.3
1782043200,64107.67
1782046800,64068.7
1782050400,64061.29
1782054000,64143.98
1782057600,64065.58
1782061200,64065.3
1782064800,64140.0
1782068400,64119.97
1782072000,63770.33
1782075600,63724.0
1782079200,63724.92
1782082800,63235.63
1782086400,63811.8
1782090000,64524.01
1782093600,64176.94
1782097200,63886.56
1782100800,64012.15
1782104400,64164.81
1782108000,63910.01
1782111600,64131.4
1782115200,64089.6
1782118800,64070.41
1782122400,64066.37
1782126000,64583.24
1782129600,65077.58
1782133200,65511.99
1782136800,64900.01
1782140400,64764.02
1782144000,64641.09
1782147600,64529.2
1782151200,64268.67
1782154800,64408.02
1782158400,64359.17
1782162000,64246.41
1782165600,63889.99
1782169200,63950.61
1782172800,64080.59
1782176400,64078.72
1782180000,64122.72
1782183600,63987.82
1782187200,63541.99
1782190800,63321.01
1782194400,62863.9
1782198000,62805.5
1782201600,62308.15
1782205200,62298.0
1782208800,62237.25
1782212400,62432.78
1782216000,62182.51
1782219600,62400.15
1782223200,62415.89
1782226800,62404.01
1782230400,62463.02
1782234000,62271.41
1782237600,62150.89
1782241200,62310.83
1782244800,62388.98
1782248400,62515.05
1782252000,62509.96
1782255600,62644.86
1782259200,62933.09
1782262800,62849.39
1782266400,62546.33
1782270000,62649.71
1782273600,62661.75
1782277200,62802.0
1782280800,62691.85
1782284400,62561.4
1782288000,62707.51
1782291600,62594.41
1782295200,62354.94
1782298800,62835.29
1782302400,62522.46
1782306000,61227.64
1782309600,61017.98
1782313200,60176.73
1782316800,59759.15
1782320400,59304.9
1782324000,59513.9
1782327600,59858.28
1782331200,60869.51
1782334800,61014.85
1782338400,60778.43
1782342000,60983.13
1782345600,60717.47
1782349200,60822.57
1782352800,60696.97
1782356400,60782.25
1782360000,61251.25
1782363600,61498.83
1782367200,61624.92
1782370800,61816.79
1782374400,61613.83
1782378000,61634.49
1782381600,61178.0
1782385200,61179.08
1782388800,61132.63
1782392400,58190.0
1782396000,59373.17
1782399600,59462.99
1782403200,59208.28
1782406800,59579.08
1782410400,59421.18
1782414000,59220.01
1782417600,59356.99
1782421200,60113.97
1782424800,59748.74
1782428400,59703.65
1782432000,59569.02
1782435600,59340.99
1782439200,58475.96
1782442800,59936.99
1782446400,59830.92
1782450000,59860.02
1782453600,60233.04
1782457200,60422.76
1782460800,60147.35
1782464400,59638.93
1782468000,59226.29
1782471600,59328.02
1782475200,59091.66
1782478800,60081.65
1782482400,59500.31
1782486000,60226.92
1782489600,59939.3
1782493200,59929.01
1782496800,59566.0
1782500400,59655.5
1782504000,59620.51
1782507600,59826.03
1782511200,59951.52
1782514800,60002.53
1782518400,59974.71
1782522000,59847.91
1782525600,60190.2
1782529200,60211.57
1782532800,60149.99
1782536400,60143.99
1782540000,60274.13
1782543600,60451.64
1782547200,60353.69
1782550800,60313.23
1782554400,60317.99
1782558000,60264.73
1782561600,60324.43
1782565200,60483.15
1782568800,60510.23
1782572400,60740.31
1782576000,60710.39
1782579600,60424.07
1782583200,60475.42
1782586800,60077.65
1782590400,60199.37
1782594000,60102.49
1782597600,60132.1
1782601200,59934.84
1782604800,60059.13
1782608400,60131.15
1782612000,60051.24
1782615600,60105.91
1782619200,60046.14
1782622800,59892.01
1782626400,59908.69
1782630000,60127.84
1782633600,60277.54
1782637200,60169.78
1782640800,60076.81
1782644400,60251.97
1782648000,60205.82
1782651600,59983.25
1782655200,59939.29
1782658800,59806.75
1782662400,59600.01
1782666000,59493.11
1782669600,59514.0
1782673200,59389.27
1782676800,59559.05
1782680400,59347.67
1782684000,58966.2
1782687600,59474.01
1782691200,59557.35
1782694800,59333.4
1782698400,59654.36
1782702000,59942.83
1782705600,59729.95
1782709200,60006.02
1782712800,59983.3
1782716400,59932.61
1782720000,59740.37
1782723600,59968.2
1782727200,59996.69
1782730800,59864.53
1782734400,59857.65
1782738000,59473.31
1782741600,59352.26
1782745200,59704.77
1782748800,59776.04
1782752400,60318.46
1782756000,60198.05
1782759600,60332.0
1782763200,60197.71
1782766800,60390.92
1782770400,60261.96
1782774000,60162.73
1782777600,59743.01
1782781200,59846.84
1782784800,59842.57
1782788400,59515.14
1782792000,59385.28
1782795600,59549.99
1782799200,59493.99
1782802800,59427.02
1782806400,59206.9
1782810000,59276.01
1782813600,59229.3
1782817200,59076.82
1782820800,58299.06
1782824400,58629.98
1782828000,58358.95
1782831600,58267.51
1782835200,58391.34
1782838800,58322.24
1782842400,58580.06
1782846000,58716.53
1782849600,58630.88
1782853200,58553.87
1782856800,58509.56
1782860400,58523.93
1782864000,58486.84
1782867600,58668.85
1782871200,58991.99
1782874800,59101.49
1782878400,59245.38
1782882000,59060.91
1782885600,58666.65
1782889200,58686.91
1782892800,58896.0
1782896400,58865.86
1782900000,58577.4
1782903600,58536.74
1782907200,58443.44
1782910800,59422.92
1782914400,59466.95
1782918000,60087.7
1782921600,59856.97
1782925200,60129.4
1782928800,60104.77
1782932400,59971.68
1782936000,60069.75
1782939600,60752.33
1782943200,60408.41
1782946800,59961.45
1782950400,59689.46
1782954000,60112.25
1782957600,60353.88
1782961200,60985.77
1782964800,60707.99
1782968400,60433.52
1782972000,60188.22
1782975600,60058.91
1782979200,60434.13
1782982800,61092.9
1782986400,61185.64
1782990000,61283.64
1782993600,61470.47
1782997200,61877.29
1783000800,61634.27
1783004400,61543.76
1783008000,61621.98
1783011600,61604.61
1783015200,61699.16
1783018800,61424.29
1783022400,61509.01
1783026000,61517.07
1783029600,61397.76
1783033200,61484.02
1783036800,61221.06
1783040400,61511.47
1783044000,61353.03
1783047600,61350.93
1783051200,61366.03
1783054800,61623.29
1783058400,61631.13
1783062000,61679.99
1783065600,61507.04
1783069200,61640.05
1783072800,61844.03
1783076400,61943.92
1783080000,61905.97
1783083600,62051.15
1783087200,62101.61
1783090800,61864.26
1783094400,62045.31
1783098000,62139.9
1783101600,62149.99
1783105200,62153.87
1783108800,62715.23
1783112400,62669.4
1783116000,62512.79
1783119600,62520.22
1783123200,62693.36
1783126800,62403.49
1783130400,62481.95
1783134000,62560.56
1783137600,62628.17
1783141200,62412.4
1783144800,62434.82
1783148400,62511.63
1783152000,62495.09
1783155600,62429.05
1783159200,62450.08
1783162800,62428.52
1783166400,62604.66
1783170000,62538.0
1783173600,62644.81
1783177200,62881.22
1783180800,62865.88
1783184400,63221.15
1783188000,63113.34
1783191600,63233.98
1783195200,63180.56
1783198800,63237.99
1783202400,63139.99
1783206000,63086.45
1783209600,62930.55
1783213200,62831.68
1783216800,62639.98
1783220400,62711.21
1783224000,62757.61
1783227600,62679.99
1783231200,62722.06
1783234800,62958.44
1783238400,62858.34
1783242000,62565.89
1783245600,62700.78
1783249200,62610.01
1783252800,62692.42
1783256400,62738.8
1783260000,62758.87
1783263600,62686.17
1783267200,62569.98
1783270800,62571.4
1783274400,62764.59
1783278000,62710.99
1783281600,62673.93
1783285200,63034.92
1783288800,63678.31
1783292400,63580.44
1783296000,63697.48
1783299600,63510.63
1783303200,63388.32
1783306800,63232.34
1783310400,63206.75
1783314000,63048.44
1783317600,62917.97
1783321200,63024.27
1783324800,62833.39
1783328400,62597.66
1783332000,62756.28
1783335600,62421.85
1783339200,61688.01
1783342800,61708.02
1783346400,61995.25
1783350000,63501.46
1783353600,63691.23
1783357200,63536.22
1783360800,63649.99
1783364400,63692.7
1783368000,63784.6
1783371600,64443.27
1783375200,64203.41
1783378800,64001.84
1783382400,64153.79
1783386000,63797.37
1783389600,63280.27
1783393200,63140.03
1783396800,63048.38
1783400400,63074.74
1783404000,63283.01
1783407600,63035.46
1783411200,63045.74
1783414800,63192.0
1783418400,63228.0
1783422000,63345.26
1783425600,63418.3
1783429200,62988.41
1783432800,63499.75
1783436400,63887.99
1783440000,63936.87
1783443600,64145.47
1783447200,63633.98
1783450800,63776.81
1783454400,63656.97
1783458000,63388.7
1783461600,63505.07
1783465200,63323.27
1783468800,63571.75
1783472400,62988.19
1783476000,62937.29
1783479600,62718.59
1783483200,62745.99
1783486800,62588.76
1783490400,62605.9
1783494000,62834.44
1783497600,61959.96
1783501200,62001.81
1783504800,62127.99
1783508400,62249.32
1783512000,61894.21
1783515600,61878.01
1783519200,61830.69
1783522800,61630.9
1783526400,62045.79
1783530000,62052.69
1783533600,62126.23
1783537200,62223.7
1783540800,62059.56
1783544400,62132.1
1783548000,62283.35
1783551600,62237.7
1783555200,62084.54
1783558800,61856.65
1783562400,61730.17
1783566000,61913.99
1783569600,62396.79
1783573200,62537.39
1783576800,62903.46
1783580400,62947.26
1783584000,62839.99
1783587600,62896.06
1783591200,62722.52
1783594800,62718.96
1783598400,62553.08
1783602000,62968.16
1783605600,62955.42
1783609200,62802.98
1783612800,62635.76
1783616400,63088.25
1783620000,63163.06
1783623600,63193.84
1783627200,63257.5
1783630800,63223.69
1783634400,63169.76
1783638000,63175.25
1783641600,63058.12
1783645200,63699.99
1783648800,63911.25
1783652400,63899.99
1783656000,64004.03
1783659600,64076.23
1783663200,63817.55
1783666800,63932.72
1783670400,64196.53
1783674000,64341.83
1783677600,64355.32
1783681200,64378.15
1783684800,64239.01
1783688400,64436.6
1783692000,63859.39
1783695600,63987.0
1783699200,64085.8
1783702800,63775.71
1783706400,63758.91
1783710000,63878.41
1783713600,63788.76
1783717200,63970.38
1783720800,64068.85
1783724400,64128.49
1783728000,64076.53
1783731600,63973.73
1783735200,64116.98
1783738800,64107.68
1783742400,64111.34
1783746000,64125.38
1783749600,64167.41
1783753200,64111.6
1783756800,64216.87
1783760400,64107.68
1783764000,64138.08
1783767600,64145.27
1783771200,64141.47
1783774800,64195.03
1783778400,64297.68
1783782000,64120.18
1783785600,64132.72
1783789200,64271.48
1783792800,64281.99
1783796400,64245.99
1783800000,64337.11
1783803600,64310.39
1783807200,64158.08
1783810800,63773.04
1783814400,63787.37
1783818000,64085.26
1783821600,64031.24
1783825200,64179.36
1783828800,63962.07
1783832400,63925.68
1783836000,63714.75
1783839600,63843.7
1783843200,63940.08
1783846800,63915.23
1783850400,63807.56
1783854000,63966.54
1783857600,63982.16
1783861200,63980.52
1783864800,64158.64
1783868400,64136.52
1783872000,64131.78
1783875600,64034.91
1783879200,64109.19
1783882800,64193.87
1783886400,64161.74
1783890000,63883.78
1783893600,63845.6
1783897200,63740.32
1783900800,64024.78
1783904400,63368.77
1783908000,63326.94
1783911600,62758.58
1783915200,62624.46
1783918800,62754.53
1783922400,62747.03
1783926000,62935.57
1783929600,63142.5
1783933200,63039.0
1783936800,62801.79
1783940400,62842.97
1783944000,62561.5
1783947600,62247.45
1783951200,62716.19
1783954800,62540.62
1783958400,62204.34
1783962000,61830.0
1783965600,61950.68
1783969200,62210.67
1783972800,62141.0
1783976400,61997.89
1783980000,61840.89
1783983600,62264.94
1783987200,62481.0
1783990800,62459.45
1783994400,62476.16
1783998000,62500.0
1784001600,62673.76
1784005200,62654.02
1784008800,62546.34
1784012400,62467.62
1784016000,62631.31
1784019600,62554.05
1784023200,62725.61
1784026800,62769.76
1784030400,63897.15
1784034000,63780.0
1784037600,64238.0
1784041200,64703.12
1784044800,64693.5
1784048400,64586.36
1784052000,64533.4
1784055600,64542.41
1784059200,64521.45
1784062800,64634.83
1784066400,64815.84
1784070000,64988.64
1784073600,64775.98
1784077200,64625.94
1784080800,64440.87
1784084400,64736.67
1784088000,64698.07
1784091600,64896.0
1784095200,64768.0
1784098800,64501.79
1784102400,64719.93
1784106000,64615.58
1784109600,64605.99
1784113200,64679.32
1784116800,65106.41
1784120400,65057.05
1784124000,65339.5
1784127600,65369.98
1784131200,65062.83
1784134800,65005.03
1784138400,64816.57
1784142000,64941.86
1784145600,64927.95
1784149200,64796.0
1784152800,64821.03
1784156400,64716.63
1784160000,64537.4
1784163600,64689.08
1784167200,64595.85
1784170800,64562.14
1784174400,64590.88
1784178000,64865.14
1784181600,64719.02
1784185200,64172.64
1784188800,64067.87
1784192400,64038.01
1784196000,64165.73
1784199600,64200.0
1784203200,63914.11
1784206800,64325.54
1784210400,64493.21
1784214000,64660.54
1784217600,64432.08
1784221200,64030.02
1784224800,64191.56
1784228400,64217.54
1784232000,64056.98
1784235600,64113.03
1784239200,63916.84
1784242800,63770.6
1784246400,63836.44
1784250000,63489.0
1784253600,63430.08
1784257200,63508.14
1784260800,63423.17
1784264400,62782.59
1784268000,62890.91
1784271600,62770.8
1784275200,62826.02
1784278800,62927.94
1784282400,63119.72
1784286000,63237.74
1784289600,63037.98
1784293200,63092.11
1784296800,63112.0
1784300400,63403.18
1784304000,63550.1
1784307600,64010.87
1784311200,64225.35
1784314800,64113.2
1784318400,64077.45
1784322000,64067.59
1784325600,63937.99
1784329200,63894.0
1784332800,63867.91
1784336400,63916.0
1784340000,63912.28
1784343600,63970.77
1784347200,63925.87
1784350800,63924.0
1784354400,63935.43
1784358000,63950.92
1784361600,63960.01
1784365200,63940.9
1784368800,63961.48
1784372400,64016.19
1784376000,64164.48
1784379600,64065.07
1784383200,64085.47
1784386800,64076.88
1784390400,64259.02
1784394000,64443.32
1784397600,64468.24
1784401200,64512.19
1784404800,64654.58
1784408400,64692.01
1784412000,64764.33
1784415600,64796.36
1784419200,64745.87
1784422800,64725.0
1784426400,64784.09
1784430000,64670.12
1784433600,64681.47
1784437200,64682.21
1784440800,64668.09
1784444400,64678.0
1784448000,64668.63
1784451600,64470.32
1784455200,64553.67
1784458800,64426.7
1784462400,64399.29
1784466000,64432.3
1784469600,64547.2
1784473200,64544.15
1784476800,64495.08
1784480400,64502.4
1784484000,64374.23
1784487600,64410.0
1784491200,64488.31
1784494800,64372.61
1784498400,64629.21
1784502000,64681.78
1784505600,64503.04
1784509200,64576.64
1784512800,64775.79
1784516400,64814.39
1784520000,64494.19
1784523600,64076.18
1784527200,63860.34
1784530800,64214.24
1784534400,63997.35
1784538000,64138.72
1784541600,64239.45
1784545200,64944.01
1784548800,64585.99
1784552400,64278.4
1784556000,64354.45
1784559600,65550.0
1784563200,65454.01
1784566800,65533.52
1784570400,65192.32
1784574000,65099.39
1784577600,65327.99
1784581200,65241.69
1784584800,65106.78
1784588400,65213.05
1784592000,65520.95
1784595600,65193.52
1784599200,65366.95
1784602800,65522.31
1784606400,65472.49
1784610000,65704.1
1784613600,65874.68
1784617200,66140.36
1784620800,66186.39
1784624400,66250.78
1784628000,66148.21
1784631600,66309.46
1784635200,66508.85
1784638800,66737.99
1784642400,66809.72
1784646000,66648.4
1784649600,66510.09
1784653200,66164.0
1784656800,66280.0
1784660400,66424.0
1784664000,66370.02
1784667600,66346.91
1784671200,66266.01
1784674800,66516.18
1784678400,66583.35
1784682000,66389.6
1784685600,66268.01
1784689200,66160.44
1784692800,66336.01
1784696400,65937.32
1784700000,65891.27
1784703600,65797.99
1784707200,65940.48
1784710800,65884.27
1784714400,66006.69
1784718000,65972.5
1784721600,65586.01
1784725200,65911.11
1784728800,65761.0
1784732400,66013.78
1784736000,66204.83
1784739600,65993.8
1784743200,65858.3
1784746800,65894.99
1784750400,65892.42
1784754000,66044.16
1784757600,66014.38
1784761200,66086.61
1784764800,66026.19
1784768400,65799.01
1784772000,65777.22
1784775600,65624.51
1784779200,65576.15
1784782800,65660.2
1784786400,65758.11
1784790000,65394.82
1784793600,65594.48
1784797200,65607.07
1784800800,65708.56
1784804400,65525.22
1784808000,65123.02
1784811600,64831.16
1784815200,64859.16
1784818800,64905.04
1784822400,64691.59
1784826000,64611.92
1784829600,64807.58
1784833200,64778.48
1784836800,65097.6
1784840400,65120.19
1784844000,65140.05
1784847600,65051.23
1784851200,64927.99
1784854800,65030.0
1784858400,65066.98
1784862000,65408.0
1784865600,65263.39
1784869200,65268.43
1784872800,65426.94
1784876400,65454.48
1784880000,65255.44
1784883600,65064.29
1784887200,64903.09
1784890800,65021.19
1784894400,64715.98
1784898000,64092.49
1784901600,63993.51
1784905200,64025.89
1784908800,63889.84
1784912400,64117.07
1784916000,64210.91
1784919600,64163.76
1784923200,64103.99
1784926800,64088.09
1784930400,64100.52
1784934000,64083.32
1784937600,64009.01
1784941200,64006.49
1784944800,63980.57
1784948400,64021.41
1784952000,64117.19
1784955600,63956.57
1784959200,63952.2
1784962800,63941.42
1784966400,63808.55
1784970000,63941.23
1784973600,64000.08
1784977200,64005.73
1784980800,64054.69
1784984400,64103.89
1784988000,64148.88
1784991600,64117.69
1784995200,64151.31
1784998800,64207.51
1785002400,64360.26
1785006000,64328.71
1785009600,64276.93
1785013200,64288.01
1785016800,64352.27
1785020400,64295.61
1785024000,64450.01
1785027600,64404.53
1785031200,64460.9
1785034800,64490.46
1785038400,64465.08
1785042000,64352.93
1785045600,64375.72
1785049200,64309.43
1785052800,64423.01
1785056400,64481.64
1785060000,64454.17
1785063600,64450.48
1785067200,64405.02
1785070800,64466.46
1785074400,64658.99
1785078000,64710.27
1785081600,64672.7
1785085200,64644.05
1785088800,64686.19
1785092400,64641.1
1785096000,64595.26
1785099600,64795.41
1785103200,65347.96
1785106800,65341.07
1785110400,65069.99
1785114000,65141.44
1785117600,65115.39
1785121200,65227.73
1785124800,65229.54
1785128400,65403.99
1785132000,65357.99
1785135600,65165.1
1785139200,65104.49
1785142800,65201.0
1785146400,65277.99
1785150000,65040.33
1785153600,65024.18
1785157200,65161.65
1785160800,64611.76
1785164400,64475.17
1785168000,64828.3
1785171600,64951.08
1785175200,64805.29
1785178800,64915.15
1785182400,64903.49
1785186000,64762.17
1785189600,63732.73
1785193200,63694.43
1785196800,63421.94
1785200400,63170.47
1785204000,63115.57
1785207600,63279.32
1785211200,63285.46
1785214800,63378.2
1785218400,63564.29
1785222000,63435.8
1785225600,63353.5
1785229200,63322.28
1785232800,63401.11
1785236400,63393.51
1785240000,63470.34
1785243600,63026.07
1785247200,63336.06
1785250800,63857.59
1785254400,63969.76
1785258000,63619.46
1785261600,63656.58
1785265200,63825.78
1785268800,63834.48
1785272400,63892.88
1785276000,63704.94
1785279600,63847.12
1785283200,63878.28
1785286800,63624.67
1785290400,63891.66
1785294000,63659.95
1785297600,63878.16
1785301200,63976.87
1785304800,64352.6
1785308400,64487.22
1785312000,64342.35
1785315600,64617.46
1785319200,64395.34
1785322800,64437.0
1785326400,64201.91
1785330000,64592.45
1785333600,64014.64
1785337200,63867.93
1785340800,63716.65
1785344400,64189.4
1785348000,64430.52
1785351600,63515.6
1785355200,63437.02
1785358800,63784.52
1785362400,63852.08
1785366000,63896.14
1785369600,63609.32
1785373200,64187.64
1785376800,64103.35
1785380400,64077.74
1785384000,63933.27
1785387600,63947.72
1785391200,63915.31
1785394800,63918.31
1785398400,64211.87
1785402000,64480.57
1785405600,64472.29
1785409200,64707.18
1785412800,64839.6
1785416400,64955.21
1785420000,64614.52
1785423600,64661.64
1785427200,64750.44
1785430800,64809.66
1785434400,64634.02
1785438000,64741.54
1785441600,64711.33
1785445200,64670.68
1785448800,64788.79
1785452400,64721.9
1785456000,64665.29
1785459600,64493.68
1785463200,64230.03
1785466800,64296.76
1785470400,64239.47
1785474000,64290.14
1785477600,64171.07
1785481200,63870.02
1785484800,63762.21
1785488400,63646.7
1785492000,63850.42
1785495600,63738.74
1785499200,63682.1
1785502800,63193.69
1785506400,62594.32
1785510000,62625.76
1785513600,62795.38
1785517200,63177.96
1785520800,63026.46
1785524400,62903.64
1785528000,62892.4
1785531600,62895.7
1785535200,62885.16
1785538800,62825.9
1785542400,62875.74
1785546000,62903.04
1785549600,63001.74
1785553200,62938.54
1785556800,63035.71
1785560400,62965.77
1785564000,63013.2
1785567600,62991.46
1785571200,63060.89
1785574800,62989.85
1785578400,62998.16
1785582000,63016.47
1785585600,63041.63
1785589200,63009.44
1785592800,63066.18
1785596400,62938.82
1785600000,62879.14
1785603600,62652.58
1785607200,62521.66
1785610800,62471.53
1785614400,62604.92
1785618000,62761.35
1785621600,62765.36
1785625200,62764.2
1785628800,62775.0
1785632400,62921.05
1785636000,63382.0
1785639600,63392.87
1785643200,63519.61
1785646800,63396.19
1785650400,63409.74
1785654000,63441.34
1785657600,63130.04
1785661200,63205.22
1785664800,63142.77
1785668400,62964.22
1785672000,63062.09
1785675600,63053.99
1785679200,63002.31
1785682800,63041.43
1785686400,63104.86
1785690000,63227.93
1785693600,63307.59
1785697200,63380.18
1785700800,63423.33
1785704400,63504.05
1785708000,63351.05
1785711600,63499.49
1785715200,63244.4
1785718800,63130.89
1785722400,63065.52
1785726000,62781.48
1785729600,62707.78
1785733200,62743.54
1785736800,62542.5
1785740400,62537.58
1785744000,62457.58
1785747600,62749.36
1785751200,62656.01
1785754800,62481.29
1785758400,62617.33
1785762000,63267.2
1785765600,63891.2
1785769200,63624.97
1785772800,63707.24
1785776400,63852.75
1785780000,63811.74
1785783600,63813.48
1785787200,63732.9
1785790800,63527.71
1785794400,63553.45
1785798000,63466.51
1785801600,63302.05
1785805200,63782.29
1785808800,63758.99
1785812400,63727.78
1785816000,63975.45
1785819600,63768.85
1785823200,63607.16
1785826800,63617.41
1785830400,63514.77
1785834000,63534.59
1785837600,63694.14
1785841200,63853.32
1785844800,63840.63
1785848400,63620.84
1785852000,64069.33
1785855600,64070.92
1785859200,63899.71
1785862800,63922.37
1785866400,64261.41
1785870000,64197.18
1785873600,64299.08
1785877200,64144.0
1785880800,64221.82
1785884400,64050.51
1785888000,63946.99
1785891600,64289.38
1785895200,64315.95
1785898800,64128.0
1785902400,64113.97
1785906000,64275.22
1785909600,64199.3
1785913200,64106.74
1785916800,64063.03
1785920400,64097.27
1785924000,64004.27
1785927600,64018.29
1785931200,64277.04
1785934800,64359.75
1785938400,64426.84
1785942000,64327.09
1785945600,64606.01
1785949200,64694.25
1785952800,64733.0
1785956400,64794.63
1785960000,64781.83
1785963600,64665.97
1785967200,64573.53
1785970800,64603.03
1785974400,64582.3
1785978000,64520.62
1785981600,64516.67
1785985200,64470.01
1785988800,64666.29
1785992400,64846.8
1785996000,64796.79
1785999600,64743.11
1786003200,64873.6
1786006800,64615.94
1786010400,64549.99
1786014000,64552.62
1786017600,64345.68
1786021200,64357.29
1786024800,64709.54
1786028400,64570.94
1786032000,64690.13
1786035600,64557.16
1786039200,64356.98
1786042800,64390.13
1786046400,64383.92
1786050000,64388.37
1786053600,64294.74
1786057200,64267.3
1786060800,64263.18
1786064400,64364.26
1786068000,64337.98
1786071600,64234.48
1786075200,64191.67
1786078800,64273.78
1786082400,64254.4
1786086000,64264.2
1786089600,64552.89
1786093200,64794.06
1786096800,64849.11
1786100400,64975.63
1786104000,65250.57
1786107600,64961.52
1786111200,64906.85
1786114800,64860.22
1786118400,64758.08
1786122000,64713.89
1786125600,64689.7
1786129200,64914.79
1786132800,64935.72
1786136400,64895.73
1786140000,64852.17
1786143600,64891.61
1786147200,64888.15
1786150800,64868.86
1786154400,64888.12
1786158000,64989.86
1786161600,64973.64
1786165200,64961.0
1786168800,64965.5
1786172400,64928.8
1786176000,64957.72
1786179600,64955.28
1786183200,64966.68
1786186800,64922.84
1786190400,64960.89
1786194000,64973.61
1786197600,65082.74
1786201200,65029.67
1786204800,65039.99
1786208400,65073.14
1786212000,64992.85
1786215600,65025.41
1786219200,65032.18
1786222800,64968.03
1786226400,64892.52
1786230000,64908.72
1786233600,64922.7
1786237200,64806.28
1786240800,64767.52
1786244400,64734.97
1786248000,64735.33
1786251600,64754.32
1786255200,64792.91
1786258800,64770.87
1786262400,64770.07
1786266000,64832.31
1786269600,64905.46
1786273200,64898.63
1786276800,64906.59
1786280400,65178.68
1786284000,65214.29
1786287600,65174.99
1786291200,65181.97
1786294800,65142.0
1786298400,65147.12
1786302000,65130.74
1786305600,65095.57
1786309200,65143.7
1786312800,65023.08
1786316400,64848.69
1786320000,64921.65
1786323600,65146.85
1786327200,65043.02
1786330800,64921.08
1786334400,64950.77
1786338000,65085.56
1786341600,65248.07
1786345200,65149.84
1786348800,65186.45
1786352400,64907.66
1786356000,64956.25
1786359600,65069.45
1786363200,64817.1
1786366800,64494.73
1786370400,64562.89
1786374000,64235.85
1786377600,63838.89
1786381200,63884.99
1786384800,63815.91
1786388400,63977.9
1786392000,64096.86
1786395600,63911.12
1786399200,63959.71
1786402800,63911.88
1786406400,63972.01
1786410000,63987.01
1786413600,63978.05
1786417200,64074.72
1786420800,63960.21
1786424400,63926.89
1786428000,63897.94
1786431600,63999.16
1786435200,64073.86
1786438800,64244.21
1786442400,64171.17
1786446000,64327.17
1786449600,64266.51
1786453200,64139.99
1786456800,63713.96
1786460400,63547.37
1786464000,63440.58
1786467600,63537.12
1786471200,63305.79
1786474800,63468.75
1786478400,63682.16
1786482000,63615.57
1786485600,63604.67
1786489200,63531.75
1786492800,63685.04
1786496400,63760.9
1786500000,63687.95
1786503600,63762.02
1786507200,63713.62
1786510800,63780.11
1786514400,63650.69
1786518000,63767.58
1786521600,63730.97
1786525200,64052.34
1786528800,64079.99
1786532400,64179.67
1786536000,64066.44
1786539600,63774.83
1786543200,63296.71
1786546800,63367.42
1786550400,63424.57
1786554000,63398.83
1786557600,63309.61
1786561200,63344.07
1786564800,63535.48
1786568400,63403.2
1786572000,63361.57
1786575600,63411.72
1786579200,63489.84
1786582800,63385.52
1786586400,63479.05
1786590000,63580.27
1786593600,63624.45
1786597200,63805.61
1786600800,63875.76
1786604400,63803.12
1786608000,63708.02
1786611600,63718.13
1786615200,63582.41
1786618800,63414.9
1786622400,63621.64
1786626000,63653.03
1786629600,63797.13
1786633200,63348.48
1786636800,63094.67
1786640400,63070.01
1786644000,63235.83
1786647600,63339.67
1786651200,63349.19
1786654800,63409.18
1786658400,63463.35
1786662000,63425.35
1786665600,63480.14
1786669200,63511.09
1786672800,63403.47
1786676400,63246.69
1786680000,63307.15
1786683600,63314.54
1786687200,62904.29
1786690800,62848.68
1786694400,62870.48
1786698000,62723.64
1786701600,62746.13
1786705200,62800.6
1786708800,62661.84
1786712400,62592.08
1786716000,62536.33
1786719600,62913.04
1786723200,63071.09
1786726800,62951.69
1786730400,62855.92
1786734000,62892.03
1786737600,62835.15
1786741200,62860.9
1786744800,62814.54
1786748400,62975.19
1786752000,62950.71
1786755600,62972.28
1786759200,63071.39
1786762800,62988.39
1786766400,63052.01
1786770000,63016.1
1786773600,63045.54
1786777200,63005.66
1786780800,62869.07
1786784400,62957.64
1786788000,62976.03
1786791600,62949.22
1786795200,62985.93
1786798800,62985.97
1786802400,62966.42
1786806000,63022.95
1786809600,63024.05
1786813200,63000.34
1786816800,62989.52
1786820400,63051.39
1786824000,63036.5
1786827600,63085.92
1786831200,63061.68
1786834800,63018.75
1786838400,63012.93
1786842000,63013.9
1786845600,63054.45
1786849200,63059.43
1786852800,63016.92
1786856400,62997.82
1786860000,62993.72
1786863600,62991.23
1786867200,63001.91
1786870800,62917.51
1786874400,62940.19
1786878000,62945.33
1786881600,62948.0
1786885200,62993.63
1786888800,63037.75
1786892400,63072.49
1786896000,63186.92
1786899600,63087.41
1786903200,63074.29
1786906800,63040.17
1786910400,63000.74
1786914000,62861.54
1786917600,62850.0
1786921200,62836.66
1786924800,62840.55
1786928400,63042.04
1786932000,63337.5
1786935600,63367.81
1786939200,63479.99
1786942800,63456.6
1786946400,63603.34
1786950000,63461.46
1786953600,63307.86
1786957200,63246.2
1786960800,63614.74
1786964400,63557.05
1786968000,63478.24
1786971600,63603.12
1786975200,63828.95
1786978800,64141.46
1786982400,64060.35
1786986000,64276.81
1786989600,64380.58
1786993200,64262.0
1786996800,64341.77
1787000400,64335.03
1787004000,64240.22
1787007600,64484.18
1787011200,64327.45
1787014800,64148.45
1787018400,64043.4
1787022000,64117.2
1787025600,64149.69
1787029200,64169.46
1787032800,64266.41
1787036400,64139.78
1787040000,64228.64
1787043600,64106.23
1787047200,64134.54
1787050800,64286.58
1787054400,64161.67
1787058000,64158.17
1787061600,64668.14
1787065200,64811.69
1787068800,64795.19
1787072400,64629.56
1787076000,64737.17
1787079600,64610.51
1787083200,64538.48
1787086800,64559.33
1787090400,64596.41
1787094000,64681.33
1787097600,64445.44
1787101200,64358.46
1787104800,64295.84
1787108400,64269.36
1787112000,64255.14
1787115600,64186.35
1787119200,64289.82
1787122800,64236.76
1787126400,64357.12
1787130000,64367.8
1787133600,64395.42
1787137200,64459.1
1787140800,64831.37
1787144400,64962.17
1787148000,65889.69
1787151600,68513.85
1787155200,68439.02
1787158800,68168.31
1787162400,68381.1
1787166000,68418.55
1787169600,69033.59
1787173200,69700.12
1787176800,69219.55
1787180400,69300.01
1787184000,69388.78
1787187600,69678.66
1787191200,69242.42
1787194800,69139.99
1787198400,69442.52
1787202000,69374.89
1787205600,69813.99
1787209200,69783.61
1787212800,71527.94
1787216400,71738.04
1787220000,71943.6
1787223600,71870.11
1787227200,71897.77
1787230800,71649.71
1787234400,71780.32
1787238000,72429.27
1787241600,72808.56
1787245200,72720.26
1787248800,72410.92
1787252400,72669.36
1787256000,72660.23
1787259600,72725.63
1787263200,72665.07
1787266800,73011.87
1787270400,73683.35
1787274000,75101.88
1787277600,74407.62
1787281200,74478.95
1787284800,74999.99
1787288400,75438.09
1787292000,75615.79
1787295600,76288.2
1787299200,79242.47
1787302800,77888.17
1787306400,77797.93
1787310000,76709.62
1787313600,77199.99
1787317200,77244.23
1787320800,77363.82
1787324400,77191.8
1787328000,77451.34
1787331600,77375.0
1787335200,77110.52
1787338800,77003.92
1787342400,77497.98
1787346000,78495.4
1787349600,78451.34
1787353200,78325.54
1787356800,77934.35
1787360400,77821.05
1787364000,78474.25
1787367600,78402.62
1787371200,78451.35
1787374800,77369.81
1787378400,77475.57
1787382000,77288.55
1787385600,77195.48
1787389200,77046.9
1787392800,76961.55
1787396400,77120.87
1787400000,77300.01
1787403600,77277.3
1787407200,76995.59
1787410800,76970.55
1787414400,77272.07
1787418000,77270.52
1787421600,77261.92
1787425200,77417.02
1787428800,77312.98
1787432400,76847.37
1787436000,76989.45
1787439600,77054.44
1787443200,77287.45
1787446800,77184.53
1787450400,77064.69
1787454000,76914.73
1787457600,76599.43
1787461200,76048.57
1787464800,76090.82
1787468400,75991.26
1787472000,76464.94
1787475600,76540.01
1787479200,76776.94
1787482800,77288.16
1787486400,77201.59
1787490000,77481.79
1787493600,77180.45
1787497200,77133.45
1787500800,77405.67
1787504400,77167.83
1787508000,77338.76
1787511600,77328.3
1787515200,77393.19
1787518800,77832.5
1787522400,77600.67
1787526000,77729.36
1787529600,77675.87
1787533200,76910.97
1787536800,77467.79
1787540400,76933.46
1787544000,76893.23
1787547600,77159.59
1787551200,77463.72
1787554800,77297.87
1787558400,77025.55
1787562000,77540.81
1787565600,77608.85
1787569200,78430.25
1787572800,79142.66
1787576400,78562.4
1787580000,79486.09
1787583600,79081.06
1787587200,79041.04
1787590800,78754.8
1787594400,78931.82
1787598000,78746.35
1787601600,78929.26
1787605200,78970.31
1787608800,78734.62
1787612400,78981.59
1787616000,79731.32
1787619600,79821.9
1787623200,80634.4
1787626800,80468.97
1787630400,80348.07
1787634000,80702.0
1787637600,80533.77
1787641200,79663.37
1787644800,79905.81
1787648400,79177.83
1787652000,79294.88
1787655600,79119.22
1787659200,78971.29
1787662800,78634.34
1787666400,79238.97
1787670000,79507.16
1787673600,79153.3
1787677200,79236.99
1787680800,79120.81
1787684400,78928.78
1787688000,78184.85
1787691600,78536.81
1787695200,78876.87
1787698800,78526.8
1787702400,78632.36
1787706000,78815.54
1787709600,79098.25
1787713200,79075.52
1787716800,78823.85
1787720400,79079.25
1787724000,78934.01
1787727600,78915.97
1787731200,78696.38
1787734800,78434.75
1787738400,78706.68
1787742000,78467.42
1787745600,78299.51
1787749200,78442.55
1787752800,77787.17
1787756400,78013.37
1787760000,77986.94
1787763600,78446.15
1787767200,78471.39
1787770800,78475.06
1787774400,78448.55
1787778000,78718.61
1787781600,78692.67
1787785200,79026.18
1787788800,78684.69
1787792400,78897.75
1787796000,78725.0
1787799600,78820.83
1787803200,78765.27
1787806800,78897.3
1787810400,78805.0
1787814000,79067.35
1787817600,79755.26
1787821200,79988.75
1787824800,79634.98
1787828400,79476.34
1787832000,79276.06
1787835600,79533.01
1787839200,80221.31
1787842800,80316.59
1787846400,80384.79
1787850000,80445.13
1787853600,80170.95
1787857200,79910.05
1787860800,80111.05
1787864400,80210.39
1787868000,80322.04
1787871600,80275.34
1787875200,80599.83
1787878800,80509.11
1787882400,79937.48
1787886000,79824.71
1787889600,79649.22
1787893200,79693.73
1787896800,79909.08
1787900400,79684.34
1787904000,79520.05
1787907600,79292.99
1787911200,79568.62
1787914800,79606.02
1787918400,79417.59
1787922000,79341.08
1787925600,79560.96
1787929200,78324.23
1787932800,77782.54
1787936400,77901.24
1787940000,77544.64
1787943600,77559.99
1787947200,77404.99
1787950800,77365.48
1787954400,77749.34
1787958000,77839.19
1787961600,77734.49
1787965200,77792.04
1787968800,77668.09
1787972400,77502.62
1787976000,77640.42
1787979600,77635.43
1787983200,77459.98
1787986800,77619.0
1787990400,77641.79
1787994000,77642.41
1787997600,77628.46
1788001200,77581.75
1788004800,77584.62
1788008400,77692.76
1788012000,78001.56
1788015600,77855.58
1788019200,78019.48
1788022800,78096.41
1788026400,78153.0
1788030000,78193.6
1788033600,78119.67
1788037200,78164.22
1788040800,78221.18
1788044400,78233.93
1788048000,78175.94
1788051600,78076.91
1788055200,78097.94
1788058800,78135.1
1788062400,78117.74
1788066000,78138.59
1788069600,78275.09
1788073200,78103.02
1788076800,78065.2
1788080400,77992.14
1788084000,78144.94
1788087600,78163.42
1788091200,78777.18
1788094800,78848.47
1788098400,78778.39
1788102000,78821.69
1788105600,79336.13
1788109200,79011.75
1788112800,79028.06
1788116400,78854.14
1788120000,78582.31
1788123600,78646.77
1788127200,78424.4
1788130800,77665.14
1788134400,77921.52
1788138000,77631.53
1788141600,77457.35
1788145200,77744.84
1788148800,77603.9
1788152400,78000.25
1788156000,78070.6
1788159600,78178.98
1788163200,78459.8
1788166800,78498.76
1788170400,78675.62
1788174000,78281.21
1788177600,77910.3
1788181200,77840.0
1788184800,78553.24
1788188400,78561.63
1788192000,78615.47
1788195600,78890.15
1788199200,79003.95
1788202800,78893.63
1788206400,78842.69
1788210000,78946.11
1788213600,78568.33
1788217200,78562.74
1788220800,78628.02
1788224400,78377.17
1788228000,78422.46
1788231600,78653.93
1788235200,78704.48
1788238800,79136.06
1788242400,78707.98
1788246000,78609.92
1788249600,77858.36
1788253200,77885.36
1788256800,77989.08
1788260400,78061.72
1788264000,77968.98
1788267600,78046.62
1788271200,78143.34
1788274800,77881.43
1788278400,77565.23
1788282000,77238.2
1788285600,77126.87
1788289200,77277.15
1788292800,77403.8
1788296400,77166.59
1788300000,77224.98
1788303600,77398.69
1788307200,77170.03
1788310800,76965.74
1788314400,77277.15
1788318000,77512.45
1788321600,77516.75
1788325200,77606.33
1788328800,77573.69
1788332400,77436.24
1788336000,76803.54
1788339600,76711.07
1788343200,76638.81
1788346800,76778.49
1788350400,76563.52
1788354000,77112.64
1788357600,77016.75
1788361200,77253.04
1788364800,77139.94
1788368400,77351.46
1788372000,77345.92
1788375600,77316.03
1788379200,77378.11
1788382800,77266.24
1788386400,77003.61
1788390000,77307.36
1788393600,77026.98
1788397200,77321.27
1788400800,77789.58
1788404400,77673.96
1788408000,77750.99
1788411600,77781.09
1788415200,77809.62
1788418800,77633.36
1788422400,77803.13
1788426000,77571.0
1788429600,77708.61
1788433200,77910.27
1788436800,78621.29
1788440400,78823.92
1788444000,80550.91
1788447600,81364.13
1788451200,80973.5
1788454800,81055.02
1788458400,81268.43
1788462000,81768.48
1788465600,81468.81
1788469200,81600.19
1788472800,81155.56
1788476400,81263.99
1788480000,80979.1
1788483600,80975.3
1788487200,80836.0
1788490800,80850.5
1788494400,81071.89
1788498000,80983.2
1788501600,80791.24
1788505200,80650.84
1788508800,81141.59
1788512400,81042.44
1788516000,81185.26
1788519600,81221.2
1788523200,79447.07
1788526800,79362.21
1788530400,78891.58
1788534000,79422.96
1788537600,79749.76
1788541200,79469.85
1788544800,79617.92
1788548400,79807.37
1788552000,79718.63
1788555600,79654.12
1788559200,79654.1
1788562800,79675.12
1788566400,79600.8
1788570000,79551.01
1788573600,79584.5
1788577200,79596.27
1788580800,79511.01
1788584400,79590.33
1788588000,79660.0
1788591600,79726.8
1788595200,79653.3
1788598800,79634.99
1788602400,79621.14
1788606000,79621.92
1788609600,79710.73
1788613200,79624.51
1788616800,79723.2
1788620400,79802.01
1788624000,80042.96
1788627600,80064.7
1788631200,80000.02
1788634800,79753.21
1788638400,79740.09
1788642000,79911.99
1788645600,79790.37
1788649200,79831.57
1788652800,79872.23
1788656400,79954.31
1788660000,79907.01
1788663600,80031.87
1788667200,79867.76
1788670800,79991.98
1788674400,79780.5
1788678000,79810.07
1788681600,79844.53
1788685200,79890.48
1788688800,80000.62
1788692400,79922.99
1788696000,79920.46
1788699600,79827.31
1788703200,79538.5
1788706800,79706.35
1788710400,79679.22
1788714000,79741.18
1788717600,79941.88
1788721200,79829.98
1788724800,79909.85
1788728400,79945.16
1788732000,80048.74
1788735600,80339.13
1788739200,80151.73
1788742800,79917.01
1788746400,79862.25
1788750000,79580.53
1788753600,79708.49
1788757200,79740.21
1788760800,79645.52
1788764400,79384.47
1788768000,79417.85
1788771600,79301.31
1788775200,79350.64
1788778800,79409.13
1788782400,79597.76
1788786000,79344.84
1788789600,79184.1
1788793200,78812.79
1788796800,79010.98
1788800400,79174.92
1788804000,79195.02
1788807600,79352.21
1788811200,79220.55
1788814800,79139.48
1788818400,78927.44
1788822000,79091.97
1788825600,79298.55
1788829200,79413.92
1788832800,78914.0
1788836400,78875.21
1788840000,78649.87
1788843600,78556.8
1788847200,78303.67
1788850800,78451.08
1788854400,78380.62
1788858000,78732.88
1788861600,78534.16
1788865200,78401.88
1788868800,78422.25
1788872400,77932.6
1788876000,78538.62
1788879600,78900.0
1788883200,78730.82
1788886800,78493.18
1788890400,78423.59
1788894000,78434.47
1788897600,78482.46
1788901200,78485.84
1788904800,78545.41
1788908400,78447.11
1788912000,78766.73
1788915600,78879.7
1788919200,78717.12
1788922800,78619.71
1788926400,79159.11
1788930000,78921.79
1788933600,79150.25
1788937200,79258.79
1788940800,79695.38
1788944400,78940.0
1788948000,78901.75
1788951600,79294.26
1788955200,79587.32
1788958800,79119.65
1788962400,78941.83
1788966000,78582.07
1788969600,78783.18
1788973200,78754.89
1788976800,78399.35
1788980400,78212.95
1788984000,78303.89
1788987600,78128.28
1788991200,77892.29
1788994800,78283.98
1788998400,78151.72
1789002000,78070.4
1789005600,78326.1
1789009200,78297.16
1789012800,78368.72
1789016400,78500.05
1789020000,78394.43
1789023600,78079.51
1789027200,78085.45
1789030800,77959.8
1789034400,77830.44
1789038000,77810.35
1789041600,76868.45
1789045200,77145.03
1789048800,77390.8
1789052400,77218.74
1789056000,77160.22
1789059600,77286.04
1789063200,77218.6
1789066800,77123.6
1789070400,77239.01
1789074000,77125.97
1789077600,76802.14
1789081200,76536.55
1789084800,76878.72
1789088400,76949.1
1789092000,76813.67
1789095600,76866.34
1789099200,77086.0
1789102800,77225.28
1789106400,77265.11
1789110000,77199.53
1789113600,77337.07
1789117200,77005.96
1789120800,76966.64
1789124400,76999.27
1789128000,77990.86
1789131600,79223.77
1789135200,78776.91
1789138800,77694.35
1789142400,77893.44
1789146000,77505.18
1789149600,77033.98
1789153200,77257.36
1789156800,77305.96
1789160400,77106.23
1789164000,77121.61
1789167600,77208.55
1789171200,77271.11
1789174800,77250.02
1789178400,77270.69
1789182000,77259.23
1789185600,77206.75
1789189200,77200.0
1789192800,77279.06
1789196400,77257.0
1789200000,77340.73
1789203600,77336.02
1789207200,77311.71
1789210800,77339.8
1789214400,77319.47
1789218000,77351.6
1789221600,77444.01
1789225200,77363.97
1789228800,77337.96
1789232400,77191.42
1789236000,77126.28
1789239600,77105.44
1789243200,77152.69
1789246800,77240.79
1789250400,77219.84
1789254000,77262.85
1789257600,77252.96
1789261200,77299.53
1789264800,77268.02
1789268400,77176.07
1789272000,77188.43
1789275600,77291.43
1789279200,77099.74
1789282800,77100.18
1789286400,76777.69
1789290000,76766.09
1789293600,76642.43
1789297200,76759.13
1789300800,76730.18
1789304400,76818.08
1789308000,77178.03
1789311600,77105.27
1789315200,77256.41
1789318800,77298.59
1789322400,77312.34
1789326000,77253.72
1789329600,77322.58
1789333200,77280.56
1789336800,76676.7
1789340400,76799.85
1789344000,76767.39
1789347600,77076.83
1789351200,77568.87
1789354800,77566.5
1789358400,77646.46
1789362000,77576.64
1789365600,77557.56
1789369200,77855.5
1789372800,77705.03
1789376400,78120.42
1789380000,77868.6
1789383600,77745.43
1789387200,77659.24
1789390800,78148.75
1789394400,78498.28
1789398000,78552.45
1789401600,78752.83
1789405200,78941.8
1789408800,79219.79
1789412400,78982.77
1789416000,79089.64
1789419600,78742.7
1789423200,78541.29
1789426800,78175.01
1789430400,77938.07
1789434000,77893.88
1789437600,77886.8
1789441200,77660.32
1789444800,77547.75
1789448400,77610.01
1789452000,77265.01
1789455600,76878.62
1789459200,76955.06
1789462800,76946.72
1789466400,77014.58
1789470000,76895.19
1789473600,76914.72
1789477200,76571.36
1789480800,75869.26
1789484400,76466.09
1789488000,76330.6
1789491600,76911.06
1789495200,75931.01
1789498800,76126.33
1789502400,75874.28
1789506000,75390.09
1789509600,75611.0
1789513200,75584.17
1789516800,75712.21
1789520400,75434.59
1789524000,75824.85
1789527600,75755.41
1789531200,75796.36
1789534800,75905.89
1789538400,75969.0
1789542000,75690.46
1789545600,75670.39
1789549200,75924.05
1789552800,75920.0
1789556400,76182.14
1789560000,75901.21
1789563600,75582.1
1789567200,75632.96
1789570800,75730.9
1789574400,75701.55
1789578000,75681.25
1789581600,75555.99
1789585200,76000.0
1789588800,76101.98
1789592400,75907.46
1789596000,75620.08
1789599600,76144.99
1789603200,76268.48
1789606800,76298.04
1789610400,76303.74
1789614000,76364.57
1789617600,76460.82
1789621200,76249.28
1789624800,76402.92
1789628400,76388.12
1789632000,76497.65
1789635600,76394.34
1789639200,76330.8
1789642800,76398.74
1789646400,76659.83
1789650000,76618.25
1789653600,76423.62
1789657200,76702.31
1789660800,76688.03
1789664400,76608.24
1789668000,76506.4
1789671600,76524.57
1789675200,76498.54
1789678800,76348.94
1789682400,76359.87
1789686000,76348.74
1789689600,76526.11
1789693200,76662.85
1789696800,76909.34
1789700400,77312.13
1789704000,77505.0
1789707600,77426.77
1789711200,77527.38
1789714800,77734.78
1789718400,78191.55
1789722000,78148.14
1789725600,78221.46
1789729200,77995.19
1789732800,77977.65
1789736400,80022.05
1789740000,80908.96
1789743600,80700.62
1789747200,80824.06
1789750800,80994.64
1789754400,80926.37
1789758000,81193.47
1789761600,81099.99
1789765200,81223.78
1789768800,81133.49
1789772400,80875.04
1789776000,81657.62
1789779600,81262.5
1789783200,81276.05
1789786800,81105.04
1789790400,81002.41
1789794000,81022.5
1789797600,81023.15
1789801200,81073.15
1789804800,81297.65
1789808400,81298.84
1789812000,81189.6
1789815600,81280.0
1789819200,81309.99
1789822800,81323.5
1789826400,81554.89
1789830000,81626.45
1789833600,81813.35
1789837200,81437.1
1789840800,81412.24
1789844400,81345.02
1789848000,81128.35
1789851600,81063.73
1789855200,81232.47
1789858800,81233.91
1789862400,81263.65
1789866000,81071.71
1789869600,80305.44
1789873200,80458.82
1789876800,80395.94
1789880400,80456.01
1789884000,80272.5
1789887600,80284.56
1789891200,80228.2
1789894800,80430.01
1789898400,80283.01
1789902000,80442.98
1789905600,80451.14
1789909200,80522.05
1789912800,80639.59
1789916400,80874.2
1789920000,81311.99
1789923600,81129.33
1789927200,81020.32
1789930800,81162.44
1789934400,81073.47
1789938000,80920.28
1789941600,81196.5
1789945200,81159.64
1789948800,81590.55
1789952400,80973.46
1789956000,81299.86
1789959600,81411.5
1789963200,81370.64
1789966800,81541.94
1789970400,81621.54
1789974000,81704.88
1789977600,83727.0
1789981200,84635.49
1789984800,84413.8
1789988400,84878.78
1789992000,85300.0
1789995600,85443.42
1789999200,85832.71
1790002800,85933.17
1790006400,85967.88
1790010000,85902.12
1790013600,86071.78
1790017200,86494.97
1790020800,86980.02
1790024400,86557.3
1790028000,86423.13
1790031600,86594.94
1790035200,85876.06
1790038800,85598.67
1790042400,85700.0
1790046000,85667.84
1790049600,85439.56
1790053200,85398.69
1790056800,85359.23
1790060400,85339.85
1790064000,86198.8
1790067600,86238.82
1790071200,85864.54
1790074800,85969.07
1790078400,86015.87
1790082000,86329.14
1790085600,86242.89
1790089200,86417.8
1790092800,86426.29
1790096400,86587.58
1790100000,86469.53
1790103600,86211.14
1790107200,86281.15
1790110800,86187.03
1790114400,86121.88
1790118000,86198.05
1790121600,86461.52
1790125200,86360.01
1790128800,86538.14
1790132400,86696.41
1790136000,87164.81
1790139600,86487.46
1790143200,86456.51
1790146800,86128.2
1790150400,85901.81
1790154000,85848.87
1790157600,85906.66
1790161200,85637.71
1790164800,85482.1
1790168400,85783.0
1790172000,84521.36
1790175600,83998.33
1790179200,84030.09
1790182800,84314.47
1790186400,84313.0
1790190000,84515.87
1790193600,84235.46
1790197200,84399.36
1790200800,84550.19
1790204400,84378.31
1790208000,84301.26
1790211600,84100.39
1790215200,84349.88
1790218800,83928.16
1790222400,84024.37
1790226000,83965.41
1790229600,84095.61
1790233200,84503.45
1790236800,83634.15
1790240400,83244.97
1790244000,83496.96
1790247600,83468.76
1790251200,83578.94
1790254800,84236.3
1790258400,83644.95
1790262000,84401.36
1790265600,84467.79
1790269200,84091.6
1790272800,84453.28
1790276400,84395.47
1790280000,84354.08
1790283600,84320.1
1790287200,84263.42
1790290800,84385.46
1790294400,84577.63
1790298000,84596.07
1790301600,84220.94
1790305200,84216.0
1790308800,84189.81
1790312400,84181.75
1790316000,84022.58
1790319600,84023.5
1790323200,84406.85
1790326800,84567.53
1790330400,84709.25
1790334000,84575.04
1790337600,84453.53
1790341200,83902.76
1790344800,84002.17
1790348400,83783.99
1790352000,83731.52
1790355600,83761.83
1790359200,83949.99
1790362800,84003.55
1790366400,83867.63
1790370000,83787.95
1790373600,84058.72
1790377200,84093.13
1790380800,83904.8
1790384400,84072.83
1790388000,83999.75
1790391600,83931.18
1790395200,83975.53
1790398800,83918.35
1790402400,83882.66
1790406000,84103.92
1790409600,84194.92
1790413200,84012.95
1790416800,84171.55
1790420400,84155.13
1790424000,84036.79
1790427600,83935.32
1790431200,84014.56
1790434800,84146.86
1790438400,84104.3
1790442000,84126.64
1790445600,83994.61
1790449200,84000.65
1790452800,84016.33
1790456400,84137.62
1790460000,84266.36
1790463600,84416.65
1790467200,84291.21
1790470800,84471.48
1790474400,84431.55
1790478000,84375.31
1790481600,84316.8
1790485200,84442.65
1790488800,84494.5
1790492400,84773.26
1790496000,84775.68
1790499600,84942.04
1790503200,84861.71
1790506800,84877.02
1790510400,84783.89
1790514000,85018.88
1790517600,84520.0
1790521200,84449.48
1790524800,84410.44
1790528400,84559.75
1790532000,84798.73
1790535600,84717.81
1790539200,84532.2
1790542800,84675.8
1790546400,84187.88
1790550000,84462.14
1790553600,84121.85
1790557200,83676.34
1790560800,83408.94
1790564400,83325.16
1790568000,83466.24
1790571600,83160.31
1790575200,83134.0
1790578800,82915.33
1790582400,82913.58
1790586000,82636.22
1790589600,82909.17
1790593200,83058.92
1790596800,83560.35
1790600400,83629.9
1790604000,82999.78
1790607600,83343.57
1790611200,83698.22
1790614800,83846.95
1790618400,84017.43
1790622000,83355.13
1790625600,83501.48
1790629200,83181.03
1790632800,83513.29
1790636400,83456.74
1790640000,83146.48
1790643600,83030.18
1790647200,82930.04
1790650800,83038.38
1790654400,83170.56
1790658000,83398.44
1790661600,83976.01
1790665200,83956.54
1790668800,83845.92
1790672400,84221.33
1790676000,84000.91
1790679600,84324.03
1790683200,84303.91
1790686800,84193.56
1790690400,83717.42
1790694000,83054.99
1790697600,83026.63
1790701200,83048.04
1790704800,83609.98
1790708400,83571.71
1790712000,83582.68
1790715600,83473.96
1790719200,83530.92
