time,close
1727650800,2657.89
1727654400,2648.71
1727658000,2615.05
1727661600,2613.6
1727665200,2629.99
1727668800,2628.73
1727672400,2636.43
1727676000,2629.66
1727679600,2637.84
1727683200,2640.8
1727686800,2607.18
1727690400,2605.39
1727694000,2628.87
1727697600,2633.59
1727701200,2624.49
1727704800,2611.02
1727708400,2596.05
1727712000,2603.24
1727715600,2608.18
1727719200,2587.97
1727722800,2594.43
1727726400,2613.34
1727730000,2609.6
1727733600,2601.43
1727737200,2601.27
1727740800,2617.36
1727744400,2619.58
1727748000,2617.39
1727751600,2628.0
1727755200,2643.02
1727758800,2638.37
1727762400,2654.85
1727766000,2645.12
1727769600,2640.57
1727773200,2634.62
1727776800,2637.55
1727780400,2628.71
1727784000,2621.66
1727787600,2580.41
1727791200,2548.42
1727794800,2523.73
1727798400,2509.05
1727802000,2505.2
1727805600,2501.15
1727809200,2487.51
1727812800,2451.26
1727816400,2471.5
1727820000,2453.39
1727823600,2447.55
1727827200,2463.12
1727830800,2479.82
1727834400,2492.16
1727838000,2489.18
1727841600,2486.4
1727845200,2477.77
1727848800,2485.43
1727852400,2480.72
1727856000,2480.16
1727859600,2452.32
1727863200,2450.65
1727866800,2454.39
1727870400,2435.0
1727874000,2449.93
1727877600,2434.32
1727881200,2460.59
1727884800,2453.05
1727888400,2446.45
1727892000,2389.54
1727895600,2371.19
1727899200,2385.46
1727902800,2378.42
1727906400,2381.8
1727910000,2363.76
1727913600,2371.74
1727917200,2383.99
1727920800,2391.33
1727924400,2399.11
1727928000,2397.3
1727931600,2383.33
1727935200,2388.83
1727938800,2364.43
1727942400,2337.39
1727946000,2352.52
1727949600,2367.98
1727953200,2351.64
1727956800,2351.7
1727960400,2346.98
1727964000,2316.97
1727967600,2339.99
1727971200,2324.81
1727974800,2343.43
1727978400,2343.88
1727982000,2353.3
1727985600,2341.88
1727989200,2350.65
1727992800,2352.12
1727996400,2349.97
1728000000,2340.33
1728003600,2377.31
1728007200,2370.29
1728010800,2366.64
1728014400,2373.89
1728018000,2382.81
1728021600,2374.91
1728025200,2380.92
1728028800,2381.11
1728032400,2376.78
1728036000,2374.54
1728039600,2385.63
1728043200,2396.42
1728046800,2377.98
1728050400,2366.43
1728054000,2416.22
1728057600,2433.45
1728061200,2415.01
1728064800,2431.76
1728068400,2428.62
1728072000,2429.08
1728075600,2424.15
1728079200,2420.85
1728082800,2414.43
1728086400,2425.2
1728090000,2417.85
1728093600,2401.69
1728097200,2399.41
1728100800,2405.11
1728104400,2417.79
1728108000,2424.23
1728111600,2414.83
1728115200,2419.54
1728118800,2424.91
1728122400,2419.03
1728126000,2417.41
1728129600,2422.66
1728133200,2409.98
1728136800,2414.44
1728140400,2415.09
1728144000,2404.9
1728147600,2410.29
1728151200,2402.09
1728154800,2396.49
1728158400,2392.26
1728162000,2403.22
1728165600,2418.13
1728169200,2414.51
1728172800,2410.32
1728176400,2420.92
1728180000,2416.72
1728183600,2413.69
1728187200,2415.33
1728190800,2416.88
1728194400,2416.09
1728198000,2417.54
1728201600,2421.08
1728205200,2421.87
1728208800,2419.66
1728212400,2426.49
1728216000,2429.46
1728219600,2430.72
1728223200,2452.71
1728226800,2446.34
1728230400,2436.8
1728234000,2441.79
1728237600,2446.0
1728241200,2441.28
1728244800,2438.76
1728248400,2417.76
1728252000,2431.43
1728255600,2439.84
1728259200,2488.0
1728262800,2496.41
1728266400,2504.74
1728270000,2494.83
1728273600,2487.23
1728277200,2484.69
1728280800,2490.2
1728284400,2480.48
1728288000,2481.9
1728291600,2457.71
1728295200,2448.29
1728298800,2474.78
1728302400,2464.77
1728306000,2474.88
1728309600,2497.94
1728313200,2474.18
1728316800,2477.97
1728320400,2475.55
1728324000,2424.63
1728327600,2444.88
1728331200,2441.23
1728334800,2454.1
1728338400,2416.22
1728342000,2421.68
1728345600,2435.92
1728349200,2433.94
1728352800,2445.17
1728356400,2437.47
1728360000,2436.89
1728363600,2427.36
1728367200,2434.64
1728370800,2427.85
1728374400,2426.14
1728378000,2432.62
1728381600,2429.24
1728385200,2438.55
1728388800,2427.85
1728392400,2447.46
1728396000,2434.19
1728399600,2418.59
1728403200,2444.19
1728406800,2441.28
1728410400,2435.49
1728414000,2438.04
1728417600,2442.21
1728421200,2454.93
1728424800,2440.18
1728428400,2439.48
1728432000,2437.0
1728435600,2460.62
1728439200,2446.58
1728442800,2445.45
1728446400,2444.2
1728450000,2449.72
1728453600,2442.47
1728457200,2434.57
1728460800,2429.4
1728464400,2435.51
1728468000,2432.68
1728471600,2439.82
1728475200,2432.61
1728478800,2427.44
1728482400,2434.62
1728486000,2459.22
1728489600,2432.1
1728493200,2431.94
1728496800,2413.1
1728500400,2415.49
1728504000,2354.37
1728507600,2376.58
1728511200,2372.0
1728514800,2368.66
1728518400,2373.4
1728522000,2389.27
1728525600,2392.13
1728529200,2392.75
1728532800,2392.43
1728536400,2403.03
1728540000,2405.95
1728543600,2393.26
1728547200,2379.72
1728550800,2384.65
1728554400,2394.24
1728558000,2403.72
1728561600,2385.57
1728565200,2380.61
1728568800,2379.05
1728572400,2402.04
1728576000,2389.99
1728579600,2369.63
1728583200,2354.22
1728586800,2364.87
1728590400,2366.65
1728594000,2384.37
1728597600,2375.85
1728601200,2384.32
1728604800,2384.15
1728608400,2404.8
1728612000,2397.88
1728615600,2409.15
1728619200,2407.13
1728622800,2404.26
1728626400,2409.52
1728630000,2405.63
1728633600,2401.18
1728637200,2413.35
1728640800,2413.06
1728644400,2416.15
1728648000,2424.01
1728651600,2430.31
1728655200,2431.61
1728658800,2443.3
1728662400,2438.22
1728666000,2449.87
1728669600,2446.02
1728673200,2459.7
1728676800,2457.09
1728680400,2450.55
1728684000,2439.11
1728687600,2438.77
1728691200,2443.71
1728694800,2443.9
1728698400,2436.18
1728702000,2438.2
1728705600,2445.08
1728709200,2447.08
1728712800,2445.57
1728716400,2445.81
1728720000,2444.88
1728723600,2444.76
1728727200,2454.5
1728730800,2451.81
1728734400,2457.25
1728738000,2460.78
1728741600,2470.86
1728745200,2472.34
1728748800,2469.33
1728752400,2475.44
1728756000,2469.49
1728759600,2471.77
1728763200,2469.96
1728766800,2479.37
1728770400,2486.13
1728774000,2475.79
1728777600,2476.4
1728781200,2466.9
1728784800,2469.07
1728788400,2457.55
1728792000,2462.95
1728795600,2463.17
1728799200,2464.27
1728802800,2464.6
1728806400,2462.33
1728810000,2466.91
1728813600,2462.42
1728817200,2457.64
1728820800,2464.84
1728824400,2463.59
1728828000,2446.21
1728831600,2439.7
1728835200,2454.51
1728838800,2445.53
1728842400,2443.73
1728846000,2457.18
1728849600,2459.98
1728853200,2464.22
1728856800,2466.19
1728860400,2467.67
1728864000,2451.38
1728867600,2451.68
1728871200,2451.16
1728874800,2519.31
1728878400,2540.67
1728882000,2529.97
1728885600,2526.78
1728889200,2533.95
1728892800,2523.18
1728896400,2532.32
1728900000,2539.35
1728903600,2536.28
1728907200,2553.98
1728910800,2567.7
1728914400,2621.95
1728918000,2634.32
1728921600,2618.91
1728925200,2625.71
1728928800,2628.39
1728932400,2619.94
1728936000,2621.23
1728939600,2616.52
1728943200,2649.64
1728946800,2628.74
1728950400,2622.19
1728954000,2629.14
1728957600,2626.38
1728961200,2610.68
1728964800,2613.23
1728968400,2593.71
1728972000,2607.09
1728975600,2614.44
1728979200,2615.97
1728982800,2608.49
1728986400,2612.04
1728990000,2585.12
1728993600,2601.44
1728997200,2670.23
1729000800,2567.34
1729004400,2572.49
1729008000,2592.03
1729011600,2580.87
1729015200,2591.84
1729018800,2591.75
1729022400,2571.41
1729026000,2587.85
1729029600,2593.68
1729033200,2606.63
1729036800,2596.07
1729040400,2619.1
1729044000,2621.46
1729047600,2616.52
1729051200,2613.94
1729054800,2619.09
1729058400,2611.19
1729062000,2606.38
1729065600,2608.77
1729069200,2619.93
1729072800,2615.81
1729076400,2629.48
1729080000,2627.54
1729083600,2606.06
1729087200,2606.74
1729090800,2607.14
1729094400,2617.97
1729098000,2620.65
1729101600,2617.18
1729105200,2614.65
1729108800,2617.58
1729112400,2613.49
1729116000,2621.31
1729119600,2610.54
1729123200,2616.36
1729126800,2641.89
1729130400,2623.48
1729134000,2640.12
1729137600,2627.04
1729141200,2625.89
1729144800,2624.41
1729148400,2627.44
1729152000,2626.05
1729155600,2615.84
1729159200,2612.9
1729162800,2596.88
1729166400,2613.47
1729170000,2598.7
1729173600,2606.45
1729177200,2630.0
1729180800,2611.94
1729184400,2605.21
1729188000,2585.96
1729191600,2594.37
1729195200,2597.17
1729198800,2602.83
1729202400,2611.94
1729206000,2604.91
1729209600,2595.82
1729213200,2642.77
1729216800,2632.59
1729220400,2609.02
1729224000,2614.47
1729227600,2626.58
1729231200,2626.36
1729234800,2643.49
1729238400,2637.09
1729242000,2623.68
1729245600,2626.2
1729249200,2621.03
1729252800,2615.62
1729256400,2626.66
1729260000,2641.65
1729263600,2653.08
1729267200,2651.49
1729270800,2646.97
1729274400,2664.0
1729278000,2651.34
1729281600,2643.14
1729285200,2642.39
1729288800,2636.24
1729292400,2641.98
1729296000,2639.43
1729299600,2635.33
1729303200,2646.49
1729306800,2645.79
1729310400,2640.7
1729314000,2646.93
1729317600,2643.9
1729321200,2640.88
1729324800,2645.33
1729328400,2645.83
1729332000,2639.31
1729335600,2630.98
1729339200,2639.88
1729342800,2635.81
1729346400,2649.68
1729350000,2645.56
1729353600,2637.46
1729357200,2641.42
1729360800,2641.99
1729364400,2641.23
1729368000,2644.82
1729371600,2642.99
1729375200,2650.31
1729378800,2647.97
1729382400,2642.34
1729386000,2640.17
1729389600,2638.79
1729393200,2639.39
1729396800,2641.26
1729400400,2640.11
1729404000,2650.24
1729407600,2645.79
1729411200,2645.81
1729414800,2648.09
1729418400,2645.75
1729422000,2649.06
1729425600,2644.25
1729429200,2660.64
1729432800,2709.87
1729436400,2705.49
1729440000,2691.44
1729443600,2694.21
1729447200,2701.41
1729450800,2699.06
1729454400,2710.61
1729458000,2714.61
1729461600,2746.83
1729465200,2746.22
1729468800,2745.32
1729472400,2744.07
1729476000,2730.05
1729479600,2732.9
1729483200,2736.87
1729486800,2733.98
1729490400,2726.69
1729494000,2720.68
1729497600,2714.18
1729501200,2711.22
1729504800,2703.94
1729508400,2703.21
1729512000,2696.07
1729515600,2670.58
1729519200,2670.36
1729522800,2678.3
1729526400,2669.86
1729530000,2670.43
1729533600,2664.6
1729537200,2678.68
1729540800,2674.68
1729544400,2674.45
1729548000,2675.56
1729551600,2665.35
1729555200,2636.58
1729558800,2645.42
1729562400,2635.32
1729566000,2643.2
1729569600,2639.02
1729573200,2644.59
1729576800,2651.76
1729580400,2644.51
1729584000,2628.12
1729587600,2620.63
1729591200,2630.42
1729594800,2630.82
1729598400,2620.39
1729602000,2619.4
1729605600,2637.22
1729609200,2622.51
1729612800,2605.59
1729616400,2623.23
1729620000,2620.65
1729623600,2625.61
1729627200,2632.23
1729630800,2632.75
1729634400,2634.38
1729638000,2620.84
1729641600,2612.07
1729645200,2621.87
1729648800,2611.0
1729652400,2614.26
1729656000,2615.01
1729659600,2613.08
1729663200,2610.01
1729666800,2600.29
1729670400,2573.94
1729674000,2578.13
1729677600,2579.85
1729681200,2578.59
1729684800,2569.3
1729688400,2579.74
1729692000,2561.36
1729695600,2537.79
1729699200,2489.89
1729702800,2492.61
1729706400,2488.2
1729710000,2509.14
1729713600,2512.15
1729717200,2501.96
1729720800,2508.27
1729724400,2521.94
1729728000,2546.16
1729731600,2542.4
1729735200,2553.14
1729738800,2541.56
1729742400,2550.31
1729746000,2554.0
1729749600,2545.89
1729753200,2541.42
1729756800,2516.86
1729760400,2518.34
1729764000,2522.85
1729767600,2526.37
1729771200,2527.62
1729774800,2533.33
1729778400,2522.35
1729782000,2523.41
1729785600,2515.95
1729789200,2518.93
1729792800,2524.66
1729796400,2538.01
1729800000,2535.92
1729803600,2537.08
1729807200,2531.5
1729810800,2533.99
1729814400,2523.21
1729818000,2517.99
1729821600,2520.77
1729825200,2520.13
1729828800,2490.41
1729832400,2492.76
1729836000,2488.93
1729839600,2482.51
1729843200,2515.22
1729846800,2536.53
1729850400,2540.02
1729854000,2543.11
1729857600,2536.56
1729861200,2549.7
1729864800,2543.07
1729868400,2523.43
1729872000,2530.07
1729875600,2484.32
1729879200,2478.98
1729882800,2471.59
1729886400,2474.43
1729890000,2490.29
1729893600,2460.3
1729897200,2436.01
1729900800,2439.85
1729904400,2438.76
1729908000,2441.06
1729911600,2448.29
1729915200,2456.55
1729918800,2468.34
1729922400,2470.09
1729926000,2462.49
1729929600,2468.2
1729933200,2462.22
1729936800,2466.19
1729940400,2469.7
1729944000,2468.36
1729947600,2462.25
1729951200,2443.47
1729954800,2453.0
1729958400,2457.18
1729962000,2476.17
1729965600,2477.39
1729969200,2483.24
1729972800,2487.2
1729976400,2485.44
1729980000,2483.4
1729983600,2479.49
1729987200,2473.37
1729990800,2474.45
1729994400,2469.83
1729998000,2481.17
1730001600,2476.38
1730005200,2479.09
1730008800,2476.93
1730012400,2477.76
1730016000,2472.08
1730019600,2468.33
1730023200,2464.57
1730026800,2466.42
1730030400,2472.64
1730034000,2481.72
1730037600,2490.56
1730041200,2498.85
1730044800,2498.37
1730048400,2494.4
1730052000,2484.48
1730055600,2491.26
1730059200,2488.69
1730062800,2508.06
1730066400,2511.17
1730070000,2504.69
1730073600,2496.56
1730077200,2488.76
1730080800,2486.81
1730084400,2474.84
1730088000,2483.28
1730091600,2483.22
1730095200,2488.13
1730098800,2508.16
1730102400,2509.75
1730106000,2538.71
1730109600,2528.33
1730113200,2523.98
1730116800,2524.07
1730120400,2511.1
1730124000,2523.59
1730127600,2498.71
1730131200,2502.86
1730134800,2499.29
1730138400,2503.49
1730142000,2505.39
1730145600,2515.87
1730149200,2542.69
1730152800,2567.14
1730156400,2565.66
1730160000,2581.28
1730163600,2580.89
1730167200,2610.44
1730170800,2605.12
1730174400,2619.36
1730178000,2615.54
1730181600,2618.62
1730185200,2611.45
1730188800,2619.62
1730192400,2622.12
1730196000,2629.46
1730199600,2629.88
1730203200,2616.17
1730206800,2635.99
1730210400,2629.61
1730214000,2647.83
1730217600,2668.66
1730221200,2655.56
1730224800,2665.6
1730228400,2623.9
1730232000,2619.81
1730235600,2621.68
1730239200,2635.71
1730242800,2637.85
1730246400,2619.81
1730250000,2624.47
1730253600,2626.57
1730257200,2640.81
1730260800,2639.69
1730264400,2651.95
1730268000,2656.65
1730271600,2667.79
1730275200,2661.97
1730278800,2690.54
1730282400,2680.87
1730286000,2658.01
1730289600,2685.05
1730293200,2695.64
1730296800,2709.01
1730300400,2682.33
1730304000,2687.2
1730307600,2673.05
1730311200,2665.91
1730314800,2655.32
1730318400,2678.57
1730322000,2659.05
1730325600,2658.7
1730329200,2658.16
1730332800,2657.72
1730336400,2661.97
1730340000,2661.85
1730343600,2655.69
1730347200,2645.28
1730350800,2649.1
1730354400,2638.13
1730358000,2646.18
1730361600,2635.95
1730365200,2634.33
1730368800,2646.02
1730372400,2638.28
1730376000,2638.36
1730379600,2602.36
1730383200,2554.74
1730386800,2561.38
1730390400,2550.6
1730394000,2540.39
1730397600,2522.58
1730401200,2510.65
1730404800,2517.15
1730408400,2521.43
1730412000,2518.11
1730415600,2514.84
1730419200,2520.59
1730422800,2498.0
1730426400,2507.26
1730430000,2500.07
1730433600,2510.46
1730437200,2507.75
1730440800,2498.07
1730444400,2501.37
1730448000,2498.53
1730451600,2508.52
1730455200,2516.28
1730458800,2513.15
1730462400,2534.72
1730466000,2572.29
1730469600,2560.92
1730473200,2499.35
1730476800,2517.72
1730480400,2512.6
1730484000,2506.72
1730487600,2512.43
1730491200,2518.84
1730494800,2503.97
1730498400,2511.55
1730502000,2510.27
1730505600,2515.18
1730509200,2513.68
1730512800,2510.98
1730516400,2505.88
1730520000,2504.26
1730523600,2511.8
1730527200,2510.86
1730530800,2506.23
1730534400,2494.99
1730538000,2496.11
1730541600,2501.45
1730545200,2501.07
1730548800,2487.93
1730552400,2479.53
1730556000,2489.38
1730559600,2488.0
1730563200,2493.85
1730566800,2485.18
1730570400,2486.32
1730574000,2492.42
1730577600,2494.84
1730581200,2493.13
1730584800,2491.06
1730588400,2493.44
1730592000,2482.18
1730595600,2471.18
1730599200,2433.87
1730602800,2448.68
1730606400,2454.3
1730610000,2441.43
1730613600,2455.42
1730617200,2448.71
1730620800,2457.84
1730624400,2448.36
1730628000,2455.87
1730631600,2453.4
1730635200,2453.73
1730638800,2434.11
1730642400,2424.16
1730646000,2441.54
1730649600,2441.83
1730653200,2445.87
1730656800,2423.62
1730660400,2451.73
1730664000,2466.74
1730667600,2468.52
1730671200,2458.9
1730674800,2456.57
1730678400,2449.08
1730682000,2465.03
1730685600,2481.92
1730689200,2472.03
1730692800,2471.01
1730696400,2460.65
1730700000,2475.35
1730703600,2457.44
1730707200,2455.98
1730710800,2455.31
1730714400,2465.25
1730718000,2468.03
1730721600,2474.32
1730725200,2457.43
1730728800,2448.72
1730732400,2441.52
1730736000,2412.95
1730739600,2423.47
1730743200,2423.82
1730746800,2428.26
1730750400,2421.15
1730754000,2369.78
1730757600,2404.64
1730761200,2397.0
1730764800,2399.37
1730768400,2408.65
1730772000,2403.45
1730775600,2418.68
1730779200,2427.19
1730782800,2430.64
1730786400,2428.6
1730790000,2441.68
1730793600,2440.86
1730797200,2433.8
1730800800,2434.4
1730804400,2439.34
1730808000,2442.8
1730811600,2440.98
1730815200,2469.27
1730818800,2440.68
1730822400,2461.35
1730826000,2451.48
1730829600,2452.83
1730833200,2408.19
1730836800,2426.3
1730840400,2415.45
1730844000,2434.55
1730847600,2422.24
1730851200,2485.85
1730854800,2482.68
1730858400,2568.61
1730862000,2579.18
1730865600,2583.13
1730869200,2596.63
1730872800,2584.42
1730876400,2595.18
1730880000,2606.22
1730883600,2623.21
1730887200,2624.54
1730890800,2629.96
1730894400,2634.59
1730898000,2619.36
1730901600,2614.98
1730905200,2635.61
1730908800,2658.01
1730912400,2653.8
1730916000,2680.52
1730919600,2690.96
1730923200,2693.43
1730926800,2689.92
1730930400,2737.33
1730934000,2724.27
1730937600,2727.49
1730941200,2815.5
1730944800,2873.18
1730948400,2854.26
1730952000,2841.32
1730955600,2840.82
1730959200,2803.67
1730962800,2821.83
1730966400,2822.29
1730970000,2823.38
1730973600,2819.21
1730977200,2793.77
1730980800,2820.12
1730984400,2806.26
1730988000,2794.46
1730991600,2850.03
1730995200,2847.31
1730998800,2864.65
1731002400,2882.72
1731006000,2888.57
1731009600,2902.12
1731013200,2894.43
1731016800,2883.37
1731020400,2897.65
1731024000,2909.47
1731027600,2925.45
1731031200,2892.78
1731034800,2905.03
1731038400,2905.0
1731042000,2926.43
1731045600,2910.92
1731049200,2917.41
1731052800,2902.8
1731056400,2916.94
1731060000,2926.59
1731063600,2917.59
1731067200,2939.74
1731070800,2950.08
1731074400,2915.06
1731078000,2940.22
1731081600,2909.02
1731085200,2921.85
1731088800,2961.74
1731092400,2954.68
1731096000,2939.09
1731099600,2944.19
1731103200,2961.28
1731106800,2964.09
1731110400,2984.23
1731114000,2988.42
1731117600,2978.4
1731121200,2967.91
1731124800,2974.52
1731128400,3041.52
1731132000,3038.68
1731135600,3032.4
1731139200,3027.51
1731142800,3048.01
1731146400,3050.79
1731150000,3053.42
1731153600,3033.31
1731157200,3048.04
1731160800,3042.2
1731164400,3042.54
1731168000,3029.86
1731171600,3037.9
1731175200,3050.98
1731178800,3072.01
1731182400,3087.57
1731186000,3078.4
1731189600,3135.48
1731193200,3127.97
1731196800,3123.45
1731200400,3120.95
1731204000,3129.02
1731207600,3137.33
1731211200,3182.59
1731214800,3182.44
1731218400,3180.45
1731222000,3186.58
1731225600,3183.71
1731229200,3189.51
1731232800,3201.92
1731236400,3222.09
1731240000,3197.36
1731243600,3204.32
1731247200,3197.08
1731250800,3211.98
1731254400,3214.51
1731258000,3214.07
1731261600,3222.39
1731265200,3166.28
1731268800,3119.02
1731272400,3170.96
1731276000,3185.87
1731279600,3186.07
1731283200,3196.21
1731286800,3201.69
1731290400,3205.1
1731294000,3197.76
1731297600,3182.9
1731301200,3132.83
1731304800,3140.08
1731308400,3142.75
1731312000,3151.95
1731315600,3177.13
1731319200,3193.52
1731322800,3200.49
1731326400,3175.35
1731330000,3154.3
1731333600,3186.41
1731337200,3242.28
1731340800,3281.72
1731344400,3299.7
1731348000,3329.08
1731351600,3306.91
1731355200,3360.06
1731358800,3328.23
1731362400,3345.96
1731366000,3375.78
1731369600,3346.39
1731373200,3322.83
1731376800,3310.68
1731380400,3340.41
1731384000,3330.55
1731387600,3332.75
1731391200,3383.73
1731394800,3372.71
1731398400,3424.83
1731402000,3362.54
1731405600,3283.29
1731409200,3285.64
1731412800,3252.91
1731416400,3263.6
1731420000,3288.29
1731423600,3264.64
1731427200,3256.54
1731430800,3232.58
1731434400,3287.73
1731438000,3277.53
1731441600,3291.87
1731445200,3281.28
1731448800,3291.39
1731452400,3247.21
1731456000,3253.21
1731459600,3275.59
1731463200,3256.04
1731466800,3212.67
1731470400,3194.43
1731474000,3144.51
1731477600,3130.4
1731481200,3165.05
1731484800,3163.32
1731488400,3165.84
1731492000,3171.39
1731495600,3172.11
1731499200,3169.89
1731502800,3222.67
1731506400,3325.32
1731510000,3317.12
1731513600,3291.39
1731517200,3279.34
1731520800,3274.41
1731524400,3162.7
1731528000,3171.89
1731531600,3154.5
1731535200,3182.88
1731538800,3191.45
1731542400,3183.36
1731546000,3218.62
1731549600,3212.35
1731553200,3219.35
1731556800,3238.7
1731560400,3224.36
1731564000,3186.5
1731567600,3219.79
1731571200,3204.42
1731574800,3205.86
1731578400,3182.47
1731582000,3186.99
1731585600,3184.52
1731589200,3168.51
1731592800,3110.84
1731596400,3078.21
1731600000,3171.35
1731603600,3131.86
1731607200,3133.71
1731610800,3146.42
1731614400,3099.42
1731618000,3119.35
1731621600,3088.93
1731625200,3059.04
1731628800,3062.2
1731632400,3064.73
1731636000,3082.69
1731639600,3083.66
1731643200,3027.13
1731646800,3057.84
1731650400,3065.08
1731654000,3040.39
1731657600,3070.56
1731661200,3096.6
1731664800,3101.1
1731668400,3104.33
1731672000,3103.79
1731675600,3103.13
1731679200,3058.64
1731682800,3022.96
1731686400,3034.65
1731690000,3036.6
1731693600,3020.44
1731697200,3040.12
1731700800,3092.18
1731704400,3091.61
1731708000,3101.17
1731711600,3090.76
1731715200,3086.48
1731718800,3099.29
1731722400,3112.46
1731726000,3156.43
1731729600,3135.62
1731733200,3131.91
1731736800,3115.49
1731740400,3107.85
1731744000,3121.18
1731747600,3117.97
1731751200,3127.83
1731754800,3195.62
1731758400,3176.92
1731762000,3173.91
1731765600,3169.25
1731769200,3141.84
1731772800,3145.8
1731776400,3168.54
1731780000,3181.69
1731783600,3170.56
1731787200,3151.4
1731790800,3156.28
1731794400,3134.86
1731798000,3134.25
1731801600,3150.61
1731805200,3086.56
1731808800,3067.55
1731812400,3081.79
1731816000,3126.86
1731819600,3103.56
1731823200,3133.51
1731826800,3136.24
1731830400,3144.74
1731834000,3140.04
1731837600,3138.11
1731841200,3105.36
1731844800,3121.07
1731848400,3103.48
1731852000,3088.14
1731855600,3086.39
1731859200,3092.89
1731862800,3106.87
1731866400,3081.07
1731870000,3097.53
1731873600,3073.19
1731877200,3062.48
1731880800,3068.34
1731884400,3076.79
1731888000,3098.06
1731891600,3115.6
1731895200,3110.31
1731898800,3111.7
1731902400,3100.65
1731906000,3118.15
1731909600,3145.86
1731913200,3130.73
1731916800,3121.63
1731920400,3107.66
1731924000,3115.41
1731927600,3056.47
1731931200,3086.93
1731934800,3068.06
1731938400,3088.63
1731942000,3144.64
1731945600,3169.15
1731949200,3176.88
1731952800,3166.04
1731956400,3129.08
1731960000,3158.57
1731963600,3151.3
1731967200,3151.84
1731970800,3209.21
1731974400,3158.21
1731978000,3145.73
1731981600,3159.6
1731985200,3150.59
1731988800,3132.03
1731992400,3137.06
1731996000,3132.29
1731999600,3119.77
1732003200,3120.7
1732006800,3112.64
1732010400,3121.87
1732014000,3128.42
1732017600,3134.28
1732021200,3083.25
1732024800,3098.37
1732028400,3106.97
1732032000,3113.41
1732035600,3120.48
1732039200,3144.38
1732042800,3125.94
1732046400,3103.68
1732050000,3096.05
1732053600,3096.39
1732057200,3111.7
1732060800,3111.18
1732064400,3103.75
1732068000,3090.83
1732071600,3099.52
1732075200,3100.8
1732078800,3111.41
1732082400,3107.39
1732086000,3112.31
1732089600,3126.1
1732093200,3120.87
1732096800,3112.31
1732100400,3103.04
1732104000,3092.21
1732107600,3116.47
1732111200,3116.94
1732114800,3133.17
1732118400,3092.25
1732122000,3067.49
1732125600,3051.22
1732129200,3061.04
1732132800,3074.32
1732136400,3080.87
1732140000,3076.97
1732143600,3072.24
1732147200,3081.8
1732150800,3081.58
1732154400,3059.62
1732158000,3085.04
1732161600,3132.17
1732165200,3109.73
1732168800,3129.23
1732172400,3138.24
1732176000,3142.73
1732179600,3127.35
1732183200,3131.96
1732186800,3148.58
1732190400,3285.51
1732194000,3349.49
1732197600,3345.99
1732201200,3279.03
1732204800,3333.1
1732208400,3351.95
1732212000,3382.48
1732215600,3349.72
1732219200,3352.08
1732222800,3348.95
1732226400,3375.01
1732230000,3359.9
1732233600,3320.15
1732237200,3325.2
1732240800,3333.97
1732244400,3369.43
1732248000,3394.48
1732251600,3379.78
1732255200,3375.46
1732258800,3366.62
1732262400,3375.0
1732266000,3367.32
1732269600,3324.6
1732273200,3347.49
1732276800,3351.42
1732280400,3296.18
1732284000,3290.55
1732287600,3317.52
1732291200,3312.07
1732294800,3300.7
1732298400,3283.03
1732302000,3285.83
1732305600,3294.77
1732309200,3320.38
1732312800,3312.12
1732316400,3331.77
1732320000,3345.7
1732323600,3347.37
1732327200,3329.91
1732330800,3349.35
1732334400,3357.14
1732338000,3352.69
1732341600,3347.23
1732345200,3345.6
1732348800,3372.68
1732352400,3363.81
1732356000,3352.46
1732359600,3358.32
1732363200,3404.21
1732366800,3439.43
1732370400,3477.33
1732374000,3467.35
1732377600,3419.37
1732381200,3431.57
1732384800,3428.67
1732388400,3411.87
1732392000,3408.91
1732395600,3421.28
1732399200,3409.97
1732402800,3397.51
1732406400,3420.79
1732410000,3437.32
1732413600,3434.92
1732417200,3431.07
1732420800,3418.04
1732424400,3417.33
1732428000,3426.56
1732431600,3426.43
1732435200,3398.13
1732438800,3407.38
1732442400,3379.2
1732446000,3348.99
1732449600,3318.38
1732453200,3328.51
1732456800,3328.7
1732460400,3296.0
1732464000,3320.17
1732467600,3311.15
1732471200,3328.78
1732474800,3328.24
1732478400,3343.5
1732482000,3347.33
1732485600,3362.92
1732489200,3365.16
1732492800,3351.78
1732496400,3332.34
1732500000,3341.85
1732503600,3365.83
1732507200,3370.39
1732510800,3386.07
1732514400,3384.9
1732518000,3403.54
1732521600,3416.34
1732525200,3480.07
1732528800,3503.87
1732532400,3474.87
1732536000,3484.62
1732539600,3478.71
1732543200,3408.51
1732546800,3518.69
1732550400,3484.3
1732554000,3461.87
1732557600,3448.25
1732561200,3464.02
1732564800,3503.79
1732568400,3439.13
1732572000,3450.83
1732575600,3414.72
1732579200,3425.52
1732582800,3449.1
1732586400,3446.18
1732590000,3435.64
1732593600,3421.26
1732597200,3432.5
1732600800,3425.23
1732604400,3395.24
1732608000,3372.94
1732611600,3357.8
1732615200,3316.48
1732618800,3323.16
1732622400,3311.14
1732626000,3309.44
1732629600,3345.82
1732633200,3297.05
1732636800,3337.43
1732640400,3327.87
1732644000,3283.58
1732647600,3301.02
1732651200,3321.61
1732654800,3322.19
1732658400,3324.47
1732662000,3323.67
1732665600,3307.54
1732669200,3340.75
1732672800,3363.0
1732676400,3359.72
1732680000,3400.0
1732683600,3398.8
1732687200,3426.18
1732690800,3423.55
1732694400,3421.56
1732698000,3412.03
1732701600,3455.48
1732705200,3460.84
1732708800,3477.51
1732712400,3505.67
1732716000,3522.68
1732719600,3556.1
1732723200,3560.27
1732726800,3564.36
1732730400,3590.06
1732734000,3595.36
1732737600,3629.32
1732741200,3638.11
1732744800,3670.06
1732748400,3657.63
1732752000,3646.08
1732755600,3642.46
1732759200,3625.01
1732762800,3602.67
1732766400,3607.17
1732770000,3591.91
1732773600,3597.3
1732777200,3594.71
1732780800,3630.45
1732784400,3600.23
1732788000,3604.85
1732791600,3621.54
1732795200,3623.98
1732798800,3589.72
1732802400,3568.73
1732806000,3542.39
1732809600,3542.17
1732813200,3554.2
1732816800,3578.95
1732820400,3575.52
1732824000,3557.08
1732827600,3572.14
1732831200,3592.66
1732834800,3579.11
1732838400,3558.89
1732842000,3565.52
1732845600,3599.99
1732849200,3584.46
1732852800,3579.15
1732856400,3578.8
1732860000,3562.24
1732863600,3545.53
1732867200,3569.99
1732870800,3568.9
1732874400,3585.12
1732878000,3596.07
1732881600,3587.71
1732885200,3611.78
1732888800,3636.02
1732892400,3619.44
1732896000,3600.81
1732899600,3585.85
1732903200,3577.05
1732906800,3586.0
1732910400,3596.41
1732914000,3593.89
1732917600,3598.67
1732921200,3593.67
1732924800,3591.42
1732928400,3601.33
1732932000,3625.93
1732935600,3657.72
1732939200,3653.74
1732942800,3695.14
1732946400,3697.38
1732950000,3703.82
1732953600,3694.52
1732957200,3692.79
1732960800,3643.42
1732964400,3655.29
1732968000,3683.05
1732971600,3669.9
1732975200,3657.8
1732978800,3676.06
1732982400,3676.85
1732986000,3678.05
1732989600,3672.74
1732993200,3690.97
1732996800,3713.85
1733000400,3721.98
1733004000,3711.14
1733007600,3706.35
1733011200,3690.5
1733014800,3711.78
1733018400,3666.59
1733022000,3707.88
1733025600,3703.31
1733029200,3685.0
1733032800,3701.91
1733036400,3703.97
1733040000,3709.87
1733043600,3702.16
1733047200,3684.6
1733050800,3694.35
1733054400,3685.25
1733058000,3703.9
1733061600,3708.59
1733065200,3731.51
1733068800,3728.2
1733072400,3725.73
1733076000,3713.98
1733079600,3709.67
1733083200,3691.97
1733086800,3708.81
1733090400,3723.15
1733094000,3710.24
1733097600,3704.54
1733101200,3735.16
1733104800,3743.32
1733108400,3687.67
1733112000,3692.99
1733115600,3678.46
1733119200,3682.34
1733122800,3668.59
1733126400,3603.16
1733130000,3622.3
1733133600,3578.77
1733137200,3588.94
1733140800,3595.79
1733144400,3627.25
1733148000,3642.74
1733151600,3674.86
1733155200,3627.2
1733158800,3566.32
1733162400,3623.53
1733166000,3611.58
1733169600,3616.29
1733173200,3616.18
1733176800,3615.98
1733180400,3644.52
1733184000,3638.12
1733187600,3619.6
1733191200,3645.53
1733194800,3640.12
1733198400,3645.11
1733202000,3655.77
1733205600,3634.71
1733209200,3617.0
1733212800,3614.8
1733216400,3611.28
1733220000,3595.36
1733223600,3614.22
1733227200,3605.23
1733230800,3544.53
1733234400,3581.17
1733238000,3573.23
1733241600,3553.44
1733245200,3579.47
1733248800,3579.5
1733252400,3578.23
1733256000,3608.34
1733259600,3614.67
1733263200,3634.76
1733266800,3617.59
1733270400,3694.41
1733274000,3688.73
1733277600,3651.21
1733281200,3664.59
1733284800,3672.15
1733288400,3684.83
1733292000,3697.2
1733295600,3718.12
1733299200,3705.09
1733302800,3728.57
1733306400,3723.96
1733310000,3730.77
1733313600,3719.74
1733317200,3709.46
1733320800,3783.73
1733324400,3826.39
1733328000,3758.43
1733331600,3814.05
1733335200,3827.92
1733338800,3847.81
1733342400,3889.5
1733346000,3845.12
1733349600,3848.57
1733353200,3843.33
1733356800,3802.68
1733360400,3806.65
1733364000,3859.68
1733367600,3835.76
1733371200,3859.36
1733374800,3849.83
1733378400,3852.35
1733382000,3853.2
1733385600,3911.55
1733389200,3924.45
1733392800,3918.91
1733396400,3933.8
1733400000,3929.06
1733403600,3921.32
1733407200,3930.69
1733410800,3891.34
1733414400,3904.25
1733418000,3921.42
1733421600,3871.9
1733425200,3831.59
1733428800,3830.19
1733432400,3860.83
1733436000,3810.97
1733439600,3788.93
1733443200,3865.52
1733446800,3871.08
1733450400,3879.61
1733454000,3909.38
1733457600,3904.43
1733461200,3891.32
1733464800,3909.53
1733468400,3896.33
1733472000,3881.96
1733475600,3871.73
1733479200,3867.33
1733482800,3869.75
1733486400,3839.79
1733490000,3892.45
1733493600,3989.99
1733497200,3997.73
1733500800,4008.6
1733504400,4021.36
1733508000,4058.14
1733511600,4074.99
1733515200,4053.28
1733518800,4030.01
1733522400,4030.55
1733526000,4004.83
1733529600,4018.94
1733533200,3987.22
1733536800,3997.84
1733540400,3992.7
1733544000,4000.41
1733547600,3995.07
1733551200,3984.02
1733554800,3991.28
1733558400,3984.37
1733562000,3990.07
1733565600,3985.54
1733569200,4002.29
1733572800,4002.95
1733576400,3997.9
1733580000,4001.79
1733583600,4008.54
1733587200,4000.94
1733590800,3995.56
1733594400,4015.3
1733598000,4015.97
1733601600,4020.78
1733605200,4009.0
1733608800,3997.44
1733612400,4000.01
1733616000,4006.89
1733619600,3996.05
1733623200,4001.16
1733626800,3991.97
1733630400,3982.28
1733634000,3973.28
1733637600,3981.72
1733641200,3982.82
1733644800,3942.32
1733648400,3938.35
1733652000,3965.39
1733655600,3973.91
1733659200,3987.78
1733662800,3999.69
1733666400,3981.51
1733670000,3993.64
1733673600,3985.47
1733677200,3986.89
1733680800,3970.17
1733684400,3991.28
1733688000,3978.49
1733691600,3993.34
1733695200,4012.75
1733698800,4006.75
1733702400,3974.19
1733706000,3947.55
1733709600,3943.63
1733713200,3931.59
1733716800,3942.29
1733720400,3945.32
1733724000,3917.76
1733727600,3919.47
1733731200,3866.63
1733734800,3873.75
1733738400,3883.75
1733742000,3850.01
1733745600,3862.64
1733749200,3895.9
1733752800,3931.74
1733756400,3821.68
1733760000,3845.06
1733763600,3826.47
1733767200,3836.06
1733770800,3792.34
1733774400,3741.64
1733778000,3700.41
1733781600,3715.57
1733785200,3713.57
1733788800,3768.81
1733792400,3759.2
1733796000,3689.49
1733799600,3684.0
1733803200,3709.9
1733806800,3703.82
1733810400,3740.28
1733814000,3735.2
1733817600,3744.73
1733821200,3752.38
1733824800,3764.92
1733828400,3751.33
1733832000,3677.89
1733835600,3694.49
1733839200,3672.9
1733842800,3568.61
1733846400,3614.18
1733850000,3528.27
1733853600,3581.08
1733857200,3629.67
1733860800,3649.62
1733864400,3639.92
1733868000,3635.37
1733871600,3630.34
1733875200,3613.64
1733878800,3569.37
1733882400,3653.78
1733886000,3666.23
1733889600,3669.32
1733893200,3660.52
1733896800,3675.68
1733900400,3654.1
1733904000,3697.56
1733907600,3701.16
1733911200,3708.73
1733914800,3718.69
1733918400,3724.17
1733922000,3745.23
1733925600,3773.41
1733929200,3789.83
1733932800,3800.69
1733936400,3765.26
1733940000,3793.89
1733943600,3808.26
1733947200,3837.03
1733950800,3832.01
1733954400,3838.74
1733958000,3835.08
1733961600,3821.06
1733965200,3807.43
1733968800,3883.08
1733972400,3937.34
1733976000,3910.99
1733979600,3926.95
1733983200,3939.15
1733986800,3906.38
1733990400,3913.12
1733994000,3923.79
1733997600,3926.84
1734001200,3914.81
1734004800,3956.32
1734008400,3943.63
1734012000,3983.24
1734015600,3960.12
1734019200,3935.91
1734022800,3963.57
1734026400,3921.51
1734030000,3871.2
1734033600,3887.77
1734037200,3866.24
1734040800,3883.69
1734044400,3882.68
1734048000,3890.18
1734051600,3885.5
1734055200,3908.68
1734058800,3933.57
1734062400,3917.38
1734066000,3909.79
1734069600,3887.4
1734073200,3886.75
1734076800,3898.57
1734080400,3889.54
1734084000,3904.65
1734087600,3901.72
1734091200,3931.2
1734094800,3924.59
1734098400,3952.35
1734102000,3886.73
1734105600,3911.79
1734109200,3939.84
1734112800,3913.45
1734116400,3918.26
1734120000,3919.72
1734123600,3903.39
1734127200,3897.52
1734130800,3907.87
1734134400,3906.34
1734138000,3925.18
1734141600,3912.85
1734145200,3911.0
1734148800,3915.72
1734152400,3920.59
1734156000,3930.71
1734159600,3921.03
1734163200,3925.41
1734166800,3911.74
1734170400,3897.89
1734174000,3894.02
1734177600,3868.55
1734181200,3863.56
1734184800,3884.32
1734188400,3888.4
1734192000,3892.86
1734195600,3858.88
1734199200,3833.05
1734202800,3858.81
1734206400,3832.3
1734210000,3847.28
1734213600,3861.96
1734217200,3869.25
1734220800,3863.44
1734224400,3888.52
1734228000,3883.24
1734231600,3873.24
1734235200,3896.68
1734238800,3891.53
1734242400,3877.5
1734246000,3844.5
1734249600,3860.99
1734253200,3861.84
1734256800,3860.06
1734260400,3876.53
1734264000,3883.17
1734267600,3882.82
1734271200,3904.97
1734274800,3893.2
1734278400,3910.1
1734282000,3908.98
1734285600,3896.98
1734289200,3902.56
1734292800,3890.48
1734296400,3855.57
1734300000,3888.61
1734303600,3957.7
1734307200,3997.84
1734310800,4007.95
1734314400,3970.13
1734318000,3940.9
1734321600,3953.71
1734325200,3965.95
1734328800,3956.95
1734332400,3972.37
1734336000,3950.39
1734339600,3941.51
1734343200,3948.94
1734346800,3908.26
1734350400,3892.78
1734354000,3896.98
1734357600,3929.57
1734361200,3940.94
1734364800,3962.6
1734368400,4035.09
1734372000,4088.26
1734375600,4058.02
1734379200,4045.71
1734382800,4048.17
1734386400,4031.81
1734390000,3987.6
1734393600,3960.47
1734397200,3987.9
1734400800,4009.93
1734404400,4034.86
1734408000,4005.19
1734411600,4023.61
1734415200,4010.18
1734418800,3994.76
1734422400,4010.3
1734426000,4026.33
1734429600,4010.96
1734433200,3996.5
1734436800,4001.69
1734440400,4006.98
1734444000,4020.82
1734447600,3939.17
1734451200,3953.0
1734454800,3975.29
1734458400,3931.05
1734462000,3944.01
1734465600,3936.11
1734469200,3932.16
1734472800,3883.02
1734476400,3893.54
1734480000,3884.1
1734483600,3845.22
1734487200,3870.57
1734490800,3849.79
1734494400,3840.85
1734498000,3835.75
1734501600,3828.13
1734505200,3846.71
1734508800,3841.39
1734512400,3868.45
1734516000,3872.52
1734519600,3882.17
1734523200,3860.46
1734526800,3855.02
1734530400,3836.97
1734534000,3866.55
1734537600,3870.71
1734541200,3878.87
1734544800,3898.12
1734548400,3768.07
1734552000,3692.26
1734555600,3690.54
1734559200,3679.5
1734562800,3624.84
1734566400,3653.14
1734570000,3607.01
1734573600,3644.89
1734577200,3665.4
1734580800,3652.17
1734584400,3668.51
1734588000,3677.91
1734591600,3691.46
1734595200,3667.95
1734598800,3677.81
1734602400,3705.74
1734606000,3703.69
1734609600,3677.62
1734613200,3675.08
1734616800,3636.85
1734620400,3611.25
1734624000,3617.07
1734627600,3474.2
1734631200,3515.33
1734634800,3435.33
1734638400,3377.01
1734642000,3415.65
1734645600,3456.46
1734649200,3414.35
1734652800,3408.07
1734656400,3375.25
1734660000,3451.26
1734663600,3410.86
1734667200,3391.27
1734670800,3354.4
1734674400,3356.14
1734678000,3387.45
1734681600,3286.99
1734685200,3261.2
1734688800,3182.19
1734692400,3100.0
1734696000,3232.38
1734699600,3293.78
1734703200,3325.82
1734706800,3372.01
1734710400,3382.5
1734714000,3436.8
1734717600,3428.89
1734721200,3478.82
1734724800,3438.64
1734728400,3438.08
1734732000,3469.74
1734735600,3470.47
1734739200,3455.64
1734742800,3471.39
1734746400,3473.55
1734750000,3465.55
1734753600,3480.73
1734757200,3530.01
1734760800,3529.44
1734764400,3521.48
1734768000,3482.78
1734771600,3481.03
1734775200,3464.87
1734778800,3441.0
1734782400,3402.15
1734786000,3389.17
1734789600,3373.96
1734793200,3389.14
1734796800,3369.28
1734800400,3380.92
1734804000,3361.73
1734807600,3358.29
1734811200,3356.06
1734814800,3316.16
1734818400,3328.4
1734822000,3337.09
1734825600,3359.92
1734829200,3353.81
1734832800,3334.53
1734836400,3353.64
1734840000,3309.26
1734843600,3327.76
1734847200,3339.84
1734850800,3329.79
1734854400,3354.28
1734858000,3381.36
1734861600,3377.0
1734865200,3378.58
1734868800,3372.83
1734872400,3368.89
1734876000,3275.3
1734879600,3299.72
1734883200,3330.99
1734886800,3312.92
1734890400,3308.72
1734894000,3244.35
1734897600,3287.68
1734901200,3280.69
1734904800,3284.98
1734908400,3278.6
1734912000,3251.99
1734915600,3258.21
1734919200,3278.46
1734922800,3347.33
1734926400,3322.5
1734930000,3316.02
1734933600,3274.42
1734937200,3301.36
1734940800,3313.05
1734944400,3333.83
1734948000,3346.1
1734951600,3335.17
1734955200,3344.71
1734958800,3313.63
1734962400,3308.16
1734966000,3273.11
1734969600,3369.79
1734973200,3332.14
1734976800,3299.57
1734980400,3333.59
1734984000,3398.78
1734987600,3418.41
1734991200,3454.97
1734994800,3418.12
1734998400,3414.35
1735002000,3379.32
1735005600,3368.72
1735009200,3392.24
1735012800,3408.53
1735016400,3419.22
1735020000,3389.12
1735023600,3396.1
1735027200,3408.2
1735030800,3394.0
1735034400,3387.9
1735038000,3409.21
1735041600,3400.29
1735045200,3449.29
1735048800,3453.23
1735052400,3490.54
1735056000,3478.06
1735059600,3500.56
1735063200,3491.82
1735066800,3463.78
1735070400,3448.11
1735074000,3486.75
1735077600,3490.37
1735081200,3491.13
1735084800,3480.21
1735088400,3470.66
1735092000,3482.49
1735095600,3475.77
1735099200,3486.36
1735102800,3489.4
1735106400,3484.09
1735110000,3486.58
1735113600,3486.87
1735117200,3491.61
1735120800,3512.64
1735124400,3468.65
1735128000,3475.04
1735131600,3479.98
1735135200,3487.76
1735138800,3470.01
1735142400,3451.3
1735146000,3467.41
1735149600,3467.42
1735153200,3477.4
1735156800,3470.74
1735160400,3464.74
1735164000,3472.68
1735167600,3493.95
1735171200,3479.41
1735174800,3473.61
1735178400,3457.91
1735182000,3452.93
1735185600,3438.73
1735189200,3438.65
1735192800,3436.34
1735196400,3419.2
1735200000,3363.42
1735203600,3368.52
1735207200,3365.61
1735210800,3369.61
1735214400,3354.5
1735218000,3350.55
1735221600,3336.56
1735225200,3340.5
1735228800,3354.0
1735232400,3324.69
1735236000,3334.42
1735239600,3337.0
1735243200,3325.65
1735246800,3333.01
1735250400,3337.35
1735254000,3330.86
1735257600,3342.97
1735261200,3359.15
1735264800,3360.28
1735268400,3375.09
1735272000,3374.55
1735275600,3379.96
1735279200,3393.71
1735282800,3320.87
1735286400,3354.25
1735290000,3418.75
1735293600,3398.06
1735297200,3415.31
1735300800,3409.95
1735304400,3384.11
1735308000,3355.11
1735311600,3321.66
1735315200,3311.7
1735318800,3345.16
1735322400,3356.65
1735326000,3350.09
1735329600,3334.41
1735333200,3314.88
1735336800,3316.11
1735340400,3328.6
1735344000,3338.79
1735347600,3329.37
1735351200,3322.49
1735354800,3340.18
1735358400,3339.2
1735362000,3342.51
1735365600,3336.46
1735369200,3329.74
1735372800,3339.55
1735376400,3346.24
1735380000,3334.47
1735383600,3354.02
1735387200,3348.17
1735390800,3360.53
1735394400,3367.48
1735398000,3362.33
1735401600,3381.67
1735405200,3388.78
1735408800,3385.18
1735412400,3394.51
1735416000,3394.7
1735419600,3397.65
1735423200,3404.24
1735426800,3397.87
1735430400,3387.56
1735434000,3373.14
1735437600,3382.06
1735441200,3377.23
1735444800,3383.05
1735448400,3381.53
1735452000,3391.32
1735455600,3401.54
1735459200,3390.79
1735462800,3399.9
1735466400,3398.58
1735470000,3393.02
1735473600,3386.46
1735477200,3393.72
1735480800,3364.56
1735484400,3368.01
1735488000,3350.41
1735491600,3355.31
1735495200,3356.09
1735498800,3355.68
1735502400,3352.24
1735506000,3344.06
1735509600,3334.27
1735513200,3350.23
1735516800,3378.83
1735520400,3413.44
1735524000,3409.75
1735527600,3395.75
1735531200,3383.78
1735534800,3400.86
1735538400,3424.23
1735542000,3420.55
1735545600,3415.52
1735549200,3415.46
1735552800,3405.4
1735556400,3417.37
1735560000,3403.44
1735563600,3330.49
1735567200,3307.03
1735570800,3317.52
1735574400,3333.44
1735578000,3385.8
1735581600,3392.94
1735585200,3398.46
1735588800,3395.03
1735592400,3314.15
1735596000,3353.0
1735599600,3355.66
1735603200,3323.08
1735606800,3335.06
1735610400,3337.48
1735614000,3334.82
1735617600,3328.36
1735621200,3339.4
1735624800,3348.85
1735628400,3348.56
1735632000,3374.38
1735635600,3383.35
1735639200,3389.6
1735642800,3388.98
1735646400,3387.89
1735650000,3423.77
1735653600,3422.61
1735657200,3408.0
1735660800,3402.09
1735664400,3358.1
1735668000,3356.63
1735671600,3350.14
1735675200,3340.57
1735678800,3346.18
1735682400,3333.42
1735686000,3330.32
1735689600,3357.24
1735693200,3339.81
1735696800,3354.63
1735700400,3347.42
1735704000,3333.43
1735707600,3337.34
1735711200,3339.23
1735714800,3339.54
1735718400,3330.64
1735722000,3327.75
1735725600,3319.46
1735729200,3333.53
1735732800,3339.8
1735736400,3336.24
1735740000,3338.08
1735743600,3345.52
1735747200,3330.98
1735750800,3336.06
1735754400,3340.22
1735758000,3349.17
1735761600,3352.64
1735765200,3361.14
1735768800,3354.08
1735772400,3353.32
1735776000,3383.23
1735779600,3377.3
1735783200,3391.67
1735786800,3382.16
1735790400,3411.54
1735794000,3406.25
1735797600,3405.25
1735801200,3415.3
1735804800,3432.83
1735808400,3463.57
1735812000,3464.75
1735815600,3467.32
1735819200,3476.99
1735822800,3462.73
1735826400,3492.34
1735830000,3460.02
1735833600,3467.11
1735837200,3447.0
1735840800,3462.0
1735844400,3460.0
1735848000,3448.79
1735851600,3451.04
1735855200,3437.39
1735858800,3452.39
1735862400,3446.08
1735866000,3461.2
1735869600,3455.09
1735873200,3466.89
1735876800,3455.55
1735880400,3452.59
1735884000,3439.78
1735887600,3429.93
1735891200,3426.92
1735894800,3440.78
1735898400,3443.21
1735902000,3462.92
1735905600,3461.36
1735909200,3478.68
1735912800,3525.0
1735916400,3562.38
1735920000,3581.48
1735923600,3572.24
1735927200,3603.54
1735930800,3621.59
1735934400,3599.86
1735938000,3612.87
1735941600,3614.81
1735945200,3607.68
1735948800,3601.4
1735952400,3595.13
1735956000,3594.77
1735959600,3596.9
1735963200,3590.03
1735966800,3595.03
1735970400,3598.94
1735974000,3592.58
1735977600,3584.11
1735981200,3588.1
1735984800,3587.37
1735988400,3600.76
1735992000,3634.33
1735995600,3643.61
1735999200,3636.07
1736002800,3607.58
1736006400,3621.38
1736010000,3632.87
1736013600,3626.36
1736017200,3630.57
1736020800,3659.96
1736024400,3657.7
1736028000,3659.28
1736031600,3656.4
1736035200,3649.43
1736038800,3635.77
1736042400,3640.38
1736046000,3636.6
1736049600,3643.47
1736053200,3631.8
1736056800,3638.06
1736060400,3630.86
1736064000,3619.05
1736067600,3608.2
1736071200,3614.45
1736074800,3612.43
1736078400,3613.05
1736082000,3613.36
1736085600,3622.0
1736089200,3628.67
1736092800,3627.17
1736096400,3627.35
1736100000,3629.7
1736103600,3636.87
1736107200,3635.19
1736110800,3645.06
1736114400,3644.55
1736118000,3635.46
1736121600,3621.28
1736125200,3647.71
1736128800,3657.17
1736132400,3663.22
1736136000,3671.14
1736139600,3679.61
1736143200,3665.21
1736146800,3649.42
1736150400,3639.56
1736154000,3643.54
1736157600,3636.65
1736161200,3653.01
1736164800,3641.21
1736168400,3649.78
1736172000,3685.46
1736175600,3714.69
1736179200,3710.83
1736182800,3674.72
1736186400,3682.9
1736190000,3688.27
1736193600,3685.1
1736197200,3668.63
1736200800,3679.39
1736204400,3688.74
1736208000,3676.9
1736211600,3695.98
1736215200,3678.93
1736218800,3683.15
1736222400,3674.02
1736226000,3669.68
1736229600,3672.52
1736233200,3667.67
1736236800,3674.4
1736240400,3661.06
1736244000,3657.38
1736247600,3639.05
1736251200,3632.99
1736254800,3635.01
1736258400,3569.02
1736262000,3460.66
1736265600,3457.13
1736269200,3440.96
1736272800,3419.91
1736276400,3384.19
1736280000,3394.29
1736283600,3362.53
1736287200,3396.64
1736290800,3380.29
1736294400,3411.08
1736298000,3390.41
1736301600,3381.99
1736305200,3360.02
1736308800,3347.67
1736312400,3351.26
1736316000,3308.06
1736319600,3353.44
1736323200,3364.79
1736326800,3346.14
1736330400,3361.4
1736334000,3348.56
1736337600,3338.41
1736341200,3357.72
1736344800,3368.51
1736348400,3345.82
1736352000,3312.71
1736355600,3262.55
1736359200,3282.28
1736362800,3279.86
1736366400,3285.01
1736370000,3298.02
1736373600,3332.28
1736377200,3326.29
1736380800,3341.18
1736384400,3345.18
1736388000,3339.65
1736391600,3323.27
1736395200,3338.55
1736398800,3327.2
1736402400,3314.55
1736406000,3287.56
1736409600,3308.43
1736413200,3315.77
1736416800,3309.74
1736420400,3299.24
1736424000,3294.08
1736427600,3219.55
1736431200,3249.6
1736434800,3319.52
1736438400,3301.67
1736442000,3249.9
1736445600,3259.67
1736449200,3195.17
1736452800,3194.82
1736456400,3207.01
1736460000,3224.32
1736463600,3218.81
1736467200,3222.79
1736470800,3236.59
1736474400,3241.09
1736478000,3253.85
1736481600,3253.76
1736485200,3263.74
1736488800,3277.6
1736492400,3296.06
1736496000,3296.14
1736499600,3302.13
1736503200,3318.38
1736506800,3311.48
1736510400,3310.26
1736514000,3243.71
1736517600,3257.02
1736521200,3244.64
1736524800,3247.04
1736528400,3314.72
1736532000,3286.65
1736535600,3295.85
1736539200,3259.68
1736542800,3264.87
1736546400,3272.94
1736550000,3266.53
1736553600,3265.0
1736557200,3245.1
1736560800,3247.41
1736564400,3236.41
1736568000,3237.96
1736571600,3244.96
1736575200,3237.26
1736578800,3234.64
1736582400,3223.3
1736586000,3242.68
1736589600,3254.85
1736593200,3272.12
1736596800,3270.61
1736600400,3266.35
1736604000,3276.64
1736607600,3269.98
1736611200,3273.62
1736614800,3270.36
1736618400,3276.02
1736622000,3276.42
1736625600,3298.1
1736629200,3305.8
1736632800,3287.28
1736636400,3282.01
1736640000,3281.92
1736643600,3287.44
1736647200,3288.36
1736650800,3284.38
1736654400,3282.26
1736658000,3278.07
1736661600,3268.81
1736665200,3265.07
1736668800,3238.72
1736672400,3237.15
1736676000,3243.13
1736679600,3251.24
1736683200,3249.21
1736686800,3265.2
1736690400,3267.21
1736694000,3283.61
1736697600,3279.81
1736701200,3286.53
1736704800,3283.17
1736708400,3278.63
1736712000,3279.83
1736715600,3264.77
1736719200,3238.8
1736722800,3266.02
1736726400,3307.33
1736730000,3259.83
1736733600,3254.45
1736737200,3241.28
1736740800,3236.96
1736744400,3223.7
1736748000,3189.33
1736751600,3199.47
1736755200,3167.26
1736758800,3153.26
1736762400,3115.37
1736766000,3053.29
1736769600,3042.75
1736773200,3057.19
1736776800,3033.44
1736780400,3048.07
1736784000,3008.57
1736787600,3019.03
1736791200,3006.4
1736794800,3023.38
1736798400,3089.85
1736802000,3113.02
1736805600,3130.96
1736809200,3136.08
1736812800,3132.82
1736816400,3138.07
1736820000,3156.21
1736823600,3157.64
1736827200,3171.36
1736830800,3160.46
1736834400,3181.99
1736838000,3169.87
1736841600,3182.44
1736845200,3243.12
1736848800,3234.14
1736852400,3216.45
1736856000,3182.45
1736859600,3207.19
1736863200,3190.39
1736866800,3198.19
1736870400,3189.61
1736874000,3211.13
1736877600,3223.27
1736881200,3212.86
1736884800,3221.28
1736888400,3214.97
1736892000,3234.06
1736895600,3223.97
1736899200,3220.58
1736902800,3229.29
1736906400,3211.44
1736910000,3239.84
1736913600,3224.92
1736917200,3228.39
1736920800,3228.52
1736924400,3231.46
1736928000,3231.18
1736931600,3198.63
1736935200,3208.1
1736938800,3198.29
1736942400,3200.88
1736946000,3298.31
1736949600,3329.15
1736953200,3334.59
1736956800,3339.72
1736960400,3326.19
1736964000,3372.73
1736967600,3435.26
1736971200,3434.58
1736974800,3432.75
1736978400,3430.94
1736982000,3451.58
1736985600,3398.85
1736989200,3403.6
1736992800,3384.77
1736996400,3362.58
1737000000,3374.33
1737003600,3367.99
1737007200,3379.92
1737010800,3383.56
1737014400,3316.42
1737018000,3335.4
1737021600,3333.31
1737025200,3350.49
1737028800,3356.33
1737032400,3327.49
1737036000,3276.39
1737039600,3331.83
1737043200,3340.0
1737046800,3343.21
1737050400,3325.27
1737054000,3344.03
1737057600,3336.67
1737061200,3319.61
1737064800,3296.68
1737068400,3307.73
1737072000,3313.64
1737075600,3384.8
1737079200,3372.44
1737082800,3359.92
1737086400,3370.06
1737090000,3365.95
1737093600,3366.95
1737097200,3372.87
1737100800,3406.43
1737104400,3402.8
1737108000,3427.03
1737111600,3423.01
1737115200,3407.34
1737118800,3401.2
1737122400,3429.01
1737126000,3422.7
1737129600,3439.18
1737133200,3415.49
1737136800,3413.11
1737140400,3435.06
1737144000,3516.09
1737147600,3474.89
1737151200,3471.5
1737154800,3475.47
1737158400,3489.18
1737162000,3468.01
1737165600,3451.68
1737169200,3383.41
1737172800,3364.87
1737176400,3293.75
1737180000,3311.84
1737183600,3285.77
1737187200,3291.71
1737190800,3269.31
1737194400,3264.9
1737198000,3310.01
1737201600,3288.36
1737205200,3321.76
1737208800,3295.74
1737212400,3304.68
1737216000,3251.22
1737219600,3255.69
1737223200,3262.57
1737226800,3287.14
1737230400,3262.83
1737234000,3271.21
1737237600,3277.7
1737241200,3304.07
1737244800,3313.63
1737248400,3350.0
1737252000,3349.99
1737255600,3331.55
1737259200,3279.38
1737262800,3296.5
1737266400,3279.46
1737270000,3270.5
1737273600,3216.83
1737277200,3221.57
1737280800,3169.17
1737284400,3145.05
1737288000,3200.36
1737291600,3271.09
1737295200,3376.9
1737298800,3378.61
1737302400,3405.94
1737306000,3438.27
1737309600,3428.38
1737313200,3414.86
1737316800,3374.0
1737320400,3227.81
1737324000,3266.18
1737327600,3210.03
1737331200,3166.23
1737334800,3196.29
1737338400,3241.0
1737342000,3268.72
1737345600,3267.11
1737349200,3287.54
1737352800,3411.83
1737356400,3377.09
1737360000,3388.6
1737363600,3359.52
1737367200,3349.65
1737370800,3371.56
1737374400,3299.66
1737378000,3338.59
1737381600,3355.22
1737385200,3332.1
1737388800,3375.58
1737392400,3289.4
1737396000,3327.51
1737399600,3339.22
1737403200,3316.33
1737406800,3281.36
1737410400,3314.32
1737414000,3280.4
1737417600,3222.46
1737421200,3246.74
1737424800,3253.45
1737428400,3258.89
1737432000,3242.95
1737435600,3220.55
1737439200,3237.89
1737442800,3250.24
1737446400,3250.27
1737450000,3272.89
1737453600,3299.79
1737457200,3301.91
1737460800,3303.85
1737464400,3306.21
1737468000,3286.25
1737471600,3292.59
1737475200,3312.21
1737478800,3350.67
1737482400,3345.76
1737486000,3332.31
1737489600,3313.41
1737493200,3332.45
1737496800,3334.61
1737500400,3327.57
1737504000,3361.71
1737507600,3329.34
1737511200,3343.66
1737514800,3331.34
1737518400,3331.68
1737522000,3318.25
1737525600,3308.87
1737529200,3287.93
1737532800,3299.22
1737536400,3298.3
1737540000,3308.16
1737543600,3326.11
1737547200,3316.54
1737550800,3283.2
1737554400,3292.47
1737558000,3278.43
1737561600,3277.31
1737565200,3285.0
1737568800,3249.0
1737572400,3261.31
1737576000,3256.07
1737579600,3257.78
1737583200,3238.24
1737586800,3241.35
1737590400,3251.8
1737594000,3233.28
1737597600,3220.82
1737601200,3224.78
1737604800,3195.01
1737608400,3213.01
1737612000,3206.56
1737615600,3231.98
1737619200,3208.26
1737622800,3194.75
1737626400,3202.38
1737630000,3211.88
1737633600,3202.17
1737637200,3232.86
1737640800,3275.52
1737644400,3259.69
1737648000,3255.73
1737651600,3266.94
1737655200,3242.55
1737658800,3206.2
1737662400,3247.97
1737666000,3249.41
1737669600,3323.25
1737673200,3338.67
1737676800,3284.88
1737680400,3297.23
1737684000,3285.88
1737687600,3302.02
1737691200,3333.15
1737694800,3409.58
1737698400,3386.27
1737702000,3381.19
1737705600,3401.54
1737709200,3402.1
1737712800,3413.99
1737716400,3399.84
1737720000,3404.29
1737723600,3395.43
1737727200,3399.85
1737730800,3384.28
1737734400,3381.29
1737738000,3399.4
1737741600,3382.9
1737745200,3369.72
1737748800,3329.53
1737752400,3330.64
1737756000,3326.08
1737759600,3309.72
1737763200,3273.32
1737766800,3294.39
1737770400,3294.88
1737774000,3319.17
1737777600,3299.69
1737781200,3296.38
1737784800,3292.06
1737788400,3291.1
1737792000,3290.53
1737795600,3283.41
1737799200,3295.37
1737802800,3306.78
1737806400,3305.14
1737810000,3307.17
1737813600,3315.15
1737817200,3334.99
1737820800,3342.42
1737824400,3343.82
1737828000,3341.9
1737831600,3339.75
1737835200,3336.63
1737838800,3339.4
1737842400,3334.04
1737846000,3318.37
1737849600,3320.65
1737853200,3330.75
1737856800,3327.56
1737860400,3338.31
1737864000,3351.47
1737867600,3341.4
1737871200,3341.23
1737874800,3338.06
1737878400,3331.41
1737882000,3298.36
1737885600,3305.91
1737889200,3311.87
1737892800,3307.45
1737896400,3307.37
1737900000,3311.1
1737903600,3314.97
1737907200,3315.77
1737910800,3337.65
1737914400,3336.71
1737918000,3338.48
1737921600,3329.46
1737925200,3296.42
1737928800,3287.62
1737932400,3231.48
1737936000,3213.06
1737939600,3193.66
1737943200,3168.58
1737946800,3182.49
1737950400,3155.25
1737954000,3139.14
1737957600,3082.23
1737961200,3069.74
1737964800,3064.41
1737968400,3079.66
1737972000,3036.94
1737975600,3057.54
1737979200,3102.3
1737982800,3098.99
1737986400,3137.88
1737990000,3133.11
1737993600,3082.87
1737997200,3071.57
1738000800,3053.07
1738004400,3073.44
1738008000,3144.21
1738011600,3158.35
1738015200,3169.56
1738018800,3181.93
1738022400,3167.07
1738026000,3166.21
1738029600,3192.59
1738033200,3202.8
1738036800,3212.36
1738040400,3213.0
1738044000,3194.75
1738047600,3196.12
1738051200,3198.41
1738054800,3196.57
1738058400,3194.54
1738062000,3186.5
1738065600,3174.77
1738069200,3175.1
1738072800,3172.34
1738076400,3181.46
1738080000,3150.58
1738083600,3166.9
1738087200,3143.31
1738090800,3146.78
1738094400,3093.92
1738098000,3052.19
1738101600,3082.25
1738105200,3076.06
1738108800,3108.42
1738112400,3109.31
1738116000,3112.92
1738119600,3129.46
1738123200,3123.15
1738126800,3130.15
1738130400,3146.31
1738134000,3155.93
1738137600,3146.31
1738141200,3128.96
1738144800,3136.45
1738148400,3133.78
1738152000,3117.43
1738155600,3101.04
1738159200,3095.43
1738162800,3100.24
1738166400,3085.67
1738170000,3111.03
1738173600,3128.18
1738177200,3126.31
1738180800,3136.66
1738184400,3140.53
1738188000,3132.0
1738191600,3114.03
1738195200,3124.38
1738198800,3138.07
1738202400,3155.26
1738206000,3201.24
1738209600,3196.95
1738213200,3195.26
1738216800,3185.83
1738220400,3190.55
1738224000,3204.75
1738227600,3221.05
1738231200,3219.21
1738234800,3222.37
1738238400,3219.49
1738242000,3262.83
1738245600,3270.98
1738249200,3255.69
1738252800,3279.23
1738256400,3272.82
1738260000,3270.83
1738263600,3271.78
1738267200,3232.15
1738270800,3244.48
1738274400,3261.45
1738278000,3247.48
1738281600,3270.55
1738285200,3270.98
1738288800,3248.01
1738292400,3230.44
1738296000,3216.17
1738299600,3245.35
1738303200,3262.71
1738306800,3241.44
1738310400,3236.77
1738314000,3266.53
1738317600,3269.86
1738321200,3335.06
1738324800,3350.75
1738328400,3354.78
1738332000,3351.18
1738335600,3428.42
1738339200,3403.37
1738342800,3376.2
1738346400,3313.67
1738350000,3337.11
1738353600,3314.02
1738357200,3317.55
1738360800,3295.25
1738364400,3299.99
1738368000,3315.9
1738371600,3312.04
1738375200,3305.62
1738378800,3291.27
1738382400,3294.02
1738386000,3299.22
1738389600,3295.62
1738393200,3279.36
1738396800,3267.67
1738400400,3235.67
1738404000,3233.52
1738407600,3250.98
1738411200,3266.59
1738414800,3245.68
1738418400,3237.92
1738422000,3250.94
1738425600,3242.43
1738429200,3261.81
1738432800,3241.87
1738436400,3196.33
1738440000,3162.28
1738443600,3149.18
1738447200,3137.5
1738450800,3116.78
1738454400,3150.78
1738458000,3151.83
1738461600,3114.97
1738465200,3077.3
1738468800,3095.79
1738472400,3119.0
1738476000,3114.48
1738479600,3100.28
1738483200,3109.34
1738486800,3110.48
1738490400,3103.33
1738494000,3063.28
1738497600,3050.96
1738501200,3086.67
1738504800,3086.49
1738508400,3080.12
1738512000,3014.76
1738515600,2970.22
1738519200,2926.42
1738522800,2957.85
1738526400,2949.47
1738530000,2906.91
1738533600,2873.27
1738537200,2869.25
1738540800,2822.84
1738544400,2496.25
1738548000,2490.98
1738551600,2529.09
1738555200,2453.78
1738558800,2516.68
1738562400,2527.53
1738566000,2624.46
1738569600,2574.32
1738573200,2573.62
1738576800,2612.89
1738580400,2582.88
1738584000,2583.16
1738587600,2578.96
1738591200,2623.12
1738594800,2707.05
1738598400,2710.29
1738602000,2712.08
1738605600,2738.25
1738609200,2769.42
1738612800,2707.37
1738616400,2819.97
1738620000,2873.66
1738623600,2883.62
1738627200,2843.69
1738630800,2856.26
1738634400,2803.65
1738638000,2813.49
1738641600,2803.38
1738645200,2694.05
1738648800,2729.72
1738652400,2705.46
1738656000,2700.45
1738659600,2697.0
1738663200,2752.11
1738666800,2760.21
1738670400,2807.15
1738674000,2798.75
1738677600,2821.35
1738681200,2778.91
1738684800,2792.21
1738688400,2816.62
1738692000,2831.45
1738695600,2771.92
1738699200,2734.56
1738702800,2640.83
1738706400,2685.01
1738710000,2732.07
1738713600,2730.29
1738717200,2722.87
1738720800,2739.89
1738724400,2721.61
1738728000,2729.95
1738731600,2785.74
1738735200,2745.51
1738738800,2760.45
1738742400,2774.99
1738746000,2759.87
1738749600,2780.6
1738753200,2801.03
1738756800,2788.22
1738760400,2819.3
1738764000,2788.22
1738767600,2773.82
1738771200,2771.97
1738774800,2741.42
1738778400,2723.3
1738782000,2776.18
1738785600,2763.86
1738789200,2787.52
1738792800,2759.73
1738796400,2788.3
1738800000,2768.36
1738803600,2791.18
1738807200,2808.34
1738810800,2807.25
1738814400,2821.34
1738818000,2832.84
1738821600,2854.16
1738825200,2832.88
1738828800,2830.47
1738832400,2852.87
1738836000,2830.44
1738839600,2805.2
1738843200,2771.82
1738846800,2793.15
1738850400,2748.95
1738854000,2706.33
1738857600,2709.13
1738861200,2700.81
1738864800,2694.62
1738868400,2689.85
1738872000,2723.31
1738875600,2709.72
1738879200,2700.73
1738882800,2687.1
1738886400,2688.01
1738890000,2717.66
1738893600,2725.23
1738897200,2716.15
1738900800,2721.09
1738904400,2714.51
1738908000,2697.01
1738911600,2713.34
1738915200,2730.41
1738918800,2739.47
1738922400,2743.82
1738926000,2763.74
1738929600,2758.3
1738933200,2776.98
1738936800,2784.73
1738940400,2723.07
1738944000,2694.37
1738947600,2680.96
1738951200,2679.27
1738954800,2659.62
1738958400,2588.18
1738962000,2588.19
1738965600,2584.2
1738969200,2622.95
1738972800,2647.89
1738976400,2631.59
1738980000,2641.86
1738983600,2642.13
1738987200,2634.09
1738990800,2619.77
1738994400,2615.66
1738998000,2629.17
1739001600,2605.47
1739005200,2618.49
1739008800,2617.25
1739012400,2613.08
1739016000,2604.14
1739019600,2620.35
1739023200,2615.43
1739026800,2604.14
1739030400,2608.86
1739034000,2629.6
1739037600,2631.71
1739041200,2637.82
1739044800,2636.18
1739048400,2639.01
1739052000,2627.13
1739055600,2632.62
1739059200,2637.43
1739062800,2649.87
1739066400,2640.17
1739070000,2679.12
1739073600,2673.33
1739077200,2661.86
1739080800,2663.86
1739084400,2663.29
1739088000,2667.11
1739091600,2658.88
1739095200,2661.92
1739098800,2655.43
1739102400,2655.23
1739106000,2618.7
1739109600,2627.88
1739113200,2653.94
1739116800,2659.89
1739120400,2642.35
1739124000,2637.17
1739127600,2624.38
1739131200,2637.54
1739134800,2551.98
1739138400,2616.35
1739142000,2627.87
1739145600,2642.85
1739149200,2575.36
1739152800,2589.87
1739156400,2626.17
1739160000,2628.82
1739163600,2638.6
1739167200,2636.67
1739170800,2637.33
1739174400,2645.2
1739178000,2651.07
1739181600,2647.96
1739185200,2653.93
1739188800,2639.93
1739192400,2678.83
1739196000,2651.45
1739199600,2659.21
1739203200,2665.53
1739206800,2679.67
1739210400,2683.82
1739214000,2672.96
1739217600,2685.43
1739221200,2664.39
1739224800,2658.93
1739228400,2661.87
1739232000,2706.49
1739235600,2695.5
1739239200,2682.54
1739242800,2679.67
1739246400,2693.9
1739250000,2717.67
1739253600,2723.16
1739257200,2712.94
1739260800,2715.65
1739264400,2705.09
1739268000,2697.47
1739271600,2709.06
1739275200,2686.94
1739278800,2634.66
1739282400,2664.01
1739286000,2662.67
1739289600,2645.13
1739293200,2641.02
1739296800,2610.15
1739300400,2589.35
1739304000,2598.21
1739307600,2621.95
1739311200,2586.37
1739314800,2602.03
1739318400,2609.75
1739322000,2616.29
1739325600,2596.11
1739329200,2586.74
1739332800,2589.65
1739336400,2608.23
1739340000,2601.08
1739343600,2618.31
1739347200,2629.78
1739350800,2629.28
1739354400,2618.87
1739358000,2626.97
1739361600,2627.95
1739365200,2595.0
1739368800,2600.35
1739372400,2606.62
1739376000,2648.23
1739379600,2673.37
1739383200,2663.66
1739386800,2678.3
1739390400,2678.1
1739394000,2683.03
1739397600,2745.85
1739401200,2738.58
1739404800,2728.28
1739408400,2749.18
1739412000,2739.99
1739415600,2744.51
1739419200,2721.91
1739422800,2721.02
1739426400,2686.21
1739430000,2681.57
1739433600,2666.57
1739437200,2683.51
1739440800,2677.35
1739444400,2656.17
1739448000,2655.84
1739451600,2659.18
1739455200,2636.57
1739458800,2648.7
1739462400,2626.67
1739466000,2631.78
1739469600,2640.09
1739473200,2641.07
1739476800,2653.47
1739480400,2667.48
1739484000,2668.87
1739487600,2676.09
1739491200,2675.49
1739494800,2683.63
1739498400,2690.84
1739502000,2715.73
1739505600,2699.57
1739509200,2699.07
1739512800,2701.19
1739516400,2699.58
1739520000,2706.06
1739523600,2713.76
1739527200,2703.5
1739530800,2684.77
1739534400,2686.59
1739538000,2701.67
1739541600,2721.35
1739545200,2735.01
1739548800,2743.37
1739552400,2774.97
1739556000,2756.67
1739559600,2739.2
1739563200,2729.08
1739566800,2745.07
1739570400,2718.45
1739574000,2726.32
1739577600,2717.14
1739581200,2729.01
1739584800,2731.95
1739588400,2725.13
1739592000,2721.27
1739595600,2722.49
1739599200,2709.77
1739602800,2697.85
1739606400,2705.22
1739610000,2703.31
1739613600,2710.7
1739617200,2708.63
1739620800,2710.57
1739624400,2707.63
1739628000,2689.36
1739631600,2691.39
1739635200,2689.22
1739638800,2686.34
1739642400,2703.03
1739646000,2692.17
1739649600,2686.37
1739653200,2701.11
1739656800,2695.64
1739660400,2693.58
1739664000,2700.15
1739667600,2700.45
1739671200,2690.79
1739674800,2699.05
1739678400,2703.61
1739682000,2709.05
1739685600,2710.86
1739689200,2695.76
1739692800,2696.98
1739696400,2704.77
1739700000,2696.09
1739703600,2711.02
1739707200,2706.0
1739710800,2692.53
1739714400,2692.56
1739718000,2694.44
1739721600,2697.12
1739725200,2688.73
1739728800,2680.01
1739732400,2683.71
1739736000,2670.54
1739739600,2687.42
1739743200,2679.24
1739746800,2661.51
1739750400,2670.72
1739754000,2679.8
1739757600,2669.49
1739761200,2671.92
1739764800,2662.39
1739768400,2670.79
1739772000,2686.33
1739775600,2681.91
1739779200,2714.19
1739782800,2733.03
1739786400,2749.63
1739790000,2755.2
1739793600,2766.04
1739797200,2776.65
1739800800,2826.46
1739804400,2755.76
1739808000,2725.98
1739811600,2732.89
1739815200,2700.57
1739818800,2718.26
1739822400,2732.57
1739826000,2776.34
1739829600,2737.94
1739833200,2744.1
1739836800,2720.53
1739840400,2736.14
1739844000,2713.56
1739847600,2712.03
1739851200,2702.09
1739854800,2677.4
1739858400,2662.85
1739862000,2671.85
1739865600,2667.29
1739869200,2696.63
1739872800,2694.7
1739876400,2678.78
1739880000,2702.71
1739883600,2702.44
1739887200,2687.58
1739890800,2673.31
1739894400,2634.2
1739898000,2618.71
1739901600,2630.5
1739905200,2628.56
1739908800,2628.84
1739912400,2651.15
1739916000,2654.25
1739919600,2670.59
1739923200,2668.6
1739926800,2668.67
1739930400,2689.74
1739934000,2692.65
1739937600,2665.44
1739941200,2686.11
1739944800,2697.88
1739948400,2707.73
1739952000,2707.19
1739955600,2723.3
1739959200,2725.61
1739962800,2726.57
1739966400,2704.19
1739970000,2717.88
1739973600,2690.49
1739977200,2696.41
1739980800,2711.35
1739984400,2710.57
1739988000,2699.57
1739991600,2711.74
1739995200,2720.5
1739998800,2709.93
1740002400,2721.34
1740006000,2715.27
1740009600,2728.88
1740013200,2719.52
1740016800,2741.8
1740020400,2741.71
1740024000,2739.07
1740027600,2731.99
1740031200,2730.61
1740034800,2730.28
1740038400,2733.37
1740042000,2726.11
1740045600,2745.66
1740049200,2740.75
1740052800,2742.28
1740056400,2746.13
1740060000,2729.57
1740063600,2713.12
1740067200,2713.63
1740070800,2735.66
1740074400,2737.92
1740078000,2748.71
1740081600,2751.4
1740085200,2726.77
1740088800,2729.01
1740092400,2738.65
1740096000,2735.93
1740099600,2742.1
1740103200,2737.53
1740106800,2744.82
1740110400,2751.92
1740114000,2756.62
1740117600,2761.4
1740121200,2756.73
1740124800,2751.7
1740128400,2782.95
1740132000,2801.69
1740135600,2789.0
1740139200,2807.38
1740142800,2837.21
1740146400,2807.51
1740150000,2723.72
1740153600,2737.05
1740157200,2672.9
1740160800,2678.74
1740164400,2639.41
1740168000,2631.56
1740171600,2639.91
1740175200,2641.86
1740178800,2661.69
1740182400,2678.14
1740186000,2683.63
1740189600,2682.51
1740193200,2675.15
1740196800,2680.99
1740200400,2690.38
1740204000,2683.91
1740207600,2684.24
1740211200,2690.18
1740214800,2714.18
1740218400,2732.49
1740222000,2732.66
1740225600,2738.85
1740229200,2722.3
1740232800,2736.99
1740236400,2775.64
1740240000,2774.35
1740243600,2784.71
1740247200,2762.75
1740250800,2769.75
1740254400,2770.59
1740258000,2766.2
1740261600,2768.08
1740265200,2763.5
1740268800,2771.78
1740272400,2764.99
1740276000,2751.15
1740279600,2753.19
1740283200,2763.82
1740286800,2782.51
1740290400,2794.68
1740294000,2826.12
1740297600,2806.69
1740301200,2808.06
1740304800,2806.41
1740308400,2797.69
1740312000,2789.84
1740315600,2812.46
1740319200,2791.33
1740322800,2783.24
1740326400,2806.27
1740330000,2814.65
1740333600,2808.86
1740337200,2808.22
1740340800,2806.36
1740344400,2807.96
1740348000,2803.25
1740351600,2819.63
1740355200,2805.59
1740358800,2790.85
1740362400,2777.45
1740366000,2717.69
1740369600,2700.93
1740373200,2732.07
1740376800,2731.22
1740380400,2722.39
1740384000,2682.49
1740387600,2697.33
1740391200,2683.84
1740394800,2690.04
1740398400,2679.34
1740402000,2674.09
1740405600,2656.73
1740409200,2658.48
1740412800,2660.87
1740416400,2664.32
1740420000,2650.56
1740423600,2641.29
1740427200,2641.99
1740430800,2636.32
1740434400,2508.01
1740438000,2513.35
1740441600,2499.16
1740445200,2494.25
1740448800,2513.16
1740452400,2494.83
1740456000,2491.61
1740459600,2505.5
1740463200,2479.83
1740466800,2368.05
1740470400,2396.8
1740474000,2382.08
1740477600,2394.07
1740481200,2432.4
1740484800,2436.25
1740488400,2411.88
1740492000,2377.13
1740495600,2406.98
1740499200,2414.76
1740502800,2417.85
1740506400,2421.74
1740510000,2468.96
1740513600,2490.46
1740517200,2510.42
1740520800,2508.45
1740524400,2492.37
1740528000,2472.15
1740531600,2483.17
1740535200,2495.21
1740538800,2487.84
1740542400,2486.76
1740546000,2472.98
1740549600,2498.36
1740553200,2481.72
1740556800,2462.57
1740560400,2488.58
1740564000,2491.99
1740567600,2462.91
1740571200,2431.06
1740574800,2414.1
1740578400,2432.98
1740582000,2425.75
1740585600,2395.71
1740589200,2364.64
1740592800,2290.66
1740596400,2293.59
1740600000,2336.65
1740603600,2340.6
1740607200,2345.78
1740610800,2332.93
1740614400,2334.3
1740618000,2341.23
1740621600,2332.13
1740625200,2328.93
1740628800,2308.84
1740632400,2339.25
1740636000,2346.32
1740639600,2354.07
1740643200,2350.19
1740646800,2357.09
1740650400,2375.77
1740654000,2351.74
1740657600,2345.15
1740661200,2334.73
1740664800,2306.78
1740668400,2321.6
1740672000,2294.3
1740675600,2319.7
1740679200,2323.81
1740682800,2289.34
1740686400,2252.46
1740690000,2279.42
1740693600,2289.56
1740697200,2305.21
1740700800,2292.97
1740704400,2192.66
1740708000,2165.85
1740711600,2145.04
1740715200,2134.53
1740718800,2129.06
1740722400,2106.77
1740726000,2103.53
1740729600,2117.78
1740733200,2142.44
1740736800,2115.48
1740740400,2124.48
1740744000,2118.81
1740747600,2150.19
1740751200,2165.03
1740754800,2222.63
1740758400,2222.72
1740762000,2208.76
1740765600,2227.58
1740769200,2229.19
1740772800,2214.96
1740776400,2223.96
1740780000,2215.46
1740783600,2236.36
1740787200,2215.32
1740790800,2251.9
1740794400,2254.87
1740798000,2262.3
1740801600,2269.52
1740805200,2255.49
1740808800,2235.69
1740812400,2228.11
1740816000,2233.89
1740819600,2232.74
1740823200,2204.11
1740826800,2183.46
1740830400,2180.41
1740834000,2151.82
1740837600,2162.76
1740841200,2172.48
1740844800,2208.36
1740848400,2196.1
1740852000,2210.91
1740855600,2222.03
1740859200,2224.17
1740862800,2228.66
1740866400,2214.28
1740870000,2216.51
1740873600,2214.53
1740877200,2219.68
1740880800,2208.77
1740884400,2219.11
1740888000,2226.29
1740891600,2228.25
1740895200,2221.88
1740898800,2220.32
1740902400,2212.02
1740906000,2241.34
1740909600,2244.99
1740913200,2237.77
1740916800,2232.13
1740920400,2211.42
1740924000,2195.53
1740927600,2228.81
1740931200,2442.63
1740934800,2481.43
1740938400,2474.38
1740942000,2486.13
1740945600,2511.34
1740949200,2524.57
1740952800,2538.48
1740956400,2518.39
1740960000,2464.9
1740963600,2458.07
1740967200,2446.92
1740970800,2440.0
1740974400,2449.59
1740978000,2449.18
1740981600,2372.11
1740985200,2386.45
1740988800,2345.11
1740992400,2346.23
1740996000,2358.48
1740999600,2355.6
1741003200,2367.05
1741006800,2376.63
1741010400,2272.7
1741014000,2286.43
1741017600,2275.71
1741021200,2275.88
1741024800,2191.23
1741028400,2108.84
1741032000,2126.85
1741035600,2109.99
1741039200,2164.82
1741042800,2147.53
1741046400,2124.2
1741050000,2055.43
1741053600,2066.16
1741057200,2073.68
1741060800,2080.62
1741064400,2105.88
1741068000,2096.21
1741071600,2079.28
1741075200,2097.87
1741078800,2086.57
1741082400,2099.43
1741086000,2100.34
1741089600,2102.79
1741093200,2063.17
1741096800,2077.19
1741100400,2072.81
1741104000,2061.07
1741107600,2117.67
1741111200,2147.45
1741114800,2172.41
1741118400,2138.68
1741122000,2177.47
1741125600,2166.48
1741129200,2170.92
1741132800,2164.52
1741136400,2189.05
1741140000,2178.92
1741143600,2160.18
1741147200,2172.35
1741150800,2179.63
1741154400,2189.76
1741158000,2206.5
1741161600,2212.91
1741165200,2238.82
1741168800,2238.08
1741172400,2217.66
1741176000,2217.89
1741179600,2202.34
1741183200,2171.23
1741186800,2186.69
1741190400,2190.06
1741194000,2194.58
1741197600,2204.99
1741201200,2218.11
1741204800,2231.47
1741208400,2235.26
1741212000,2237.54
1741215600,2241.53
1741219200,2237.94
1741222800,2263.54
1741226400,2284.86
1741230000,2289.97
1741233600,2299.72
1741237200,2313.48
1741240800,2292.1
1741244400,2285.92
1741248000,2293.61
1741251600,2284.44
1741255200,2294.1
1741258800,2297.73
1741262400,2267.62
1741266000,2246.33
1741269600,2225.15
1741273200,2257.29
1741276800,2222.37
1741280400,2190.95
1741284000,2201.46
1741287600,2198.27
1741291200,2200.59
1741294800,2213.36
1741298400,2211.39
1741302000,2202.42
1741305600,2118.0
1741309200,2175.6
1741312800,2156.1
1741316400,2147.78
1741320000,2155.16
1741323600,2174.85
1741327200,2182.4
1741330800,2192.01
1741334400,2185.29
1741338000,2193.79
1741341600,2197.01
1741345200,2197.53
1741348800,2178.67
1741352400,2188.69
1741356000,2222.2
1741359600,2209.77
1741363200,2157.52
1741366800,2161.49
1741370400,2194.58
1741374000,2178.04
1741377600,2156.56
1741381200,2138.34
1741384800,2143.77
1741388400,2140.81
1741392000,2150.91
1741395600,2132.08
1741399200,2143.22
1741402800,2137.14
1741406400,2149.37
1741410000,2140.0
1741413600,2139.01
1741417200,2137.49
1741420800,2127.95
1741424400,2129.49
1741428000,2139.28
1741431600,2141.07
1741435200,2168.29
1741438800,2189.67
1741442400,2178.44
1741446000,2180.65
1741449600,2189.37
1741453200,2198.15
1741456800,2208.09
1741460400,2224.32
1741464000,2212.07
1741467600,2215.64
1741471200,2206.84
1741474800,2203.03
1741478400,2205.56
1741482000,2190.62
1741485600,2181.38
1741489200,2184.99
1741492800,2188.72
1741496400,2182.26
1741500000,2179.18
1741503600,2184.44
1741507200,2175.67
1741510800,2164.94
1741514400,2133.48
1741518000,2146.09
1741521600,2141.2
1741525200,2104.38
1741528800,2116.73
1741532400,2096.72
1741536000,2048.9
1741539600,2023.8
1741543200,2021.26
1741546800,2039.98
1741550400,2047.01
1741554000,2023.95
1741557600,2009.77
1741561200,2020.02
1741564800,2035.33
1741568400,2042.7
1741572000,2057.81
1741575600,2057.7
1741579200,2072.45
1741582800,2064.08
1741586400,2066.77
1741590000,2075.11
1741593600,2061.7
1741597200,2102.06
1741600800,2099.75
1741604400,2128.18
1741608000,2125.49
1741611600,2083.46
1741615200,2018.52
1741618800,2016.87
1741622400,2003.78
1741626000,1916.36
1741629600,1824.03
1741633200,1867.83
1741636800,1867.95
1741640400,1885.89
1741644000,1879.58
1741647600,1864.12
1741651200,1813.34
1741654800,1857.15
1741658400,1859.12
1741662000,1849.2
1741665600,1868.35
1741669200,1892.85
1741672800,1884.28
1741676400,1903.51
1741680000,1906.97
1741683600,1916.88
1741687200,1921.18
1741690800,1913.83
1741694400,1894.28
1741698000,1902.99
1741701600,1866.19
1741705200,1913.56
1741708800,1917.79
1741712400,1904.48
1741716000,1952.95
1741719600,1950.82
1741723200,1936.43
1741726800,1939.91
1741730400,1943.12
1741734000,1923.08
1741737600,1911.37
1741741200,1919.78
1741744800,1895.49
1741748400,1868.12
1741752000,1866.16
1741755600,1877.91
1741759200,1872.3
1741762800,1910.58
1741766400,1927.75
1741770000,1893.43
1741773600,1900.08
1741777200,1916.53
1741780800,1929.19
1741784400,1887.08
1741788000,1859.96
1741791600,1869.44
1741795200,1871.73
1741798800,1867.29
1741802400,1878.18
1741806000,1878.19
1741809600,1891.19
1741813200,1894.12
1741816800,1910.53
1741820400,1907.93
1741824000,1899.32
1741827600,1906.77
1741831200,1889.65
1741834800,1886.55
1741838400,1873.39
1741842000,1867.91
1741845600,1869.45
1741849200,1872.02
1741852800,1875.42
1741856400,1890.76
1741860000,1900.08
1741863600,1899.7
1741867200,1896.45
1741870800,1871.04
1741874400,1884.03
1741878000,1875.14
1741881600,1857.46
1741885200,1826.28
1741888800,1851.2
1741892400,1850.99
1741896000,1841.63
1741899600,1861.15
1741903200,1878.1
1741906800,1863.81
1741910400,1873.85
1741914000,1880.95
1741917600,1892.16
1741921200,1889.01
1741924800,1890.44
1741928400,1895.08
1741932000,1895.13
1741935600,1892.83
1741939200,1894.69
1741942800,1894.36
1741946400,1897.79
1741950000,1902.1
1741953600,1902.77
1741957200,1904.7
1741960800,1919.24
1741964400,1922.23
1741968000,1936.48
1741971600,1935.22
1741975200,1935.17
1741978800,1934.35
1741982400,1925.18
1741986000,1922.52
1741989600,1926.97
1741993200,1911.65
1741996800,1915.75
1742000400,1911.57
1742004000,1914.06
1742007600,1920.5
1742011200,1931.9
1742014800,1928.51
1742018400,1929.1
1742022000,1917.77
1742025600,1921.81
1742029200,1926.05
1742032800,1927.76
1742036400,1929.18
1742040000,1923.3
1742043600,1931.08
1742047200,1926.54
1742050800,1937.75
1742054400,1937.83
1742058000,1940.67
1742061600,1932.83
1742065200,1937.24
1742068800,1944.04
1742072400,1950.8
1742076000,1943.98
1742079600,1937.61
1742083200,1932.19
1742086800,1922.73
1742090400,1922.2
1742094000,1927.74
1742097600,1926.96
1742101200,1932.44
1742104800,1928.02
1742108400,1925.97
1742112000,1922.78
1742115600,1907.79
1742119200,1905.34
1742122800,1873.93
1742126400,1880.92
1742130000,1879.65
1742133600,1896.67
1742137200,1895.07
1742140800,1906.29
1742144400,1910.29
1742148000,1895.92
1742151600,1882.52
1742155200,1894.77
1742158800,1889.32
1742162400,1874.4
1742166000,1886.8
1742169600,1901.55
1742173200,1902.93
1742176800,1907.4
1742180400,1908.67
1742184000,1904.67
1742187600,1893.85
1742191200,1893.1
1742194800,1900.34
1742198400,1903.54
1742202000,1912.51
1742205600,1912.71
1742209200,1910.36
1742212800,1908.18
1742216400,1898.38
1742220000,1899.4
1742223600,1919.23
1742227200,1914.66
1742230800,1930.36
1742234400,1948.47
1742238000,1942.01
1742241600,1935.2
1742245200,1941.04
1742248800,1932.35
1742252400,1926.28
1742256000,1921.9
1742259600,1903.3
1742263200,1911.21
1742266800,1900.91
1742270400,1903.98
1742274000,1907.41
1742277600,1898.19
1742281200,1904.7
1742284800,1908.55
1742288400,1900.98
1742292000,1895.34
1742295600,1892.22
1742299200,1895.63
1742302800,1879.66
1742306400,1894.51
1742310000,1880.43
1742313600,1887.37
1742317200,1876.17
1742320800,1889.79
1742324400,1904.09
1742328000,1906.01
1742331600,1911.15
1742335200,1917.67
1742338800,1931.25
1742342400,1945.13
1742346000,1931.22
1742349600,1933.4
1742353200,1938.23
1742356800,1933.13
1742360400,1939.01
1742364000,1939.14
1742367600,1932.08
1742371200,1940.57
1742374800,1943.92
1742378400,1973.28
1742382000,2027.96
1742385600,2003.96
1742389200,2016.49
1742392800,2030.82
1742396400,2049.22
1742400000,2048.35
1742403600,2027.88
1742407200,2046.4
1742410800,2032.08
1742414400,2034.49
1742418000,2041.02
1742421600,2050.01
1742425200,2057.06
1742428800,2033.44
1742432400,2027.55
1742436000,2033.53
1742439600,2023.09
1742443200,2021.43
1742446800,2017.57
1742450400,2012.96
1742454000,2007.84
1742457600,2019.45
1742461200,2005.81
1742464800,1981.91
1742468400,1988.43
1742472000,1995.81
1742475600,1985.15
1742479200,2002.92
1742482800,1971.55
1742486400,1957.78
1742490000,1969.97
1742493600,1966.37
1742497200,1973.84
1742500800,1978.32
1742504400,1976.09
1742508000,1975.64
1742511600,1982.67
1742515200,1990.15
1742518800,1993.16
1742522400,1986.79
1742526000,1977.45
1742529600,1982.86
1742533200,1973.77
1742536800,1972.81
1742540400,1975.63
1742544000,1973.8
1742547600,1968.09
1742551200,1967.05
1742554800,1966.09
1742558400,1945.21
1742562000,1951.57
1742565600,1953.46
1742569200,1949.92
1742572800,1965.7
1742576400,1967.97
1742580000,1969.21
1742583600,1973.09
1742587200,1974.33
1742590800,1973.44
1742594400,1965.87
1742598000,1964.98
1742601600,1980.13
1742605200,1974.21
1742608800,1981.91
1742612400,1985.45
1742616000,1988.51
1742619600,1986.96
1742623200,1987.52
1742626800,1983.56
1742630400,1987.8
1742634000,1993.39
1742637600,1995.42
1742641200,1990.03
1742644800,1994.77
1742648400,1989.94
1742652000,1984.21
1742655600,1986.01
1742659200,1985.05
1742662800,1992.5
1742666400,1994.93
1742670000,1995.58
1742673600,1993.35
1742677200,1985.91
1742680800,1984.68
1742684400,1980.35
1742688000,1985.22
1742691600,1997.73
1742695200,2001.39
1742698800,2008.28
1742702400,2000.19
1742706000,1999.58
1742709600,2002.56
1742713200,2008.1
1742716800,2009.59
1742720400,2014.08
1742724000,2013.17
1742727600,2007.82
1742731200,2008.88
1742734800,2018.34
1742738400,2004.26
1742742000,2006.99
1742745600,1997.02
1742749200,1992.98
1742752800,1997.24
1742756400,1996.31
1742760000,1992.42
1742763600,1995.07
1742767200,1987.59
1742770800,2005.97
1742774400,1998.93
1742778000,1980.54
1742781600,1991.93
1742785200,2014.51
1742788800,2040.33
1742792400,2048.99
1742796000,2066.42
1742799600,2069.09
1742803200,2090.4
1742806800,2094.62
1742810400,2094.4
1742814000,2093.0
1742817600,2083.96
1742821200,2082.46
1742824800,2081.28
1742828400,2089.81
1742832000,2079.38
1742835600,2088.74
1742839200,2097.62
1742842800,2088.93
1742846400,2085.88
1742850000,2083.91
1742853600,2077.61
1742857200,2081.62
1742860800,2086.73
1742864400,2065.5
1742868000,2063.45
1742871600,2043.65
1742875200,2046.18
1742878800,2048.71
1742882400,2056.12
1742886000,2055.74
1742889600,2061.16
1742893200,2070.34
1742896800,2070.8
1742900400,2068.59
1742904000,2059.8
1742907600,2062.03
1742911200,2076.57
1742914800,2067.71
1742918400,2068.69
1742922000,2076.9
1742925600,2063.0
1742929200,2075.81
1742932800,2065.22
1742936400,2064.02
1742940000,2063.11
1742943600,2066.78
1742947200,2072.28
1742950800,2074.68
1742954400,2049.12
1742958000,2049.36
1742961600,2053.1
1742965200,2059.61
1742968800,2067.54
1742972400,2069.75
1742976000,2064.22
1742979600,2063.37
1742983200,2073.7
1742986800,2069.22
1742990400,2065.03
1742994000,2028.8
1742997600,2018.39
1743001200,2012.88
1743004800,2014.29
1743008400,2006.41
1743012000,1994.69
1743015600,2000.04
1743019200,2010.58
1743022800,2008.42
1743026400,2000.22
1743030000,2009.72
1743033600,2018.07
1743037200,2020.65
1743040800,2030.91
1743044400,2031.75
1743048000,2031.54
1743051600,2023.2
1743055200,2024.92
1743058800,2026.76
1743062400,2025.8
1743066000,2029.14
1743069600,2025.31
1743073200,2016.4
1743076800,2018.3
1743080400,2002.92
1743084000,2025.76
1743087600,2005.28
1743091200,2000.86
1743094800,1999.84
1743098400,2009.04
1743102000,2003.92
1743105600,2007.15
1743109200,2017.87
1743112800,2007.3
1743116400,2003.32
1743120000,2004.56
1743123600,2008.8
1743127200,2007.4
1743130800,1999.46
1743134400,1937.44
1743138000,1915.02
1743141600,1914.41
1743145200,1909.25
1743148800,1906.48
1743152400,1908.52
1743156000,1909.33
1743159600,1899.81
1743163200,1883.82
1743166800,1886.34
1743170400,1886.94
1743174000,1870.69
1743177600,1868.69
1743181200,1882.66
1743184800,1877.69
1743188400,1873.0
1743192000,1876.12
1743195600,1884.72
1743199200,1900.34
1743202800,1896.23
1743206400,1902.82
1743210000,1909.03
1743213600,1894.75
1743217200,1899.28
1743220800,1894.08
1743224400,1887.54
1743228000,1881.86
1743231600,1879.54
1743235200,1883.74
1743238800,1876.38
1743242400,1867.85
1743246000,1843.7
1743249600,1850.78
1743253200,1858.49
1743256800,1844.71
1743260400,1839.59
1743264000,1821.35
1743267600,1817.37
1743271200,1817.78
1743274800,1827.0
1743278400,1817.35
1743282000,1817.14
1743285600,1816.95
1743289200,1827.39
1743292800,1826.07
1743296400,1834.57
1743300000,1838.42
1743303600,1834.11
1743307200,1842.02
1743310800,1837.65
1743314400,1838.62
1743318000,1837.15
1743321600,1846.27
1743325200,1843.04
1743328800,1829.45
1743332400,1832.97
1743336000,1833.28
1743339600,1806.28
1743343200,1812.89
1743346800,1813.21
1743350400,1795.0
1743354000,1804.41
1743357600,1824.46
1743361200,1813.89
1743364800,1814.57
1743368400,1805.52
1743372000,1804.46
1743375600,1807.31
1743379200,1786.21
1743382800,1813.77
1743386400,1811.78
1743390000,1798.48
1743393600,1804.61
1743397200,1809.11
1743400800,1803.77
1743404400,1798.54
1743408000,1795.03
1743411600,1785.81
1743415200,1803.22
1743418800,1813.18
1743422400,1834.18
1743426000,1818.01
1743429600,1839.84
1743433200,1842.22
1743436800,1840.15
1743440400,1825.4
1743444000,1839.85
1743447600,1827.44
1743451200,1819.43
1743454800,1824.39
1743458400,1824.54
1743462000,1822.03
1743465600,1831.66
1743469200,1826.15
1743472800,1839.16
1743476400,1834.59
1743480000,1837.83
1743483600,1841.19
1743487200,1857.5
1743490800,1853.9
1743494400,1884.06
1743498000,1885.13
1743501600,1873.4
1743505200,1862.19
1743508800,1865.33
1743512400,1872.19
1743516000,1881.8
1743519600,1918.9
1743523200,1915.53
1743526800,1915.1
1743530400,1908.27
1743534000,1910.59
1743537600,1912.95
1743541200,1914.87
1743544800,1911.92
1743548400,1905.13
1743552000,1889.72
1743555600,1893.03
1743559200,1878.53
1743562800,1876.31
1743566400,1879.08
1743570000,1856.04
1743573600,1854.05
1743577200,1865.05
1743580800,1867.86
1743584400,1879.42
1743588000,1872.63
1743591600,1868.61
1743595200,1871.73
1743598800,1871.61
1743602400,1875.6
1743606000,1901.36
1743609600,1903.12
1743613200,1892.74
1743616800,1898.2
1743620400,1911.81
1743624000,1881.41
1743627600,1866.43
1743631200,1797.32
1743634800,1794.7
1743638400,1820.38
1743642000,1826.24
1743645600,1830.2
1743649200,1824.45
1743652800,1835.3
1743656400,1821.57
1743660000,1817.29
1743663600,1815.06
1743667200,1821.53
1743670800,1811.22
1743674400,1793.3
1743678000,1794.87
1743681600,1758.9
1743685200,1783.9
1743688800,1757.54
1743692400,1781.86
1743696000,1772.98
1743699600,1775.67
1743703200,1787.65
1743706800,1786.25
1743710400,1798.09
1743714000,1811.8
1743717600,1810.34
1743721200,1816.36
1743724800,1809.73
1743728400,1781.96
1743732000,1788.48
1743735600,1792.27
1743739200,1787.33
1743742800,1805.42
1743746400,1799.58
1743750000,1817.48
1743753600,1828.2
1743757200,1829.2
1743760800,1783.47
1743764400,1783.76
1743768000,1788.43
1743771600,1801.35
1743775200,1789.23
1743778800,1794.52
1743782400,1796.81
1743786000,1820.7
1743789600,1805.74
1743793200,1809.39
1743796800,1818.27
1743800400,1817.4
1743804000,1818.61
1743807600,1816.39
1743811200,1822.03
1743814800,1818.79
1743818400,1814.93
1743822000,1809.43
1743825600,1807.87
1743829200,1809.54
1743832800,1809.0
1743836400,1812.46
1743840000,1813.21
1743843600,1820.33
1743847200,1817.62
1743850800,1806.68
1743854400,1797.23
1743858000,1786.5
1743861600,1790.2
1743865200,1781.4
1743868800,1783.95
1743872400,1786.65
1743876000,1792.52
1743879600,1781.37
1743883200,1789.92
1743886800,1789.6
1743890400,1796.77
1743894000,1805.09
1743897600,1809.77
1743901200,1809.98
1743904800,1803.69
1743908400,1808.89
1743912000,1809.02
1743915600,1810.48
1743919200,1797.97
1743922800,1797.03
1743926400,1794.62
1743930000,1789.98
1743933600,1789.27
1743937200,1788.4
1743940800,1777.2
1743944400,1748.0
1743948000,1769.53
1743951600,1759.48
1743955200,1731.33
1743958800,1684.03
1743962400,1617.29
1743966000,1625.35
1743969600,1573.61
1743973200,1586.83
1743976800,1576.0
1743980400,1579.77
1743984000,1571.73
1743987600,1597.78
1743991200,1578.34
1743994800,1542.9
1743998400,1547.1
1744002000,1539.39
1744005600,1429.42
1744009200,1458.97
1744012800,1494.71
1744016400,1483.67
1744020000,1490.63
1744023600,1482.42
1744027200,1520.06
1744030800,1549.91
1744034400,1568.89
1744038000,1555.44
1744041600,1528.37
1744045200,1565.34
1744048800,1548.91
1744052400,1544.33
1744056000,1570.49
1744059600,1567.8
1744063200,1578.41
1744066800,1552.64
1744070400,1544.1
1744074000,1590.71
1744077600,1589.24
1744081200,1584.12
1744084800,1598.36
1744088400,1591.25
1744092000,1575.81
1744095600,1570.28
1744099200,1566.41
1744102800,1567.73
1744106400,1565.87
1744110000,1588.01
1744113600,1571.11
1744117200,1568.06
1744120800,1530.72
1744124400,1531.19
1744128000,1485.68
1744131600,1480.05
1744135200,1474.77
1744138800,1464.97
1744142400,1480.76
1744146000,1476.04
1744149600,1466.06
1744153200,1471.94
1744156800,1466.36
1744160400,1434.33
1744164000,1417.92
1744167600,1417.44
1744171200,1439.59
1744174800,1458.24
1744178400,1459.04
1744182000,1482.77
1744185600,1481.68
1744189200,1478.77
1744192800,1485.61
1744196400,1454.65
1744200000,1460.7
1744203600,1486.15
1744207200,1469.7
1744210800,1484.19
1744214400,1501.44
1744218000,1633.02
1744221600,1627.49
1744225200,1639.85
1744228800,1672.67
1744232400,1671.25
1744236000,1670.91
1744239600,1669.27
1744243200,1646.12
1744246800,1637.44
1744250400,1632.61
1744254000,1616.48
1744257600,1618.85
1744261200,1616.51
1744264800,1615.76
1744268400,1595.38
1744272000,1592.15
1744275600,1603.57
1744279200,1594.12
1744282800,1593.91
1744286400,1592.7
1744290000,1567.83
1744293600,1564.56
1744297200,1495.06
1744300800,1509.71
1744304400,1510.52
1744308000,1517.91
1744311600,1513.31
1744315200,1530.52
1744318800,1524.08
1744322400,1523.71
1744326000,1521.51
1744329600,1507.47
1744333200,1542.23
1744336800,1533.88
1744340400,1543.74
1744344000,1546.63
1744347600,1548.23
1744351200,1552.01
1744354800,1552.26
1744358400,1550.76
1744362000,1563.22
1744365600,1567.87
1744369200,1558.03
1744372800,1557.31
1744376400,1569.72
1744380000,1555.84
1744383600,1564.5
1744387200,1564.89
1744390800,1579.52
1744394400,1562.03
1744398000,1564.99
1744401600,1570.98
1744405200,1572.03
1744408800,1565.47
1744412400,1566.13
1744416000,1561.49
1744419600,1554.13
1744423200,1546.97
1744426800,1553.71
1744430400,1566.78
1744434000,1568.08
1744437600,1573.36
1744441200,1581.51
1744444800,1591.24
1744448400,1596.91
1744452000,1591.43
1744455600,1593.61
1744459200,1606.64
1744462800,1638.14
1744466400,1653.22
1744470000,1655.53
1744473600,1642.9
1744477200,1633.63
1744480800,1650.35
1744484400,1642.28
1744488000,1648.85
1744491600,1647.02
1744495200,1649.81
1744498800,1643.85
1744502400,1641.65
1744506000,1616.84
1744509600,1624.88
1744513200,1623.96
1744516800,1608.49
1744520400,1608.96
1744524000,1616.58
1744527600,1613.23
1744531200,1620.03
1744534800,1626.78
1744538400,1617.27
1744542000,1603.88
1744545600,1602.66
1744549200,1573.61
1744552800,1585.64
1744556400,1586.07
1744560000,1595.13
1744563600,1636.61
1744567200,1629.38
1744570800,1589.7
1744574400,1590.49
1744578000,1593.36
1744581600,1585.74
1744585200,1597.04
1744588800,1611.48
1744592400,1616.85
1744596000,1634.7
1744599600,1629.08
1744603200,1635.9
1744606800,1624.04
1744610400,1623.09
1744614000,1635.14
1744617600,1637.93
1744621200,1641.13
1744624800,1678.54
1744628400,1674.96
1744632000,1677.4
1744635600,1658.18
1744639200,1673.36
1744642800,1627.68
1744646400,1627.59
1744650000,1647.81
1744653600,1640.5
1744657200,1636.57
1744660800,1635.11
1744664400,1624.38
1744668000,1621.32
1744671600,1624.03
1744675200,1631.25
1744678800,1633.82
1744682400,1631.52
1744686000,1637.86
1744689600,1638.95
1744693200,1638.74
1744696800,1636.78
1744700400,1645.04
1744704000,1641.01
1744707600,1648.29
1744711200,1632.96
1744714800,1632.0
1744718400,1642.02
1744722000,1629.12
1744725600,1620.51
1744729200,1620.95
1744732800,1622.68
1744736400,1616.08
1744740000,1610.47
1744743600,1606.84
1744747200,1594.8
1744750800,1603.64
1744754400,1590.64
1744758000,1588.64
1744761600,1580.89
1744765200,1596.63
1744768800,1598.54
1744772400,1590.88
1744776000,1587.3
1744779600,1569.29
1744783200,1576.47
1744786800,1564.18
1744790400,1575.32
1744794000,1568.26
1744797600,1581.49
1744801200,1584.03
1744804800,1577.15
1744808400,1567.51
1744812000,1590.96
1744815600,1590.51
1744819200,1592.59
1744822800,1545.6
1744826400,1566.56
1744830000,1588.71
1744833600,1573.39
1744837200,1592.27
1744840800,1587.75
1744844400,1577.27
1744848000,1585.36
1744851600,1589.62
1744855200,1591.76
1744858800,1584.79
1744862400,1591.29
1744866000,1598.88
1744869600,1602.32
1744873200,1601.94
1744876800,1595.76
1744880400,1595.02
1744884000,1593.15
1744887600,1593.2
1744891200,1601.51
1744894800,1593.25
1744898400,1569.57
1744902000,1583.2
1744905600,1605.16
1744909200,1609.66
1744912800,1601.08
1744916400,1581.59
1744920000,1584.76
1744923600,1587.9
1744927200,1579.22
1744930800,1583.83
1744934400,1579.97
1744938000,1583.17
1744941600,1584.79
1744945200,1584.09
1744948800,1581.24
1744952400,1581.73
1744956000,1581.22
1744959600,1584.34
1744963200,1586.97
1744966800,1588.38
1744970400,1583.95
1744974000,1590.68
1744977600,1593.31
1744981200,1592.82
1744984800,1589.04
1744988400,1583.26
1744992000,1587.36
1744995600,1591.66
1744999200,1593.34
1745002800,1593.35
1745006400,1593.53
1745010000,1599.87
1745013600,1592.75
1745017200,1588.57
1745020800,1586.07
1745024400,1589.83
1745028000,1592.01
1745031600,1597.41
1745035200,1603.25
1745038800,1602.07
1745042400,1595.96
1745046000,1600.65
1745049600,1602.67
1745053200,1598.2
1745056800,1596.57
1745060400,1596.54
1745064000,1597.37
1745067600,1604.43
1745071200,1606.0
1745074800,1607.08
1745078400,1599.79
1745082000,1618.61
1745085600,1614.98
1745089200,1614.79
1745092800,1614.04
1745096400,1620.4
1745100000,1619.22
1745103600,1612.87
1745107200,1609.91
1745110800,1617.64
1745114400,1615.79
1745118000,1611.47
1745121600,1614.27
1745125200,1609.54
1745128800,1605.11
1745132400,1597.27
1745136000,1589.99
1745139600,1591.48
1745143200,1574.69
1745146800,1572.49
1745150400,1576.15
1745154000,1577.58
1745157600,1580.15
1745161200,1573.56
1745164800,1581.56
1745168400,1579.75
1745172000,1581.24
1745175600,1586.18
1745179200,1589.65
1745182800,1588.87
1745186400,1582.16
1745190000,1587.32
1745193600,1610.1
1745197200,1628.5
1745200800,1632.72
1745204400,1634.71
1745208000,1640.19
1745211600,1648.0
1745215200,1648.2
1745218800,1645.83
1745222400,1649.26
1745226000,1642.71
1745229600,1635.62
1745233200,1626.41
1745236800,1624.02
1745240400,1611.8
1745244000,1634.5
1745247600,1623.72
1745251200,1589.64
1745254800,1578.62
1745258400,1567.82
1745262000,1574.03
1745265600,1577.75
1745269200,1578.62
1745272800,1577.9
1745276400,1579.55
1745280000,1569.12
1745283600,1587.58
1745287200,1577.12
1745290800,1579.43
1745294400,1578.09
1745298000,1583.96
1745301600,1583.51
1745305200,1619.27
1745308800,1627.99
1745312400,1625.52
1745316000,1628.51
1745319600,1631.19
1745323200,1635.15
1745326800,1643.64
1745330400,1675.68
1745334000,1704.47
1745337600,1692.74
1745341200,1701.71
1745344800,1705.03
1745348400,1699.98
1745352000,1696.48
1745355600,1754.91
1745359200,1746.4
1745362800,1757.0
1745366400,1752.25
1745370000,1762.95
1745373600,1792.65
1745377200,1796.18
1745380800,1817.46
1745384400,1797.92
1745388000,1789.25
1745391600,1792.21
1745395200,1791.62
1745398800,1786.08
1745402400,1804.13
1745406000,1797.77
1745409600,1816.25
1745413200,1786.99
1745416800,1788.9
1745420400,1794.86
1745424000,1792.74
1745427600,1801.03
1745431200,1798.5
1745434800,1786.88
1745438400,1796.49
1745442000,1792.15
1745445600,1804.26
1745449200,1795.92
1745452800,1790.69
1745456400,1794.44
1745460000,1780.0
1745463600,1768.69
1745467200,1772.71
1745470800,1769.81
1745474400,1768.56
1745478000,1756.79
1745481600,1735.01
1745485200,1743.91
1745488800,1750.66
1745492400,1755.24
1745496000,1758.43
1745499600,1754.19
1745503200,1766.05
1745506800,1765.4
1745510400,1771.32
1745514000,1755.81
1745517600,1763.75
1745521200,1764.09
1745524800,1763.28
1745528400,1761.97
1745532000,1760.98
1745535600,1770.41
1745539200,1775.02
1745542800,1766.45
1745546400,1745.19
1745550000,1761.37
1745553600,1766.63
1745557200,1768.22
1745560800,1777.61
1745564400,1777.87
1745568000,1775.79
1745571600,1788.75
1745575200,1772.26
1745578800,1790.99
1745582400,1773.81
1745586000,1770.26
1745589600,1809.58
1745593200,1807.6
1745596800,1803.12
1745600400,1786.54
1745604000,1797.8
1745607600,1804.79
1745611200,1800.32
1745614800,1791.56
1745618400,1797.3
1745622000,1785.95
1745625600,1797.78
1745629200,1808.32
1745632800,1808.97
1745636400,1798.28
1745640000,1792.72
1745643600,1795.19
1745647200,1803.94
1745650800,1801.15
1745654400,1807.12
1745658000,1804.1
1745661600,1804.6
1745665200,1786.52
1745668800,1792.39
1745672400,1791.18
1745676000,1792.94
1745679600,1800.87
1745683200,1803.6
1745686800,1805.26
1745690400,1803.52
1745694000,1813.73
1745697600,1806.55
1745701200,1812.87
1745704800,1817.38
1745708400,1821.6
1745712000,1842.89
1745715600,1806.0
1745719200,1813.91
1745722800,1810.19
1745726400,1798.97
1745730000,1799.15
1745733600,1801.22
1745737200,1804.23
1745740800,1810.43
1745744400,1811.11
1745748000,1809.79
1745751600,1806.82
1745755200,1796.75
1745758800,1798.71
1745762400,1797.24
1745766000,1794.51
1745769600,1796.2
1745773200,1798.91
1745776800,1804.15
1745780400,1808.52
1745784000,1803.02
1745787600,1803.63
1745791200,1795.16
1745794800,1791.88
1745798400,1774.42
1745802000,1764.71
1745805600,1773.51
1745809200,1784.87
1745812800,1788.48
1745816400,1796.13
1745820000,1805.38
1745823600,1805.66
1745827200,1810.11
1745830800,1806.83
1745834400,1816.06
1745838000,1817.1
1745841600,1808.0
1745845200,1784.55
1745848800,1782.92
1745852400,1763.89
1745856000,1758.54
1745859600,1771.05
1745863200,1778.55
1745866800,1797.82
1745870400,1786.51
1745874000,1793.9
1745877600,1802.53
1745881200,1800.26
1745884800,1802.78
1745888400,1797.27
1745892000,1795.1
1745895600,1802.56
1745899200,1793.01
1745902800,1795.42
1745906400,1822.02
1745910000,1822.34
1745913600,1833.44
1745917200,1832.33
1745920800,1826.27
1745924400,1830.49
1745928000,1822.25
1745931600,1815.28
1745935200,1824.19
1745938800,1815.54
1745942400,1816.87
1745946000,1826.0
1745949600,1826.36
1745953200,1823.14
1745956800,1809.35
1745960400,1800.92
1745964000,1792.92
1745967600,1798.21
1745971200,1806.1
1745974800,1798.22
1745978400,1803.65
1745982000,1809.4
1745985600,1812.56
1745989200,1806.48
1745992800,1803.7
1745996400,1796.82
1746000000,1795.61
1746003600,1806.81
1746007200,1808.08
1746010800,1816.11
1746014400,1775.88
1746018000,1741.07
1746021600,1759.3
1746025200,1764.82
1746028800,1767.9
1746032400,1775.71
1746036000,1782.56
1746039600,1787.04
1746043200,1794.55
1746046800,1792.8
1746050400,1795.71
1746054000,1793.79
1746057600,1798.23
1746061200,1810.27
1746064800,1807.94
1746068400,1808.37
1746072000,1809.36
1746075600,1813.91
1746079200,1806.95
1746082800,1810.79
1746086400,1818.05
1746090000,1817.83
1746093600,1847.77
1746097200,1846.09
1746100800,1849.72
1746104400,1827.0
1746108000,1849.4
1746111600,1854.11
1746115200,1860.56
1746118800,1856.72
1746122400,1856.64
1746126000,1843.74
1746129600,1840.35
1746133200,1844.47
1746136800,1839.33
1746140400,1838.82
1746144000,1848.34
1746147600,1843.12
1746151200,1847.38
1746154800,1847.87
1746158400,1841.94
1746162000,1832.79
1746165600,1832.85
1746169200,1816.84
1746172800,1824.21
1746176400,1821.23
1746180000,1829.84
1746183600,1834.07
1746187200,1841.68
1746190800,1834.65
1746194400,1849.66
1746198000,1841.73
1746201600,1853.34
1746205200,1853.23
1746208800,1849.83
1746212400,1840.36
1746216000,1847.55
1746219600,1838.57
1746223200,1836.17
1746226800,1842.98
1746230400,1839.44
1746234000,1829.91
1746237600,1834.74
1746241200,1835.62
1746244800,1838.89
1746248400,1833.96
1746252000,1827.89
1746255600,1827.29
1746259200,1826.12
1746262800,1828.15
1746266400,1819.98
1746270000,1824.58
1746273600,1830.04
1746277200,1835.63
1746280800,1835.54
1746284400,1835.01
1746288000,1827.38
1746291600,1824.32
1746295200,1826.38
1746298800,1838.68
1746302400,1839.27
1746306000,1841.43
1746309600,1843.36
1746313200,1834.03
1746316800,1836.86
1746320400,1837.85
1746324000,1834.51
1746327600,1832.47
1746331200,1830.89
1746334800,1845.84
1746338400,1845.78
1746342000,1841.25
1746345600,1831.43
1746349200,1827.63
1746352800,1827.49
1746356400,1827.84
1746360000,1830.3
1746363600,1825.39
1746367200,1831.12
1746370800,1830.84
1746374400,1828.06
1746378000,1828.02
1746381600,1826.06
1746385200,1828.89
1746388800,1836.3
1746392400,1835.7
1746396000,1818.04
1746399600,1809.0
1746403200,1816.11
1746406800,1791.74
1746410400,1799.66
1746414000,1794.56
1746417600,1804.96
1746421200,1816.32
1746424800,1820.33
1746428400,1826.89
1746432000,1828.44
1746435600,1823.23
1746439200,1804.82
1746442800,1804.8
1746446400,1805.75
1746450000,1809.62
1746453600,1804.37
1746457200,1801.07
1746460800,1808.06
1746464400,1814.48
1746468000,1822.71
1746471600,1816.39
1746475200,1808.79
1746478800,1816.24
1746482400,1825.83
1746486000,1820.15
1746489600,1813.97
1746493200,1804.48
1746496800,1803.38
1746500400,1806.26
1746504000,1806.69
1746507600,1798.7
1746511200,1806.18
1746514800,1805.55
1746518400,1801.44
1746522000,1797.64
1746525600,1784.63
1746529200,1769.62
1746532800,1775.02
1746536400,1758.52
1746540000,1768.48
1746543600,1769.88
1746547200,1762.46
1746550800,1767.81
1746554400,1790.01
1746558000,1784.35
1746561600,1775.69
1746565200,1775.94
1746568800,1811.21
1746572400,1817.06
1746576000,1842.57
1746579600,1833.31
1746583200,1824.88
1746586800,1826.25
1746590400,1828.53
1746594000,1828.07
1746597600,1830.5
1746601200,1838.24
1746604800,1840.66
1746608400,1844.02
1746612000,1833.7
1746615600,1836.49
1746619200,1830.93
1746622800,1829.14
1746626400,1822.61
1746630000,1817.79
1746633600,1811.97
1746637200,1796.53
1746640800,1806.72
1746644400,1795.75
1746648000,1798.45
1746651600,1802.83
1746655200,1817.21
1746658800,1811.35
1746662400,1827.12
1746666000,1822.9
1746669600,1841.87
1746673200,1900.85
1746676800,1893.82
1746680400,1897.03
1746684000,1911.32
1746687600,1928.6
1746691200,1935.28
1746694800,1941.3
1746698400,1961.48
1746702000,1957.81
1746705600,1960.25
1746709200,1976.7
1746712800,1990.58
1746716400,2051.97
1746720000,2050.9
1746723600,2046.52
1746727200,2068.06
1746730800,2118.29
1746734400,2186.47
1746738000,2179.83
1746741600,2179.05
1746745200,2207.09
1746748800,2200.88
1746752400,2206.31
1746756000,2216.49
1746759600,2204.75
1746763200,2213.78
1746766800,2214.66
1746770400,2256.94
1746774000,2364.61
1746777600,2412.97
1746781200,2340.78
1746784800,2348.09
1746788400,2350.98
1746792000,2339.87
1746795600,2370.08
1746799200,2305.88
1746802800,2300.98
1746806400,2298.27
1746810000,2350.67
1746813600,2340.49
1746817200,2332.63
1746820800,2340.88
1746824400,2338.18
1746828000,2335.0
1746831600,2345.29
1746835200,2326.79
1746838800,2335.57
1746842400,2342.43
1746846000,2340.28
1746849600,2337.39
1746853200,2353.89
1746856800,2367.7
1746860400,2401.07
1746864000,2382.85
1746867600,2401.29
1746871200,2397.9
1746874800,2384.97
1746878400,2408.83
1746882000,2438.39
1746885600,2436.43
1746889200,2434.04
1746892800,2461.77
1746896400,2461.82
1746900000,2496.17
1746903600,2499.62
1746907200,2491.22
1746910800,2534.37
1746914400,2579.43
1746918000,2583.8
1746921600,2543.94
1746925200,2532.75
1746928800,2543.13
1746932400,2537.63
1746936000,2545.58
1746939600,2554.81
1746943200,2521.66
1746946800,2473.46
1746950400,2481.36
1746954000,2515.48
1746957600,2511.32
1746961200,2531.3
1746964800,2515.69
1746968400,2469.52
1746972000,2486.83
1746975600,2462.75
1746979200,2470.85
1746982800,2491.91
1746986400,2505.55
1746990000,2509.01
1746993600,2510.98
1746997200,2517.85
1747000800,2503.82
1747004400,2514.79
1747008000,2532.32
1747011600,2505.96
1747015200,2523.09
1747018800,2520.16
1747022400,2518.31
1747026000,2497.84
1747029600,2517.64
1747033200,2554.92
1747036800,2577.55
1747040400,2550.71
1747044000,2560.21
1747047600,2530.69
1747051200,2550.04
1747054800,2558.53
1747058400,2506.1
1747062000,2486.94
1747065600,2500.72
1747069200,2476.82
1747072800,2435.37
1747076400,2461.09
1747080000,2485.53
1747083600,2480.22
1747087200,2486.08
1747090800,2495.83
1747094400,2463.29
1747098000,2452.95
1747101600,2439.33
1747105200,2425.29
1747108800,2456.06
1747112400,2449.94
1747116000,2453.68
1747119600,2460.82
1747123200,2457.28
1747126800,2485.22
1747130400,2482.31
1747134000,2513.94
1747137600,2524.81
1747141200,2550.51
1747144800,2544.96
1747148400,2565.97
1747152000,2597.8
1747155600,2611.48
1747159200,2670.54
1747162800,2692.32
1747166400,2690.36
1747170000,2691.44
1747173600,2680.02
1747177200,2679.88
1747180800,2696.44
1747184400,2672.15
1747188000,2638.15
1747191600,2646.34
1747195200,2674.25
1747198800,2673.59
1747202400,2673.8
1747206000,2640.66
1747209600,2598.31
1747213200,2607.83
1747216800,2596.18
1747220400,2625.14
1747224000,2613.25
1747227600,2606.7
1747231200,2584.14
1747234800,2598.12
1747238400,2590.6
1747242000,2590.89
1747245600,2613.53
1747249200,2604.83
1747252800,2600.41
1747256400,2606.97
1747260000,2596.57
1747263600,2610.31
1747267200,2632.9
1747270800,2578.34
1747274400,2591.17
1747278000,2575.76
1747281600,2593.58
1747285200,2568.23
1747288800,2574.38
1747292400,2531.28
1747296000,2564.52
1747299600,2539.79
1747303200,2543.66
1747306800,2555.26
1747310400,2552.96
1747314000,2532.22
1747317600,2500.76
1747321200,2564.49
1747324800,2598.79
1747328400,2572.19
1747332000,2525.58
1747335600,2531.03
1747339200,2537.72
1747342800,2535.83
1747346400,2542.1
1747350000,2548.84
1747353600,2544.99
1747357200,2567.7
1747360800,2574.36
1747364400,2581.87
1747368000,2574.84
1747371600,2595.27
1747375200,2598.2
1747378800,2601.99
1747382400,2573.8
1747386000,2612.17
1747389600,2625.67
1747393200,2621.56
1747396800,2598.98
1747400400,2607.08
1747404000,2585.51
1747407600,2595.87
1747411200,2587.22
1747414800,2578.95
1747418400,2587.13
1747422000,2592.84
1747425600,2571.5
1747429200,2568.16
1747432800,2546.84
1747436400,2538.02
1747440000,2501.8
1747443600,2476.55
1747447200,2490.93
1747450800,2497.78
1747454400,2507.06
1747458000,2480.88
1747461600,2494.07
1747465200,2493.09
1747468800,2482.36
1747472400,2478.97
1747476000,2486.37
1747479600,2482.37
1747483200,2473.23
1747486800,2462.3
1747490400,2483.38
1747494000,2475.2
1747497600,2468.49
1747501200,2471.07
1747504800,2468.15
1747508400,2470.96
1747512000,2489.79
1747515600,2486.86
1747519200,2461.4
1747522800,2476.11
1747526400,2483.65
1747530000,2486.07
1747533600,2481.84
1747537200,2478.01
1747540800,2486.51
1747544400,2512.96
1747548000,2498.12
1747551600,2510.34
1747555200,2518.33
1747558800,2508.65
1747562400,2505.7
1747566000,2502.34
1747569600,2509.02
1747573200,2542.71
1747576800,2558.87
1747580400,2579.62
1747584000,2574.67
1747587600,2491.78
1747591200,2463.68
1747594800,2409.22
1747598400,2394.96
1747602000,2408.61
1747605600,2456.31
1747609200,2498.24
1747612800,2443.59
1747616400,2428.93
1747620000,2401.8
1747623600,2385.23
1747627200,2366.39
1747630800,2379.2
1747634400,2354.43
1747638000,2404.31
1747641600,2405.49
1747645200,2406.13
1747648800,2410.13
1747652400,2418.0
1747656000,2401.31
1747659600,2427.95
1747663200,2448.1
1747666800,2467.87
1747670400,2510.79
1747674000,2505.52
1747677600,2490.1
1747681200,2519.75
1747684800,2521.42
1747688400,2523.12
1747692000,2505.19
1747695600,2528.71
1747699200,2516.23
1747702800,2541.38
1747706400,2567.64
1747710000,2553.6
1747713600,2571.62
1747717200,2560.12
1747720800,2544.62
1747724400,2533.45
1747728000,2535.26
1747731600,2527.23
1747735200,2516.29
1747738800,2515.16
1747742400,2485.48
1747746000,2476.5
1747749600,2469.73
1747753200,2483.36
1747756800,2475.72
1747760400,2498.95
1747764000,2453.73
1747767600,2502.14
1747771200,2514.58
1747774800,2511.25
1747778400,2517.12
1747782000,2525.05
1747785600,2530.64
1747789200,2535.13
1747792800,2540.14
1747796400,2545.96
1747800000,2551.71
1747803600,2594.59
1747807200,2599.05
1747810800,2553.05
1747814400,2539.1
1747818000,2525.05
1747821600,2529.8
1747825200,2537.96
1747828800,2540.33
1747832400,2548.2
1747836000,2581.89
1747839600,2568.47
1747843200,2587.77
1747846800,2473.75
1747850400,2476.38
1747854000,2514.05
1747857600,2509.93
1747861200,2506.14
1747864800,2537.24
1747868400,2551.73
1747872000,2587.14
1747875600,2575.51
1747879200,2595.31
1747882800,2630.09
1747886400,2628.67
1747890000,2610.0
1747893600,2609.63
1747897200,2635.31
1747900800,2663.76
1747904400,2665.28
1747908000,2656.87
1747911600,2651.27
1747915200,2657.88
1747918800,2644.3
1747922400,2666.71
1747926000,2665.03
1747929600,2646.92
1747933200,2660.32
1747936800,2659.92
1747940400,2635.87
1747944000,2641.72
1747947600,2637.1
1747951200,2636.31
1747954800,2665.39
1747958400,2662.84
1747962000,2676.03
1747965600,2705.78
1747969200,2722.15
1747972800,2697.65
1747976400,2696.49
1747980000,2656.83
1747983600,2654.85
1747987200,2669.24
1747990800,2682.8
1747994400,2671.61
1747998000,2566.41
1748001600,2549.29
1748005200,2583.22
1748008800,2575.01
1748012400,2569.04
1748016000,2567.66
1748019600,2577.52
1748023200,2560.47
1748026800,2560.99
1748030400,2543.89
1748034000,2535.03
1748037600,2539.24
1748041200,2527.02
1748044800,2516.66
1748048400,2525.0
1748052000,2541.37
1748055600,2550.62
1748059200,2559.97
1748062800,2551.39
1748066400,2548.05
1748070000,2547.66
1748073600,2557.4
1748077200,2553.57
1748080800,2570.89
1748084400,2564.04
1748088000,2559.96
1748091600,2547.6
1748095200,2559.42
1748098800,2556.37
1748102400,2558.59
1748106000,2558.85
1748109600,2550.19
1748113200,2554.95
1748116800,2553.22
1748120400,2541.11
1748124000,2526.14
1748127600,2530.99
1748131200,2488.09
1748134800,2496.92
1748138400,2509.19
1748142000,2514.08
1748145600,2518.38
1748149200,2513.64
1748152800,2508.13
1748156400,2494.85
1748160000,2478.64
1748163600,2496.03
1748167200,2492.95
1748170800,2498.48
1748174400,2517.5
1748178000,2514.35
1748181600,2506.98
1748185200,2512.25
1748188800,2512.52
1748192400,2514.84
1748196000,2517.45
1748199600,2527.07
1748203200,2524.86
1748206800,2516.54
1748210400,2550.34
1748214000,2552.32
1748217600,2572.67
1748221200,2560.09
1748224800,2554.21
1748228400,2561.49
1748232000,2565.68
1748235600,2569.69
1748239200,2584.35
1748242800,2582.14
1748246400,2569.39
1748250000,2564.27
1748253600,2560.68
1748257200,2569.19
1748260800,2569.44
1748264400,2552.5
1748268000,2551.55
1748271600,2567.18
1748275200,2543.68
1748278800,2534.34
1748282400,2535.66
1748286000,2542.0
1748289600,2567.02
1748293200,2563.65
1748296800,2560.65
1748300400,2564.32
1748304000,2551.54
1748307600,2530.51
1748311200,2536.53
1748314800,2549.91
1748318400,2559.86
1748322000,2570.32
1748325600,2570.53
1748329200,2608.25
1748332800,2636.03
1748336400,2639.17
1748340000,2638.95
1748343600,2653.07
1748347200,2649.2
1748350800,2656.79
1748354400,2662.11
1748358000,2669.31
1748361600,2671.7
1748365200,2697.01
1748368800,2681.12
1748372400,2689.26
1748376000,2669.54
1748379600,2664.18
1748383200,2661.08
1748386800,2662.04
1748390400,2659.56
1748394000,2635.76
1748397600,2639.34
1748401200,2646.41
1748404800,2647.8
1748408400,2640.94
1748412000,2629.01
1748415600,2637.62
1748419200,2644.12
1748422800,2628.11
1748426400,2641.46
1748430000,2658.5
1748433600,2668.0
1748437200,2658.79
1748440800,2629.57
1748444400,2628.17
1748448000,2641.4
1748451600,2653.54
1748455200,2637.11
1748458800,2618.3
1748462400,2635.16
1748466000,2652.87
1748469600,2649.31
1748473200,2682.16
1748476800,2722.48
1748480400,2712.47
1748484000,2771.77
1748487600,2763.63
1748491200,2728.54
1748494800,2724.38
1748498400,2728.78
1748502000,2732.41
1748505600,2724.06
1748509200,2737.96
1748512800,2731.74
1748516400,2717.01
1748520000,2694.29
1748523600,2661.36
1748527200,2673.21
1748530800,2643.84
1748534400,2640.66
1748538000,2659.6
1748541600,2649.65
1748545200,2651.07
1748548800,2644.28
1748552400,2661.0
1748556000,2645.13
1748559600,2631.68
1748563200,2573.72
1748566800,2598.56
1748570400,2630.61
1748574000,2631.97
1748577600,2635.72
1748581200,2644.58
1748584800,2621.1
1748588400,2619.7
1748592000,2618.42
1748595600,2615.81
1748599200,2622.97
1748602800,2622.63
1748606400,2610.83
1748610000,2576.98
1748613600,2596.59
1748617200,2599.03
1748620800,2541.23
1748624400,2549.75
1748628000,2578.72
1748631600,2574.7
1748635200,2578.59
1748638800,2569.9
1748642400,2526.79
1748646000,2531.94
1748649600,2521.14
1748653200,2493.84
1748656800,2491.1
1748660400,2514.64
1748664000,2523.36
1748667600,2513.35
1748671200,2522.54
1748674800,2522.45
1748678400,2525.49
1748682000,2524.02
1748685600,2521.12
1748689200,2520.64
1748692800,2538.94
1748696400,2534.3
1748700000,2543.74
1748703600,2537.59
1748707200,2542.18
1748710800,2529.06
1748714400,2541.24
1748718000,2538.8
1748721600,2543.03
1748725200,2544.63
1748728800,2531.82
1748732400,2529.31
1748736000,2527.16
1748739600,2509.11
1748743200,2508.48
1748746800,2514.61
1748750400,2523.44
1748754000,2519.95
1748757600,2514.0
1748761200,2510.28
1748764800,2507.24
1748768400,2493.78
1748772000,2495.14
1748775600,2498.91
1748779200,2485.63
1748782800,2495.21
1748786400,2510.93
1748790000,2524.67
1748793600,2540.43
1748797200,2540.46
1748800800,2521.35
1748804400,2527.73
1748808000,2526.99
1748811600,2540.66
1748815200,2536.29
1748818800,2540.38
1748822400,2535.61
1748826000,2527.34
1748829600,2509.32
1748833200,2497.6
1748836800,2493.96
1748840400,2494.12
1748844000,2495.85
1748847600,2508.23
1748851200,2495.42
1748854800,2482.73
1748858400,2483.26
1748862000,2482.19
1748865600,2499.04
1748869200,2506.13
1748872800,2532.36
1748876400,2545.68
1748880000,2548.01
1748883600,2551.05
1748887200,2546.03
1748890800,2534.1
1748894400,2541.25
1748898000,2562.03
1748901600,2586.21
1748905200,2609.29
1748908800,2623.92
1748912400,2647.95
1748916000,2618.62
1748919600,2605.08
1748923200,2593.66
1748926800,2616.41
1748930400,2620.45
1748934000,2611.89
1748937600,2609.06
1748941200,2615.57
1748944800,2613.04
1748948400,2603.44
1748952000,2611.67
1748955600,2629.32
1748959200,2650.57
1748962800,2625.51
1748966400,2607.08
1748970000,2621.06
1748973600,2619.82
1748977200,2626.74
1748980800,2616.95
1748984400,2591.35
1748988000,2606.42
1748991600,2595.03
1748995200,2600.71
1748998800,2614.03
1749002400,2614.0
1749006000,2629.61
1749009600,2639.07
1749013200,2626.49
1749016800,2631.05
1749020400,2629.05
1749024000,2642.53
1749027600,2644.95
1749031200,2639.93
1749034800,2626.38
1749038400,2618.28
1749042000,2616.33
1749045600,2641.34
1749049200,2669.22
1749052800,2661.26
1749056400,2636.63
1749060000,2630.2
1749063600,2624.93
1749067200,2606.88
1749070800,2621.2
1749074400,2606.91
1749078000,2609.07
1749081600,2613.53
1749085200,2609.84
1749088800,2621.51
1749092400,2626.25
1749096000,2631.97
1749099600,2614.3
1749103200,2605.37
1749106800,2605.26
1749110400,2606.46
1749114000,2610.61
1749117600,2597.58
1749121200,2609.25
1749124800,2633.15
1749128400,2590.74
1749132000,2589.01
1749135600,2590.59
1749139200,2559.46
1749142800,2570.41
1749146400,2576.51
1749150000,2529.28
1749153600,2399.04
1749157200,2438.58
1749160800,2431.2
1749164400,2415.34
1749168000,2427.24
1749171600,2422.78
1749175200,2436.6
1749178800,2456.95
1749182400,2460.35
1749186000,2461.25
1749189600,2459.3
1749193200,2456.6
1749196800,2462.57
1749200400,2469.94
1749204000,2482.82
1749207600,2477.66
1749211200,2476.9
1749214800,2504.92
1749218400,2521.01
1749222000,2511.39
1749225600,2499.77
1749229200,2501.44
1749232800,2496.76
1749236400,2485.8
1749240000,2501.31
1749243600,2493.92
1749247200,2484.54
1749250800,2478.24
1749254400,2483.21
1749258000,2473.4
1749261600,2482.14
1749265200,2491.09
1749268800,2491.87
1749272400,2495.87
1749276000,2503.11
1749279600,2493.32
1749283200,2485.49
1749286800,2487.54
1749290400,2496.48
1749294000,2497.09
1749297600,2499.46
1749301200,2508.77
1749304800,2517.26
1749308400,2521.16
1749312000,2511.49
1749315600,2509.7
1749319200,2518.22
1749322800,2518.39
1749326400,2523.23
1749330000,2523.81
1749333600,2537.12
1749337200,2526.14
1749340800,2518.67
1749344400,2519.91
1749348000,2513.32
1749351600,2513.04
1749355200,2517.53
1749358800,2512.75
1749362400,2513.95
1749366000,2515.68
1749369600,2517.43
1749373200,2498.97
1749376800,2504.26
1749380400,2514.53
1749384000,2509.02
1749387600,2510.16
1749391200,2515.55
1749394800,2515.83
1749398400,2528.97
1749402000,2525.0
1749405600,2533.51
1749409200,2533.92
1749412800,2532.41
1749416400,2539.28
1749420000,2508.92
1749423600,2510.78
1749427200,2506.25
1749430800,2496.43
1749434400,2493.52
1749438000,2498.3
1749441600,2486.84
1749445200,2482.05
1749448800,2494.71
1749452400,2493.14
1749456000,2496.75
1749459600,2510.41
1749463200,2536.17
1749466800,2543.37
1749470400,2546.56
1749474000,2518.92
1749477600,2532.15
1749481200,2535.55
1749484800,2559.85
1749488400,2573.11
1749492000,2585.84
1749495600,2582.28
1749499200,2590.64
1749502800,2644.84
1749506400,2667.12
1749510000,2681.29
1749513600,2700.18
1749517200,2709.32
1749520800,2693.26
1749524400,2689.7
1749528000,2690.52
1749531600,2671.71
1749535200,2677.15
1749538800,2678.24
1749542400,2674.57
1749546000,2693.48
1749549600,2696.18
1749553200,2774.77
1749556800,2765.58
1749560400,2744.26
1749564000,2736.93
1749567600,2733.56
1749571200,2731.63
1749574800,2741.61
1749578400,2754.97
1749582000,2775.25
1749585600,2774.74
1749589200,2773.63
1749592800,2803.77
1749596400,2816.5
1749600000,2795.9
1749603600,2784.88
1749607200,2781.42
1749610800,2791.46
1749614400,2797.58
1749618000,2794.08
1749621600,2792.57
1749625200,2792.23
1749628800,2769.56
1749632400,2759.49
1749636000,2772.26
1749639600,2772.47
1749643200,2805.34
1749646800,2796.89
1749650400,2841.18
1749654000,2865.75
1749657600,2868.6
1749661200,2830.67
1749664800,2822.66
1749668400,2814.43
1749672000,2816.3
1749675600,2783.19
1749679200,2759.4
1749682800,2772.39
1749686400,2776.31
1749690000,2776.71
1749693600,2758.49
1749697200,2765.59
1749700800,2762.98
1749704400,2765.2
1749708000,2768.71
1749711600,2741.13
1749715200,2757.99
1749718800,2753.46
1749722400,2750.87
1749726000,2730.38
1749729600,2737.48
1749733200,2750.23
1749736800,2765.65
1749740400,2720.45
1749744000,2744.02
1749747600,2763.1
1749751200,2736.13
1749754800,2695.44
1749758400,2641.05
1749762000,2634.83
1749765600,2641.62
1749769200,2643.8
1749772800,2532.01
1749776400,2500.42
1749780000,2478.0
1749783600,2516.44
1749787200,2510.43
1749790800,2508.62
1749794400,2534.62
1749798000,2527.99
1749801600,2519.26
1749805200,2522.72
1749808800,2533.92
1749812400,2546.63
1749816000,2543.55
1749819600,2544.65
1749823200,2539.85
1749826800,2553.2
1749830400,2563.54
1749834000,2544.46
1749837600,2530.83
1749841200,2529.26
1749844800,2548.13
1749848400,2555.71
1749852000,2574.45
1749855600,2580.21
1749859200,2563.83
1749862800,2559.36
1749866400,2556.51
1749870000,2550.08
1749873600,2553.04
1749877200,2553.32
1749880800,2544.44
1749884400,2538.66
1749888000,2537.09
1749891600,2524.45
1749895200,2532.38
1749898800,2539.7
1749902400,2537.83
1749906000,2535.92
1749909600,2530.68
1749913200,2520.71
1749916800,2498.71
1749920400,2512.64
1749924000,2509.27
1749927600,2509.03
1749931200,2510.44
1749934800,2528.66
1749938400,2526.94
1749942000,2531.97
1749945600,2538.79
1749949200,2530.37
1749952800,2530.67
1749956400,2531.41
1749960000,2544.76
1749963600,2551.98
1749967200,2536.92
1749970800,2529.52
1749974400,2521.5
1749978000,2510.93
1749981600,2521.02
1749985200,2517.07
1749988800,2526.82
1749992400,2543.73
1749996000,2549.48
1749999600,2542.52
1750003200,2552.24
1750006800,2554.37
1750010400,2549.24
1750014000,2537.44
1750017600,2503.99
1750021200,2517.82
1750024800,2545.3
1750028400,2548.03
1750032000,2545.21
1750035600,2554.48
1750039200,2575.0
1750042800,2568.91
1750046400,2576.57
1750050000,2607.9
1750053600,2608.06
1750057200,2629.22
1750060800,2630.74
1750064400,2621.89
1750068000,2617.12
1750071600,2617.78
1750075200,2615.7
1750078800,2641.03
1750082400,2640.99
1750086000,2633.35
1750089600,2637.17
1750093200,2634.91
1750096800,2655.35
1750100400,2661.79
1750104000,2670.82
1750107600,2650.19
1750111200,2571.6
1750114800,2545.27
1750118400,2588.24
1750122000,2581.71
1750125600,2609.26
1750129200,2608.23
1750132800,2592.62
1750136400,2580.52
1750140000,2582.85
1750143600,2583.05
1750147200,2572.02
1750150800,2566.89
1750154400,2557.56
1750158000,2552.75
1750161600,2548.42
1750165200,2553.15
1750168800,2534.44
1750172400,2499.2
1750176000,2462.06
1750179600,2467.72
1750183200,2497.87
1750186800,2529.01
1750190400,2511.44
1750194000,2520.32
1750197600,2495.04
1750201200,2510.7
1750204800,2526.49
1750208400,2519.93
1750212000,2515.44
1750215600,2528.37
1750219200,2537.67
1750222800,2537.29
1750226400,2525.19
1750230000,2533.93
1750233600,2533.89
1750237200,2527.07
1750240800,2495.27
1750244400,2514.34
1750248000,2494.21
1750251600,2503.12
1750255200,2506.12
1750258800,2509.88
1750262400,2500.71
1750266000,2497.26
1750269600,2475.83
1750273200,2492.94
1750276800,2529.37
1750280400,2529.62
1750284000,2526.16
1750287600,2525.54
1750291200,2530.29
1750294800,2515.6
1750298400,2515.06
1750302000,2526.0
1750305600,2525.14
1750309200,2522.62
1750312800,2519.57
1750316400,2519.17
1750320000,2523.96
1750323600,2538.74
1750327200,2538.81
1750330800,2532.61
1750334400,2525.83
1750338000,2510.18
1750341600,2497.56
1750345200,2493.72
1750348800,2488.42
1750352400,2508.88
1750356000,2505.19
1750359600,2505.29
1750363200,2507.53
1750366800,2510.55
1750370400,2524.2
1750374000,2521.52
1750377600,2526.21
1750381200,2527.82
1750384800,2518.21
1750388400,2517.66
1750392000,2504.53
1750395600,2516.1
1750399200,2521.77
1750402800,2549.99
1750406400,2554.06
1750410000,2553.98
1750413600,2553.3
1750417200,2550.29
1750420800,2552.45
1750424400,2536.67
1750428000,2490.1
1750431600,2494.53
1750435200,2482.88
1750438800,2419.92
1750442400,2420.46
1750446000,2415.05
1750449600,2427.52
1750453200,2417.48
1750456800,2391.68
1750460400,2407.2
1750464000,2411.95
1750467600,2431.73
1750471200,2423.59
1750474800,2426.13
1750478400,2423.59
1750482000,2424.64
1750485600,2425.44
1750489200,2427.55
1750492800,2442.15
1750496400,2445.36
1750500000,2439.45
1750503600,2443.16
1750507200,2436.26
1750510800,2420.91
1750514400,2419.95
1750518000,2424.09
1750521600,2416.81
1750525200,2399.69
1750528800,2388.1
1750532400,2385.14
1750536000,2404.04
1750539600,2283.02
1750543200,2287.48
1750546800,2297.28
1750550400,2295.57
1750554000,2267.41
1750557600,2266.25
1750561200,2265.49
1750564800,2282.77
1750568400,2289.6
1750572000,2287.96
1750575600,2271.2
1750579200,2275.4
1750582800,2242.88
1750586400,2260.17
1750590000,2274.17
1750593600,2280.51
1750597200,2200.65
1750600800,2201.68
1750604400,2175.44
1750608000,2197.52
1750611600,2193.2
1750615200,2183.57
1750618800,2184.72
1750622400,2188.55
1750626000,2179.66
1750629600,2234.84
1750633200,2228.46
1750636800,2242.0
1750640400,2246.93
1750644000,2239.88
1750647600,2235.54
1750651200,2234.65
1750654800,2247.47
1750658400,2251.87
1750662000,2259.86
1750665600,2262.95
1750669200,2253.04
1750672800,2248.1
1750676400,2254.36
1750680000,2267.36
1750683600,2295.98
1750687200,2275.29
1750690800,2249.57
1750694400,2222.99
1750698000,2276.29
1750701600,2307.2
1750705200,2314.5
1750708800,2349.27
1750712400,2342.51
1750716000,2409.79
1750719600,2413.0
1750723200,2404.35
1750726800,2415.83
1750730400,2393.66
1750734000,2400.61
1750737600,2405.41
1750741200,2421.71
1750744800,2427.66
1750748400,2394.76
1750752000,2405.24
1750755600,2417.3
1750759200,2415.73
1750762800,2411.19
1750766400,2415.43
1750770000,2423.05
1750773600,2432.45
1750777200,2439.58
1750780800,2480.59
1750784400,2458.91
1750788000,2436.85
1750791600,2435.97
1750795200,2450.35
1750798800,2446.38
1750802400,2442.68
1750806000,2449.87
1750809600,2459.8
1750813200,2462.27
1750816800,2453.23
1750820400,2445.76
1750824000,2436.87
1750827600,2430.71
1750831200,2446.07
1750834800,2446.02
1750838400,2440.9
1750842000,2421.91
1750845600,2427.87
1750849200,2430.48
1750852800,2430.21
1750856400,2436.37
1750860000,2433.73
1750863600,2407.13
1750867200,2412.04
1750870800,2424.01
1750874400,2419.7
1750878000,2434.28
1750881600,2440.26
1750885200,2432.2
1750888800,2417.49
1750892400,2420.09
1750896000,2428.1
1750899600,2460.71
1750903200,2494.33
1750906800,2490.47
1750910400,2481.64
1750914000,2477.07
1750917600,2488.51
1750921200,2491.35
1750924800,2488.1
1750928400,2464.76
1750932000,2452.13
1750935600,2451.48
1750939200,2441.24
1750942800,2434.33
1750946400,2447.74
1750950000,2434.51
1750953600,2428.57
1750957200,2421.87
1750960800,2426.35
1750964400,2436.56
1750968000,2446.66
1750971600,2415.06
1750975200,2414.69
1750978800,2417.4
1750982400,2401.68
1750986000,2427.71
1750989600,2439.0
1750993200,2448.02
1750996800,2450.98
1751000400,2440.54
1751004000,2449.8
1751007600,2443.46
1751011200,2449.5
1751014800,2461.84
1751018400,2447.02
1751022000,2448.05
1751025600,2430.85
1751029200,2429.53
1751032800,2424.07
1751036400,2439.86
1751040000,2434.22
1751043600,2405.57
1751047200,2396.07
1751050800,2414.17
1751054400,2427.59
1751058000,2420.64
1751061600,2423.74
1751065200,2424.2
1751068800,2419.22
1751072400,2419.02
1751076000,2419.99
1751079600,2421.92
1751083200,2422.25
1751086800,2423.48
1751090400,2428.56
1751094000,2432.83
1751097600,2425.76
1751101200,2428.26
1751104800,2427.48
1751108400,2428.49
1751112000,2427.42
1751115600,2424.25
1751119200,2427.27
1751122800,2437.31
1751126400,2436.22
1751130000,2445.16
1751133600,2438.47
1751137200,2433.98
1751140800,2430.63
1751144400,2437.67
1751148000,2441.44
1751151600,2437.08
1751155200,2439.64
1751158800,2431.0
1751162400,2433.06
1751166000,2428.91
1751169600,2430.81
1751173200,2434.69
1751176800,2437.8
1751180400,2441.67
1751184000,2444.59
1751187600,2448.99
1751191200,2457.7
1751194800,2463.15
1751198400,2455.88
1751202000,2448.03
1751205600,2441.03
1751209200,2437.84
1751212800,2439.93
1751216400,2439.88
1751220000,2438.69
1751223600,2438.72
1751227200,2433.1
1751230800,2432.18
1751234400,2502.46
1751238000,2500.69
1751241600,2519.57
1751245200,2511.67
1751248800,2501.98
1751252400,2500.39
1751256000,2496.42
1751259600,2503.63
1751263200,2465.25
1751266800,2481.06
1751270400,2469.13
1751274000,2452.45
1751277600,2457.0
1751281200,2459.0
1751284800,2460.98
1751288400,2463.21
1751292000,2439.1
1751295600,2475.33
1751299200,2476.04
1751302800,2488.55
1751306400,2486.74
1751310000,2516.47
1751313600,2503.72
1751317200,2488.53
1751320800,2491.34
1751324400,2486.15
1751328000,2493.94
1751331600,2489.64
1751335200,2484.25
1751338800,2486.0
1751342400,2461.71
1751346000,2461.9
1751349600,2460.39
1751353200,2466.14
1751356800,2454.11
1751360400,2457.73
1751364000,2456.64
1751367600,2450.01
1751371200,2438.73
1751374800,2444.4
1751378400,2420.48
1751382000,2424.34
1751385600,2425.26
1751389200,2433.16
1751392800,2410.78
1751396400,2403.09
1751400000,2415.3
1751403600,2407.68
1751407200,2401.41
1751410800,2405.32
1751414400,2398.83
1751418000,2411.63
1751421600,2418.49
1751425200,2431.26
1751428800,2440.04
1751432400,2444.9
1751436000,2452.48
1751439600,2447.97
1751443200,2450.07
1751446800,2449.58
1751450400,2454.22
1751454000,2446.19
1751457600,2438.99
1751461200,2450.4
1751464800,2470.91
1751468400,2500.15
1751472000,2562.27
1751475600,2568.36
1751479200,2583.81
1751482800,2606.69
1751486400,2590.92
1751490000,2597.56
1751493600,2595.59
1751497200,2571.13
1751500800,2574.67
1751504400,2581.27
1751508000,2568.31
1751511600,2562.25
1751515200,2567.57
1751518800,2590.42
1751522400,2600.47
1751526000,2601.31
1751529600,2589.03
1751533200,2600.33
1751536800,2599.09
1751540400,2598.24
1751544000,2590.29
1751547600,2626.29
1751551200,2596.37
1751554800,2571.45
1751558400,2573.47
1751562000,2578.26
1751565600,2586.74
1751569200,2587.2
1751572800,2599.84
1751576400,2596.37
1751580000,2594.36
1751583600,2592.13
1751587200,2589.7
1751590800,2590.9
1751594400,2576.26
1751598000,2578.8
1751601600,2571.22
1751605200,2569.72
1751608800,2559.48
1751612400,2535.85
1751616000,2548.33
1751619600,2552.61
1751623200,2548.96
1751626800,2550.1
1751630400,2548.86
1751634000,2526.85
1751637600,2517.79
1751641200,2501.45
1751644800,2488.56
1751648400,2497.66
1751652000,2484.64
1751655600,2483.13
1751659200,2491.18
1751662800,2497.43
1751666400,2521.22
1751670000,2508.8
1751673600,2517.54
1751677200,2515.04
1751680800,2519.61
1751684400,2519.47
1751688000,2517.25
1751691600,2520.38
1751695200,2528.28
1751698800,2522.5
1751702400,2517.12
1751706000,2522.26
1751709600,2519.33
1751713200,2518.88
1751716800,2518.92
1751720400,2515.09
1751724000,2519.41
1751727600,2508.57
1751731200,2506.72
1751734800,2504.53
1751738400,2493.83
1751742000,2506.29
1751745600,2507.25
1751749200,2517.28
1751752800,2519.89
1751756400,2517.01
1751760000,2520.79
1751763600,2518.37
1751767200,2513.66
1751770800,2515.6
1751774400,2512.91
1751778000,2511.65
1751781600,2522.58
1751785200,2518.71
1751788800,2513.82
1751792400,2508.0
1751796000,2509.28
1751799600,2516.93
1751803200,2521.26
1751806800,2558.43
1751810400,2560.13
1751814000,2558.89
1751817600,2552.46
1751821200,2547.7
1751824800,2532.58
1751828400,2541.71
1751832000,2545.91
1751835600,2588.47
1751839200,2582.94
1751842800,2570.84
1751846400,2561.92
1751850000,2563.86
1751853600,2576.86
1751857200,2577.5
1751860800,2573.8
1751864400,2569.73
1751868000,2565.8
1751871600,2578.92
1751875200,2585.68
1751878800,2572.66
1751882400,2559.12
1751886000,2562.95
1751889600,2549.18
1751893200,2566.2
1751896800,2531.72
1751900400,2533.79
1751904000,2524.18
1751907600,2533.48
1751911200,2544.25
1751914800,2544.3
1751918400,2534.41
1751922000,2540.38
1751925600,2536.66
1751929200,2542.38
1751932800,2540.6
1751936400,2527.03
1751940000,2528.13
1751943600,2538.26
1751947200,2543.57
1751950800,2552.27
1751954400,2559.12
1751958000,2553.86
1751961600,2546.42
1751965200,2551.92
1751968800,2566.58
1751972400,2575.52
1751976000,2583.35
1751979600,2588.57
1751983200,2564.7
1751986800,2565.24
1751990400,2576.87
1751994000,2617.06
1751997600,2625.24
1752001200,2610.95
1752004800,2599.47
1752008400,2610.03
1752012000,2611.59
1752015600,2616.52
1752019200,2614.2
1752022800,2605.79
1752026400,2603.52
1752030000,2592.18
1752033600,2604.1
1752037200,2628.47
1752040800,2631.69
1752044400,2625.43
1752048000,2612.41
1752051600,2611.69
1752055200,2618.6
1752058800,2626.94
1752062400,2660.42
1752066000,2655.56
1752069600,2642.78
1752073200,2657.4
1752076800,2666.8
1752080400,2662.86
1752084000,2719.06
1752087600,2765.82
1752091200,2738.41
1752094800,2754.16
1752098400,2781.46
1752102000,2769.83
1752105600,2757.65
1752109200,2775.84
1752112800,2784.87
1752116400,2777.23
1752120000,2780.0
1752123600,2782.96
1752127200,2796.78
1752130800,2792.01
1752134400,2789.51
1752138000,2779.13
1752141600,2786.32
1752145200,2779.87
1752148800,2779.58
1752152400,2785.44
1752156000,2777.72
1752159600,2770.69
1752163200,2810.27
1752166800,2831.93
1752170400,2813.18
1752174000,2818.29
1752177600,2820.66
1752181200,2972.47
1752184800,2974.23
1752188400,2951.22
1752192000,2937.48
1752195600,2955.49
1752199200,2966.22
1752202800,2970.67
1752206400,2971.17
1752210000,3006.1
1752213600,2990.89
1752217200,2970.44
1752220800,3004.78
1752224400,3016.22
1752228000,3004.67
1752231600,2985.0
1752235200,2987.22
1752238800,3003.56
1752242400,2989.87
1752246000,2951.52
1752249600,2969.26
1752253200,2994.94
1752256800,2996.85
1752260400,3009.76
1752264000,2976.77
1752267600,2967.72
1752271200,2951.84
1752274800,2959.12
1752278400,2953.85
1752282000,2960.21
1752285600,2958.29
1752289200,2967.3
1752292800,2953.11
1752296400,2954.44
1752300000,2961.13
1752303600,2964.47
1752307200,2968.07
1752310800,2975.09
1752314400,2977.06
1752318000,2964.94
1752321600,2944.75
1752325200,2940.74
1752328800,2929.58
1752332400,2917.04
1752336000,2925.84
1752339600,2942.14
1752343200,2943.55
1752346800,2942.21
1752350400,2918.13
1752354000,2940.44
1752357600,2938.93
1752361200,2944.37
1752364800,2946.09
1752368400,2950.8
1752372000,2955.17
1752375600,2956.22
1752379200,2959.82
1752382800,2951.99
1752386400,2961.16
1752390000,2964.92
1752393600,2957.06
1752397200,2950.55
1752400800,2950.03
1752404400,2966.47
1752408000,2987.59
1752411600,2990.91
1752415200,2989.45
1752418800,2993.89
1752422400,2976.0
1752426000,2993.09
1752429600,2994.98
1752433200,2990.56
1752436800,2993.23
1752440400,2966.69
1752444000,2960.49
1752447600,2973.38
1752451200,2976.81
1752454800,2974.94
1752458400,3001.84
1752462000,3038.61
1752465600,3054.4
1752469200,3041.29
1752472800,3024.55
1752476400,3045.69
1752480000,3040.34
1752483600,3045.53
1752487200,3067.36
1752490800,3052.17
1752494400,3051.66
1752498000,3057.16
1752501600,3030.16
1752505200,3012.9
1752508800,3025.94
1752512400,3008.86
1752516000,2990.23
1752519600,3001.4
1752523200,3004.96
1752526800,3011.69
1752530400,3014.76
1752534000,3014.53
1752537600,2993.97
1752541200,2977.62
1752544800,2975.11
1752548400,2952.29
1752552000,2968.93
1752555600,2974.53
1752559200,2985.29
1752562800,2977.02
1752566400,2973.9
1752570000,2972.67
1752573600,2973.79
1752577200,2980.66
1752580800,2999.99
1752584400,3051.74
1752588000,2977.39
1752591600,3039.37
1752595200,3047.79
1752598800,3096.82
1752602400,3065.84
1752606000,3041.58
1752609600,3041.39
1752613200,3081.12
1752616800,3094.43
1752620400,3138.01
1752624000,3143.4
1752627600,3140.64
1752631200,3116.19
1752634800,3116.08
1752638400,3129.07
1752642000,3143.06
1752645600,3165.05
1752649200,3162.82
1752652800,3165.25
1752656400,3162.96
1752660000,3145.12
1752663600,3151.22
1752667200,3166.2
1752670800,3196.71
1752674400,3253.28
1752678000,3246.18
1752681600,3287.49
1752685200,3319.56
1752688800,3338.63
1752692400,3385.07
1752696000,3381.94
1752699600,3375.75
1752703200,3364.59
1752706800,3373.12
1752710400,3378.75
1752714000,3339.95
1752717600,3350.68
1752721200,3331.82
1752724800,3352.34
1752728400,3376.08
1752732000,3442.91
1752735600,3449.79
1752739200,3450.36
1752742800,3467.64
1752746400,3459.55
1752750000,3434.96
1752753600,3427.21
1752757200,3401.86
1752760800,3428.36
1752764400,3422.33
1752768000,3395.58
1752771600,3425.95
1752775200,3429.03
1752778800,3414.74
1752782400,3422.45
1752786000,3470.3
1752789600,3468.94
1752793200,3479.77
1752796800,3541.28
1752800400,3618.1
1752804000,3605.21
1752807600,3599.4
1752811200,3622.36
1752814800,3673.48
1752818400,3653.81
1752822000,3607.63
1752825600,3606.01
1752829200,3622.96
1752832800,3619.59
1752836400,3612.33
1752840000,3639.91
1752843600,3642.09
1752847200,3587.22
1752850800,3565.27
1752854400,3575.69
1752858000,3601.97
1752861600,3574.96
1752865200,3554.53
1752868800,3519.54
1752872400,3556.41
1752876000,3541.06
1752879600,3549.67
1752883200,3525.33
1752886800,3548.8
1752890400,3572.86
1752894000,3595.93
1752897600,3592.64
1752901200,3588.31
1752904800,3574.05
1752908400,3573.9
1752912000,3556.3
1752915600,3560.34
1752919200,3559.71
1752922800,3554.91
1752926400,3563.74
1752930000,3560.63
1752933600,3533.72
1752937200,3554.1
1752940800,3561.57
1752944400,3544.97
1752948000,3554.73
1752951600,3580.13
1752955200,3565.76
1752958800,3573.39
1752962400,3579.07
1752966000,3594.3
1752969600,3593.39
1752973200,3607.13
1752976800,3618.01
1752980400,3659.94
1752984000,3656.58
1752987600,3649.34
1752991200,3654.84
1752994800,3670.67
1752998400,3713.71
1753002000,3708.88
1753005600,3701.67
1753009200,3757.68
1753012800,3748.55
1753016400,3750.18
1753020000,3769.08
1753023600,3787.92
1753027200,3811.2
1753030800,3740.69
1753034400,3751.98
1753038000,3751.99
1753041600,3742.17
1753045200,3772.36
1753048800,3749.71
1753052400,3758.6
1753056000,3749.33
1753059600,3725.94
1753063200,3745.74
1753066800,3759.54
1753070400,3764.29
1753074000,3784.48
1753077600,3789.2
1753081200,3789.13
1753084800,3778.85
1753088400,3773.55
1753092000,3812.4
1753095600,3810.95
1753099200,3811.86
1753102800,3822.31
1753106400,3843.3
1753110000,3812.7
1753113600,3770.52
1753117200,3772.2
1753120800,3739.59
1753124400,3738.78
1753128000,3757.42
1753131600,3752.78
1753135200,3763.55
1753138800,3763.75
1753142400,3744.71
1753146000,3796.83
1753149600,3739.49
1753153200,3734.0
1753156800,3656.91
1753160400,3691.9
1753164000,3693.02
1753167600,3678.95
1753171200,3652.0
1753174800,3661.93
1753178400,3700.39
1753182000,3707.65
1753185600,3704.3
1753189200,3649.03
1753192800,3708.2
1753196400,3719.84
1753200000,3718.77
1753203600,3701.07
1753207200,3712.99
1753210800,3671.76
1753214400,3708.87
1753218000,3707.71
1753221600,3722.08
1753225200,3748.62
1753228800,3727.5
1753232400,3740.64
1753236000,3747.11
1753239600,3730.81
1753243200,3736.83
1753246800,3715.64
1753250400,3697.12
1753254000,3675.47
1753257600,3694.16
1753261200,3660.51
1753264800,3667.5
1753268400,3673.75
1753272000,3641.45
1753275600,3589.41
1753279200,3619.54
1753282800,3648.11
1753286400,3572.65
1753290000,3588.38
1753293600,3605.88
1753297200,3590.9
1753300800,3568.63
1753304400,3593.05
1753308000,3612.58
1753311600,3630.34
1753315200,3648.2
1753318800,3650.08
1753322400,3652.18
1753326000,3643.21
1753329600,3611.55
1753333200,3558.86
1753336800,3546.95
1753340400,3593.62
1753344000,3635.32
1753347600,3638.31
1753351200,3623.26
1753354800,3657.18
1753358400,3644.47
1753362000,3632.05
1753365600,3737.95
1753369200,3733.99
1753372800,3689.25
1753376400,3726.96
1753380000,3743.23
1753383600,3735.69
1753387200,3737.46
1753390800,3728.42
1753394400,3725.86
1753398000,3708.6
1753401600,3660.8
1753405200,3684.52
1753408800,3616.92
1753412400,3596.48
1753416000,3648.78
1753419600,3634.68
1753423200,3632.96
1753426800,3633.18
1753430400,3665.72
1753434000,3727.35
1753437600,3719.44
1753441200,3721.84
1753444800,3705.34
1753448400,3707.25
1753452000,3629.33
1753455600,3635.28
1753459200,3641.58
1753462800,3637.35
1753466400,3650.6
1753470000,3642.91
1753473600,3686.63
1753477200,3720.72
1753480800,3721.21
1753484400,3725.84
1753488000,3726.24
1753491600,3702.61
1753495200,3743.52
1753498800,3740.1
1753502400,3749.23
1753506000,3749.04
1753509600,3740.88
1753513200,3743.46
1753516800,3763.64
1753520400,3760.0
1753524000,3760.77
1753527600,3740.88
1753531200,3743.34
1753534800,3745.26
1753538400,3730.43
1753542000,3737.29
1753545600,3729.57
1753549200,3725.38
1753552800,3741.57
1753556400,3752.11
1753560000,3746.45
1753563600,3759.66
1753567200,3752.12
1753570800,3743.06
1753574400,3758.03
1753578000,3757.57
1753581600,3786.39
1753585200,3776.11
1753588800,3792.65
1753592400,3793.2
1753596000,3773.96
1753599600,3769.72
1753603200,3772.3
1753606800,3765.05
1753610400,3818.49
1753614000,3816.14
1753617600,3827.54
1753621200,3811.91
1753624800,3810.62
1753628400,3820.08
1753632000,3815.74
1753635600,3838.76
1753639200,3847.8
1753642800,3829.98
1753646400,3824.04
1753650000,3838.2
1753653600,3865.12
1753657200,3873.92
1753660800,3863.24
1753664400,3850.77
1753668000,3886.61
1753671600,3880.82
1753675200,3902.17
1753678800,3930.37
1753682400,3913.06
1753686000,3894.19
1753689600,3892.75
1753693200,3894.54
1753696800,3888.18
1753700400,3879.37
1753704000,3871.17
1753707600,3843.51
1753711200,3785.41
1753714800,3808.66
1753718400,3807.98
1753722000,3784.48
1753725600,3782.57
1753729200,3797.84
1753732800,3788.34
1753736400,3789.22
1753740000,3787.7
1753743600,3799.46
1753747200,3781.0
1753750800,3759.47
1753754400,3759.27
1753758000,3791.83
1753761600,3778.66
1753765200,3807.39
1753768800,3828.73
1753772400,3877.17
1753776000,3872.04
1753779600,3872.31
1753783200,3828.93
1753786800,3825.36
1753790400,3852.64
1753794000,3838.46
1753797600,3781.93
1753801200,3761.05
1753804800,3750.6
1753808400,3769.18
1753812000,3770.69
1753815600,3765.15
1753819200,3764.22
1753822800,3780.1
1753826400,3792.09
1753830000,3793.4
1753833600,3774.46
1753837200,3791.06
1753840800,3812.37
1753844400,3816.73
1753848000,3807.8
1753851600,3809.27
1753855200,3824.24
1753858800,3810.98
1753862400,3815.32
1753866000,3786.8
1753869600,3774.14
1753873200,3757.6
1753876800,3774.24
1753880400,3766.67
1753884000,3820.08
1753887600,3797.72
1753891200,3796.44
1753894800,3805.43
1753898400,3738.16
1753902000,3760.45
1753905600,3769.58
1753909200,3763.24
1753912800,3763.9
1753916400,3810.44
1753920000,3844.03
1753923600,3837.49
1753927200,3862.23
1753930800,3863.59
1753934400,3870.8
1753938000,3859.26
1753941600,3873.98
1753945200,3863.62
1753948800,3863.22
1753952400,3862.87
1753956000,3854.53
1753959600,3837.53
1753963200,3834.46
1753966800,3807.37
1753970400,3768.72
1753974000,3788.17
1753977600,3803.88
1753981200,3775.63
1753984800,3775.22
1753988400,3736.36
1753992000,3733.54
1753995600,3730.39
1753999200,3709.64
1754002800,3698.07
1754006400,3681.26
1754010000,3688.91
1754013600,3716.46
1754017200,3704.51
1754020800,3681.65
1754024400,3674.83
1754028000,3661.93
1754031600,3649.45
1754035200,3608.47
1754038800,3617.26
1754042400,3613.97
1754046000,3641.85
1754049600,3662.64
1754053200,3598.53
1754056800,3632.09
1754060400,3615.0
1754064000,3586.83
1754067600,3570.7
1754071200,3548.58
1754074800,3515.48
1754078400,3540.25
1754082000,3535.44
1754085600,3462.22
1754089200,3486.39
1754092800,3514.57
1754096400,3515.5
1754100000,3522.91
1754103600,3527.44
1754107200,3532.69
1754110800,3518.33
1754114400,3478.92
1754118000,3518.17
1754121600,3490.44
1754125200,3491.04
1754128800,3490.12
1754132400,3508.02
1754136000,3507.89
1754139600,3507.98
1754143200,3478.21
1754146800,3458.29
1754150400,3470.54
1754154000,3423.15
1754157600,3382.29
1754161200,3381.73
1754164800,3423.3
1754168400,3411.4
1754172000,3409.83
1754175600,3392.8
1754179200,3408.53
1754182800,3412.87
1754186400,3443.38
1754190000,3443.0
1754193600,3443.93
1754197200,3444.54
1754200800,3440.12
1754204400,3455.89
1754208000,3462.0
1754211600,3465.63
1754215200,3485.03
1754218800,3485.45
1754222400,3490.04
1754226000,3492.35
1754229600,3472.03
1754233200,3476.7
1754236800,3495.47
1754240400,3490.04
1754244000,3497.04
1754247600,3497.57
1754251200,3492.02
1754254800,3506.96
1754258400,3503.81
1754262000,3497.31
1754265600,3546.28
1754269200,3537.64
1754272800,3571.49
1754276400,3556.76
1754280000,3539.99
1754283600,3533.97
1754287200,3539.37
1754290800,3552.17
1754294400,3551.03
1754298000,3547.23
1754301600,3554.84
1754305200,3555.66
1754308800,3570.13
1754312400,3621.43
1754316000,3639.98
1754319600,3649.37
1754323200,3686.33
1754326800,3682.08
1754330400,3676.16
1754334000,3670.4
1754337600,3700.4
1754341200,3710.38
1754344800,3732.93
1754348400,3720.87
1754352000,3697.34
1754355600,3679.87
1754359200,3680.01
1754362800,3651.67
1754366400,3648.62
1754370000,3664.18
1754373600,3650.31
1754377200,3612.72
1754380800,3634.66
1754384400,3660.27
1754388000,3682.63
1754391600,3673.61
1754395200,3627.35
1754398800,3646.43
1754402400,3577.49
1754406000,3569.44
1754409600,3577.28
1754413200,3605.18
1754416800,3587.11
1754420400,3569.95
1754424000,3576.18
1754427600,3575.26
1754431200,3597.05
1754434800,3611.57
1754438400,3576.86
1754442000,3592.25
1754445600,3592.19
1754449200,3583.48
1754452800,3573.45
1754456400,3637.54
1754460000,3631.79
1754463600,3639.45
1754467200,3621.75
1754470800,3626.78
1754474400,3616.35
1754478000,3619.08
1754481600,3583.43
1754485200,3602.48
1754488800,3637.28
1754492400,3664.95
1754496000,3645.62
1754499600,3682.47
1754503200,3677.58
1754506800,3684.8
1754510400,3675.23
1754514000,3671.25
1754517600,3683.43
1754521200,3683.8
1754524800,3675.2
1754528400,3668.51
1754532000,3659.87
1754535600,3657.64
1754539200,3663.12
1754542800,3688.55
1754546400,3696.3
1754550000,3703.59
1754553600,3722.2
1754557200,3732.63
1754560800,3821.65
1754564400,3827.56
1754568000,3849.88
1754571600,3859.09
1754575200,3820.79
1754578800,3838.76
1754582400,3816.9
1754586000,3830.85
1754589600,3828.63
1754593200,3869.91
1754596800,3876.02
1754600400,3873.08
1754604000,3918.16
1754607600,3911.28
1754611200,3901.1
1754614800,3888.47
1754618400,3894.69
1754622000,3939.39
1754625600,3921.56
1754629200,3902.3
1754632800,3915.32
1754636400,3916.39
1754640000,3899.06
1754643600,3900.32
1754647200,3897.76
1754650800,3918.26
1754654400,3893.4
1754658000,4000.79
1754661600,3984.8
1754665200,3955.18
1754668800,3971.03
1754672400,4034.56
1754676000,4057.79
1754679600,4062.35
1754683200,4058.57
1754686800,4038.41
1754690400,4025.38
1754694000,4011.0
1754697600,4017.69
1754701200,4033.61
1754704800,4032.71
1754708400,4051.36
1754712000,4081.46
1754715600,4182.21
1754719200,4162.79
1754722800,4170.96
1754726400,4190.33
1754730000,4220.08
1754733600,4217.66
1754737200,4190.87
1754740800,4197.06
1754744400,4165.85
1754748000,4197.75
1754751600,4209.94
1754755200,4208.04
1754758800,4235.04
1754762400,4242.85
1754766000,4259.46
1754769600,4291.29
1754773200,4279.6
1754776800,4265.63
1754780400,4262.46
1754784000,4312.4
1754787600,4301.65
1754791200,4248.02
1754794800,4243.46
1754798400,4252.39
1754802000,4221.22
1754805600,4224.97
1754809200,4184.92
1754812800,4209.8
1754816400,4225.53
1754820000,4198.15
1754823600,4180.38
1754827200,4201.37
1754830800,4167.64
1754834400,4220.13
1754838000,4218.43
1754841600,4234.32
1754845200,4224.92
1754848800,4236.07
1754852400,4250.12
1754856000,4217.31
1754859600,4224.4
1754863200,4251.19
1754866800,4251.91
1754870400,4264.58
1754874000,4304.97
1754877600,4310.32
1754881200,4309.99
1754884800,4319.64
1754888400,4306.04
1754892000,4299.34
1754895600,4274.28
1754899200,4281.81
1754902800,4265.76
1754906400,4235.96
1754910000,4184.64
1754913600,4183.14
1754917200,4278.71
1754920800,4277.12
1754924400,4329.68
1754928000,4312.34
1754931600,4293.93
1754935200,4296.01
1754938800,4255.72
1754942400,4243.67
1754946000,4220.49
1754949600,4221.62
1754953200,4224.48
1754956800,4274.69
1754960400,4271.29
1754964000,4292.38
1754967600,4286.16
1754971200,4311.86
1754974800,4285.7
1754978400,4291.23
1754982000,4316.15
1754985600,4310.99
1754989200,4288.09
1754992800,4277.77
1754996400,4290.65
1755000000,4406.82
1755003600,4383.1
1755007200,4416.11
1755010800,4472.91
1755014400,4467.36
1755018000,4502.01
1755021600,4489.81
1755025200,4518.34
1755028800,4621.52
1755032400,4584.69
1755036000,4575.36
1755039600,4589.88
1755043200,4613.35
1755046800,4584.45
1755050400,4623.4
1755054000,4646.69
1755057600,4673.73
1755061200,4632.08
1755064800,4623.57
1755068400,4626.1
1755072000,4625.91
1755075600,4706.6
1755079200,4694.56
1755082800,4690.01
1755086400,4686.28
1755090000,4671.39
1755093600,4649.8
1755097200,4665.48
1755100800,4701.52
1755104400,4727.77
1755108000,4717.63
1755111600,4740.92
1755115200,4719.82
1755118800,4723.86
1755122400,4736.96
1755126000,4751.46
1755129600,4719.05
1755133200,4722.68
1755136800,4752.46
1755140400,4776.55
1755144000,4760.82
1755147600,4734.09
1755151200,4776.63
1755154800,4749.82
1755158400,4727.85
1755162000,4761.01
1755165600,4709.77
1755169200,4720.33
1755172800,4570.11
1755176400,4614.55
1755180000,4673.69
1755183600,4621.01
1755187200,4548.69
1755190800,4551.4
1755194400,4540.98
1755198000,4540.23
1755201600,4536.76
1755205200,4481.17
1755208800,4535.07
1755212400,4550.59
1755216000,4567.16
1755219600,4608.23
1755223200,4626.47
1755226800,4638.89
1755230400,4629.26
1755234000,4622.78
1755237600,4651.31
1755241200,4643.86
1755244800,4644.09
1755248400,4626.4
1755252000,4639.6
1755255600,4637.51
1755259200,4631.99
1755262800,4543.35
1755266400,4495.52
1755270000,4432.51
1755273600,4418.74
1755277200,4442.24
1755280800,4399.27
1755284400,4384.71
1755288000,4428.93
1755291600,4432.54
1755295200,4479.29
1755298800,4442.56
1755302400,4479.97
1755306000,4491.66
1755309600,4448.41
1755313200,4435.9
1755316800,4457.78
1755320400,4425.26
1755324000,4422.64
1755327600,4455.72
1755331200,4446.03
1755334800,4400.89
1755338400,4407.19
1755342000,4391.2
1755345600,4413.05
1755349200,4396.42
1755352800,4416.14
1755356400,4403.81
1755360000,4411.58
1755363600,4408.33
1755367200,4412.42
1755370800,4421.4
1755374400,4434.51
1755378000,4411.17
1755381600,4429.64
1755385200,4425.13
1755388800,4415.89
1755392400,4409.26
1755396000,4437.06
1755399600,4455.85
1755403200,4486.87
1755406800,4473.7
1755410400,4460.71
1755414000,4470.8
1755417600,4538.42
1755421200,4544.87
1755424800,4570.59
1755428400,4554.46
1755432000,4543.66
1755435600,4538.5
1755439200,4555.39
1755442800,4564.18
1755446400,4520.12
1755450000,4526.45
1755453600,4472.39
1755457200,4462.63
1755460800,4470.36
1755464400,4478.23
1755468000,4524.7
1755471600,4475.47
1755475200,4465.98
1755478800,4399.41
1755482400,4323.24
1755486000,4324.01
1755489600,4340.43
1755493200,4316.0
1755496800,4255.5
1755500400,4259.8
1755504000,4261.59
1755507600,4295.03
1755511200,4266.97
1755514800,4276.3
1755518400,4345.95
1755522000,4289.22
1755525600,4335.75
1755529200,4347.74
1755532800,4322.57
1755536400,4345.18
1755540000,4369.01
1755543600,4355.49
1755547200,4333.21
1755550800,4354.8
1755554400,4342.48
1755558000,4315.37
1755561600,4343.64
1755565200,4297.25
1755568800,4287.3
1755572400,4220.38
1755576000,4236.59
1755579600,4231.81
1755583200,4243.35
1755586800,4235.55
1755590400,4257.68
1755594000,4283.04
1755597600,4287.63
1755601200,4310.49
1755604800,4306.42
1755608400,4292.29
1755612000,4191.39
1755615600,4191.52
1755619200,4141.2
1755622800,4185.56
1755626400,4144.92
1755630000,4142.17
1755633600,4159.07
1755637200,4152.89
1755640800,4131.04
1755644400,4075.89
1755648000,4105.29
1755651600,4110.51
1755655200,4137.51
1755658800,4141.13
1755662400,4170.42
1755666000,4183.5
1755669600,4182.7
1755673200,4185.43
1755676800,4239.46
1755680400,4222.22
1755684000,4226.66
1755687600,4194.95
1755691200,4205.39
1755694800,4135.7
1755698400,4213.71
1755702000,4255.46
1755705600,4301.81
1755709200,4344.32
1755712800,4291.68
1755716400,4347.59
1755720000,4356.0
1755723600,4342.47
1755727200,4366.91
1755730800,4336.41
1755734400,4323.81
1755738000,4331.58
1755741600,4292.85
1755745200,4295.03
1755748800,4294.99
1755752400,4317.52
1755756000,4307.05
1755759600,4311.36
1755763200,4286.08
1755766800,4276.75
1755770400,4291.31
1755774000,4278.21
1755777600,4248.77
1755781200,4261.37
1755784800,4273.63
1755788400,4242.27
1755792000,4220.94
1755795600,4242.15
1755799200,4261.11
1755802800,4222.86
1755806400,4240.9
1755810000,4242.15
1755813600,4251.91
1755817200,4224.43
1755820800,4244.58
1755824400,4256.45
1755828000,4289.94
1755831600,4277.38
1755835200,4279.91
1755838800,4290.1
1755842400,4293.84
1755846000,4326.97
1755849600,4328.5
1755853200,4327.84
1755856800,4294.82
1755860400,4273.5
1755864000,4244.4
1755867600,4289.55
1755871200,4615.22
1755874800,4616.0
1755878400,4745.45
1755882000,4798.93
1755885600,4788.5
1755889200,4833.65
1755892800,4847.14
1755896400,4849.51
1755900000,4809.12
1755903600,4831.24
1755907200,4805.6
1755910800,4777.76
1755914400,4712.46
1755918000,4692.48
1755921600,4744.67
1755925200,4749.15
1755928800,4743.69
1755932400,4711.35
1755936000,4716.33
1755939600,4736.44
1755943200,4710.91
1755946800,4703.51
1755950400,4713.18
1755954000,4716.88
1755957600,4724.64
1755961200,4749.0
1755964800,4740.36
1755968400,4748.18
1755972000,4751.77
1755975600,4756.81
1755979200,4750.27
1755982800,4748.03
1755986400,4780.0
1755990000,4776.73
1755993600,4796.23
1755997200,4774.72
1756000800,4774.33
1756004400,4786.91
1756008000,4791.9
1756011600,4782.39
1756015200,4759.31
1756018800,4757.49
1756022400,4776.02
1756026000,4771.54
1756029600,4739.0
1756033200,4747.05
1756036800,4754.09
1756040400,4768.45
1756044000,4794.03
1756047600,4797.69
1756051200,4821.06
1756054800,4903.74
1756058400,4932.77
1756062000,4812.56
1756065600,4786.2
1756069200,4784.47
1756072800,4780.3
1756076400,4779.87
1756080000,4699.97
1756083600,4730.83
1756087200,4763.22
1756090800,4726.74
1756094400,4717.0
1756098000,4704.02
1756101600,4629.66
1756105200,4590.2
1756108800,4599.05
1756112400,4611.69
1756116000,4542.7
1756119600,4599.57
1756123200,4647.41
1756126800,4629.65
1756130400,4659.76
1756134000,4612.08
1756137600,4596.37
1756141200,4586.7
1756144800,4574.43
1756148400,4419.92
1756152000,4351.84
1756155600,4351.0
1756159200,4393.0
1756162800,4377.02
1756166400,4331.7
1756170000,4421.95
1756173600,4397.08
1756177200,4403.19
1756180800,4435.45
1756184400,4431.45
1756188000,4415.7
1756191600,4429.24
1756195200,4420.29
1756198800,4420.17
1756202400,4441.52
1756206000,4427.48
1756209600,4496.65
1756213200,4480.3
1756216800,4553.87
1756220400,4519.96
1756224000,4555.47
1756227600,4522.52
1756231200,4549.82
1756234800,4598.2
1756238400,4586.18
1756242000,4605.49
1756245600,4602.16
1756249200,4601.64
1756252800,4570.36
1756256400,4563.24
1756260000,4578.03
1756263600,4603.25
1756267200,4629.28
1756270800,4614.11
1756274400,4587.15
1756278000,4580.76
1756281600,4594.83
1756285200,4588.3
1756288800,4581.31
1756292400,4608.57
1756296000,4615.3
1756299600,4596.45
1756303200,4614.34
1756306800,4658.91
1756310400,4631.73
1756314000,4632.16
1756317600,4591.82
1756321200,4565.93
1756324800,4594.3
1756328400,4526.52
1756332000,4524.05
1756335600,4506.95
1756339200,4493.81
1756342800,4516.39
1756346400,4512.43
1756350000,4541.93
1756353600,4571.0
1756357200,4570.29
1756360800,4584.34
1756364400,4596.55
1756368000,4604.25
1756371600,4586.64
1756375200,4610.57
1756378800,4595.24
1756382400,4600.08
1756386000,4575.09
1756389600,4567.86
1756393200,4504.26
1756396800,4465.31
1756400400,4490.22
1756404000,4481.32
1756407600,4438.41
1756411200,4459.44
1756414800,4487.95
1756418400,4505.93
1756422000,4511.3
1756425600,4481.5
1756429200,4456.93
1756432800,4479.85
1756436400,4489.85
1756440000,4477.05
1756443600,4479.66
1756447200,4456.94
1756450800,4381.76
1756454400,4334.46
1756458000,4337.63
1756461600,4346.89
1756465200,4347.04
1756468800,4408.03
1756472400,4331.14
1756476000,4282.62
1756479600,4317.04
1756483200,4336.63
1756486800,4333.04
1756490400,4315.78
1756494000,4341.52
1756497600,4322.13
1756501200,4365.79
1756504800,4366.0
1756508400,4360.2
1756512000,4343.06
1756515600,4266.07
1756519200,4305.22
1756522800,4352.8
1756526400,4352.87
1756530000,4380.18
1756533600,4397.21
1756537200,4402.97
1756540800,4395.97
1756544400,4391.78
1756548000,4392.32
1756551600,4392.27
1756555200,4367.74
1756558800,4358.98
1756562400,4363.79
1756566000,4376.29
1756569600,4362.61
1756573200,4362.56
1756576800,4350.77
1756580400,4355.0
1756584000,4344.17
1756587600,4347.43
1756591200,4358.89
1756594800,4374.58
1756598400,4466.99
1756602000,4456.75
1756605600,4450.4
1756609200,4487.95
1756612800,4465.74
1756616400,4459.8
1756620000,4434.57
1756623600,4450.95
1756627200,4471.46
1756630800,4464.49
1756634400,4455.6
1756638000,4477.08
1756641600,4489.59
1756645200,4471.66
1756648800,4459.52
1756652400,4484.97
1756656000,4471.56
1756659600,4477.4
1756663200,4489.36
1756666800,4455.99
1756670400,4455.07
1756674000,4470.45
1756677600,4445.35
1756681200,4391.91
1756684800,4396.42
1756688400,4417.66
1756692000,4388.1
1756695600,4404.34
1756699200,4386.0
1756702800,4394.86
1756706400,4397.95
1756710000,4463.44
1756713600,4476.62
1756717200,4441.57
1756720800,4407.89
1756724400,4393.26
1756728000,4403.84
1756731600,4385.83
1756735200,4396.27
1756738800,4362.34
1756742400,4355.89
1756746000,4323.23
1756749600,4346.89
1756753200,4367.67
1756756800,4288.79
1756760400,4261.9
1756764000,4284.93
1756767600,4314.76
1756771200,4303.23
1756774800,4323.22
1756778400,4360.41
1756782000,4366.99
1756785600,4388.05
1756789200,4385.55
1756792800,4412.85
1756796400,4377.64
1756800000,4392.46
1756803600,4400.74
1756807200,4392.17
1756810800,4348.23
1756814400,4277.55
1756818000,4379.42
1756821600,4348.15
1756825200,4295.72
1756828800,4296.53
1756832400,4319.24
1756836000,4295.58
1756839600,4272.49
1756843200,4313.34
1756846800,4328.91
1756850400,4329.83
1756854000,4326.57
1756857600,4310.09
1756861200,4324.87
1756864800,4338.38
1756868400,4334.77
1756872000,4340.04
1756875600,4315.14
1756879200,4308.26
1756882800,4310.35
1756886400,4318.43
1756890000,4352.07
1756893600,4372.27
1756897200,4372.39
1756900800,4355.11
1756904400,4419.81
1756908000,4467.84
1756911600,4480.67
1756915200,4467.89
1756918800,4473.31
1756922400,4470.46
1756926000,4476.01
1756929600,4466.29
1756933200,4462.63
1756936800,4471.07
1756940400,4452.4
1756944000,4470.15
1756947600,4469.81
1756951200,4423.29
1756954800,4399.81
1756958400,4393.61
1756962000,4376.91
1756965600,4366.47
1756969200,4372.34
1756972800,4370.82
1756976400,4397.13
1756980000,4409.24
1756983600,4407.58
1756987200,4417.95
1756990800,4378.49
1756994400,4342.67
1756998000,4305.61
1757001600,4296.52
1757005200,4305.7
1757008800,4273.13
1757012400,4276.5
1757016000,4305.61
1757019600,4319.26
1757023200,4341.82
1757026800,4298.37
1757030400,4301.44
1757034000,4326.79
1757037600,4324.48
1757041200,4328.76
1757044800,4331.05
1757048400,4339.28
1757052000,4333.55
1757055600,4417.07
1757059200,4406.51
1757062800,4397.98
1757066400,4410.41
1757070000,4417.75
1757073600,4471.94
1757077200,4443.07
1757080800,4272.53
1757084400,4282.75
1757088000,4297.06
1757091600,4289.7
1757095200,4313.22
1757098800,4331.52
1757102400,4338.82
1757106000,4297.07
1757109600,4313.0
1757113200,4307.65
1757116800,4323.54
1757120400,4318.66
1757124000,4323.03
1757127600,4320.69
1757131200,4309.95
1757134800,4294.82
1757138400,4302.98
1757142000,4312.55
1757145600,4311.13
1757149200,4293.14
1757152800,4301.31
1757156400,4300.16
1757160000,4299.67
1757163600,4294.29
1757167200,4296.48
1757170800,4270.4
1757174400,4289.79
1757178000,4273.28
1757181600,4279.21
1757185200,4255.7
1757188800,4280.09
1757192400,4284.0
1757196000,4278.81
1757199600,4274.15
1757203200,4284.73
1757206800,4295.53
1757210400,4299.88
1757214000,4297.41
1757217600,4301.79
1757221200,4295.37
1757224800,4284.43
1757228400,4295.13
1757232000,4301.12
1757235600,4300.02
1757239200,4305.04
1757242800,4310.71
1757246400,4301.2
1757250000,4305.24
1757253600,4299.76
1757257200,4299.12
1757260800,4283.62
1757264400,4275.32
1757268000,4281.27
1757271600,4293.66
1757275200,4300.02
1757278800,4288.25
1757282400,4309.7
1757286000,4305.56
1757289600,4298.61
1757293200,4292.26
1757296800,4308.39
1757300400,4311.19
1757304000,4297.57
1757307600,4297.02
1757311200,4291.93
1757314800,4292.0
1757318400,4301.25
1757322000,4318.49
1757325600,4328.22
1757329200,4310.9
1757332800,4320.0
1757336400,4319.85
1757340000,4350.8
1757343600,4371.49
1757347200,4338.82
1757350800,4311.22
1757354400,4329.27
1757358000,4292.82
1757361600,4298.12
1757365200,4321.91
1757368800,4311.12
1757372400,4305.84
1757376000,4301.61
1757379600,4286.81
1757383200,4290.51
1757386800,4306.85
1757390400,4313.59
1757394000,4319.12
1757397600,4365.68
1757401200,4361.72
1757404800,4359.71
1757408400,4356.63
1757412000,4348.53
1757415600,4347.1
1757419200,4345.82
1757422800,4347.32
1757426400,4306.03
1757430000,4284.98
1757433600,4288.01
1757437200,4285.46
1757440800,4286.07
1757444400,4293.85
1757448000,4304.8
1757451600,4302.0
1757455200,4318.51
1757458800,4309.93
1757462400,4285.43
1757466000,4302.04
1757469600,4316.87
1757473200,4320.03
1757476800,4311.99
1757480400,4308.54
1757484000,4313.25
1757487600,4329.25
1757491200,4331.67
1757494800,4324.65
1757498400,4326.83
1757502000,4331.63
1757505600,4370.84
1757509200,4418.32
1757512800,4401.68
1757516400,4405.5
1757520000,4386.19
1757523600,4367.3
1757527200,4341.84
1757530800,4323.4
1757534400,4330.76
1757538000,4350.56
1757541600,4347.03
1757545200,4350.0
1757548800,4360.4
1757552400,4366.52
1757556000,4377.51
1757559600,4405.27
1757563200,4412.66
1757566800,4420.2
1757570400,4440.81
1757574000,4441.22
1757577600,4432.22
1757581200,4417.1
1757584800,4428.6
1757588400,4431.4
1757592000,4427.14
1757595600,4438.36
1757599200,4429.34
1757602800,4413.89
1757606400,4419.67
1757610000,4435.0
1757613600,4421.16
1757617200,4424.8
1757620800,4417.76
1757624400,4430.55
1757628000,4455.2
1757631600,4460.51
1757635200,4513.83
1757638800,4499.21
1757642400,4509.1
1757646000,4506.96
1757649600,4522.69
1757653200,4559.11
1757656800,4540.6
1757660400,4526.97
1757664000,4518.78
1757667600,4516.01
1757671200,4517.52
1757674800,4521.81
1757678400,4527.43
1757682000,4541.6
1757685600,4548.5
1757689200,4543.78
1757692800,4578.14
1757696400,4616.1
1757700000,4628.9
1757703600,4665.51
1757707200,4674.02
1757710800,4653.47
1757714400,4698.22
1757718000,4714.66
1757721600,4707.47
1757725200,4702.58
1757728800,4705.21
1757732400,4758.44
1757736000,4745.2
1757739600,4726.37
1757743200,4713.45
1757746800,4714.06
1757750400,4732.61
1757754000,4734.97
1757757600,4720.7
1757761200,4722.32
1757764800,4723.31
1757768400,4688.02
1757772000,4691.55
1757775600,4656.9
1757779200,4625.71
1757782800,4636.29
1757786400,4645.56
1757790000,4640.53
1757793600,4660.11
1757797200,4666.49
1757800800,4661.1
1757804400,4669.0
1757808000,4672.32
1757811600,4675.95
1757815200,4685.68
1757818800,4665.78
1757822400,4661.43
1757826000,4678.88
1757829600,4668.89
1757833200,4653.36
1757836800,4658.5
1757840400,4667.75
1757844000,4662.11
1757847600,4637.22
1757851200,4634.98
1757854800,4615.0
1757858400,4604.1
1757862000,4584.36
1757865600,4598.91
1757869200,4621.93
1757872800,4605.89
1757876400,4618.02
1757880000,4619.43
1757883600,4631.7
1757887200,4631.49
1757890800,4605.93
1757894400,4602.91
1757898000,4620.27
1757901600,4622.38
1757905200,4637.69
1757908800,4644.07
1757912400,4664.05
1757916000,4631.73
1757919600,4599.33
1757923200,4512.02
1757926800,4527.4
1757930400,4531.18
1757934000,4531.89
1757937600,4515.8
1757941200,4516.9
1757944800,4512.35
1757948400,4500.83
1757952000,4496.19
1757955600,4510.19
1757959200,4501.39
1757962800,4494.31
1757966400,4511.73
1757970000,4524.96
1757973600,4514.68
1757977200,4524.56
1757980800,4514.52
1757984400,4518.91
1757988000,4515.09
1757991600,4521.9
1757995200,4520.27
1757998800,4530.14
1758002400,4509.57
1758006000,4513.71
1758009600,4512.13
1758013200,4512.19
1758016800,4499.16
1758020400,4502.05
1758024000,4500.65
1758027600,4474.0
1758031200,4447.35
1758034800,4469.0
1758038400,4464.51
1758042000,4488.01
1758045600,4476.22
1758049200,4492.17
1758052800,4499.65
1758056400,4509.11
1758060000,4521.79
1758063600,4502.7
1758067200,4515.09
1758070800,4515.99
1758074400,4532.2
1758078000,4498.9
1758081600,4478.77
1758085200,4516.74
1758088800,4547.22
1758092400,4545.45
1758096000,4512.81
1758099600,4496.24
1758103200,4485.4
1758106800,4493.4
1758110400,4503.45
1758114000,4497.73
1758117600,4491.49
1758121200,4490.77
1758124800,4488.43
1758128400,4442.3
1758132000,4457.3
1758135600,4519.9
1758139200,4503.47
1758142800,4531.13
1758146400,4588.15
1758150000,4592.17
1758153600,4586.74
1758157200,4621.47
1758160800,4615.79
1758164400,4615.2
1758168000,4613.39
1758171600,4590.85
1758175200,4573.29
1758178800,4576.46
1758182400,4603.5
1758186000,4599.03
1758189600,4576.38
1758193200,4577.57
1758196800,4573.0
1758200400,4590.5
1758204000,4598.9
1758207600,4601.51
1758211200,4623.86
1758214800,4611.58
1758218400,4620.0
1758222000,4590.77
1758225600,4606.92
1758229200,4596.89
1758232800,4593.37
1758236400,4589.4
1758240000,4611.09
1758243600,4608.59
1758247200,4590.89
1758250800,4551.33
1758254400,4559.75
1758258000,4542.19
1758261600,4525.19
1758265200,4540.64
1758268800,4536.51
1758272400,4524.66
1758276000,4529.57
1758279600,4515.39
1758283200,4520.14
1758286800,4530.09
1758290400,4496.38
1758294000,4476.79
1758297600,4483.45
1758301200,4461.57
1758304800,4450.47
1758308400,4442.33
1758312000,4461.9
1758315600,4473.74
1758319200,4470.68
1758322800,4471.0
1758326400,4478.14
1758330000,4468.64
1758333600,4468.0
1758337200,4468.16
1758340800,4476.78
1758344400,4480.69
1758348000,4475.61
1758351600,4485.62
1758355200,4468.08
1758358800,4468.17
1758362400,4466.1
1758366000,4472.39
1758369600,4467.81
1758373200,4470.29
1758376800,4489.64
1758380400,4500.8
1758384000,4504.74
1758387600,4488.8
1758391200,4477.73
1758394800,4482.78
1758398400,4486.76
1758402000,4492.63
1758405600,4496.12
1758409200,4482.69
1758412800,4489.21
1758416400,4483.26
1758420000,4480.93
1758423600,4480.68
1758427200,4473.9
1758430800,4480.56
1758434400,4486.95
1758438000,4480.78
1758441600,4471.53
1758445200,4468.7
1758448800,4460.83
1758452400,4462.82
1758456000,4469.2
1758459600,4478.3
1758463200,4474.73
1758466800,4484.99
1758470400,4478.71
1758474000,4493.79
1758477600,4499.59
1758481200,4496.69
1758484800,4477.22
1758488400,4473.5
1758492000,4467.76
1758495600,4447.03
1758499200,4339.23
1758502800,4331.51
1758506400,4290.89
1758510000,4308.26
1758513600,4292.27
1758517200,4226.52
1758520800,4194.79
1758524400,4195.71
1758528000,4198.09
1758531600,4153.6
1758535200,4184.93
1758538800,4184.8
1758542400,4195.3
1758546000,4210.44
1758549600,4193.48
1758553200,4170.66
1758556800,4168.1
1758560400,4167.29
1758564000,4158.19
1758567600,4138.1
1758571200,4184.74
1758574800,4201.03
1758578400,4193.69
1758582000,4202.42
1758585600,4194.88
1758589200,4167.25
1758592800,4146.63
1758596400,4191.39
1758600000,4180.06
1758603600,4185.76
1758607200,4207.95
1758610800,4207.72
1758614400,4211.34
1758618000,4194.48
1758621600,4195.5
1758625200,4194.98
1758628800,4197.88
1758632400,4190.1
1758636000,4177.0
1758639600,4183.43
1758643200,4194.2
1758646800,4149.91
1758650400,4157.79
1758654000,4154.61
1758657600,4177.09
1758661200,4184.6
1758664800,4182.92
1758668400,4165.19
1758672000,4175.37
1758675600,4190.63
1758679200,4170.68
1758682800,4148.86
1758686400,4141.94
1758690000,4173.4
1758693600,4182.0
1758697200,4176.46
1758700800,4176.03
1758704400,4183.82
1758708000,4178.72
1758711600,4183.0
1758715200,4181.58
1758718800,4151.7
1758722400,4195.6
1758726000,4167.68
1758729600,4175.21
1758733200,4185.13
1758736800,4173.93
1758740400,4163.4
1758744000,4167.28
1758747600,4146.95
1758751200,4156.09
1758754800,4153.9
1758758400,4130.26
1758762000,4103.56
1758765600,4102.55
1758769200,4063.48
1758772800,4002.55
1758776400,4025.76
1758780000,3998.35
1758783600,4009.57
1758787200,4016.1
1758790800,4025.73
1758794400,4014.59
1758798000,4003.15
1758801600,3979.55
1758805200,3971.23
1758808800,4015.45
1758812400,4005.05
1758816000,3942.24
1758819600,3839.7
1758823200,3926.34
1758826800,3913.2
1758830400,3887.33
1758834000,3906.32
1758837600,3894.82
1758841200,3875.7
1758844800,3933.47
1758848400,3950.45
1758852000,3960.88
1758855600,3967.74
1758859200,3947.9
1758862800,3924.09
1758866400,3923.99
1758870000,3941.5
1758873600,3936.91
1758877200,3918.02
1758880800,3890.28
1758884400,3908.1
1758888000,3939.7
1758891600,3973.4
1758895200,3932.95
1758898800,3947.92
1758902400,3992.63
1758906000,4047.91
1758909600,4047.19
1758913200,4027.4
1758916800,4011.9
1758920400,4025.39
1758924000,4028.32
1758927600,4034.27
1758931200,4029.17
1758934800,4020.33
1758938400,4014.9
1758942000,4021.19
1758945600,4023.82
1758949200,4022.08
1758952800,4020.9
1758956400,4009.67
1758960000,3987.35
1758963600,3996.69
1758967200,4010.76
1758970800,4003.97
1758974400,4030.68
1758978000,4021.84
1758981600,4016.87
1758985200,4020.47
1758988800,4009.2
1758992400,4003.44
1758996000,3997.97
1758999600,4004.31
1759003200,4008.26
1759006800,4016.2
1759010400,4024.4
1759014000,4020.35
1759017600,4018.32
1759021200,3998.29
1759024800,4003.41
1759028400,4004.52
1759032000,4007.29
1759035600,4012.19
1759039200,4008.08
1759042800,4015.75
1759046400,4003.51
1759050000,3997.47
1759053600,3997.98
1759057200,3994.15
1759060800,3979.5
1759064400,4014.41
1759068000,4025.46
1759071600,4022.89
1759075200,4034.01
1759078800,4040.68
1759082400,4043.27
1759086000,4040.51
1759089600,4052.94
1759093200,4051.27
1759096800,4133.05
1759100400,4143.25
1759104000,4128.8
1759107600,4115.9
1759111200,4113.35
1759114800,4123.64
1759118400,4120.38
1759122000,4115.65
1759125600,4098.5
1759129200,4109.79
1759132800,4123.57
1759136400,4135.49
1759140000,4117.6
1759143600,4105.06
1759147200,4099.65
1759150800,4170.78
1759154400,4190.88
1759158000,4167.16
1759161600,4144.69
1759165200,4158.14
1759168800,4165.18
1759172400,4190.9
1759176000,4228.69
1759179600,4226.36
1759183200,4228.57
1759186800,4217.25
1759190400,4208.88
1759194000,4206.09
1759197600,4201.87
1759201200,4201.09
1759204800,4191.1
1759208400,4186.43
1759212000,4192.06
1759215600,4184.6
1759219200,4171.2
1759222800,4142.69
1759226400,4159.96
1759230000,4167.08
1759233600,4160.28
1759237200,4156.49
1759240800,4150.38
1759244400,4121.4
1759248000,4099.25
1759251600,4101.39
1759255200,4117.09
1759258800,4160.59
1759262400,4196.18
1759266000,4153.93
1759269600,4141.09
1759273200,4145.99
1759276800,4149.79
1759280400,4171.75
1759284000,4153.51
1759287600,4129.32
1759291200,4141.16
1759294800,4145.06
1759298400,4127.25
1759302000,4147.04
1759305600,4292.4
1759309200,4311.57
1759312800,4283.37
1759316400,4300.21
1759320000,4285.75
1759323600,4297.4
1759327200,4326.96
1759330800,4330.3
1759334400,4327.46
1759338000,4295.4
1759341600,4310.42
1759345200,4337.07
1759348800,4337.43
1759352400,4307.68
1759356000,4315.79
1759359600,4350.52
1759363200,4337.7
1759366800,4395.8
1759370400,4388.06
1759374000,4379.3
1759377600,4374.93
1759381200,4386.44
1759384800,4406.25
1759388400,4379.03
1759392000,4390.08
1759395600,4394.28
1759399200,4382.54
1759402800,4381.99
1759406400,4409.18
1759410000,4420.5
1759413600,4377.29
1759417200,4440.1
1759420800,4451.47
1759424400,4469.9
1759428000,4490.78
1759431600,4499.0
1759435200,4494.66
1759438800,4472.01
1759442400,4467.42
1759446000,4487.49
1759449600,4472.17
1759453200,4475.32
1759456800,4514.34
1759460400,4504.55
1759464000,4501.06
1759467600,4479.8
1759471200,4475.5
1759474800,4465.95
1759478400,4469.52
1759482000,4476.56
1759485600,4492.63
1759489200,4481.99
1759492800,4486.06
1759496400,4474.8
1759500000,4486.67
1759503600,4539.09
1759507200,4530.0
1759510800,4474.75
1759514400,4515.25
1759518000,4523.2
1759521600,4539.19
1759525200,4526.14
1759528800,4531.4
1759532400,4515.89
1759536000,4505.2
1759539600,4483.58
1759543200,4488.0
1759546800,4490.44
1759550400,4497.4
1759554000,4507.41
1759557600,4510.29
1759561200,4501.31
1759564800,4492.55
1759568400,4492.81
1759572000,4490.44
1759575600,4486.41
1759579200,4483.26
1759582800,4502.7
1759586400,4473.5
1759590000,4457.71
1759593600,4469.39
1759597200,4466.49
1759600800,4457.85
1759604400,4470.23
1759608000,4477.59
1759611600,4486.66
1759615200,4491.46
1759618800,4490.01
1759622400,4473.74
1759626000,4490.28
1759629600,4550.38
1759633200,4533.09
1759636800,4576.0
1759640400,4569.64
1759644000,4559.94
1759647600,4607.18
1759651200,4588.5
1759654800,4549.63
1759658400,4543.31
1759662000,4551.76
1759665600,4532.84
1759669200,4539.88
1759672800,4536.46
1759676400,4533.61
1759680000,4530.4
1759683600,4513.18
1759687200,4520.5
1759690800,4488.17
1759694400,4498.83
1759698000,4506.63
1759701600,4514.43
1759705200,4515.4
1759708800,4500.9
1759712400,4529.29
1759716000,4540.2
1759719600,4538.53
1759723200,4526.11
1759726800,4528.95
1759730400,4561.36
1759734000,4534.11
1759737600,4562.8
1759741200,4575.0
1759744800,4574.93
1759748400,4573.67
1759752000,4582.44
1759755600,4640.24
1759759200,4640.91
1759762800,4675.49
1759766400,4682.34
1759770000,4698.82
1759773600,4715.07
1759777200,4725.9
1759780800,4690.99
1759784400,4694.99
1759788000,4700.48
1759791600,4686.32
1759795200,4681.55
1759798800,4678.1
1759802400,4688.66
1759806000,4692.27
1759809600,4716.11
1759813200,4714.07
1759816800,4671.8
1759820400,4681.51
1759824000,4673.13
1759827600,4683.07
1759831200,4695.5
1759834800,4712.19
1759838400,4750.0
1759842000,4708.1
1759845600,4596.52
1759849200,4514.57
1759852800,4501.1
1759856400,4477.18
1759860000,4466.39
1759863600,4481.13
1759867200,4511.73
1759870800,4495.42
1759874400,4499.77
1759878000,4449.8
1759881600,4474.57
1759885200,4485.38
1759888800,4482.98
1759892400,4445.82
1759896000,4463.31
1759899600,4439.31
1759903200,4456.9
1759906800,4464.54
1759910400,4477.3
1759914000,4486.09
1759917600,4501.69
1759921200,4489.38
1759924800,4479.65
1759928400,4477.34
1759932000,4451.84
1759935600,4448.29
1759939200,4497.47
1759942800,4540.42
1759946400,4524.7
1759950000,4515.71
1759953600,4504.8
1759957200,4526.65
1759960800,4523.5
1759964400,4527.3
1759968000,4512.5
1759971600,4480.64
1759975200,4414.6
1759978800,4451.75
1759982400,4456.36
1759986000,4456.33
1759989600,4430.68
1759993200,4427.79
1759996800,4329.5
1760000400,4336.59
1760004000,4356.24
1760007600,4375.02
1760011200,4405.93
1760014800,4352.19
1760018400,4347.53
1760022000,4316.23
1760025600,4279.6
1760029200,4336.9
1760032800,4309.78
1760036400,4340.51
1760040000,4339.34
1760043600,4360.51
1760047200,4380.7
1760050800,4370.9
1760054400,4383.5
1760058000,4375.6
1760061600,4361.77
1760065200,4349.53
1760068800,4346.24
1760072400,4369.89
1760076000,4328.79
1760079600,4325.2
1760083200,4347.5
1760086800,4323.37
1760090400,4344.37
1760094000,4345.19
1760097600,4350.36
1760101200,4357.17
1760104800,4282.08
1760108400,4104.75
1760112000,4109.53
1760115600,4095.09
1760119200,4054.13
1760122800,3998.1
1760126400,3871.6
1760130000,3965.15
1760133600,3867.68
1760137200,3836.15
1760140800,3844.43
1760144400,3737.74
1760148000,3845.83
1760151600,3796.84
1760155200,3825.99
1760158800,3794.15
1760162400,3786.14
1760166000,3763.58
1760169600,3819.18
1760173200,3833.64
1760176800,3837.48
1760180400,3843.88
1760184000,3827.89
1760187600,3836.32
1760191200,3818.04
1760194800,3829.26
1760198400,3823.75
1760202000,3829.1
1760205600,3819.39
1760209200,3764.39
1760212800,3699.58
1760216400,3740.03
1760220000,3746.89
1760223600,3750.6
1760227200,3704.95
1760230800,3722.77
1760234400,3737.59
1760238000,3785.33
1760241600,3805.5
1760245200,3809.62
1760248800,3836.5
1760252400,3831.92
1760256000,3825.39
1760259600,3845.4
1760263200,3822.34
1760266800,3822.02
1760270400,3834.08
1760274000,3811.7
1760277600,3976.61
1760281200,4037.11
1760284800,4109.35
1760288400,4131.12
1760292000,4112.15
1760295600,4138.94
1760299200,4140.41
1760302800,4139.19
1760306400,4138.1
1760310000,4156.21
1760313600,4143.92
1760317200,4202.51
1760320800,4162.73
1760324400,4143.47
1760328000,4145.1
1760331600,4134.26
1760335200,4172.6
1760338800,4181.5
1760342400,4177.29
1760346000,4167.89
1760349600,4155.0
1760353200,4083.75
1760356800,4100.61
1760360400,4168.5
1760364000,4098.71
1760367600,4139.46
1760371200,4169.0
1760374800,4239.0
1760378400,4232.1
1760382000,4256.29
1760385600,4290.4
1760389200,4262.01
1760392800,4275.42
1760396400,4244.69
1760400000,4245.75
1760403600,4214.74
1760407200,4175.38
1760410800,4156.48
1760414400,4102.71
1760418000,4072.74
1760421600,4006.41
1760425200,3983.33
1760428800,3999.55
1760432400,3988.19
1760436000,3945.45
1760439600,3974.97
1760443200,3943.89
1760446800,3958.81
1760450400,3971.9
1760454000,4088.48
1760457600,4099.1
1760461200,4103.5
1760464800,4122.28
1760468400,4104.8
1760472000,4119.6
1760475600,4119.21
1760479200,4120.66
1760482800,4126.39
1760486400,4120.97
1760490000,4115.01
1760493600,4120.74
1760497200,4083.57
1760500800,4117.91
1760504400,4111.79
1760508000,4120.92
1760511600,4124.39
1760515200,4184.2
1760518800,4158.36
1760522400,4121.7
1760526000,4103.03
1760529600,4098.09
1760533200,4057.8
1760536800,4012.8
1760540400,3983.61
1760544000,3978.77
1760547600,3995.0
1760551200,4009.59
1760554800,3985.28
1760558400,3963.23
1760562000,3955.41
1760565600,3963.31
1760569200,3987.53
1760572800,3983.95
1760576400,4011.85
1760580000,4033.1
1760583600,4016.69
1760587200,4001.0
1760590800,3998.64
1760594400,4043.68
1760598000,4005.2
1760601600,3995.7
1760605200,4031.4
1760608800,4050.24
1760612400,4064.16
1760616000,4056.13
1760619600,4022.3
1760623200,4017.59
1760626800,3908.45
1760630400,3965.42
1760634000,3923.1
1760637600,3906.6
1760641200,3867.79
1760644800,3852.13
1760648400,3884.87
1760652000,3865.97
1760655600,3894.91
1760659200,3928.44
1760662800,3920.88
1760666400,3923.72
1760670000,3933.89
1760673600,3913.58
1760677200,3896.17
1760680800,3819.73
1760684400,3756.09
1760688000,3708.26
1760691600,3723.86
1760695200,3724.89
1760698800,3778.41
1760702400,3775.87
1760706000,3790.6
1760709600,3751.1
1760713200,3798.39
1760716800,3788.88
1760720400,3818.07
1760724000,3836.62
1760727600,3829.01
1760731200,3860.35
1760734800,3877.94
1760738400,3855.92
1760742000,3832.99
1760745600,3841.57
1760749200,3869.86
1760752800,3852.08
1760756400,3871.85
1760760000,3844.94
1760763600,3868.7
1760767200,3873.82
1760770800,3893.9
1760774400,3878.28
1760778000,3880.0
1760781600,3877.7
1760785200,3883.67
1760788800,3884.61
1760792400,3867.26
1760796000,3875.48
1760799600,3879.19
1760803200,3866.97
1760806800,3894.67
1760810400,3889.99
1760814000,3894.84
1760817600,3887.08
1760821200,3893.29
1760824800,3887.26
1760828400,3890.4
1760832000,3870.09
1760835600,3875.24
1760839200,3874.3
1760842800,3906.9
1760846400,3904.01
1760850000,3898.0
1760853600,3882.49
1760857200,3889.36
1760860800,3864.08
1760864400,3913.57
1760868000,3931.92
1760871600,3925.02
1760875200,3923.7
1760878800,3973.11
1760882400,3990.59
1760886000,3980.5
1760889600,3982.93
1760893200,3995.6
1760896800,4003.87
1760900400,3987.4
1760904000,4002.7
1760907600,3999.41
1760911200,4021.66
1760914800,3983.89
1760918400,3943.48
1760922000,3939.81
1760925600,3958.29
1760929200,4028.86
1760932800,4055.71
1760936400,4061.92
1760940000,4076.44
1760943600,4057.02
1760947200,4047.6
1760950800,4046.42
1760954400,4027.43
1760958000,4036.25
1760961600,4039.19
1760965200,4040.15
1760968800,4039.97
1760972400,4005.4
1760976000,3951.14
1760979600,3951.71
1760983200,3975.38
1760986800,3981.94
1760990400,3999.68
1760994000,3978.11
1760997600,3990.0
1761001200,3980.42
1761004800,3973.44
1761008400,3949.41
1761012000,3932.67
1761015600,3923.98
1761019200,3852.0
1761022800,3865.31
1761026400,3888.28
1761030000,3893.68
1761033600,3868.79
1761037200,3865.66
1761040800,3884.9
1761044400,3890.76
1761048000,3881.24
1761051600,3866.99
1761055200,4023.38
1761058800,4083.83
1761062400,4031.45
1761066000,4016.42
1761069600,4016.21
1761073200,3998.15
1761076800,3956.85
1761080400,3947.97
1761084000,3903.34
1761087600,3874.57
1761091200,3843.98
1761094800,3871.65
1761098400,3863.51
1761102000,3861.26
1761105600,3881.06
1761109200,3862.64
1761112800,3854.48
1761116400,3870.56
1761120000,3855.65
1761123600,3838.59
1761127200,3822.39
1761130800,3830.57
1761134400,3848.8
1761138000,3874.42
1761141600,3853.37
1761145200,3842.08
1761148800,3836.63
1761152400,3808.55
1761156000,3803.6
1761159600,3804.4
1761163200,3781.63
1761166800,3745.44
1761170400,3752.84
1761174000,3806.12
1761177600,3815.9
1761181200,3822.42
1761184800,3826.8
1761188400,3827.84
1761192000,3836.98
1761195600,3849.06
1761199200,3893.17
1761202800,3882.31
1761206400,3888.45
1761210000,3891.27
1761213600,3878.68
1761217200,3864.42
1761220800,3854.08
1761224400,3852.2
1761228000,3849.1
1761231600,3878.23
1761235200,3919.44
1761238800,3923.26
1761242400,3871.34
1761246000,3861.01
1761249600,3830.59
1761253200,3829.82
1761256800,3852.46
1761260400,3858.41
1761264000,3868.59
1761267600,3883.2
1761271200,3890.71
1761274800,3892.37
1761278400,3975.17
1761282000,3975.35
1761285600,3983.89
1761289200,3950.5
1761292800,3953.38
1761296400,3959.71
1761300000,3957.66
1761303600,3947.6
1761307200,3964.22
1761310800,3947.72
1761314400,3903.45
1761318000,3889.99
1761321600,3890.38
1761325200,3889.14
1761328800,3912.8
1761332400,3927.29
1761336000,3939.58
1761339600,3944.31
1761343200,3936.8
1761346800,3936.1
1761350400,3919.32
1761354000,3933.78
1761357600,3935.14
1761361200,3921.89
1761364800,3923.66
1761368400,3931.29
1761372000,3928.86
1761375600,3929.71
1761379200,3954.48
1761382800,3943.29
1761386400,3943.28
1761390000,3940.84
1761393600,3954.03
1761397200,3943.91
1761400800,3938.3
1761404400,3931.0
1761426000,3953.0
1761429600,3962.09
1761433200,3954.52
1761436800,3951.06
1761440400,3933.71
1761444000,3931.51
1761447600,3932.49
1761451200,3940.39
1761454800,3943.29
1761458400,3945.09
1761462000,3952.12
1761465600,3961.32
1761469200,3988.7
1761472800,3983.16
1761476400,4045.17
1761480000,4072.28
1761483600,4083.37
1761487200,4066.49
1761490800,4074.83
1761494400,4055.92
1761498000,4059.73
1761501600,4072.28
1761505200,4068.15
1761508800,4062.2
1761512400,4080.99
1761516000,4160.86
1761519600,4158.81
1761523200,4170.39
1761526800,4191.87
1761530400,4206.06
1761534000,4205.06
1761537600,4212.78
1761541200,4233.29
1761544800,4235.22
1761548400,4201.56
1761552000,4166.46
1761555600,4160.0
1761559200,4167.38
1761562800,4162.16
1761566400,4144.89
1761570000,4177.77
1761573600,4149.24
1761577200,4173.21
1761580800,4214.91
1761584400,4221.76
1761588000,4215.44
1761591600,4195.59
1761595200,4128.5
1761598800,4116.97
1761602400,4123.23
1761606000,4120.1
1761609600,4115.83
1761613200,4136.95
1761616800,4095.96
1761620400,4094.15
1761624000,4099.43
1761627600,4068.65
1761631200,4113.3
1761634800,4117.01
1761638400,4123.6
1761642000,4122.8
1761645600,4118.0
1761649200,4111.93
1761652800,4121.48
1761656400,4158.6
1761660000,4119.2
1761663600,4097.06
1761667200,4135.06
1761670800,4140.59
1761674400,4115.37
1761678000,4041.23
1761681600,3979.88
1761685200,3983.63
1761688800,3995.93
1761692400,3980.25
1761696000,3973.2
1761699600,3983.64
1761703200,4003.44
1761706800,3998.55
1761710400,4013.82
1761714000,4027.6
1761717600,4024.9
1761721200,4025.53
1761724800,4008.46
1761728400,3998.75
1761732000,3990.0
1761735600,4011.79
1761739200,4016.9
1761742800,3995.56
1761746400,3988.8
1761750000,3951.51
1761753600,3962.47
1761757200,4015.33
1761760800,3918.0
1761764400,3905.44
1761768000,3952.11
1761771600,3957.19
1761775200,3941.3
1761778800,3904.2
1761782400,3922.93
1761786000,3928.2
1761789600,3946.11
1761793200,3935.12
1761796800,3871.77
1761800400,3916.91
1761804000,3914.0
1761807600,3939.99
1761811200,3921.72
1761814800,3899.93
1761818400,3892.77
1761822000,3881.05
1761825600,3818.55
1761829200,3766.5
1761832800,3801.24
1761836400,3773.99
1761840000,3780.82
1761843600,3770.27
1761847200,3720.35
1761850800,3686.11
1761854400,3756.31
1761858000,3772.73
1761861600,3783.46
1761865200,3804.02
1761868800,3831.28
1761872400,3846.61
1761876000,3820.62
1761879600,3828.52
1761883200,3861.86
1761886800,3849.71
1761890400,3830.15
1761894000,3830.0
1761897600,3850.71
1761901200,3843.17
1761904800,3834.15
1761908400,3872.0
1761912000,3834.99
1761915600,3857.39
1761919200,3865.83
1761922800,3859.66
1761926400,3820.29
1761930000,3825.76
1761933600,3850.92
1761937200,3883.21
1761940800,3858.33
1761944400,3859.91
1761948000,3853.59
1761951600,3845.79
1761955200,3845.34
1761958800,3842.1
1761962400,3850.04
1761966000,3859.35
1761969600,3864.71
1761973200,3853.36
1761976800,3856.6
1761980400,3858.79
1761984000,3879.55
1761987600,3873.19
1761991200,3874.32
1761994800,3875.81
1761998400,3874.11
1762002000,3868.28
1762005600,3871.37
1762009200,3893.26
1762012800,3890.64
1762016400,3864.5
1762020000,3878.54
1762023600,3878.61
1762027200,3879.99
1762030800,3865.55
1762034400,3873.25
1762038000,3872.16
1762041600,3864.79
1762045200,3870.74
1762048800,3878.91
1762052400,3879.58
1762056000,3906.64
1762059600,3901.7
1762063200,3900.82
1762066800,3905.32
1762070400,3893.55
1762074000,3871.59
1762077600,3862.23
1762081200,3889.68
1762084800,3876.32
1762088400,3867.37
1762092000,3851.99
1762095600,3852.41
1762099200,3863.59
1762102800,3858.83
1762106400,3863.44
1762110000,3855.62
1762113600,3858.24
1762117200,3860.69
1762120800,3854.29
1762124400,3905.97
1762128000,3864.16
1762131600,3837.19
1762135200,3798.98
1762138800,3736.3
1762142400,3746.45
1762146000,3731.68
1762149600,3717.94
1762153200,3713.8
1762156800,3715.81
1762160400,3702.68
1762164000,3674.97
1762167600,3711.26
1762171200,3708.79
1762174800,3719.15
1762178400,3733.77
1762182000,3588.26
1762185600,3618.3
1762189200,3665.98
1762192800,3631.29
1762196400,3630.3
1762200000,3586.78
1762203600,3601.34
1762207200,3588.9
1762210800,3602.88
1762214400,3616.96
1762218000,3643.38
1762221600,3624.66
1762225200,3640.67
1762228800,3624.36
1762232400,3491.0
1762236000,3511.41
1762239600,3492.87
1762243200,3493.78
1762246800,3490.41
1762250400,3483.71
1762254000,3528.03
1762257600,3509.99
1762261200,3505.59
1762264800,3554.82
1762268400,3506.41
1762272000,3427.51
1762275600,3370.79
1762279200,3302.06
1762282800,3228.44
1762286400,3212.63
1762290000,3212.91
1762293600,3246.19
1762297200,3286.21
1762300800,3239.59
1762304400,3243.51
1762308000,3325.37
1762311600,3334.49
1762315200,3329.13
1762318800,3325.8
1762322400,3337.32
1762326000,3330.74
1762329600,3300.52
1762333200,3307.18
1762336800,3276.59
1762340400,3323.84
1762344000,3344.78
1762347600,3360.15
1762351200,3348.34
1762354800,3397.66
1762358400,3436.89
1762362000,3435.64
1762365600,3461.35
1762369200,3454.89
1762372800,3450.15
1762376400,3441.45
1762380000,3424.14
1762383600,3423.89
1762387200,3406.93
1762390800,3404.91
1762394400,3421.51
1762398000,3432.41
1762401600,3452.5
1762405200,3387.5
1762408800,3384.36
1762412400,3379.8
1762416000,3384.69
1762419600,3382.7
1762423200,3392.81
1762426800,3398.89
1762430400,3348.6
1762434000,3389.79
1762437600,3327.43
1762441200,3298.7
1762444800,3274.75
1762448400,3327.8
1762452000,3327.69
1762455600,3324.23
1762459200,3304.52
1762462800,3324.55
1762466400,3317.6
1762470000,3313.46
1762473600,3323.48
1762477200,3323.06
1762480800,3345.1
1762484400,3343.0
1762488000,3336.7
1762491600,3365.38
1762495200,3345.61
1762498800,3356.21
1762502400,3339.86
1762506000,3299.71
1762509600,3278.93
1762513200,3258.37
1762516800,3220.6
1762520400,3238.48
1762524000,3286.85
1762527600,3295.04
1762531200,3306.94
1762534800,3383.62
1762538400,3424.11
1762542000,3441.95
1762545600,3463.71
1762549200,3467.46
1762552800,3444.56
1762556400,3433.71
1762560000,3421.71
1762563600,3435.03
1762567200,3438.78
1762570800,3451.9
1762574400,3456.28
1762578000,3429.02
1762581600,3443.8
1762585200,3446.4
1762588800,3452.9
1762592400,3437.89
1762596000,3444.38
1762599600,3411.4
1762603200,3407.51
1762606800,3395.3
1762610400,3398.9
1762614000,3375.86
1762617600,3367.11
1762621200,3398.2
1762624800,3401.72
1762628400,3388.12
1762632000,3396.92
1762635600,3404.78
1762639200,3408.37
1762642800,3400.46
1762646400,3383.52
1762650000,3399.47
1762653600,3367.1
1762657200,3374.89
1762660800,3373.16
1762664400,3404.7
1762668000,3404.17
1762671600,3422.3
1762675200,3420.85
1762678800,3400.27
1762682400,3401.35
1762686000,3427.88
1762689600,3440.95
1762693200,3458.2
1762696800,3505.48
1762700400,3514.74
1762704000,3527.59
1762707600,3514.72
1762711200,3541.1
1762714800,3579.47
1762718400,3578.39
1762722000,3580.28
1762725600,3586.91
1762729200,3582.92
1762732800,3635.1
1762736400,3628.8
1762740000,3627.75
1762743600,3627.05
1762747200,3616.9
1762750800,3607.52
1762754400,3604.98
1762758000,3608.26
1762761600,3593.2
1762765200,3624.2
1762768800,3605.4
1762772400,3609.34
1762776000,3590.92
1762779600,3615.42
1762783200,3540.81
1762786800,3518.31
1762790400,3528.07
1762794000,3554.33
1762797600,3531.33
1762801200,3557.7
1762804800,3570.4
1762808400,3540.3
1762812000,3574.93
1762815600,3566.49
1762819200,3585.23
1762822800,3580.06
1762826400,3614.23
1762830000,3604.7
1762833600,3574.2
1762837200,3547.51
1762840800,3556.69
1762844400,3543.48
1762848000,3562.24
1762851600,3554.88
1762855200,3560.27
1762858800,3573.51
1762862400,3540.68
1762866000,3532.36
1762869600,3529.44
1762873200,3480.63
1762876800,3484.55
1762880400,3472.61
1762884000,3467.95
1762887600,3455.22
1762891200,3437.05
1762894800,3416.1
1762898400,3428.73
1762902000,3416.54
1762905600,3415.44
1762909200,3446.4
1762912800,3426.19
1762916400,3437.91
1762920000,3443.73
1762923600,3448.77
1762927200,3437.85
1762930800,3427.56
1762934400,3468.39
1762938000,3483.74
1762941600,3533.56
1762945200,3549.5
1762948800,3551.86
1762952400,3576.16
1762956000,3502.22
1762959600,3427.24
1762963200,3398.56
1762966800,3429.04
1762970400,3423.45
1762974000,3407.51
1762977600,3415.53
1762981200,3422.3
1762984800,3421.23
1762988400,3414.06
1762992000,3411.74
1762995600,3423.64
1762999200,3433.78
1763002800,3452.6
1763006400,3481.3
1763010000,3528.15
1763013600,3540.1
1763017200,3537.19
1763020800,3523.07
1763024400,3485.41
1763028000,3504.79
1763031600,3500.39
1763035200,3500.27
1763038800,3437.02
1763042400,3443.4
1763046000,3385.54
1763049600,3325.59
1763053200,3253.37
1763056800,3211.82
1763060400,3195.9
1763064000,3168.9
1763067600,3177.28
1763071200,3227.53
1763074800,3229.65
1763078400,3198.95
1763082000,3205.3
1763085600,3236.24
1763089200,3226.45
1763092800,3161.61
1763096400,3191.3
1763100000,3220.08
1763103600,3213.61
1763107200,3203.02
1763110800,3155.05
1763114400,3174.56
1763118000,3143.66
1763121600,3124.59
1763125200,3119.11
1763128800,3196.88
1763132400,3194.34
1763136000,3229.68
1763139600,3177.89
1763143200,3166.62
1763146800,3205.8
1763150400,3135.27
1763154000,3164.52
1763157600,3156.47
1763161200,3109.49
1763164800,3138.41
1763168400,3170.93
1763172000,3191.23
1763175600,3177.34
1763179200,3170.15
1763182800,3176.91
1763186400,3173.78
1763190000,3174.54
1763193600,3141.3
1763197200,3150.7
1763200800,3166.81
1763204400,3149.99
1763208000,3160.55
1763211600,3190.8
1763215200,3176.0
1763218800,3184.3
1763222400,3184.09
1763226000,3213.09
1763229600,3206.22
1763233200,3196.35
1763236800,3172.65
1763240400,3155.53
1763244000,3169.36
1763247600,3166.3
1763251200,3150.91
1763254800,3148.2
1763258400,3200.41
1763262000,3200.73
1763265600,3191.85
1763269200,3202.4
1763272800,3198.46
1763276400,3217.31
1763280000,3217.05
1763283600,3245.56
1763287200,3233.56
1763290800,3166.68
1763294400,3167.69
1763298000,3152.22
1763301600,3169.52
1763305200,3103.0
1763308800,3060.01
1763312400,3077.71
1763316000,3058.79
1763319600,3089.02
1763323200,3087.56
1763326800,3072.0
1763330400,3090.04
1763334000,3092.25
1763337600,3134.87
1763341200,3112.96
1763344800,3146.85
1763348400,3174.45
1763352000,3183.49
1763355600,3184.72
1763359200,3191.85
1763362800,3196.23
1763366400,3187.87
1763370000,3192.46
1763373600,3194.38
1763377200,3202.39
1763380800,3181.59
1763384400,3118.99
1763388000,3149.75
1763391600,3117.8
1763395200,3132.15
1763398800,3055.65
1763402400,3021.56
1763406000,2977.99
1763409600,3000.64
1763413200,3005.43
1763416800,3019.89
1763420400,3027.89
1763424000,3028.59
1763427600,3013.02
1763431200,2981.67
1763434800,3020.29
1763438400,3002.1
1763442000,3008.28
1763445600,2986.1
1763449200,3020.59
1763452800,3056.92
1763456400,3056.8
1763460000,3062.25
1763463600,3053.86
1763467200,3046.08
1763470800,3045.0
1763474400,3054.47
1763478000,3103.9
1763481600,3150.1
1763485200,3134.0
1763488800,3158.86
1763492400,3143.88
1763496000,3120.46
1763499600,3096.39
1763503200,3123.6
1763506800,3121.74
1763510400,3098.4
1763514000,3103.28
1763517600,3111.6
1763521200,3070.4
1763524800,3046.2
1763528400,3015.15
1763532000,3039.13
1763535600,3083.54
1763539200,3078.12
1763542800,3086.3
1763546400,3089.09
1763550000,3080.65
1763553600,3097.97
1763557200,3064.83
1763560800,3059.11
1763564400,2970.33
1763568000,2947.3
1763571600,2920.55
1763575200,2896.01
1763578800,2877.9
1763582400,2941.36
1763586000,2988.5
1763589600,2982.09
1763593200,3023.1
1763596800,3016.53
1763600400,3045.34
1763604000,3041.09
1763607600,3036.11
1763611200,3051.5
1763614800,3032.75
1763618400,3018.0
1763622000,3036.67
1763625600,3028.34
1763629200,3008.27
1763632800,3012.0
1763636400,3020.57
1763640000,3025.69
1763643600,2997.01
1763647200,2998.31
1763650800,2951.38
1763654400,2858.51
1763658000,2830.74
1763661600,2810.08
1763665200,2843.84
1763668800,2830.71
1763672400,2875.51
1763676000,2882.6
1763679600,2830.59
1763683200,2857.37
1763686800,2857.61
1763690400,2779.84
1763694000,2805.57
1763697600,2815.68
1763701200,2805.65
1763704800,2786.61
1763708400,2716.01
1763712000,2734.8
1763715600,2677.58
1763719200,2693.04
1763722800,2684.65
1763726400,2724.47
1763730000,2738.83
1763733600,2767.6
1763737200,2702.97
1763740800,2760.97
1763744400,2778.08
1763748000,2776.8
1763751600,2749.48
1763755200,2735.91
1763758800,2765.16
1763762400,2720.16
1763766000,2763.99
1763769600,2764.4
1763773200,2772.96
1763776800,2751.21
1763780400,2750.8
1763784000,2745.4
1763787600,2742.81
1763791200,2764.55
1763794800,2754.48
1763798400,2728.09
1763802000,2724.15
1763805600,2711.18
1763809200,2733.34
1763812800,2719.51
1763816400,2717.98
1763820000,2744.71
1763823600,2737.02
1763827200,2754.12
1763830800,2748.43
1763834400,2751.1
1763838000,2749.21
1763841600,2739.6
1763845200,2746.13
1763848800,2787.44
1763852400,2768.5
1763856000,2771.66
1763859600,2806.95
1763863200,2819.74
1763866800,2823.52
1763870400,2826.4
1763874000,2823.98
1763877600,2808.81
1763881200,2792.41
1763884800,2810.11
1763888400,2815.15
1763892000,2807.09
1763895600,2814.37
1763899200,2833.77
1763902800,2842.97
1763906400,2813.72
1763910000,2835.42
1763913600,2799.16
1763917200,2791.62
1763920800,2807.71
1763924400,2821.56
1763928000,2827.44
1763931600,2840.7
1763935200,2837.83
1763938800,2801.14
1763942400,2786.89
1763946000,2804.9
1763949600,2839.32
1763953200,2855.28
1763956800,2823.7
1763960400,2865.56
1763964000,2838.02
1763967600,2828.6
1763971200,2837.37
1763974800,2796.52
1763978400,2797.69
1763982000,2801.86
1763985600,2802.3
1763989200,2813.85
1763992800,2831.12
1763996400,2844.96
1764000000,2857.54
1764003600,2938.42
1764007200,2956.86
1764010800,2958.51
1764014400,2971.98
1764018000,2958.56
1764021600,2959.8
1764025200,2952.59
1764028800,2942.52
1764032400,2918.22
1764036000,2930.29
1764039600,2911.09
1764043200,2936.98
1764046800,2927.84
1764050400,2921.94
1764054000,2902.24
1764057600,2871.16
1764061200,2891.37
1764064800,2897.82
1764068400,2890.37
1764072000,2926.55
1764075600,2906.49
1764079200,2879.91
1764082800,2894.4
1764086400,2927.59
1764090000,2934.9
1764093600,2922.73
1764097200,2921.61
1764100800,2927.91
1764104400,2929.96
1764108000,2969.85
1764111600,2958.17
1764115200,2953.31
1764118800,2968.88
1764122400,2955.54
1764126000,2925.56
1764129600,2929.88
1764133200,2943.03
1764136800,2945.22
1764140400,2943.72
1764144000,2911.79
1764147600,2906.03
1764151200,2911.69
1764154800,2913.82
1764158400,2901.09
1764162000,2933.19
1764165600,2909.52
1764169200,2926.43
1764172800,2945.29
1764176400,3026.38
1764180000,3033.85
1764183600,3032.05
1764187200,3025.87
1764190800,3021.88
1764194400,3027.45
1764198000,3026.43
1764201600,3035.1
1764205200,3052.21
1764208800,3037.26
1764212400,3033.39
1764216000,3041.21
1764219600,3023.01
1764223200,3027.43
1764226800,3034.27
1764230400,3028.11
1764234000,3027.42
1764237600,3034.1
1764241200,3028.01
1764244800,2991.09
1764248400,2995.13
1764252000,2996.09
1764255600,3010.42
1764259200,3020.51
1764262800,3019.53
1764266400,3037.49
1764270000,3031.81
1764273600,3038.86
1764277200,3031.98
1764280800,3010.94
1764284400,3014.86
1764288000,3013.99
1764291600,2997.68
1764295200,3012.05
1764298800,3007.98
1764302400,3016.97
1764306000,3023.74
1764309600,3009.03
1764313200,3001.24
1764316800,3064.42
1764320400,3055.24
1764324000,3060.68
1764327600,3033.58
1764331200,3036.19
1764334800,3073.99
1764338400,3067.68
1764342000,3074.61
1764345600,3025.77
1764349200,3035.39
1764352800,3044.49
1764356400,3050.5
1764360000,3057.23
1764363600,3037.62
1764367200,3040.4
1764370800,3031.86
1764374400,3036.91
1764378000,3039.19
1764381600,3031.45
1764385200,3023.33
1764388800,3041.19
1764392400,3033.43
1764396000,3008.41
1764399600,3005.68
1764403200,3009.31
1764406800,3002.95
1764410400,2998.63
1764414000,3001.05
1764417600,2998.22
1764421200,2999.78
1764424800,2989.39
1764428400,3008.49
1764432000,3004.41
1764435600,2970.9
1764439200,2995.85
1764442800,2989.76
1764446400,2998.46
1764450000,2995.3
1764453600,2989.9
1764457200,2990.31
1764460800,2998.41
1764464400,3006.07
1764468000,2991.94
1764471600,3002.48
1764475200,2999.0
1764478800,2992.75
1764482400,2998.64
1764486000,3005.78
1764489600,3007.18
1764493200,3010.29
1764496800,3009.84
1764500400,3003.53
1764504000,3026.7
1764507600,3050.15
1764511200,3038.75
1764514800,3029.33
1764518400,3044.83
1764522000,3041.61
1764525600,3037.35
1764529200,3035.12
1764532800,3029.07
1764536400,3022.76
1764540000,3033.5
1764543600,2991.9
1764547200,2836.83
1764550800,2851.5
1764554400,2838.06
1764558000,2825.86
1764561600,2821.5
1764565200,2828.01
1764568800,2824.73
1764572400,2839.88
1764576000,2840.81
1764579600,2839.11
1764583200,2843.41
1764586800,2837.41
1764590400,2820.74
1764594000,2812.75
1764597600,2817.44
1764601200,2745.3
1764604800,2730.9
1764608400,2739.36
1764612000,2749.36
1764615600,2740.58
1764619200,2758.13
1764622800,2791.83
1764626400,2797.65
1764630000,2798.3
1764633600,2795.6
1764637200,2795.11
1764640800,2800.65
1764644400,2804.55
1764648000,2804.85
1764651600,2803.34
1764655200,2813.22
1764658800,2806.01
1764662400,2798.6
1764666000,2797.94
1764669600,2823.34
1764673200,2826.14
1764676800,2828.07
1764680400,2845.1
1764684000,2895.59
1764687600,3007.0
1764691200,2996.03
1764694800,3016.49
1764698400,3014.42
1764702000,3016.37
1764705600,2979.15
1764709200,2996.23
1764712800,3018.1
1764716400,2996.7
1764720000,3004.05
1764723600,3016.33
1764727200,3031.48
1764730800,3031.06
1764734400,3057.57
1764738000,3059.39
1764741600,3067.91
1764745200,3058.44
1764748800,3051.85
1764752400,3061.5
1764756000,3056.15
1764759600,3074.09
1764763200,3082.14
1764766800,3090.9
1764770400,3077.01
1764774000,3087.2
1764777600,3089.0
1764781200,3128.91
1764784800,3116.4
1764788400,3129.59
1764792000,3138.89
1764795600,3164.58
1764799200,3189.45
1764802800,3189.79
1764806400,3198.9
1764810000,3203.61
1764813600,3222.34
1764817200,3210.58
1764820800,3192.55
1764824400,3185.63
1764828000,3205.72
1764831600,3190.2
1764835200,3184.27
1764838800,3200.53
1764842400,3188.54
1764846000,3186.88
1764849600,3177.19
1764853200,3171.13
1764856800,3145.6
1764860400,3209.11
1764864000,3169.8
1764867600,3161.84
1764871200,3142.12
1764874800,3119.99
1764878400,3142.54
1764882000,3124.19
1764885600,3144.7
1764889200,3134.13
1764892800,3147.51
1764896400,3164.21
1764900000,3184.28
1764903600,3171.64
1764907200,3168.79
1764910800,3156.67
1764914400,3170.06
1764918000,3175.09
1764921600,3155.9
1764925200,3123.31
1764928800,3135.59
1764932400,3132.45
1764936000,3128.52
1764939600,3099.92
1764943200,3103.65
1764946800,3106.66
1764950400,3033.25
1764954000,3034.36
1764957600,3007.7
1764961200,3039.3
1764964800,3022.1
1764968400,3019.95
1764972000,3027.46
1764975600,3022.61
1764979200,3026.41
1764982800,3027.24
1764986400,3029.4
1764990000,3040.84
1764993600,3037.29
1764997200,3038.01
1765000800,3040.19
1765004400,3027.0
1765008000,3014.86
1765011600,3030.71
1765015200,3032.11
1765018800,3039.54
1765022400,3032.24
1765026000,3036.46
1765029600,3055.66
1765033200,3042.25
1765036800,3053.26
1765040400,3056.69
1765044000,3043.02
1765047600,3031.41
1765051200,3040.81
1765054800,3043.86
1765058400,3042.9
1765062000,3039.13
1765065600,3045.46
1765069200,3043.58
1765072800,3053.9
1765076400,3054.81
1765080000,3047.3
1765083600,3045.49
1765087200,3049.1
1765090800,3037.3
1765094400,3035.09
1765098000,3030.91
1765101600,3038.4
1765105200,3036.21
1765108800,3049.5
1765112400,3032.35
1765116000,2944.2
1765119600,3026.89
1765123200,3040.19
1765126800,3113.48
1765130400,3129.49
1765134000,3138.3
1765137600,3141.46
1765141200,3085.62
1765144800,3034.21
1765148400,3061.0
1765152000,3063.78
1765155600,3098.25
1765159200,3110.46
1765162800,3111.41
1765166400,3129.29
1765170000,3130.47
1765173600,3130.8
1765177200,3134.46
1765180800,3144.32
1765184400,3158.94
1765188000,3160.47
1765191600,3142.53
1765195200,3131.98
1765198800,3145.63
1765202400,3128.33
1765206000,3101.98
1765209600,3108.35
1765213200,3121.3
1765216800,3092.39
1765220400,3119.18
1765224000,3137.09
1765227600,3147.23
1765231200,3130.4
1765234800,3124.93
1765238400,3120.1
1765242000,3107.59
1765245600,3099.14
1765249200,3129.7
1765252800,3107.4
1765256400,3108.53
1765260000,3113.09
1765263600,3123.2
1765267200,3121.03
1765270800,3105.87
1765274400,3107.79
1765278000,3118.49
1765281600,3137.89
1765285200,3117.62
1765288800,3117.55
1765292400,3246.4
1765296000,3366.41
1765299600,3376.01
1765303200,3376.61
1765306800,3358.0
1765310400,3327.79
1765314000,3302.09
1765317600,3329.11
1765321200,3318.54
1765324800,3306.39
1765328400,3302.95
1765332000,3311.31
1765335600,3310.08
1765339200,3323.55
1765342800,3323.01
1765346400,3326.16
1765350000,3327.72
1765353600,3322.71
1765357200,3348.32
1765360800,3312.46
1765364400,3318.9
1765368000,3324.78
1765371600,3335.05
1765375200,3319.36
1765378800,3328.52
1765382400,3351.8
1765386000,3370.83
1765389600,3382.3
1765393200,3390.93
1765396800,3357.65
1765400400,3340.75
1765404000,3347.42
1765407600,3325.02
1765411200,3280.4
1765414800,3255.85
1765418400,3212.13
1765422000,3192.9
1765425600,3215.77
1765429200,3214.99
1765432800,3203.32
1765436400,3202.13
1765440000,3197.59
1765443600,3199.61
1765447200,3196.95
1765450800,3193.68
1765454400,3199.78
1765458000,3192.4
1765461600,3159.07
1765465200,3179.7
1765468800,3174.74
1765472400,3182.5
1765476000,3203.94
1765479600,3195.15
1765483200,3223.22
1765486800,3250.47
1765490400,3239.02
1765494000,3237.4
1765497600,3189.48
1765501200,3235.63
1765504800,3259.55
1765508400,3246.45
1765512000,3248.39
1765515600,3248.51
1765519200,3255.0
1765522800,3247.07
1765526400,3246.02
1765530000,3252.01
1765533600,3244.95
1765537200,3243.31
1765540800,3248.23
1765544400,3243.2
1765548000,3232.36
1765551600,3071.2
1765555200,3069.78
1765558800,3066.4
1765562400,3079.78
1765566000,3073.21
1765569600,3082.21
1765573200,3081.11
1765576800,3094.17
1765580400,3084.91
1765584000,3086.61
1765587600,3084.61
1765591200,3085.21
1765594800,3090.34
1765598400,3089.88
1765602000,3089.96
1765605600,3094.05
1765609200,3095.32
1765612800,3116.71
1765616400,3118.62
1765620000,3128.04
1765623600,3119.99
1765627200,3115.53
1765630800,3110.75
1765634400,3111.67
1765638000,3110.46
1765641600,3106.03
1765645200,3101.65
1765648800,3102.02
1765652400,3109.6
1765656000,3104.99
1765659600,3112.38
1765663200,3114.95
1765666800,3115.0
1765670400,3120.01
1765674000,3120.85
1765677600,3123.45
1765681200,3119.4
1765684800,3111.87
1765688400,3112.27
1765692000,3111.2
1765695600,3115.52
1765699200,3111.3
1765702800,3109.71
1765706400,3107.64
1765710000,3085.5
1765713600,3099.3
1765717200,3101.97
1765720800,3086.04
1765724400,3085.15
1765728000,3098.08
1765731600,3085.14
1765735200,3102.36
1765738800,3093.79
1765742400,3082.9
1765746000,3081.8
1765749600,3074.45
1765753200,3063.3
1765756800,3074.9
1765760400,3108.9
1765764000,3120.45
1765767600,3108.65
1765771200,3123.89
1765774800,3120.14
1765778400,3137.85
1765782000,3128.68
1765785600,3140.07
1765789200,3153.9
1765792800,3158.8
1765796400,3157.33
1765800000,3156.11
1765803600,3132.34
1765807200,3048.49
1765810800,3010.22
1765814400,2988.85
1765818000,2936.22
1765821600,2937.57
1765825200,2939.01
1765828800,2928.26
1765832400,2945.62
1765836000,2951.6
1765839600,2964.4
1765843200,2941.34
1765846800,2946.1
1765850400,2945.22
1765854000,2936.23
1765857600,2917.1
1765861200,2922.6
1765864800,2945.36
1765868400,2923.51
1765872000,2931.0
1765875600,2925.78
1765879200,2947.06
1765882800,2957.54
1765886400,2951.51
1765890000,2909.74
1765893600,2940.82
1765897200,2962.94
1765900800,2937.9
1765904400,2918.55
1765908000,2951.43
1765911600,2944.96
1765915200,2947.3
1765918800,2950.82
1765922400,2953.63
1765926000,2961.96
1765929600,2948.97
1765933200,2953.79
1765936800,2959.0
1765940400,2947.11
1765944000,2931.5
1765947600,2929.85
1765951200,2935.71
1765954800,2947.09
1765958400,2924.33
1765962000,2922.0
1765965600,2919.19
1765969200,2927.75
1765972800,2924.64
1765976400,2943.51
1765980000,2994.39
1765983600,2903.21
1765987200,2863.21
1765990800,2845.96
1765994400,2812.57
1765998000,2818.76
1766001600,2821.03
1766005200,2818.6
1766008800,2833.75
1766012400,2832.25
1766016000,2835.19
1766019600,2826.34
1766023200,2835.99
1766026800,2830.66
1766030400,2837.05
1766034000,2824.39
1766037600,2830.22
1766041200,2834.86
1766044800,2840.5
1766048400,2851.35
1766052000,2858.22
1766055600,2857.5
1766059200,2870.13
1766062800,2962.51
1766066400,2948.83
1766070000,2963.46
1766073600,2942.11
1766077200,2843.71
1766080800,2826.16
1766084400,2780.4
1766088000,2778.33
1766091600,2827.74
1766095200,2827.42
1766098800,2826.57
1766102400,2829.14
1766106000,2819.04
1766109600,2833.8
1766113200,2906.8
1766116800,2919.1
1766120400,2920.98
1766124000,2946.06
1766127600,2949.88
1766131200,2948.82
1766134800,2953.25
1766138400,2952.77
1766142000,2962.97
1766145600,2954.58
1766149200,2959.88
1766152800,2975.5
1766156400,2963.4
1766160000,2965.3
1766163600,2938.14
1766167200,2964.7
1766170800,2983.33
1766174400,2994.61
1766178000,2976.69
1766181600,2986.37
1766185200,2978.03
1766188800,2973.06
1766192400,2975.19
1766196000,2981.39
1766199600,2987.96
1766203200,2983.0
1766206800,2979.49
1766210400,2979.16
1766214000,2980.12
1766217600,2981.84
1766221200,2982.0
1766224800,2977.64
1766228400,2985.76
1766232000,2987.71
1766235600,2978.69
1766239200,2978.79
1766242800,2976.0
1766246400,2977.38
1766250000,2976.81
1766253600,2976.91
1766257200,2977.0
1766260800,2983.25
1766264400,2977.76
1766268000,2976.46
1766271600,2976.6
1766275200,2979.01
1766278800,2966.7
1766282400,2965.0
1766286000,2971.91
1766289600,2974.3
1766293200,2972.51
1766296800,2975.17
1766300400,2978.51
1766304000,2991.09
1766307600,3001.5
1766311200,2995.91
1766314800,2996.01
1766318400,2989.09
1766322000,2949.59
1766325600,2969.7
1766329200,2973.31
1766332800,2985.25
1766336400,2982.97
1766340000,2987.85
1766343600,2990.84
1766347200,2986.4
1766350800,2973.21
1766354400,2996.12
1766358000,3001.42
1766361600,3021.82
1766365200,3017.52
1766368800,3009.28
1766372400,3020.59
1766376000,3039.22
1766379600,3027.2
1766383200,3023.73
1766386800,3028.54
1766390400,3026.47
1766394000,3040.29
1766397600,3039.79
1766401200,3048.1
1766404800,3058.5
1766408400,3055.92
1766412000,3061.21
1766415600,3051.78
1766419200,3041.89
1766422800,3031.61
1766426400,3013.94
1766430000,2978.51
1766433600,2974.99
1766437200,2986.22
1766440800,3009.72
1766444400,3007.69
1766448000,3026.47
1766451600,3016.49
1766455200,2989.4
1766458800,2989.84
1766462400,2982.29
1766466000,2972.88
1766469600,2957.79
1766473200,2962.71
1766476800,2959.82
1766480400,2962.09
1766484000,2965.6
1766487600,2972.05
1766491200,2954.17
1766494800,2940.0
1766498400,2915.48
1766502000,2927.1
1766505600,2955.7
1766509200,2909.26
1766512800,2945.5
1766516400,2942.04
1766520000,2968.17
1766523600,2972.74
1766527200,2959.68
1766530800,2962.85
1766534400,2971.18
1766538000,2961.86
1766541600,2933.28
1766545200,2943.84
1766548800,2933.5
1766552400,2926.92
1766556000,2931.08
1766559600,2930.42
1766563200,2920.84
1766566800,2917.07
1766570400,2926.06
1766574000,2923.35
1766577600,2934.94
1766581200,2929.55
1766584800,2912.7
1766588400,2923.49
1766592000,2938.9
1766595600,2935.34
1766599200,2939.34
1766602800,2943.62
1766606400,2940.89
1766610000,2948.62
1766613600,2957.59
1766617200,2945.07
1766620800,2937.0
1766624400,2946.66
1766628000,2950.65
1766631600,2945.44
1766635200,2943.42
1766638800,2940.6
1766642400,2941.42
1766646000,2940.22
1766649600,2928.3
1766653200,2926.1
1766656800,2918.91
1766660400,2923.19
1766664000,2926.31
1766667600,2929.36
1766671200,2931.6
1766674800,2958.89
1766678400,2946.1
1766682000,2950.79
1766685600,2957.27
1766689200,2954.39
1766692800,2948.4
1766696400,2944.85
1766700000,2919.8
1766703600,2902.34
1766707200,2902.29
1766710800,2916.78
1766714400,2970.77
1766718000,2962.3
1766721600,2969.12
1766725200,2970.72
1766728800,2974.36
1766732400,2954.36
1766736000,2962.39
1766739600,2971.29
1766743200,2969.74
1766746800,2963.32
1766750400,2970.89
1766754000,2982.83
1766757600,2914.83
1766761200,2921.28
1766764800,2907.32
1766768400,2919.57
1766772000,2920.79
1766775600,2923.08
1766779200,2928.55
1766782800,2921.89
1766786400,2929.16
1766790000,2925.43
1766793600,2925.5
1766797200,2925.7
1766800800,2925.98
1766804400,2931.36
1766808000,2928.65
1766811600,2929.16
1766815200,2927.46
1766818800,2931.06
1766822400,2932.33
1766826000,2933.3
1766829600,2925.21
1766833200,2929.21
1766836800,2930.13
1766840400,2927.78
1766844000,2927.58
1766847600,2925.09
1766851200,2918.9
1766854800,2926.39
1766858400,2924.37
1766862000,2928.87
1766865600,2927.01
1766869200,2932.96
1766872800,2931.51
1766876400,2946.6
1766880000,2943.26
1766883600,2941.8
1766887200,2945.03
1766890800,2941.18
1766894400,2936.6
1766898000,2932.78
1766901600,2940.25
1766905200,2936.6
1766908800,2937.44
1766912400,2935.51
1766916000,2940.98
1766919600,2941.68
1766923200,2936.78
1766926800,2937.63
1766930400,2943.25
1766934000,2947.21
1766937600,2940.8
1766941200,2943.48
1766944800,2929.0
1766948400,2931.1
1766952000,2930.15
1766955600,2936.05
1766959200,2948.14
1766962800,2948.92
1766966400,2964.03
1766970000,2978.28
1766973600,3001.09
1766977200,3040.45
1766980800,3036.7
1766984400,3034.1
1766988000,3032.91
1766991600,3016.13
1766995200,3011.0
1766998800,2973.31
1767002400,2962.82
1767006000,2956.02
1767009600,2927.25
1767013200,2923.72
1767016800,2924.61
1767020400,2932.03
1767024000,2933.3
1767027600,2940.52
1767031200,2916.0
1767034800,2928.98
1767038400,2925.77
1767042000,2933.34
1767045600,2934.41
1767049200,2934.19
1767052800,2934.27
1767056400,2933.06
1767060000,2924.21
1767063600,2948.06
1767067200,2942.56
1767070800,2937.53
1767074400,2941.96
1767078000,2947.23
1767081600,2973.89
1767085200,2981.83
1767088800,2973.33
1767092400,2974.74
1767096000,2977.07
1767099600,2982.79
1767103200,2992.94
1767106800,2987.45
1767110400,2979.47
1767114000,2974.0
1767117600,2968.32
1767121200,2969.08
1767124800,2956.47
1767128400,2965.95
1767132000,2966.73
1767135600,2970.42
1767139200,2962.83
1767142800,2976.72
1767146400,2977.92
1767150000,2966.99
1767153600,2965.2
1767157200,2971.78
1767160800,2971.01
1767164400,2973.16
1767168000,2965.34
1767171600,2973.1
1767175200,2977.18
1767178800,2998.28
1767182400,2983.7
1767186000,2993.6
1767189600,2990.09
1767193200,2981.68
1767196800,2972.59
1767200400,2971.9
1767204000,2970.0
1767207600,2966.63
1767211200,2971.0
1767214800,2977.7
1767218400,2972.29
1767222000,2966.84
1767225600,2974.28
1767229200,2978.9
1767232800,2976.88
1767236400,2974.8
1767240000,2969.89
1767243600,2977.02
1767247200,2971.03
1767250800,2973.12
1767254400,2977.67
1767258000,2979.25
1767261600,2980.5
1767265200,2984.99
1767268800,2983.13
1767272400,2978.72
1767276000,2981.2
1767279600,2986.11
1767283200,2978.44
1767286800,2986.46
1767290400,2986.13
1767294000,2991.3
1767297600,2985.16
1767301200,2985.9
1767304800,2995.55
1767308400,3000.41
1767312000,3002.35
1767315600,2999.2
1767319200,2998.45
1767322800,3018.89
1767326400,3007.75
1767330000,3012.54
1767333600,3023.19
1767337200,3014.44
1767340800,3028.46
1767344400,3044.58
1767348000,3053.56
1767351600,3044.36
1767355200,3045.38
1767358800,3047.66
1767362400,3080.32
1767366000,3084.58
1767369600,3130.51
1767373200,3120.88
1767376800,3108.65
1767380400,3122.46
1767384000,3116.43
1767387600,3129.29
1767391200,3132.58
1767394800,3125.24
1767398400,3130.0
1767402000,3129.78
1767405600,3125.0
1767409200,3124.36
1767412800,3115.48
1767416400,3110.22
1767420000,3097.28
1767423600,3088.81
1767427200,3094.91
1767430800,3100.02
1767434400,3096.53
1767438000,3097.01
1767441600,3103.24
1767445200,3101.34
1767448800,3104.31
1767452400,3099.87
1767456000,3105.6
1767459600,3106.99
1767463200,3115.0
1767466800,3111.49
1767470400,3114.02
1767474000,3118.95
1767477600,3121.45
1767481200,3125.43
1767484800,3156.34
1767488400,3148.48
1767492000,3140.11
1767495600,3146.34
1767499200,3147.12
1767502800,3149.97
1767506400,3138.47
1767510000,3140.13
1767513600,3137.06
1767517200,3142.27
1767520800,3144.68
1767524400,3138.22
1767528000,3135.53
1767531600,3139.26
1767535200,3135.58
1767538800,3133.91
1767542400,3137.89
1767546000,3136.47
1767549600,3133.59
1767553200,3131.53
1767556800,3140.92
1767560400,3144.12
1767564000,3137.83
1767567600,3143.14
1767571200,3166.94
1767574800,3196.52
1767578400,3192.1
1767582000,3184.38
1767585600,3165.71
1767589200,3149.0
1767592800,3156.1
1767596400,3155.88
1767600000,3162.36
1767603600,3166.59
1767607200,3171.64
1767610800,3179.11
1767614400,3168.84
1767618000,3152.66
1767621600,3165.1
1767625200,3195.16
1767628800,3183.6
1767632400,3212.67
1767636000,3227.62
1767639600,3222.8
1767643200,3242.32
1767646800,3238.04
1767650400,3240.24
1767654000,3225.19
1767657600,3216.03
1767661200,3218.32
1767664800,3216.89
1767668400,3224.49
1767672000,3222.34
1767675600,3217.7
1767679200,3240.08
1767682800,3218.11
1767686400,3218.76
1767690000,3222.0
1767693600,3228.4
1767697200,3237.14
1767700800,3237.85
1767704400,3237.02
1767708000,3277.55
1767711600,3271.55
1767715200,3250.06
1767718800,3195.04
1767722400,3217.48
1767726000,3221.61
1767729600,3239.71
1767733200,3274.76
1767736800,3276.14
1767740400,3295.59
1767744000,3256.08
1767747600,3243.61
1767751200,3267.87
1767754800,3264.62
1767758400,3254.2
1767762000,3246.3
1767765600,3249.01
1767769200,3252.39
1767772800,3251.91
1767776400,3197.1
1767780000,3215.59
1767783600,3218.21
1767787200,3210.77
1767790800,3209.14
1767794400,3188.8
1767798000,3162.07
1767801600,3154.32
1767805200,3148.93
1767808800,3143.12
1767812400,3142.31
1767816000,3135.68
1767819600,3147.35
1767823200,3150.18
1767826800,3165.64
1767830400,3167.43
1767834000,3172.51
1767837600,3156.09
1767841200,3139.12
1767844800,3150.45
1767848400,3139.88
1767852000,3101.41
1767855600,3123.7
1767859200,3112.62
1767862800,3108.14
1767866400,3124.21
1767870000,3119.0
1767873600,3091.77
1767877200,3092.82
1767880800,3073.5
1767884400,3101.13
1767888000,3119.1
1767891600,3132.0
1767895200,3117.6
1767898800,3108.39
1767902400,3104.15
1767906000,3115.49
1767909600,3115.98
1767913200,3104.3
1767916800,3112.76
1767920400,3102.02
1767924000,3106.14
1767927600,3116.21
1767931200,3112.93
1767934800,3114.8
1767938400,3119.35
1767942000,3107.08
1767945600,3078.87
1767949200,3088.6
1767952800,3093.25
1767956400,3086.69
1767960000,3081.15
1767963600,3095.93
1767967200,3074.94
1767970800,3108.82
1767974400,3130.34
1767978000,3111.0
1767981600,3091.75
1767985200,3076.19
1767988800,3070.34
1767992400,3081.69
1767996000,3082.33
1767999600,3084.31
1768003200,3079.13
1768006800,3085.73
1768010400,3083.7
1768014000,3082.24
1768017600,3075.52
1768021200,3082.52
1768024800,3083.13
1768028400,3088.65
1768032000,3086.28
1768035600,3091.87
1768039200,3099.28
1768042800,3093.12
1768046400,3095.29
1768050000,3091.14
1768053600,3088.11
1768057200,3091.71
1768060800,3091.62
1768064400,3088.82
1768068000,3088.66
1768071600,3088.16
1768075200,3085.73
1768078800,3081.9
1768082400,3076.24
1768086000,3082.39
1768089600,3087.79
1768093200,3091.64
1768096800,3088.66
1768100400,3093.01
1768104000,3094.25
1768107600,3095.39
1768111200,3093.49
1768114800,3091.11
1768118400,3099.35
1768122000,3100.22
1768125600,3103.33
1768129200,3101.28
1768132800,3110.11
1768136400,3105.55
1768140000,3121.38
1768143600,3113.92
1768147200,3124.96
1768150800,3122.51
1768154400,3124.67
1768158000,3119.79
1768161600,3110.4
1768165200,3116.48
1768168800,3104.92
1768172400,3118.65
1768176000,3115.49
1768179600,3120.63
1768183200,3153.84
1768186800,3147.97
1768190400,3154.73
1768194000,3154.53
1768197600,3150.82
1768201200,3130.8
1768204800,3111.42
1768208400,3112.4
1768212000,3102.6
1768215600,3111.31
1768219200,3113.37
1768222800,3105.19
1768226400,3101.4
1768230000,3127.2
1768233600,3128.0
1768237200,3101.95
1768240800,3105.37
1768244400,3118.99
1768248000,3099.81
1768251600,3089.22
1768255200,3092.06
1768258800,3091.94
1768262400,3104.84
1768266000,3094.05
1768269600,3097.69
1768273200,3112.53
1768276800,3118.47
1768280400,3128.2
1768284000,3130.74
1768287600,3118.52
1768291200,3132.78
1768294800,3135.78
1768298400,3131.7
1768302000,3130.67
1768305600,3132.22
1768309200,3139.33
1768312800,3142.24
1768316400,3182.76
1768320000,3179.96
1768323600,3178.56
1768327200,3199.82
1768330800,3215.63
1768334400,3204.51
1768338000,3209.21
1768341600,3329.56
1768345200,3323.38
1768348800,3322.52
1768352400,3334.3
1768356000,3325.28
1768359600,3349.93
1768363200,3337.24
1768366800,3328.98
1768370400,3333.11
1768374000,3334.4
1768377600,3326.12
1768381200,3326.8
1768384800,3311.7
1768388400,3284.27
1768392000,3295.06
1768395600,3301.89
1768399200,3348.66
1768402800,3345.73
1768406400,3370.34
1768410000,3341.9
1768413600,3339.88
1768417200,3367.53
1768420800,3384.32
1768424400,3373.29
1768428000,3350.0
1768431600,3354.82
1768435200,3331.59
1768438800,3324.8
1768442400,3313.36
1768446000,3284.92
1768449600,3304.91
1768453200,3310.41
1768456800,3315.21
1768460400,3329.8
1768464000,3336.31
1768467600,3365.6
1768471200,3363.49
1768474800,3348.9
1768478400,3368.38
1768482000,3370.44
1768485600,3340.96
1768489200,3330.61
1768492800,3330.4
1768496400,3300.6
1768500000,3288.06
1768503600,3294.82
1768507200,3287.6
1768510800,3298.76
1768514400,3308.41
1768518000,3317.98
1768521600,3316.16
1768525200,3312.94
1768528800,3302.83
1768532400,3294.09
1768536000,3287.21
1768539600,3308.23
1768543200,3313.42
1768546800,3308.93
1768550400,3312.19
1768554000,3306.5
1768557600,3296.53
1768561200,3301.3
1768564800,3307.89
1768568400,3306.81
1768572000,3292.69
1768575600,3262.92
1768579200,3278.3
1768582800,3282.72
1768586400,3276.99
1768590000,3274.49
1768593600,3291.84
1768597200,3289.14
1768600800,3292.7
1768604400,3294.88
1768608000,3291.83
1768611600,3289.62
1768615200,3290.74
1768618800,3288.01
1768622400,3290.55
1768626000,3290.08
1768629600,3289.79
1768633200,3290.29
1768636800,3295.24
1768640400,3297.43
1768644000,3295.14
1768647600,3301.79
1768651200,3301.49
1768654800,3302.67
1768658400,3309.11
1768662000,3328.43
1768665600,3317.88
1768669200,3318.13
1768672800,3316.73
1768676400,3315.18
1768680000,3316.2
1768683600,3311.51
1768687200,3300.61
1768690800,3309.33
1768694400,3303.21
1768698000,3299.94
1768701600,3301.8
1768705200,3314.66
1768708800,3310.73
1768712400,3314.9
1768716000,3314.29
1768719600,3306.13
1768723200,3314.33
1768726800,3321.76
1768730400,3324.41
1768734000,3321.03
1768737600,3321.12
1768741200,3324.87
1768744800,3323.58
1768748400,3332.3
1768752000,3332.31
1768755600,3343.64
1768759200,3360.9
1768762800,3345.87
1768766400,3340.1
1768770000,3340.6
1768773600,3349.5
1768777200,3282.55
1768780800,3210.87
1768784400,3205.4
1768788000,3202.88
1768791600,3211.02
1768795200,3211.14
1768798800,3201.34
1768802400,3194.18
1768806000,3205.65
1768809600,3212.35
1768813200,3207.56
1768816800,3213.69
1768820400,3221.75
1768824000,3223.1
1768827600,3215.98
1768831200,3211.18
1768834800,3214.47
1768838400,3221.68
1768842000,3218.4
1768845600,3212.97
1768849200,3218.32
1768852800,3212.43
1768856400,3211.03
1768860000,3186.51
1768863600,3187.51
1768867200,3181.73
1768870800,3190.74
1768874400,3190.14
1768878000,3186.13
1768881600,3170.18
1768885200,3168.42
1768888800,3113.0
1768892400,3119.95
1768896000,3103.1
1768899600,3090.78
1768903200,3099.65
1768906800,3106.56
1768910400,3108.49
1768914000,3076.07
1768917600,3043.8
1768921200,3029.7
1768924800,3006.05
1768928400,2996.39
1768932000,2987.83
1768935600,2991.99
1768939200,3002.64
1768942800,2989.22
1768946400,2947.65
1768950000,2936.5
1768953600,2956.27
1768957200,2961.6
1768960800,2958.3
1768964400,2977.85
1768968000,2975.78
1768971600,2989.95
1768975200,2977.1
1768978800,2967.45
1768982400,2962.2
1768986000,2950.65
1768989600,2959.86
1768993200,2940.49
1768996800,2928.59
1769000400,2925.4
1769004000,2977.7
1769007600,3000.2
1769011200,2888.5
1769014800,2900.5
1769018400,2924.88
1769022000,3053.05
1769025600,3028.41
1769029200,3029.01
1769032800,3008.0
1769036400,2979.6
1769040000,3002.81
1769043600,3025.89
1769047200,3014.81
1769050800,3010.7
1769054400,3019.77
1769058000,3017.02
1769061600,3016.18
1769065200,2997.9
1769068800,3002.6
1769072400,3010.68
1769076000,2999.83
1769079600,2983.31
1769083200,2987.95
1769086800,2970.3
1769090400,2937.71
1769094000,2939.3
1769097600,2943.48
1769101200,2958.74
1769104800,2936.31
1769108400,2951.3
1769112000,2935.63
1769115600,2942.45
1769119200,2948.74
1769122800,2949.36
1769126400,2950.34
1769130000,2965.95
1769133600,2949.27
1769137200,2961.22
1769140800,2974.5
1769144400,2964.97
1769148000,2936.07
1769151600,2944.5
1769155200,2923.51
1769158800,2917.05
1769162400,2927.09
1769166000,2936.88
1769169600,2930.86
1769173200,2927.2
1769176800,2912.15
1769180400,2949.1
1769184000,2964.73
1769187600,2983.68
1769191200,2985.21
1769194800,2956.13
1769198400,2936.25
1769202000,2940.5
1769205600,2956.2
1769209200,2952.77
1769212800,2947.15
1769216400,2952.3
1769220000,2955.55
1769223600,2958.4
1769227200,2959.68
1769230800,2957.44
1769234400,2957.1
1769238000,2952.88
1769241600,2958.69
1769245200,2956.54
1769248800,2957.47
1769252400,2956.6
1769256000,2958.48
1769259600,2948.15
1769263200,2955.59
1769266800,2952.73
1769270400,2954.39
1769274000,2959.15
1769277600,2959.08
1769281200,2949.36
1769284800,2951.8
1769288400,2953.92
1769292000,2958.68
1769295600,2948.86
1769299200,2954.76
1769302800,2950.61
1769306400,2948.96
1769310000,2938.42
1769313600,2941.01
1769317200,2942.88
1769320800,2939.77
1769324400,2935.33
1769328000,2924.81
1769331600,2931.1
1769335200,2940.67
1769338800,2932.79
1769342400,2938.21
1769346000,2937.82
1769349600,2928.3
1769353200,2922.86
1769356800,2892.98
1769360400,2880.53
1769364000,2844.62
1769367600,2810.13
1769371200,2807.01
1769374800,2816.1
1769378400,2804.23
1769382000,2814.28
1769385600,2838.72
1769389200,2879.46
1769392800,2862.45
1769396400,2846.92
1769400000,2862.3
1769403600,2866.09
1769407200,2888.07
1769410800,2900.0
1769414400,2909.08
1769418000,2882.56
1769421600,2893.31
1769425200,2889.5
1769428800,2899.7
1769432400,2906.86
1769436000,2919.9
1769439600,2896.21
1769443200,2898.3
1769446800,2906.47
1769450400,2929.02
1769454000,2920.17
1769457600,2898.2
1769461200,2925.88
1769464800,2924.18
1769468400,2926.85
1769472000,2917.1
1769475600,2928.99
1769479200,2941.42
1769482800,2937.96
1769486400,2937.11
1769490000,2935.9
1769493600,2925.27
1769497200,2925.35
1769500800,2919.18
1769504400,2903.79
1769508000,2899.42
1769511600,2912.9
1769515200,2914.66
1769518800,2908.66
1769522400,2914.22
1769526000,2933.77
1769529600,2987.4
1769533200,2926.47
1769536800,2974.5
1769540400,2976.59
1769544000,3018.48
1769547600,3011.7
1769551200,3015.28
1769554800,3021.91
1769558400,3019.92
1769562000,3013.94
1769565600,3006.29
1769569200,3000.78
1769572800,2995.58
1769576400,3000.16
1769580000,3010.19
1769583600,3000.72
1769587200,2986.31
1769590800,3013.41
1769594400,3021.64
1769598000,3035.74
1769601600,3027.02
1769605200,3030.65
1769608800,3008.65
1769612400,3003.89
1769616000,2995.63
1769619600,3010.98
1769623200,3011.29
1769626800,3013.04
1769630400,3007.58
1769634000,3017.16
1769637600,3014.05
1769641200,3006.17
1769644800,3005.08
1769648400,2988.49
1769652000,2954.86
1769655600,2948.07
1769659200,2954.7
1769662800,2946.61
1769666400,2951.49
1769670000,2957.13
1769673600,2947.87
1769677200,2937.92
1769680800,2939.77
1769684400,2924.66
1769688000,2931.83
1769691600,2931.28
1769695200,2871.15
1769698800,2819.0
1769702400,2830.39
1769706000,2820.3
1769709600,2759.04
1769713200,2792.28
1769716800,2801.08
1769720400,2814.97
1769724000,2815.49
1769727600,2817.79
1769731200,2800.13
1769734800,2743.01
1769738400,2732.55
1769742000,2736.9
1769745600,2748.89
1769749200,2742.52
1769752800,2714.05
1769756400,2735.39
1769760000,2732.8
1769763600,2717.53
1769767200,2731.4
1769770800,2755.43
1769774400,2735.89
1769778000,2725.3
1769781600,2732.66
1769785200,2725.5
1769788800,2722.44
1769792400,2708.11
1769796000,2735.49
1769799600,2738.26
1769803200,2676.19
1769806800,2700.68
1769810400,2705.7
1769814000,2702.69
1769817600,2701.95
1769821200,2695.28
1769824800,2697.22
1769828400,2691.22
1769832000,2690.65
1769835600,2692.87
1769839200,2687.82
1769842800,2675.25
1769846400,2639.08
1769850000,2643.83
1769853600,2646.96
1769857200,2635.8
1769860800,2629.13
1769864400,2625.01
1769868000,2535.2
1769871600,2530.11
1769875200,2479.3
1769878800,2399.91
1769882400,2378.32
1769886000,2379.73
1769889600,2379.43
1769893200,2416.54
1769896800,2416.69
1769900400,2449.36
1769904000,2450.15
1769907600,2442.09
1769911200,2450.05
1769914800,2442.87
1769918400,2445.66
1769922000,2428.12
1769925600,2415.88
1769929200,2408.6
1769932800,2410.28
1769936400,2429.91
1769940000,2378.81
1769943600,2410.1
1769947200,2394.19
1769950800,2379.48
1769954400,2370.69
1769958000,2314.24
1769961600,2302.6
1769965200,2312.67
1769968800,2348.98
1769972400,2318.45
1769976000,2313.96
1769979600,2288.4
1769983200,2316.84
1769986800,2268.18
1769990400,2291.5
1769994000,2288.61
1769997600,2260.29
1770001200,2236.95
1770004800,2238.04
1770008400,2196.0
1770012000,2224.79
1770015600,2226.17
1770019200,2246.77
1770022800,2289.26
1770026400,2275.73
1770030000,2280.37
1770033600,2309.66
1770037200,2325.83
1770040800,2327.4
1770044400,2371.5
1770048000,2357.15
1770051600,2355.22
1770055200,2342.76
1770058800,2329.51
1770062400,2319.05
1770066000,2340.37
1770069600,2349.36
1770073200,2345.11
1770076800,2352.17
1770080400,2352.67
1770084000,2296.25
1770087600,2341.31
1770091200,2343.6
1770094800,2313.98
1770098400,2318.16
1770102000,2320.78
1770105600,2313.71
1770109200,2290.22
1770112800,2279.77
1770116400,2274.37
1770120000,2298.88
1770123600,2310.11
1770127200,2255.02
1770130800,2301.35
1770134400,2238.97
1770138000,2193.33
1770141600,2118.45
1770145200,2202.89
1770148800,2296.73
1770152400,2281.16
1770156000,2233.69
1770159600,2230.48
1770163200,2238.24
1770166800,2265.73
1770170400,2248.58
1770174000,2280.39
1770177600,2270.86
1770181200,2262.6
1770184800,2274.61
1770188400,2280.54
1770192000,2276.75
1770195600,2257.41
1770199200,2257.36
1770202800,2251.7
1770206400,2240.64
1770210000,2195.16
1770213600,2168.71
1770217200,2148.74
1770220800,2131.66
1770224400,2120.93
1770228000,2143.16
1770231600,2183.63
1770235200,2167.0
1770238800,2124.74
1770242400,2115.46
1770246000,2143.57
1770249600,2145.42
1770253200,2143.34
1770256800,2119.76
1770260400,2106.19
1770264000,2100.12
1770267600,2097.2
1770271200,2083.47
1770274800,2087.02
1770278400,2107.64
1770282000,2129.75
1770285600,2093.8
1770289200,2075.98
1770292800,2059.92
1770296400,2054.77
1770300000,2042.4
1770303600,1958.08
1770307200,1994.85
1770310800,1950.59
1770314400,1945.99
1770318000,1924.21
1770321600,1865.22
1770325200,1846.31
1770328800,1866.86
1770332400,1823.2
1770336000,1867.71
1770339600,1929.39
1770343200,1905.61
1770346800,1889.3
1770350400,1906.91
1770354000,1956.25
1770357600,1906.4
1770361200,1896.99
1770364800,1872.35
1770368400,1916.42
1770372000,1924.38
1770375600,1930.27
1770379200,1918.87
1770382800,1948.5
1770386400,1978.08
1770390000,1980.1
1770393600,2035.53
1770397200,2065.67
1770400800,2043.19
1770404400,2064.24
1770408000,2052.33
1770411600,2052.47
1770415200,2073.09
1770418800,2061.95
1770422400,2042.49
1770426000,2060.88
1770429600,2058.16
1770433200,2079.41
1770436800,2086.32
1770440400,2082.66
1770444000,2046.88
1770447600,2026.06
1770451200,2018.14
1770454800,2013.32
1770458400,2009.76
1770462000,2017.09
1770465600,2039.64
1770469200,2039.65
1770472800,2018.5
1770476400,2050.78
1770480000,2048.89
1770483600,2059.79
1770487200,2095.53
1770490800,2090.3
1770494400,2103.56
1770498000,2099.45
1770501600,2087.27
1770505200,2086.17
1770508800,2083.0
1770512400,2094.81
1770516000,2087.19
1770519600,2077.44
1770523200,2085.96
1770526800,2083.2
1770530400,2077.8
1770534000,2083.06
1770537600,2114.02
1770541200,2098.61
1770544800,2094.49
1770548400,2130.9
1770552000,2129.91
1770555600,2125.13
1770559200,2127.13
1770562800,2107.33
1770566400,2079.3
1770570000,2090.9
1770573600,2107.88
1770577200,2125.39
1770580800,2103.44
1770584400,2092.72
1770588000,2106.85
1770591600,2088.42
1770595200,2082.92
1770598800,2069.46
1770602400,2079.82
1770606000,2098.43
1770609600,2088.57
1770613200,2094.32
1770616800,2079.97
1770620400,2063.8
1770624000,2048.39
1770627600,2040.25
1770631200,2020.5
1770634800,2026.43
1770638400,2033.64
1770642000,2021.08
1770645600,2042.28
1770649200,2060.82
1770652800,2089.51
1770656400,2126.18
1770660000,2129.36
1770663600,2130.4
1770667200,2123.75
1770670800,2120.83
1770674400,2114.0
1770678000,2103.83
1770681600,2095.86
1770685200,2116.13
1770688800,2106.72
1770692400,2063.47
1770696000,2069.25
1770699600,2051.65
1770703200,2007.7
1770706800,2005.74
1770710400,2013.19
1770714000,2014.95
1770717600,2012.43
1770721200,2001.15
1770724800,2006.51
1770728400,2021.01
1770732000,2008.42
1770735600,2021.83
1770739200,2025.41
1770742800,2039.18
1770746400,2007.88
1770750000,2016.8
1770753600,2010.1
1770757200,2006.9
1770760800,2016.72
1770764400,2021.71
1770768000,2023.94
1770771600,2023.38
1770775200,2016.41
1770778800,2007.97
1770782400,1970.12
1770786000,1973.01
1770789600,1947.7
1770793200,1949.4
1770796800,1949.11
1770800400,1945.73
1770804000,1938.25
1770807600,1952.39
1770811200,1951.06
1770814800,1959.69
1770818400,1942.4
1770822000,1928.75
1770825600,1914.27
1770829200,1928.51
1770832800,1942.91
1770836400,1951.07
1770840000,1952.9
1770843600,1969.16
1770847200,1950.01
1770850800,1939.45
1770854400,1957.71
1770858000,1964.4
1770861600,1957.19
1770865200,1967.38
1770868800,1964.31
1770872400,1969.23
1770876000,1973.4
1770879600,1966.82
1770883200,1964.25
1770886800,1980.73
1770890400,1993.22
1770894000,1987.81
1770897600,1980.0
1770901200,1994.1
1770904800,1976.98
1770908400,1947.39
1770912000,1908.1
1770915600,1908.53
1770919200,1917.45
1770922800,1923.83
1770926400,1914.18
1770930000,1921.39
1770933600,1940.82
1770937200,1946.11
1770940800,1931.29
1770944400,1941.89
1770948000,1946.6
1770951600,1951.83
1770955200,1943.1
1770958800,1932.41
1770962400,1935.28
1770966000,1934.21
1770969600,1957.5
1770973200,1960.57
1770976800,1957.65
1770980400,1958.69
1770984000,1959.25
1770987600,1968.92
1770991200,1989.7
1770994800,2033.87
1770998400,2060.26
1771002000,2058.02
1771005600,2056.7
1771009200,2056.63
1771012800,2043.9
1771016400,2052.49
1771020000,2053.31
1771023600,2047.48
1771027200,2054.2
1771030800,2053.21
1771034400,2049.14
1771038000,2053.53
1771041600,2052.43
1771045200,2050.18
1771048800,2052.57
1771052400,2056.02
1771056000,2081.05
1771059600,2077.29
1771063200,2076.29
1771066800,2098.31
1771070400,2069.6
1771074000,2070.97
1771077600,2084.41
1771081200,2086.79
1771084800,2082.13
1771088400,2079.2
1771092000,2084.9
1771095600,2087.7
1771099200,2088.57
1771102800,2084.99
1771106400,2089.41
1771110000,2085.4
1771113600,2078.83
1771117200,2063.21
1771120800,2058.84
1771124400,2058.43
1771128000,2075.83
1771131600,2087.9
1771135200,2085.19
1771138800,2090.35
1771142400,2068.13
1771146000,2067.79
1771149600,2060.52
1771153200,2061.0
1771156800,2009.86
1771160400,2001.49
1771164000,2009.7
1771167600,2010.39
1771171200,2005.45
1771174800,1970.31
1771178400,1958.6
1771182000,1941.13
1771185600,1949.27
1771189200,1957.32
1771192800,1969.23
1771196400,1965.36
1771200000,1968.22
1771203600,1961.91
1771207200,1956.0
1771210800,1957.83
1771214400,1972.12
1771218000,1956.85
1771221600,1965.73
1771225200,1970.0
1771228800,1976.18
1771232400,1986.66
1771236000,1978.06
1771239600,1975.23
1771243200,2005.44
1771246800,1966.91
1771250400,1971.9
1771254000,1955.46
1771257600,1972.88
1771261200,1977.9
1771264800,1968.12
1771268400,1973.05
1771272000,1992.16
1771275600,1998.09
1771279200,1989.19
1771282800,1997.28
1771286400,1997.51
1771290000,1990.82
1771293600,1997.86
1771297200,1984.55
1771300800,1988.53
1771304400,1974.61
1771308000,1980.2
1771311600,1985.02
1771315200,1976.11
1771318800,1974.9
1771322400,1965.51
1771326000,1967.23
1771329600,1968.68
1771333200,1989.51
1771336800,1947.19
1771340400,1967.82
1771344000,1979.28
1771347600,1965.33
1771351200,1998.12
1771354800,1997.17
1771358400,1993.56
1771362000,1998.65
1771365600,1993.08
1771369200,1990.83
1771372800,1980.49
1771376400,1976.84
1771380000,1986.58
1771383600,1996.08
1771387200,1998.55
1771390800,1995.4
1771394400,2001.36
1771398000,2017.31
1771401600,2019.86
1771405200,2015.85
1771408800,1996.4
1771412400,1980.04
1771416000,1981.66
1771419600,1969.84
1771423200,1973.6
1771426800,1984.41
1771430400,1970.6
1771434000,1973.3
1771437600,1951.21
1771441200,1939.71
1771444800,1938.39
1771448400,1940.87
1771452000,1947.11
1771455600,1955.01
1771459200,1955.65
1771462800,1966.12
1771466400,1967.16
1771470000,1971.55
1771473600,1968.72
1771477200,1969.58
1771480800,1982.4
1771484400,1980.89
1771488000,1969.31
1771491600,1962.78
1771495200,1958.64
1771498800,1948.26
1771502400,1946.33
1771506000,1920.4
1771509600,1936.55
1771513200,1925.88
1771516800,1921.27
1771520400,1919.84
1771524000,1939.2
1771527600,1940.7
1771531200,1949.54
1771534800,1947.36
1771538400,1943.32
1771542000,1948.16
1771545600,1956.59
1771549200,1952.75
1771552800,1948.84
1771556400,1954.2
1771560000,1938.69
1771563600,1954.85
1771567200,1957.97
1771570800,1960.17
1771574400,1959.47
1771578000,1967.45
1771581600,1956.85
1771585200,1943.28
1771588800,1949.19
1771592400,1933.69
1771596000,1942.8
1771599600,1963.84
1771603200,1968.33
1771606800,1966.17
1771610400,1975.33
1771614000,1962.92
1771617600,1970.3
1771621200,1973.73
1771624800,1970.63
1771628400,1968.13
1771632000,1962.67
1771635600,1965.78
1771639200,1964.93
1771642800,1958.61
1771646400,1961.71
1771650000,1962.21
1771653600,1960.88
1771657200,1962.27
1771660800,1968.61
1771664400,1969.7
1771668000,1973.87
1771671600,1976.51
1771675200,1975.55
1771678800,1980.53
1771682400,1986.85
1771686000,1987.51
1771689600,1985.88
1771693200,1988.28
1771696800,1991.64
1771700400,1988.04
1771704000,1973.84
1771707600,1981.72
1771711200,1973.9
1771714800,1973.0
1771718400,1972.37
1771722000,1976.85
1771725600,1971.7
1771729200,1974.15
1771732800,1973.1
1771736400,1974.36
1771740000,1975.67
1771743600,1975.52
1771747200,1972.73
1771750800,1975.15
1771754400,1977.03
1771758000,1980.39
1771761600,1966.07
1771765200,1950.48
1771768800,1950.35
1771772400,1953.36
1771776000,1951.9
1771779600,1939.7
1771783200,1942.32
1771786800,1943.13
1771790400,1940.38
1771794000,1949.76
1771797600,1957.94
1771801200,1956.84
1771804800,1928.88
1771808400,1856.57
1771812000,1862.82
1771815600,1862.52
1771819200,1859.69
1771822800,1865.41
1771826400,1879.31
1771830000,1885.05
1771833600,1880.17
1771837200,1917.84
1771840800,1913.76
1771844400,1915.15
1771848000,1920.0
1771851600,1921.74
1771855200,1906.3
1771858800,1894.81
1771862400,1884.16
1771866000,1863.23
1771869600,1857.61
1771873200,1856.79
1771876800,1860.12
1771880400,1863.13
1771884000,1859.34
1771887600,1855.52
1771891200,1867.21
1771894800,1840.06
1771898400,1842.88
1771902000,1831.2
1771905600,1830.15
1771909200,1825.53
1771912800,1820.13
1771916400,1824.72
1771920000,1830.91
1771923600,1826.88
1771927200,1825.62
1771930800,1826.32
1771934400,1823.64
1771938000,1815.43
1771941600,1834.86
1771945200,1847.56
1771948800,1858.94
1771952400,1855.24
1771956000,1854.81
1771959600,1852.55
1771963200,1858.55
1771966800,1853.85
1771970400,1860.59
1771974000,1851.94
1771977600,1851.85
1771981200,1918.32
1771984800,1921.0
1771988400,1905.8
1771992000,1905.91
1771995600,1887.63
1771999200,1884.94
1772002800,1893.12
1772006400,1910.2
1772010000,1915.46
1772013600,1912.57
1772017200,1926.31
1772020800,1953.6
1772024400,1964.59
1772028000,1998.11
1772031600,2013.83
1772035200,2046.8
1772038800,2074.4
1772042400,2074.59
1772046000,2071.52
1772049600,2075.63
1772053200,2100.56
1772056800,2083.57
1772060400,2057.71
1772064000,2062.33
1772067600,2058.63
1772071200,2053.15
1772074800,2054.64
1772078400,2075.25
1772082000,2066.5
1772085600,2062.5
1772089200,2053.61
1772092800,2054.3
1772096400,2075.31
1772100000,2065.5
1772103600,2057.37
1772107200,2069.95
1772110800,2064.91
1772114400,2050.27
1772118000,2033.6
1772121600,1984.0
1772125200,1988.15
1772128800,2004.1
1772132400,2030.0
1772136000,2023.76
1772139600,2030.48
1772143200,2033.52
1772146800,2027.9
1772150400,2014.5
1772154000,2021.75
1772157600,2025.98
1772161200,2045.28
1772164800,2042.64
1772168400,2041.63
1772172000,2036.04
1772175600,2032.29
1772179200,2033.89
1772182800,2009.98
1772186400,1981.01
1772190000,1962.54
1772193600,1960.39
1772197200,1963.54
1772200800,1942.92
1772204400,1948.56
1772208000,1927.2
1772211600,1932.22
1772215200,1917.52
1772218800,1920.76
1772222400,1923.39
1772226000,1921.15
1772229600,1921.1
1772233200,1929.61
1772236800,1932.38
1772240400,1924.3
1772244000,1930.32
1772247600,1924.19
1772251200,1925.09
1772254800,1919.85
1772258400,1842.0
1772262000,1866.71
1772265600,1852.68
1772269200,1855.05
1772272800,1865.3
1772276400,1863.51
1772280000,1868.72
1772283600,1905.59
1772287200,1888.12
1772290800,1898.93
1772294400,1904.18
1772298000,1907.19
1772301600,1936.09
1772305200,1947.22
1772308800,1966.31
1772312400,1958.07
1772316000,1965.62
1772319600,1964.71
1772323200,1962.85
1772326800,2012.89
1772330400,2033.1
1772334000,2022.81
1772337600,2015.84
1772341200,2011.28
1772344800,1998.65
1772348400,2007.3
1772352000,1986.03
1772355600,1980.74
1772359200,1984.41
1772362800,1983.31
1772366400,1977.88
1772370000,2006.6
1772373600,2000.06
1772377200,1993.34
1772380800,1974.33
1772384400,1961.24
1772388000,1975.74
1772391600,1954.01
1772395200,1914.11
1772398800,1929.15
1772402400,1924.5
1772406000,1939.68
1772409600,1961.03
1772413200,1963.62
1772416800,1955.87
1772420400,1971.9
1772424000,1973.1
1772427600,1971.09
1772431200,1943.42
1772434800,1941.39
1772438400,1948.87
1772442000,1947.96
1772445600,1952.31
1772449200,1947.8
1772452800,1937.6
1772456400,1927.0
1772460000,1979.84
1772463600,2047.62
1772467200,2065.08
1772470800,2041.36
1772474400,2029.4
1772478000,2043.62
1772481600,2035.51
1772485200,2043.58
1772488800,2054.0
1772492400,2027.49
1772496000,2035.61
1772499600,2019.89
1772503200,2013.68
1772506800,2008.55
1772510400,1999.83
1772514000,1993.0
1772517600,1998.9
1772521200,1996.21
1772524800,1952.59
1772528400,1951.17
1772532000,1957.56
1772535600,1961.04
1772539200,1967.16
1772542800,1952.04
1772546400,1942.22
1772550000,1969.29
1772553600,1984.56
1772557200,1980.66
1772560800,1988.7
1772564400,1986.21
1772568000,1978.6
1772571600,1968.6
1772575200,1983.24
1772578800,1982.87
1772582400,1976.91
1772586000,1982.11
1772589600,1979.4
1772593200,1960.99
1772596800,1960.4
1772600400,1971.09
1772604000,1980.17
1772607600,2006.56
1772611200,2063.9
1772614800,2075.53
1772618400,2072.4
1772622000,2054.89
1772625600,2054.38
1772629200,2064.64
1772632800,2080.02
1772636400,2150.81
1772640000,2143.43
1772643600,2146.73
1772647200,2164.29
1772650800,2179.02
1772654400,2152.13
1772658000,2150.71
1772661600,2132.39
1772665200,2127.61
1772668800,2129.93
1772672400,2114.19
1772676000,2122.4
1772679600,2120.65
1772683200,2137.92
1772686800,2120.22
1772690400,2128.49
1772694000,2105.29
1772697600,2117.7
1772701200,2126.05
1772704800,2156.88
1772708400,2138.39
1772712000,2138.3
1772715600,2117.89
1772719200,2119.2
1772722800,2087.4
1772726400,2080.62
1772730000,2059.48
1772733600,2076.73
1772737200,2073.97
1772740800,2092.09
1772744400,2080.42
1772748000,2080.24
1772751600,2072.99
1772755200,2075.3
1772758800,2088.1
1772762400,2084.04
1772766000,2084.1
1772769600,2071.14
1772773200,2068.69
1772776800,2074.34
1772780400,2082.92
1772784000,2076.53
1772787600,2059.9
1772791200,2063.35
1772794800,2050.84
1772798400,2048.8
1772802000,2020.29
1772805600,1981.55
1772809200,1977.81
1772812800,1971.26
1772816400,1966.57
1772820000,1974.18
1772823600,1983.44
1772827200,1979.06
1772830800,1983.89
1772834400,1987.2
1772838000,1978.49
1772841600,1981.46
1772845200,1980.57
1772848800,1983.48
1772852400,1980.32
1772856000,1975.16
1772859600,1978.47
1772863200,1971.73
1772866800,1983.06
1772870400,1977.69
1772874000,1986.24
1772877600,1984.24
1772881200,1988.84
1772884800,1982.55
1772888400,1981.85
1772892000,1986.94
1772895600,1981.21
1772899200,1977.29
1772902800,1977.66
1772906400,1971.3
1772910000,1955.12
1772913600,1966.4
1772917200,1970.49
1772920800,1966.44
1772924400,1969.61
1772928000,1968.76
1772931600,1969.0
1772935200,1942.17
1772938800,1947.37
1772942400,1938.18
1772946000,1948.94
1772949600,1947.8
1772953200,1955.26
1772956800,1959.61
1772960400,1963.52
1772964000,1974.09
1772967600,1951.36
1772971200,1946.15
1772974800,1944.42
1772978400,1945.36
1772982000,1943.16
1772985600,1936.66
1772989200,1935.81
1772992800,1930.09
1772996400,1964.72
1773000000,1958.42
1773003600,1953.59
1773007200,1943.11
1773010800,1936.93
1773014400,1950.95
1773018000,1945.6
1773021600,1959.52
1773025200,1977.37
1773028800,1977.13
1773032400,2010.4
1773036000,1984.6
1773039600,1983.43
1773043200,1996.24
1773046800,2004.26
1773050400,1995.18
1773054000,1991.8
1773057600,2002.06
1773061200,2018.16
1773064800,2022.3
1773068400,2022.9
1773072000,2027.68
1773075600,2016.64
1773079200,2012.0
1773082800,2034.17
1773086400,2026.08
1773090000,2028.19
1773093600,2002.72
1773097200,1993.19
1773100800,2015.8
1773104400,2019.47
1773108000,2042.45
1773111600,2026.79
1773115200,2045.61
1773118800,2044.49
1773122400,2043.9
1773126000,2051.35
1773129600,2057.48
1773133200,2068.6
1773136800,2063.06
1773140400,2062.0
1773144000,2049.86
1773147600,2033.62
1773151200,2075.36
1773154800,2080.09
1773158400,2081.25
1773162000,2072.35
1773165600,2039.88
1773169200,2036.99
1773172800,2042.63
1773176400,2029.56
1773180000,2027.69
1773183600,2036.8
1773187200,2038.39
1773190800,2036.4
1773194400,2026.94
1773198000,2021.05
1773201600,2039.49
1773205200,2015.6
1773208800,2024.62
1773212400,2012.6
1773216000,2023.6
1773219600,2017.81
1773223200,2029.11
1773226800,2017.24
1773230400,2023.0
1773234000,2050.9
1773237600,2063.04
1773241200,2050.4
1773244800,2067.92
1773248400,2068.64
1773252000,2076.97
1773255600,2076.76
1773259200,2068.72
1773262800,2073.26
1773266400,2061.9
1773270000,2052.25
1773273600,2056.04
1773277200,2046.4
1773280800,2025.04
1773284400,2023.61
1773288000,2023.22
1773291600,2027.18
1773295200,2030.56
1773298800,2041.04
1773302400,2048.18
1773306000,2055.92
1773309600,2070.48
1773313200,2063.05
1773316800,2065.9
1773320400,2066.07
1773324000,2045.55
1773327600,2072.79
1773331200,2070.08
1773334800,2058.65
1773338400,2049.17
1773342000,2070.09
1773345600,2063.13
1773349200,2062.98
1773352800,2065.6
1773356400,2074.0
1773360000,2119.53
1773363600,2125.0
1773367200,2105.62
1773370800,2118.88
1773374400,2111.66
1773378000,2110.62
1773381600,2096.2
1773385200,2099.51
1773388800,2100.5
1773392400,2114.08
1773396000,2127.52
1773399600,2121.48
1773403200,2147.21
1773406800,2186.5
1773410400,2151.3
1773414000,2128.1
1773417600,2134.39
1773421200,2102.62
1773424800,2100.9
1773428400,2102.7
1773432000,2111.74
1773435600,2103.31
1773439200,2089.21
1773442800,2092.81
1773446400,2085.9
1773450000,2092.82
1773453600,2093.0
1773457200,2101.6
1773460800,2090.58
1773464400,2092.53
1773468000,2078.22
1773471600,2077.64
1773475200,2074.69
1773478800,2067.66
1773482400,2066.43
1773486000,2074.14
1773489600,2075.91
1773493200,2078.71
1773496800,2071.39
1773500400,2074.81
1773504000,2077.88
1773507600,2075.61
1773511200,2077.42
1773514800,2078.07
1773518400,2086.46
1773522000,2087.18
1773525600,2084.9
1773529200,2096.7
1773532800,2088.41
1773536400,2088.79
1773540000,2102.18
1773543600,2096.68
1773547200,2104.68
1773550800,2108.22
1773554400,2108.33
1773558000,2106.49
1773561600,2113.3
1773565200,2117.73
1773568800,2119.41
1773572400,2120.21
1773576000,2110.15
1773579600,2097.81
1773583200,2097.46
1773586800,2094.39
1773590400,2092.26
1773594000,2111.3
1773597600,2099.42
1773601200,2113.9
1773604800,2129.61
1773608400,2139.7
1773612000,2184.74
1773615600,2178.67
1773619200,2171.44
1773622800,2186.4
1773626400,2180.91
1773630000,2235.92
1773633600,2263.41
1773637200,2280.69
1773640800,2261.5
1773644400,2248.92
1773648000,2243.52
1773651600,2260.4
1773655200,2278.22
1773658800,2270.41
1773662400,2279.34
1773666000,2289.26
1773669600,2288.42
1773673200,2274.1
1773676800,2297.31
1773680400,2315.19
1773684000,2321.76
1773687600,2331.35
1773691200,2346.05
1773694800,2361.0
1773698400,2357.77
1773702000,2352.94
1773705600,2357.7
1773709200,2361.29
1773712800,2351.53
1773716400,2320.48
1773720000,2311.56
1773723600,2307.73
1773727200,2315.68
1773730800,2328.0
1773734400,2320.99
1773738000,2316.36
1773741600,2313.47
1773745200,2327.41
1773748800,2316.05
1773752400,2328.94
1773756000,2344.6
1773759600,2316.49
1773763200,2327.36
1773766800,2341.37
1773770400,2333.54
1773774000,2320.91
1773777600,2328.5
1773781200,2339.04
1773784800,2330.42
1773788400,2318.03
1773792000,2325.38
1773795600,2325.82
1773799200,2332.61
1773802800,2341.7
1773806400,2328.26
1773810000,2319.31
1773813600,2323.32
1773817200,2318.25
1773820800,2323.16
1773824400,2329.9
1773828000,2313.11
1773831600,2269.8
1773835200,2238.0
1773838800,2235.99
1773842400,2190.8
1773846000,2187.56
1773849600,2181.3
1773853200,2203.74
1773856800,2180.93
1773860400,2185.91
1773864000,2187.28
1773867600,2202.93
1773871200,2194.64
1773874800,2203.47
1773878400,2193.22
1773882000,2196.9
1773885600,2197.07
1773889200,2212.3
1773892800,2193.39
1773896400,2189.07
1773900000,2180.52
1773903600,2166.7
1773907200,2160.96
1773910800,2189.46
1773914400,2172.89
1773918000,2166.74
1773921600,2132.46
1773925200,2137.99
1773928800,2121.19
1773932400,2118.73
1773936000,2115.02
1773939600,2127.28
1773943200,2125.17
1773946800,2140.86
1773950400,2146.45
1773954000,2149.91
1773957600,2140.4
1773961200,2137.98
1773964800,2145.68
1773968400,2151.13
1773972000,2144.75
1773975600,2151.44
1773979200,2148.24
1773982800,2140.02
1773986400,2136.54
1773990000,2150.33
1773993600,2163.87
1773997200,2140.96
1774000800,2148.2
1774004400,2141.51
1774008000,2141.02
1774011600,2126.82
1774015200,2128.77
1774018800,2133.49
1774022400,2136.84
1774026000,2135.93
1774029600,2122.68
1774033200,2132.24
1774036800,2133.13
1774040400,2147.56
1774044000,2154.51
1774047600,2145.89
1774051200,2153.02
1774054800,2146.88
1774058400,2154.51
1774062000,2152.9
1774065600,2151.33
1774069200,2152.93
1774072800,2155.48
1774076400,2155.44
1774080000,2153.7
1774083600,2158.39
1774087200,2154.02
1774090800,2156.97
1774094400,2157.45
1774098000,2155.55
1774101600,2151.97
1774105200,2155.05
1774108800,2146.4
1774112400,2148.0
1774116000,2151.05
1774119600,2152.1
1774123200,2155.38
1774126800,2153.4
1774130400,2149.29
1774134000,2084.64
1774137600,2087.37
1774141200,2091.06
1774144800,2102.22
1774148400,2113.65
1774152000,2119.13
1774155600,2112.61
1774159200,2108.41
1774162800,2093.22
1774166400,2086.2
1774170000,2084.84
1774173600,2081.25
1774177200,2069.59
1774180800,2082.09
1774184400,2078.44
1774188000,2077.95
1774191600,2083.09
1774195200,2082.16
1774198800,2079.51
1774202400,2071.8
1774206000,2062.88
1774209600,2058.45
1774213200,2045.84
1774216800,2062.48
1774220400,2053.49
1774224000,2042.81
1774227600,2046.91
1774231200,2062.53
1774234800,2051.9
1774238400,2065.13
1774242000,2068.51
1774245600,2036.73
1774249200,2044.17
1774252800,2047.44
1774256400,2043.14
1774260000,2048.3
1774263600,2134.19
1774267200,2143.7
1774270800,2185.54
1774274400,2181.08
1774278000,2127.76
1774281600,2135.86
1774285200,2152.43
1774288800,2168.07
1774292400,2153.78
1774296000,2161.26
1774299600,2157.69
1774303200,2152.3
1774306800,2151.71
1774310400,2142.42
1774314000,2137.21
1774317600,2135.21
1774321200,2141.09
1774324800,2135.53
1774328400,2132.87
1774332000,2144.61
1774335600,2165.14
1774339200,2154.57
1774342800,2164.55
1774346400,2161.14
1774350000,2165.55
1774353600,2162.0
1774357200,2137.75
1774360800,2132.87
1774364400,2133.89
1774368000,2126.88
1774371600,2108.19
1774375200,2118.26
1774378800,2115.39
1774382400,2147.68
1774386000,2147.58
1774389600,2144.48
1774393200,2155.56
1774396800,2160.62
1774400400,2155.98
1774404000,2154.73
1774407600,2157.6
1774411200,2165.52
1774414800,2168.02
1774418400,2163.24
1774422000,2164.19
1774425600,2176.03
1774429200,2186.6
1774432800,2184.91
1774436400,2186.24
1774440000,2183.01
1774443600,2184.08
1774447200,2173.26
1774450800,2161.91
1774454400,2173.43
1774458000,2163.25
1774461600,2161.55
1774465200,2172.0
1774468800,2166.27
1774472400,2163.35
1774476000,2173.8
1774479600,2167.98
1774483200,2165.72
1774486800,2163.76
1774490400,2148.66
1774494000,2152.14
1774497600,2148.31
1774501200,2118.31
1774504800,2120.93
1774508400,2122.4
1774512000,2118.46
1774515600,2081.11
1774519200,2077.41
1774522800,2067.4
1774526400,2072.56
1774530000,2080.08
1774533600,2074.99
1774537200,2068.61
1774540800,2059.21
1774544400,2047.68
1774548000,2045.29
1774551600,2047.36
1774555200,2063.42
1774558800,2066.72
1774562400,2064.43
1774566000,2058.74
1774569600,2063.58
1774573200,2072.8
1774576800,2066.97
1774580400,2060.11
1774584000,2051.67
1774587600,2059.87
1774591200,2061.36
1774594800,2064.28
1774598400,2046.22
1774602000,2039.71
1774605600,1989.84
1774609200,1990.49
1774612800,1988.71
1774616400,1977.92
1774620000,1987.92
1774623600,1989.33
1774627200,1985.37
1774630800,1975.4
1774634400,1982.73
1774638000,1989.38
1774641600,1984.41
1774645200,1984.11
1774648800,1984.0
1774652400,1991.55
1774656000,1991.13
1774659600,1989.03
1774663200,1985.83
1774666800,1987.74
1774670400,1989.36
1774674000,1992.8
1774677600,1999.3
1774681200,2005.61
1774684800,1997.81
1774688400,1998.12
1774692000,1995.2
1774695600,1996.27
1774699200,1998.03
1774702800,2024.95
1774706400,2019.41
1774710000,2025.43
1774713600,2023.16
1774717200,2019.37
1774720800,2020.16
1774724400,2019.12
1774728000,2023.11
1774731600,2008.01
1774735200,2009.77
1774738800,1992.98
1774742400,1997.54
1774746000,2003.62
1774749600,2007.5
1774753200,2009.45
1774756800,2004.07
1774760400,2003.45
1774764000,2002.96
1774767600,2004.25
1774771200,2002.63
1774774800,1997.36
1774778400,1994.44
1774782000,2002.4
1774785600,2000.36
1774789200,1985.69
1774792800,1992.44
1774796400,1991.1
1774800000,1996.06
1774803600,1993.47
1774807200,1995.72
1774810800,1994.24
1774814400,2000.77
1774818000,2004.88
1774821600,1972.23
1774825200,1982.96
1774828800,1995.48
1774832400,2008.63
1774836000,2028.08
1774839600,2034.39
1774843200,2046.59
1774846800,2045.98
1774850400,2040.8
1774854000,2057.83
1774857600,2061.1
1774861200,2053.69
1774864800,2056.4
1774868400,2069.85
1774872000,2073.58
1774875600,2059.3
1774879200,2070.63
1774882800,2073.56
1774886400,2064.8
1774890000,2039.66
1774893600,2030.44
1774897200,2021.74
1774900800,2021.53
1774904400,2034.14
1774908000,2031.31
1774911600,2024.6
1774915200,2035.03
1774918800,2071.31
1774922400,2071.12
1774926000,2065.2
1774929600,2059.0
1774933200,2062.62
1774936800,2060.6
1774940400,2054.04
1774944000,2038.16
1774947600,2016.52
1774951200,2024.67
1774954800,2039.3
1774958400,2045.92
1774962000,2073.58
1774965600,2043.54
1774969200,2053.2
1774972800,2089.67
1774976400,2091.22
1774980000,2098.07
1774983600,2094.7
1774987200,2105.77
1774990800,2100.57
1774994400,2094.76
1774998000,2103.61
1775001600,2113.2
1775005200,2091.04
1775008800,2086.69
1775012400,2100.92
1775016000,2109.7
1775019600,2121.01
1775023200,2150.0
1775026800,2130.02
1775030400,2136.12
1775034000,2135.62
1775037600,2131.64
1775041200,2134.75
1775044800,2129.45
1775048400,2118.1
1775052000,2126.37
1775055600,2134.81
1775059200,2146.06
1775062800,2136.5
1775066400,2128.59
1775070000,2140.29
1775073600,2143.51
1775077200,2156.8
1775080800,2139.98
1775084400,2140.21
1775088000,2155.85
1775091600,2099.69
1775095200,2073.39
1775098800,2055.9
1775102400,2044.14
1775106000,2049.85
1775109600,2049.81
1775113200,2055.48
1775116800,2045.41
1775120400,2043.08
1775124000,2038.19
1775127600,2032.06
1775131200,2026.29
1775134800,2038.21
1775138400,2063.81
1775142000,2059.17
1775145600,2062.84
1775149200,2046.69
1775152800,2058.4
1775156400,2065.45
1775160000,2068.23
1775163600,2063.0
1775167200,2060.1
1775170800,2056.78
1775174400,2052.93
1775178000,2050.37
1775181600,2052.11
1775185200,2053.89
1775188800,2054.29
1775192400,2056.85
1775196000,2063.61
1775199600,2065.14
1775203200,2060.72
1775206800,2060.95
1775210400,2059.75
1775214000,2062.71
1775217600,2049.86
1775221200,2048.02
1775224800,2054.11
1775228400,2050.96
1775232000,2054.48
1775235600,2049.95
1775239200,2049.04
1775242800,2052.53
1775246400,2052.76
1775250000,2058.4
1775253600,2051.83
1775257200,2053.52
1775260800,2052.12
1775264400,2051.09
1775268000,2049.95
1775271600,2049.7
1775275200,2050.82
1775278800,2053.22
1775282400,2056.03
1775286000,2053.52
1775289600,2050.32
1775293200,2050.18
1775296800,2053.9
1775300400,2051.68
1775304000,2049.74
1775307600,2053.09
1775311200,2052.95
1775314800,2055.86
1775318400,2055.45
1775322000,2056.38
1775325600,2054.75
1775329200,2064.41
1775332800,2062.62
1775336400,2068.3
1775340000,2068.86
1775343600,2065.17
1775347200,2061.82
1775350800,2056.8
1775354400,2059.43
1775358000,2056.36
1775361600,2054.6
1775365200,2048.16
1775368800,2037.58
1775372400,2036.7
1775376000,2038.49
1775379600,2044.08
1775383200,2044.13
1775386800,2041.29
1775390400,2027.88
1775394000,2036.0
1775397600,2038.05
1775401200,2053.47
1775404800,2051.5
1775408400,2061.67
1775412000,2062.54
1775415600,2062.04
1775419200,2068.74
1775422800,2059.64
1775426400,2085.03
1775430000,2109.24
1775433600,2121.54
1775437200,2114.6
1775440800,2132.76
1775444400,2128.75
1775448000,2130.29
1775451600,2130.73
1775455200,2126.94
1775458800,2134.88
1775462400,2138.49
1775466000,2151.26
1775469600,2153.61
1775473200,2151.73
1775476800,2143.45
1775480400,2146.8
1775484000,2157.13
1775487600,2165.31
1775491200,2140.56
1775494800,2134.63
1775498400,2145.46
1775502000,2144.12
1775505600,2149.4
1775509200,2139.62
1775512800,2105.4
1775516400,2107.39
1775520000,2112.53
1775523600,2099.28
1775527200,2106.72
1775530800,2108.2
1775534400,2114.4
1775538000,2105.6
1775541600,2104.12
1775545200,2103.39
1775548800,2114.87
1775552400,2128.31
1775556000,2088.73
1775559600,2088.86
1775563200,2086.45
1775566800,2074.35
1775570400,2068.96
1775574000,2079.93
1775577600,2083.5
1775581200,2099.2
1775584800,2085.74
1775588400,2112.96
1775592000,2115.44
1775595600,2145.52
1775599200,2219.65
1775602800,2239.68
1775606400,2235.59
1775610000,2233.83
1775613600,2236.94
1775617200,2234.45
1775620800,2240.67
1775624400,2240.56
1775628000,2245.83
1775631600,2254.24
1775635200,2256.71
1775638800,2249.7
1775642400,2242.98
1775646000,2247.71
1775649600,2255.93
1775653200,2235.51
1775656800,2195.16
1775660400,2215.67
1775664000,2221.19
1775667600,2232.16
1775671200,2201.2
1775674800,2211.6
1775678400,2210.11
1775682000,2215.12
1775685600,2190.34
1775689200,2190.24
1775692800,2183.14
1775696400,2179.14
1775700000,2182.07
1775703600,2182.95
1775707200,2178.31
1775710800,2182.8
1775714400,2182.22
1775718000,2181.47
1775721600,2186.4
1775725200,2194.37
1775728800,2190.91
1775732400,2180.11
1775736000,2183.27
1775739600,2164.8
1775743200,2177.82
1775746800,2218.31
1775750400,2208.59
1775754000,2223.73
1775757600,2206.72
1775761200,2218.18
1775764800,2213.75
1775768400,2211.06
1775772000,2198.3
1775775600,2190.15
1775779200,2195.4
1775782800,2195.0
1775786400,2189.51
1775790000,2186.5
1775793600,2195.98
1775797200,2197.4
1775800800,2186.48
1775804400,2179.18
1775808000,2185.96
1775811600,2196.71
1775815200,2197.92
1775818800,2216.35
1775822400,2219.26
1775826000,2223.74
1775829600,2243.55
1775833200,2224.33
1775836800,2246.4
1775840400,2249.48
1775844000,2250.12
1775847600,2254.28
1775851200,2256.6
1775854800,2255.9
1775858400,2243.43
1775862000,2246.29
1775865600,2239.82
1775869200,2245.39
1775872800,2249.71
1775876400,2238.42
1775880000,2241.93
1775883600,2233.8
1775887200,2236.81
1775890800,2233.8
1775894400,2233.96
1775898000,2244.95
1775901600,2241.6
1775905200,2247.42
1775908800,2246.4
1775912400,2240.89
1775916000,2243.2
1775919600,2250.44
1775923200,2259.82
1775926800,2260.83
1775930400,2306.4
1775934000,2316.99
1775937600,2299.25
1775941200,2300.19
1775944800,2297.6
1775948400,2285.79
1775952000,2286.74
1775955600,2219.92
1775959200,2224.56
1775962800,2214.6
1775966400,2212.9
1775970000,2217.98
1775973600,2216.82
1775977200,2218.92
1775980800,2215.02
1775984400,2214.75
1775988000,2202.6
1775991600,2205.7
1775995200,2195.62
1775998800,2187.52
1776002400,2181.59
1776006000,2187.63
1776009600,2188.31
1776013200,2204.21
1776016800,2201.41
1776020400,2199.43
1776024000,2214.38
1776027600,2211.79
1776031200,2199.64
1776034800,2191.8
1776038400,2205.59
1776042000,2203.66
1776045600,2194.29
1776049200,2194.3
1776052800,2190.64
1776056400,2191.78
1776060000,2198.99
1776063600,2186.83
1776067200,2185.5
1776070800,2187.98
1776074400,2183.81
1776078000,2187.67
1776081600,2192.46
1776085200,2216.09
1776088800,2235.31
1776092400,2209.68
1776096000,2226.79
1776099600,2225.82
1776103200,2233.34
1776106800,2263.28
1776110400,2253.41
1776114000,2260.92
1776117600,2353.73
1776121200,2370.28
1776124800,2362.39
1776128400,2369.84
1776132000,2368.42
1776135600,2366.4
1776139200,2365.02
1776142800,2356.62
1776146400,2374.21
1776150000,2379.09
1776153600,2389.0
1776157200,2388.35
1776160800,2375.71
1776164400,2374.96
1776168000,2374.65
1776171600,2393.37
1776175200,2354.5
1776178800,2365.5
1776182400,2334.98
1776186000,2339.6
1776189600,2315.51
1776193200,2314.49
1776196800,2316.0
1776200400,2324.93
1776204000,2316.2
1776207600,2323.58
1776211200,2334.44
1776214800,2336.61
1776218400,2325.66
1776222000,2329.92
1776225600,2334.41
1776229200,2320.3
1776232800,2318.15
1776236400,2317.23
1776240000,2328.84
1776243600,2320.3
1776247200,2317.34
1776250800,2338.22
1776254400,2333.7
1776258000,2327.46
1776261600,2339.28
1776265200,2332.63
1776268800,2341.77
1776272400,2349.64
1776276000,2359.35
1776279600,2376.32
1776283200,2363.67
1776286800,2361.53
1776290400,2364.56
1776294000,2360.6
1776297600,2361.15
1776301200,2352.43
1776304800,2357.4
1776308400,2358.36
1776312000,2354.78
1776315600,2358.0
1776319200,2356.66
1776322800,2341.81
1776326400,2339.45
1776330000,2338.6
1776333600,2332.2
1776337200,2336.29
1776340800,2340.9
1776344400,2308.02
1776348000,2310.61
1776351600,2339.71
1776355200,2316.83
1776358800,2325.57
1776362400,2344.25
1776366000,2360.5
1776369600,2350.5
1776373200,2341.81
1776376800,2342.97
1776380400,2348.61
1776384000,2344.99
1776387600,2335.88
1776391200,2332.69
1776394800,2325.77
1776398400,2329.6
1776402000,2319.75
1776405600,2332.15
1776409200,2334.1
1776412800,2355.8
1776416400,2360.01
1776420000,2344.81
1776423600,2355.84
1776427200,2373.1
1776430800,2438.7
1776434400,2448.89
1776438000,2443.31
1776441600,2452.59
1776445200,2441.6
1776448800,2421.59
1776452400,2429.38
1776456000,2427.9
1776459600,2430.4
1776463200,2434.21
1776466800,2419.81
1776470400,2422.0
1776474000,2422.05
1776477600,2419.81
1776481200,2406.26
1776484800,2408.33
1776488400,2409.88
1776492000,2410.69
1776495600,2404.54
1776499200,2381.76
1776502800,2376.8
1776506400,2360.09
1776510000,2353.71
1776513600,2358.86
1776517200,2356.23
1776520800,2365.89
1776524400,2364.39
1776528000,2361.5
1776531600,2362.5
1776535200,2348.1
1776538800,2349.51
1776542400,2353.62
1776546000,2356.42
1776549600,2357.61
1776553200,2351.36
1776556800,2350.1
1776560400,2349.09
1776564000,2339.21
1776567600,2340.8
1776571200,2334.44
1776574800,2333.68
1776578400,2328.2
1776582000,2316.91
1776585600,2319.75
1776589200,2310.84
1776592800,2318.75
1776596400,2330.2
1776600000,2332.85
1776603600,2339.79
1776607200,2339.3
1776610800,2331.78
1776614400,2312.7
1776618000,2296.7
1776621600,2296.9
1776625200,2300.18
1776628800,2281.57
1776632400,2276.88
1776636000,2270.86
1776639600,2263.89
1776643200,2281.4
1776646800,2287.07
1776650400,2278.51
1776654000,2287.23
1776657600,2284.22
1776661200,2271.08
1776664800,2287.06
1776668400,2298.93
1776672000,2294.89
1776675600,2310.06
1776679200,2303.96
1776682800,2308.5
1776686400,2320.03
1776690000,2311.74
1776693600,2291.28
1776697200,2314.67
1776700800,2300.96
1776704400,2317.9
1776708000,2335.34
1776711600,2332.55
1776715200,2338.61
1776718800,2322.18
1776722400,2320.4
1776726000,2314.79
1776729600,2322.61
1776733200,2316.03
1776736800,2309.01
1776740400,2312.01
1776744000,2315.21
1776747600,2314.79
1776751200,2318.3
1776754800,2319.44
1776758400,2324.43
1776762000,2326.1
1776765600,2331.97
1776769200,2320.61
1776772800,2309.01
1776776400,2313.8
1776780000,2299.65
1776783600,2311.2
1776787200,2308.31
1776790800,2307.01
1776794400,2313.72
1776798000,2298.89
1776801600,2314.8
1776805200,2313.19
1776808800,2312.21
1776812400,2328.0
1776816000,2326.04
1776819600,2323.01
1776823200,2371.11
1776826800,2364.16
1776830400,2364.0
1776834000,2396.2
1776837600,2393.07
1776841200,2390.42
1776844800,2388.6
1776848400,2388.11
1776852000,2391.01
1776855600,2399.59
1776859200,2406.0
1776862800,2418.89
1776866400,2403.83
1776870000,2404.35
1776873600,2386.57
1776877200,2399.9
1776880800,2397.69
1776884400,2398.46
1776888000,2392.32
1776891600,2403.18
1776895200,2401.19
1776898800,2375.21
1776902400,2373.3
1776906000,2367.52
1776909600,2352.62
1776913200,2341.36
1776916800,2348.84
1776920400,2349.9
1776924000,2355.75
1776927600,2345.3
1776931200,2340.38
1776934800,2317.11
1776938400,2315.04
1776942000,2329.72
1776945600,2330.2
1776949200,2320.17
1776952800,2335.42
1776956400,2334.39
1776960000,2326.99
1776963600,2311.05
1776967200,2305.52
1776970800,2314.06
1776974400,2325.79
1776978000,2321.87
1776981600,2332.89
1776985200,2331.08
1776988800,2333.2
1776992400,2333.59
1776996000,2320.66
1776999600,2309.23
1777003200,2306.89
1777006800,2315.35
1777010400,2309.92
1777014000,2312.77
1777017600,2316.65
1777021200,2310.93
1777024800,2316.87
1777028400,2329.26
1777032000,2325.88
1777035600,2317.51
1777039200,2314.54
1777042800,2325.0
1777046400,2317.33
1777050000,2320.47
1777053600,2320.51
1777057200,2321.91
1777060800,2327.27
1777064400,2315.82
1777068000,2312.73
1777071600,2315.81
1777075200,2316.53
1777078800,2318.68
1777082400,2318.16
1777086000,2319.53
1777089600,2317.25
1777093200,2316.6
1777096800,2316.43
1777100400,2316.99
1777104000,2319.93
1777107600,2319.66
1777111200,2320.93
1777114800,2314.41
1777118400,2314.02
1777122000,2316.65
1777125600,2316.42
1777129200,2308.79
1777132800,2310.12
1777136400,2309.58
1777140000,2311.91
1777143600,2310.34
1777147200,2313.99
1777150800,2316.24
1777154400,2318.49
1777158000,2319.97
1777161600,2315.71
1777165200,2314.55
1777168800,2315.63
1777172400,2310.22
1777176000,2318.27
1777179600,2328.71
1777183200,2330.83
1777186800,2332.18
1777190400,2333.16
1777194000,2335.32
1777197600,2333.57
1777201200,2337.04
1777204800,2329.65
1777208400,2335.95
1777212000,2346.81
1777215600,2349.0
1777219200,2343.41
1777222800,2350.38
1777226400,2362.5
1777230000,2368.53
1777233600,2363.31
1777237200,2364.9
1777240800,2362.68
1777244400,2370.47
1777248000,2391.4
1777251600,2395.31
1777255200,2393.08
1777258800,2395.27
1777262400,2383.15
1777266000,2323.2
1777269600,2321.28
1777273200,2316.06
1777276800,2319.71
1777280400,2322.13
1777284000,2319.99
1777287600,2320.44
1777291200,2313.98
1777294800,2312.6
1777298400,2315.03
1777302000,2274.51
1777305600,2277.79
1777309200,2286.62
1777312800,2288.6
1777316400,2289.55
1777320000,2291.22
1777323600,2287.25
1777327200,2294.42
1777330800,2303.44
1777334400,2306.75
1777338000,2298.78
1777341600,2288.57
1777345200,2290.66
1777348800,2288.51
1777352400,2288.18
1777356000,2277.61
1777359600,2287.79
1777363200,2287.2
1777366800,2282.0
1777370400,2284.25
1777374000,2274.95
1777377600,2278.01
1777381200,2276.93
1777384800,2273.06
1777388400,2279.66
1777392000,2286.0
1777395600,2290.36
1777399200,2296.87
1777402800,2301.06
1777406400,2295.06
1777410000,2290.01
1777413600,2286.26
1777417200,2289.29
1777420800,2291.99
1777424400,2292.45
1777428000,2288.7
1777431600,2311.47
1777435200,2326.81
1777438800,2328.63
1777442400,2324.4
1777446000,2323.37
1777449600,2325.44
1777453200,2339.76
1777456800,2333.05
1777460400,2331.25
1777464000,2315.8
1777467600,2302.45
1777471200,2298.9
1777474800,2271.85
1777478400,2266.28
1777482000,2281.77
1777485600,2238.2
1777489200,2232.79
1777492800,2239.67
1777496400,2252.17
1777500000,2256.94
1777503600,2251.85
1777507200,2271.69
1777510800,2268.9
1777514400,2243.72
1777518000,2252.36
1777521600,2238.06
1777525200,2242.04
1777528800,2246.85
1777532400,2259.98
1777536000,2256.02
1777539600,2261.46
1777543200,2261.09
1777546800,2257.42
1777550400,2264.49
1777554000,2263.26
1777557600,2261.44
1777561200,2265.07
1777564800,2256.01
1777568400,2257.13
1777572000,2259.7
1777575600,2261.07
1777579200,2263.51
1777582800,2255.13
1777586400,2253.68
1777590000,2256.8
1777593600,2259.29
1777597200,2266.8
1777600800,2266.27
1777604400,2282.0
1777608000,2279.34
1777611600,2282.64
1777615200,2276.7
1777618800,2279.2
1777622400,2286.9
1777626000,2281.81
1777629600,2282.3
1777633200,2286.33
1777636800,2301.26
1777640400,2318.96
1777644000,2307.68
1777647600,2307.6
1777651200,2301.53
1777654800,2311.81
1777658400,2304.41
1777662000,2304.72
1777665600,2285.0
1777669200,2292.63
1777672800,2293.35
1777676400,2295.54
1777680000,2297.55
1777683600,2298.7
1777687200,2303.14
1777690800,2303.94
1777694400,2301.07
1777698000,2299.31
1777701600,2305.11
1777705200,2300.61
1777708800,2303.24
1777712400,2304.9
1777716000,2303.31
1777719600,2301.82
1777723200,2303.3
1777726800,2307.96
1777730400,2306.4
1777734000,2308.97
1777737600,2309.3
1777741200,2305.79
1777744800,2309.63
1777748400,2310.9
1777752000,2311.69
1777755600,2325.49
1777759200,2326.8
1777762800,2316.89
1777766400,2314.01
1777770000,2303.81
1777773600,2303.08
1777777200,2301.9
1777780800,2301.23
1777784400,2303.8
1777788000,2304.0
1777791600,2309.26
1777795200,2307.86
1777798800,2316.11
1777802400,2311.28
1777806000,2319.6
1777809600,2325.42
1777813200,2321.82
1777816800,2328.31
1777820400,2327.84
1777824000,2328.16
1777827600,2331.81
1777831200,2330.75
1777834800,2335.7
1777838400,2329.68
1777842000,2324.11
1777845600,2343.71
1777849200,2322.5
1777852800,2318.73
1777856400,2350.96
1777860000,2374.5
1777863600,2385.01
1777867200,2389.88
1777870800,2375.88
1777874400,2368.0
1777878000,2362.23
1777881600,2359.54
1777885200,2368.24
1777888800,2338.26
1777892400,2337.37
1777896000,2335.27
1777899600,2336.48
1777903200,2371.8
1777906800,2349.85
1777910400,2355.01
1777914000,2370.48
1777917600,2361.5
1777921200,2355.3
1777924800,2349.69
1777928400,2360.63
1777932000,2354.35
1777935600,2346.95
1777939200,2358.76
1777942800,2361.98
1777946400,2367.57
1777950000,2382.49
1777953600,2380.95
1777957200,2379.99
1777960800,2378.76
1777964400,2380.61
1777968000,2376.58
1777971600,2369.36
1777975200,2378.69
1777978800,2380.07
1777982400,2389.12
1777986000,2388.89
1777989600,2378.89
1777993200,2382.05
1777996800,2365.01
1778000400,2362.75
1778004000,2372.37
1778007600,2371.36
1778011200,2382.24
1778014800,2375.46
1778018400,2367.49
1778022000,2360.5
1778025600,2363.91
1778029200,2372.95
1778032800,2369.15
1778036400,2376.47
1778040000,2365.98
1778043600,2364.62
1778047200,2370.17
1778050800,2371.46
1778054400,2394.68
1778058000,2412.85
1778061600,2410.23
1778065200,2410.78
1778068800,2405.1
1778072400,2367.9
1778076000,2359.28
1778079600,2358.6
1778083200,2357.69
1778086800,2349.66
1778090400,2344.6
1778094000,2347.79
1778097600,2350.67
1778101200,2354.63
1778104800,2347.45
1778108400,2350.66
1778112000,2329.46
1778115600,2327.17
1778119200,2321.87
1778122800,2321.93
1778126400,2327.29
1778130000,2331.13
1778133600,2337.24
1778137200,2344.71
1778140800,2333.63
1778144400,2328.47
1778148000,2326.41
1778151600,2329.89
1778155200,2332.81
1778158800,2314.0
1778162400,2299.04
1778166000,2294.55
1778169600,2291.5
1778173200,2300.06
1778176800,2296.31
1778180400,2295.95
1778184000,2289.09
1778187600,2287.4
1778191200,2286.88
1778194800,2290.81
1778198400,2286.58
1778202000,2282.06
1778223600,2280.87
1778227200,2283.5
1778230800,2283.89
1778234400,2287.59
1778238000,2295.4
1778241600,2284.3
1778245200,2276.16
1778248800,2285.37
1778252400,2293.25
1778256000,2289.4
1778259600,2305.1
1778263200,2313.58
1778266800,2315.68
1778270400,2306.62
1778274000,2314.22
1778277600,2310.86
1778281200,2307.24
1778284800,2308.69
1778288400,2314.58
1778292000,2317.12
1778295600,2315.53
1778299200,2312.68
1778302800,2314.58
1778306400,2314.23
1778310000,2313.7
1778313600,2316.93
1778317200,2313.13
1778320800,2312.28
1778324400,2314.33
1778328000,2316.22
1778331600,2314.27
1778335200,2307.82
1778338800,2317.29
1778342400,2319.8
1778346000,2329.26
1778349600,2329.92
1778353200,2331.96
1778356800,2329.09
1778360400,2330.85
1778364000,2329.78
1778367600,2326.16
1778371200,2323.71
1778374800,2323.38
1778378400,2327.21
1778382000,2327.41
1778385600,2327.9
1778389200,2327.05
1778392800,2329.09
1778396400,2327.13
1778400000,2329.68
1778403600,2327.82
1778407200,2325.02
1778410800,2322.47
1778414400,2324.24
1778418000,2330.04
1778421600,2330.97
1778425200,2347.39
1778428800,2349.82
1778432400,2364.0
1778436000,2358.61
1778439600,2365.79
1778443200,2328.74
1778446800,2330.77
1778450400,2373.5
1778454000,2371.12
1778457600,2352.44
1778461200,2358.37
1778464800,2345.1
1778468400,2329.86
1778472000,2332.51
1778475600,2334.39
1778479200,2333.28
1778482800,2330.04
1778486400,2329.82
1778490000,2335.26
1778493600,2329.3
1778497200,2335.29
1778500800,2328.4
1778504400,2321.0
1778508000,2315.28
1778511600,2333.04
1778515200,2329.24
1778518800,2336.21
1778522400,2334.96
1778526000,2339.86
1778529600,2337.66
1778533200,2340.26
1778536800,2340.82
1778540400,2339.39
1778544000,2333.04
1778547600,2310.66
1778551200,2315.14
1778554800,2308.89
1778558400,2310.23
1778562000,2309.65
1778565600,2303.03
1778569200,2294.11
1778572800,2287.37
1778576400,2291.96
1778580000,2285.52
1778583600,2286.09
1778587200,2288.31
1778590800,2271.04
1778594400,2268.32
1778598000,2261.0
1778601600,2263.07
1778605200,2276.27
1778608800,2278.8
1778612400,2284.98
1778616000,2284.8
1778619600,2285.11
1778623200,2282.11
1778626800,2274.43
1778630400,2281.11
1778634000,2289.63
1778637600,2293.49
1778641200,2301.44
1778644800,2306.39
1778648400,2297.24
1778652000,2301.12
1778655600,2300.61
1778659200,2316.3
1778662800,2320.4
1778666400,2307.72
1778670000,2300.88
1778673600,2283.5
1778677200,2261.08
1778680800,2266.48
1778684400,2235.11
1778688000,2249.58
1778691600,2257.41
1778695200,2258.46
1778698800,2255.25
1778702400,2262.82
1778706000,2255.0
1778709600,2258.36
1778713200,2257.85
1778716800,2265.61
1778720400,2263.9
1778724000,2250.58
1778727600,2240.93
1778731200,2255.77
1778734800,2267.28
1778738400,2266.74
1778742000,2264.57
1778745600,2265.62
1778749200,2256.58
1778752800,2261.12
1778756400,2252.71
1778760000,2260.57
1778763600,2248.23
1778767200,2286.8
1778770800,2299.09
1778774400,2316.1
1778778000,2308.34
1778781600,2309.81
1778785200,2297.77
1778788800,2297.73
1778792400,2296.93
1778796000,2297.92
1778799600,2283.08
1778803200,2290.93
1778806800,2275.0
1778810400,2275.98
1778814000,2272.66
1778817600,2262.56
1778821200,2244.77
1778824800,2254.62
1778828400,2264.53
1778832000,2256.87
1778835600,2254.07
1778839200,2261.84
1778842800,2256.65
1778846400,2253.49
1778850000,2211.78
1778853600,2212.22
1778857200,2221.46
1778860800,2223.62
1778864400,2228.29
1778868000,2226.65
1778871600,2221.79
1778875200,2218.86
1778878800,2215.71
1778882400,2222.35
1778886000,2223.0
1778889600,2225.55
1778893200,2228.01
1778896800,2228.26
1778900400,2226.65
1778904000,2224.51
1778907600,2224.42
1778911200,2214.16
1778914800,2193.67
1778918400,2192.13
1778922000,2172.55
1778925600,2175.59
1778929200,2175.06
1778932800,2175.37
1778936400,2176.13
1778940000,2179.06
1778943600,2178.9
1778947200,2173.44
1778950800,2177.98
1778954400,2180.36
1778958000,2178.78
1778961600,2180.36
1778965200,2181.53
1778968800,2179.41
1778972400,2179.96
1778976000,2176.72
1778979600,2168.6
1778983200,2173.28
1778986800,2180.46
1778990400,2186.31
1778994000,2185.09
1778997600,2184.18
1779001200,2185.5
1779004800,2185.17
1779008400,2189.33
1779012000,2193.38
1779015600,2191.2
1779019200,2193.76
1779022800,2191.32
1779026400,2185.72
1779030000,2185.41
1779033600,2181.49
1779037200,2182.77
1779040800,2187.36
1779044400,2191.29
1779048000,2188.35
1779051600,2190.77
1779055200,2178.36
1779058800,2129.74
1779062400,2114.42
1779066000,2116.4
1779069600,2115.29
1779073200,2117.24
1779076800,2123.75
1779080400,2117.08
1779084000,2117.69
1779087600,2119.3
1779091200,2119.97
1779094800,2115.59
1779098400,2113.28
1779102000,2132.77
1779105600,2150.4
1779109200,2129.52
1779112800,2108.79
1779116400,2105.88
1779120000,2095.83
1779123600,2106.18
1779127200,2079.4
1779130800,2123.45
1779134400,2115.74
1779138000,2135.54
1779141600,2134.02
1779145200,2128.57
1779148800,2134.56
1779152400,2123.22
1779156000,2121.45
1779159600,2129.83
1779163200,2132.35
1779166800,2133.6
1779170400,2135.72
1779174000,2139.42
1779177600,2131.71
1779181200,2112.75
1779184800,2116.39
1779188400,2108.58
1779192000,2116.45
1779195600,2117.16
1779199200,2104.36
1779202800,2108.4
1779206400,2119.43
1779210000,2113.86
1779213600,2112.87
1779217200,2111.48
1779220800,2116.63
1779224400,2115.12
1779228000,2104.45
1779231600,2110.06
1779235200,2109.4
1779238800,2112.98
1779242400,2107.07
1779246000,2109.28
1779249600,2111.21
1779253200,2123.52
1779256800,2131.89
1779260400,2127.63
1779264000,2129.69
1779267600,2127.2
1779271200,2128.67
1779274800,2125.9
1779278400,2132.13
1779282000,2118.46
1779285600,2133.3
1779289200,2134.49
1779292800,2133.23
1779296400,2138.53
1779300000,2130.03
1779303600,2136.75
1779307200,2133.85
1779310800,2128.36
1779314400,2126.27
1779318000,2127.49
1779321600,2140.85
1779325200,2138.98
1779328800,2139.83
1779332400,2143.82
1779336000,2142.78
1779339600,2134.34
1779343200,2126.54
1779346800,2132.83
1779350400,2135.98
1779354000,2125.6
1779357600,2111.92
1779361200,2112.86
1779364800,2114.82
1779368400,2118.34
1779372000,2120.04
1779375600,2130.43
1779379200,2125.6
1779382800,2144.44
1779386400,2124.64
1779390000,2140.78
1779393600,2136.41
1779397200,2133.36
1779400800,2129.78
1779404400,2131.96
1779408000,2127.28
1779411600,2133.9
1779415200,2135.84
1779418800,2135.85
1779422400,2131.57
1779426000,2127.15
1779429600,2123.22
1779433200,2126.21
1779436800,2120.0
1779440400,2121.36
1779444000,2120.78
1779447600,2128.49
1779451200,2132.83
1779454800,2127.56
1779458400,2114.16
1779462000,2116.93
1779465600,2120.79
1779469200,2117.1
1779472800,2097.39
1779476400,2062.57
1779480000,2070.81
1779483600,2075.77
1779487200,2070.09
1779490800,2063.39
1779494400,2061.85
1779498000,2066.3
1779501600,2065.8
1779505200,2068.02
1779508800,2064.66
1779512400,2062.52
1779516000,2059.19
1779519600,2026.15
1779523200,2027.79
1779526800,2024.9
1779530400,2029.06
1779534000,2029.24
1779537600,2028.79
1779541200,2042.48
1779544800,2059.0
1779548400,2057.64
1779552000,2058.96
1779555600,2061.46
1779559200,2071.69
1779562800,2075.03
1779566400,2143.21
1779570000,2114.1
1779573600,2114.0
1779577200,2115.04
1779580800,2116.8
1779584400,2119.81
1779588000,2119.92
1779591600,2116.26
1779595200,2117.66
1779598800,2117.24
1779602400,2125.6
1779606000,2118.38
1779609600,2117.72
1779613200,2120.87
1779616800,2119.76
1779620400,2123.66
1779624000,2117.49
1779627600,2107.7
1779631200,2095.43
1779634800,2093.35
1779638400,2100.82
1779642000,2100.33
1779645600,2097.27
1779649200,2098.09
1779652800,2090.47
1779656400,2068.08
1779660000,2089.68
1779663600,2097.35
1779667200,2102.41
1779670800,2091.82
1779674400,2095.41
1779678000,2092.95
1779681600,2103.32
1779685200,2105.92
1779688800,2106.77
1779692400,2113.8
1779696000,2114.28
1779699600,2114.54
1779703200,2114.77
1779706800,2113.15
1779710400,2115.25
1779714000,2114.19
1779717600,2126.42
1779721200,2124.91
1779724800,2134.44
1779728400,2126.77
1779732000,2124.93
1779735600,2119.42
1779739200,2106.94
1779742800,2108.82
1779746400,2101.79
1779750000,2110.91
1779753600,2095.68
1779757200,2092.3
1779760800,2086.67
1779764400,2091.15
1779768000,2091.63
1779771600,2098.61
1779775200,2099.64
1779778800,2093.04
1779782400,2095.06
1779786000,2094.26
1779789600,2125.46
1779793200,2118.71
1779796800,2124.26
1779800400,2122.9
1779804000,2106.68
1779807600,2084.48
1779811200,2076.87
1779814800,2067.51
1779818400,2065.35
1779822000,2070.84
1779825600,2075.51
1779829200,2070.07
1779832800,2065.81
1779836400,2070.88
1779840000,2080.47
1779843600,2071.4
1779847200,2073.0
1779850800,2066.78
1779854400,2068.98
1779858000,2074.08
1779861600,2076.38
1779865200,2080.39
1779868800,2081.86
1779872400,2080.51
1779876000,2076.48
1779879600,2077.68
1779883200,2075.8
1779886800,2060.39
1779890400,2058.71
1779894000,2067.57
1779897600,2066.76
1779901200,2047.94
1779904800,2052.72
1779908400,2053.26
1779912000,2059.59
1779915600,2018.05
1779919200,2022.44
1779922800,2021.64
1779926400,2024.89
1779930000,2017.09
1779933600,2014.36
1779937200,1978.39
1779940800,1978.62
1779944400,1974.72
1779948000,1980.42
1779951600,1991.7
1779955200,1984.98
1779958800,1990.73
1779962400,1986.9
1779966000,1986.44
1779969600,1988.3
1779973200,1978.0
1779976800,1990.03
1779980400,1987.11
1779984000,2010.0
1779987600,2016.27
1779991200,2022.09
1779994800,2011.49
1779998400,2010.78
1780002000,2017.01
1780005600,2002.82
1780009200,2006.61
1780012800,2009.6
1780016400,2005.12
1780020000,1996.42
1780023600,1999.83
1780027200,2005.56
1780030800,2011.47
1780034400,2015.24
1780038000,2004.12
1780041600,2003.01
1780045200,2011.7
1780048800,2008.39
1780052400,2004.85
1780056000,1996.43
1780059600,1996.36
1780063200,1998.69
1780066800,2028.41
1780070400,2037.44
1780074000,2025.31
1780077600,2008.65
1780081200,2013.76
1780084800,2015.39
1780088400,2006.9
1780092000,2011.39
1780095600,2011.65
1780099200,2012.0
1780102800,2016.72
1780106400,2018.57
1780110000,2013.81
1780113600,2008.22
1780117200,2013.24
1780120800,2014.8
1780124400,2013.21
1780128000,2011.69
1780131600,2014.06
1780135200,2015.49
1780138800,2014.62
1780142400,2017.14
1780146000,2017.95
1780149600,2023.81
1780153200,2023.75
1780156800,2024.0
1780160400,2024.44
1780164000,2024.5
1780167600,2025.83
1780171200,2024.07
1780174800,2025.55
1780178400,2020.41
1780182000,2019.58
1780185600,2023.93
1780189200,2025.98
1780192800,2031.1
1780196400,2030.41
1780200000,2030.63
1780203600,2027.07
1780207200,2026.87
1780210800,2021.16
1780214400,2024.59
1780218000,2018.29
1780221600,2017.3
1780225200,2020.52
1780228800,2019.48
1780232400,2017.48
1780236000,2005.12
1780239600,2007.65
1780243200,1999.42
1780246800,2003.2
1780250400,1998.04
1780254000,1996.82
1780257600,2004.28
1780261200,2009.44
1780264800,2009.57
1780268400,2004.0
1780272000,2012.58
1780275600,1992.14
1780279200,2008.81
1780282800,2006.48
1780286400,1996.96
1780290000,1992.1
1780293600,1985.2
1780297200,1973.74
1780300800,1981.47
1780304400,1985.43
1780308000,1982.4
1780311600,1979.29
1780315200,1987.14
1780318800,1967.81
1780322400,1965.06
1780326000,1965.0
1780329600,1974.52
1780333200,1988.05
1780336800,1990.21
1780340400,2002.0
1780344000,2003.12
1780347600,1991.77
1780351200,2001.5
1780354800,2004.0
1780358400,1993.72
1780362000,1977.5
1780365600,1994.15
1780369200,2000.76
1780372800,1993.97
1780376400,1981.88
1780380000,1979.38
1780383600,1978.83
1780387200,1976.2
1780390800,1972.08
1780394400,1980.6
1780398000,1975.94
1780401600,1973.16
1780405200,1970.63
1780408800,1937.46
1780412400,1911.53
1780416000,1917.56
1780419600,1920.49
1780423200,1909.85
1780426800,1909.33
1780430400,1903.7
1780434000,1897.55
1780437600,1866.2
1780441200,1857.32
1780444800,1864.59
1780448400,1861.61
1780452000,1851.62
1780455600,1825.4
1780459200,1848.26
1780462800,1870.74
1780466400,1869.22
1780470000,1875.88
1780473600,1877.46
1780477200,1873.6
1780480800,1882.04
1780484400,1875.7
1780488000,1873.91
1780491600,1864.29
1780495200,1855.58
1780498800,1834.36
1780502400,1829.83
1780506000,1825.35
1780509600,1829.79
1780513200,1801.18
1780516800,1779.01
1780520400,1847.35
1780524000,1826.5
1780527600,1810.66
1780531200,1790.95
1780534800,1757.57
1780538400,1765.0
1780542000,1806.75
1780545600,1803.4
1780549200,1782.37
1780552800,1788.12
1780556400,1775.47
1780560000,1771.21
1780563600,1764.02
1780567200,1735.01
1780570800,1749.3
1780574400,1776.07
1780578000,1783.65
1780581600,1772.61
1780585200,1774.52
1780588800,1769.79
1780592400,1765.53
1780596000,1773.85
1780599600,1774.83
1780603200,1772.99
1780606800,1759.32
1780610400,1766.85
1780614000,1768.53
1780617600,1757.4
1780621200,1751.25
1780624800,1728.47
1780628400,1727.7
1780632000,1742.45
1780635600,1682.68
1780639200,1654.85
1780642800,1677.65
1780646400,1662.58
1780650000,1681.46
1780653600,1675.28
1780657200,1661.9
1780660800,1655.97
1780664400,1613.58
1780668000,1599.59
1780671600,1582.01
1780675200,1607.32
1780678800,1593.13
1780682400,1551.82
1780686000,1572.97
1780689600,1602.64
1780693200,1609.28
1780696800,1596.88
1780700400,1582.85
1780704000,1592.42
1780707600,1582.64
1780711200,1575.66
1780714800,1562.81
1780718400,1521.87
1780722000,1565.99
1780725600,1559.18
1780729200,1574.37
1780732800,1581.8
1780736400,1569.96
1780740000,1547.46
1780743600,1558.06
1780747200,1570.3
1780750800,1556.3
1780754400,1557.1
1780758000,1559.87
1780761600,1562.9
1780765200,1552.77
1780768800,1555.93
1780772400,1553.91
1780776000,1556.87
1780779600,1557.36
1780783200,1557.6
1780786800,1568.87
1780790400,1564.28
1780794000,1589.21
1780797600,1592.02
1780801200,1594.28
1780804800,1596.31
1780808400,1603.21
1780812000,1611.57
1780815600,1614.36
1780819200,1640.61
1780822800,1632.81
1780826400,1625.01
1780830000,1629.66
1780833600,1619.44
1780837200,1617.04
1780840800,1627.2
1780844400,1629.6
1780848000,1627.93
1780851600,1630.53
1780855200,1629.76
1780858800,1612.45
1780862400,1627.35
1780866000,1633.7
1780869600,1671.63
1780873200,1689.75
1780876800,1696.8
1780880400,1686.5
1780884000,1682.96
1780887600,1678.99
1780891200,1656.45
1780894800,1652.81
1780898400,1665.51
1780902000,1672.3
1780905600,1659.72
1780909200,1669.76
1780912800,1671.2
1780916400,1682.28
1780920000,1694.11
1780923600,1680.43
1780927200,1690.71
1780930800,1690.75
1780934400,1682.0
1780938000,1686.02
1780941600,1684.16
1780945200,1683.94
1780948800,1689.44
1780952400,1703.04
1780956000,1702.89
1780959600,1689.89
1780963200,1662.6
1780966800,1668.37
1780970400,1667.3
1780974000,1668.71
1780977600,1685.6
1780981200,1687.4
1780984800,1685.25
1780988400,1679.0
1780992000,1674.4
1780995600,1669.64
1780999200,1673.6
1781002800,1670.96
1781006400,1676.08
1781010000,1665.42
1781013600,1644.8
1781017200,1634.95
1781020800,1631.05
1781024400,1641.67
1781028000,1650.86
1781031600,1656.11
1781035200,1659.35
1781038800,1648.72
1781042400,1638.96
1781046000,1638.45
1781049600,1644.77
1781053200,1637.74
1781056800,1622.98
1781060400,1629.71
1781064000,1624.72
1781067600,1626.89
1781071200,1630.75
1781074800,1638.85
1781078400,1619.98
1781082000,1622.48
1781085600,1627.04
1781089200,1618.95
1781092800,1634.13
1781096400,1650.16
1781100000,1645.19
1781103600,1656.6
1781107200,1640.38
1781110800,1630.97
1781114400,1629.19
1781118000,1628.5
1781121600,1628.9
1781125200,1609.88
1781128800,1615.19
1781132400,1620.03
1781136000,1626.91
1781139600,1641.37
1781143200,1638.94
1781146800,1651.72
1781150400,1654.9
1781154000,1645.96
1781157600,1652.85
1781161200,1652.47
1781164800,1657.89
1781168400,1657.06
1781172000,1657.23
1781175600,1665.11
1781179200,1650.09
1781182800,1651.38
1781186400,1641.05
1781190000,1643.7
1781193600,1637.59
1781197200,1686.79
1781200800,1682.1
1781204400,1680.41
1781208000,1670.67
1781211600,1675.55
1781215200,1674.42
1781218800,1671.94
1781222400,1670.97
1781226000,1665.14
1781229600,1673.42
1781233200,1670.8
1781236800,1675.06
1781240400,1661.82
1781244000,1655.18
1781247600,1659.93
1781251200,1671.24
1781254800,1678.31
1781258400,1672.89
1781262000,1671.77
1781265600,1664.67
1781269200,1655.26
1781272800,1684.5
1781276400,1658.67
1781280000,1671.71
1781283600,1667.71
1781287200,1665.41
1781290800,1664.5
1781294400,1664.04
1781298000,1663.21
1781301600,1661.56
1781305200,1665.52
1781308800,1666.45
1781312400,1673.02
1781316000,1667.01
1781319600,1664.17
1781323200,1663.5
1781326800,1664.37
1781330400,1668.78
1781334000,1675.14
1781337600,1673.5
1781341200,1672.74
1781344800,1673.07
1781348400,1677.26
1781352000,1679.58
1781355600,1676.9
1781359200,1678.85
1781362800,1681.11
1781366400,1675.61
1781370000,1673.26
1781373600,1677.76
1781377200,1677.58
1781380800,1675.75
1781384400,1685.57
1781388000,1680.81
1781391600,1680.3
1781395200,1681.2
1781398800,1682.86
1781402400,1681.51
1781406000,1680.94
1781409600,1677.16
1781413200,1677.23
1781416800,1675.56
1781420400,1674.92
1781424000,1674.41
1781427600,1676.88
1781431200,1672.13
1781434800,1672.55
1781438400,1665.7
1781442000,1665.35
1781445600,1658.66
1781449200,1662.13
1781452800,1660.03
1781456400,1660.9
1781460000,1660.82
1781463600,1664.21
1781467200,1669.44
1781470800,1718.09
1781474400,1721.65
1781478000,1724.73
1781481600,1719.98
1781485200,1715.06
1781488800,1716.07
1781492400,1720.0
1781496000,1716.17
1781499600,1719.55
1781503200,1718.89
1781506800,1715.31
1781510400,1719.28
1781514000,1717.36
1781517600,1736.44
1781521200,1763.75
1781524800,1776.35
1781528400,1813.06
1781532000,1813.31
1781535600,1844.7
1781539200,1841.91
1781542800,1828.31
1781546400,1827.21
1781550000,1820.54
1781553600,1815.86
1781557200,1810.35
1781560800,1788.62
1781564400,1795.01
1781568000,1788.45
1781571600,1791.1
1781575200,1769.1
1781578800,1777.98
1781582400,1759.7
1781586000,1761.03
1781589600,1770.42
1781593200,1773.26
1781596800,1802.01
1781600400,1788.28
1781604000,1792.46
1781607600,1798.23
1781611200,1813.08
1781614800,1795.65
1781618400,1778.99
1781622000,1780.86
1781625600,1776.42
1781629200,1793.55
1781632800,1797.76
1781636400,1793.95
1781640000,1796.29
1781643600,1794.42
1781647200,1794.64
1781650800,1791.24
1781654400,1792.44
1781658000,1795.92
1781661600,1793.87
1781665200,1792.04
1781668800,1792.56
1781672400,1792.34
1781676000,1788.69
1781679600,1783.35
1781683200,1764.13
1781686800,1771.34
1781690400,1766.87
1781694000,1762.41
1781697600,1757.8
1781701200,1759.6
1781704800,1753.68
1781708400,1771.95
1781712000,1770.5
1781715600,1787.94
1781719200,1768.7
1781722800,1733.26
1781726400,1745.79
1781730000,1737.22
1781733600,1738.59
1781737200,1749.0
1781740800,1751.46
1781744400,1753.19
1781748000,1754.05
1781751600,1742.24
1781755200,1728.7
1781758800,1728.98
1781762400,1733.76
1781766000,1747.89
1781769600,1746.11
1781773200,1744.78
1781776800,1745.39
1781780400,1741.58
1781784000,1748.47
1781787600,1734.6
1781791200,1737.49
1781794800,1679.82
1781798400,1684.68
1781802000,1676.98
1781805600,1683.13
1781809200,1703.57
1781812800,1708.52
1781816400,1706.35
1781820000,1704.98
1781823600,1709.01
1781827200,1712.0
1781830800,1711.64
1781834400,1704.99
1781838000,1695.81
1781841600,1688.1
1781845200,1695.81
1781848800,1698.7
1781852400,1694.07
1781856000,1695.92
1781859600,1687.55
1781863200,1690.9
1781866800,1690.06
1781870400,1693.6
1781874000,1701.53
1781877600,1705.4
1781881200,1706.09
1781884800,1695.0
1781888400,1703.31
1781892000,1701.29
1781895600,1699.39
1781899200,1706.97
1781902800,1700.17
1781906400,1705.86
1781910000,1709.42
1781913600,1707.11
1781917200,1708.35
1781920800,1703.12
1781924400,1706.46
1781928000,1711.86
1781931600,1724.27
1781935200,1725.98
1781938800,1724.2
1781942400,1721.21
1781946000,1726.72
1781949600,1725.8
1781953200,1725.32
1781956800,1725.2
1781960400,1715.83
1781964000,1731.41
1781967600,1738.7
1781971200,1732.09
1781974800,1724.58
1781978400,1724.51
1781982000,1727.08
1781985600,1728.58
1781989200,1733.11
1781992800,1741.09
1781996400,1738.46
1782000000,1735.34
1782003600,1734.71
1782007200,1733.89
1782010800,1735.71
1782014400,1730.8
1782018000,1731.23
1782021600,1733.89
1782025200,1729.92
1782028800,1726.97
1782032400,1730.62
1782036000,1729.2
1782039600,1723.36
1782043200,1723.71
1782046800,1723.05
1782050400,1726.59
1782054000,1728.75
1782057600,1726.1
1782061200,1725.29
1782064800,1733.46
1782068400,1732.02
1782072000,1719.29
1782075600,1716.36
1782079200,1715.55
1782082800,1704.8
1782086400,1724.88
1782090000,1741.51
1782093600,1734.84
1782097200,1727.88
1782100800,1733.03
1782104400,1734.88
1782108000,1732.86
1782111600,1744.41
1782115200,1745.9
1782118800,1744.36
1782122400,1747.0
1782126000,1766.03
1782129600,1762.0
1782133200,1775.64
1782136800,1752.46
1782140400,1742.49
1782144000,1737.97
1782147600,1739.0
1782151200,1731.32
1782154800,1732.52
1782158400,1732.65
1782162000,1731.05
1782165600,1722.39
1782169200,1726.15
1782172800,1729.16
1782176400,1728.55
1782180000,1730.48
1782183600,1727.78
1782187200,1716.92
1782190800,1711.45
1782194400,1690.17
1782198000,1680.67
1782201600,1646.48
1782205200,1648.8
1782208800,1650.55
1782212400,1658.91
1782216000,1652.6
1782219600,1660.81
1782223200,1660.11
1782226800,1657.51
1782230400,1657.28
1782234000,1654.61
1782237600,1653.24
1782241200,1660.16
1782244800,1661.84
1782248400,1664.48
1782252000,1662.48
1782255600,1665.04
1782259200,1669.11
1782262800,1670.71
1782266400,1661.72
1782270000,1664.65
1782273600,1666.69
1782277200,1672.15
1782280800,1672.44
1782284400,1670.75
1782288000,1671.04
1782291600,1664.66
1782295200,1661.51
1782298800,1676.88
1782302400,1669.39
1782306000,1642.65
1782309600,1644.79
1782313200,1615.6
1782316800,1587.41
1782320400,1558.24
1782324000,1569.84
1782327600,1582.2
1782331200,1611.1
1782334800,1618.81
1782338400,1612.75
1782342000,1619.72
1782345600,1616.25
1782349200,1618.17
1782352800,1618.4
1782356400,1616.89
1782360000,1632.17
1782363600,1643.21
1782367200,1651.07
1782370800,1654.67
1782374400,1650.22
1782378000,1646.18
1782381600,1634.18
1782385200,1630.67
1782388800,1632.98
1782392400,1535.89
1782396000,1565.83
1782399600,1567.51
1782403200,1559.43
1782406800,1572.19
1782410400,1565.08
1782414000,1557.0
1782417600,1557.73
1782421200,1578.06
1782424800,1567.69
1782428400,1565.19
1782432000,1562.02
1782435600,1557.73
1782439200,1522.32
1782442800,1555.44
1782446400,1547.39
1782450000,1553.32
1782453600,1568.73
1782457200,1578.6
1782460800,1564.1
1782464400,1550.77
1782468000,1545.99
1782471600,1543.08
1782475200,1534.02
1782478800,1567.31
1782482400,1557.65
1782486000,1578.0
1782489600,1575.19
1782493200,1579.44
1782496800,1570.68
1782500400,1572.18
1782504000,1568.3
1782507600,1573.12
1782511200,1575.49
1782514800,1576.27
1782518400,1574.47
1782522000,1573.65
1782525600,1580.86
1782529200,1578.25
1782532800,1577.12
1782536400,1576.23
1782540000,1580.21
1782543600,1583.34
1782547200,1581.69
1782550800,1580.29
1782554400,1581.8
1782558000,1581.42
1782561600,1583.36
1782565200,1589.68
1782568800,1591.89
1782572400,1603.1
1782576000,1604.42
1782579600,1588.78
1782583200,1591.19
1782586800,1575.78
1782590400,1578.87
1782594000,1572.7
1782597600,1576.71
1782601200,1571.6
1782604800,1572.3
1782608400,1572.98
1782612000,1569.71
1782615600,1572.79
1782619200,1571.84
1782622800,1566.8
1782626400,1565.56
1782630000,1573.74
1782633600,1579.14
1782637200,1576.81
1782640800,1574.95
1782644400,1580.55
1782648000,1581.06
1782651600,1577.3
1782655200,1579.03
1782658800,1578.79
1782662400,1570.5
1782666000,1569.89
1782669600,1569.34
1782673200,1562.42
1782676800,1570.7
1782680400,1561.46
1782684000,1554.6
1782687600,1569.41
1782691200,1570.78
1782694800,1565.91
1782698400,1573.96
1782702000,1582.03
1782705600,1572.92
1782709200,1580.53
1782712800,1580.4
1782716400,1577.85
1782720000,1570.58
1782723600,1573.9
1782727200,1576.22
1782730800,1572.49
1782734400,1573.68
1782738000,1570.0
1782741600,1570.07
1782745200,1577.0
1782748800,1582.58
1782752400,1625.75
1782756000,1618.55
1782759600,1622.91
1782763200,1615.21
1782766800,1617.65
1782770400,1610.55
1782774000,1610.62
1782777600,1592.13
1782781200,1591.53
1782784800,1588.0
1782788400,1584.32
1782792000,1585.1
1782795600,1589.13
1782799200,1591.45
1782802800,1589.83
1782806400,1581.05
1782810000,1582.95
1782813600,1581.93
1782817200,1575.7
1782820800,1550.24
1782824400,1564.78
1782828000,1560.37
1782831600,1562.18
1782835200,1569.7
1782838800,1568.53
1782842400,1576.34
1782846000,1578.02
1782849600,1573.41
1782853200,1568.79
1782856800,1564.96
1782860400,1569.45
1782864000,1572.54
1782867600,1575.44
1782871200,1583.78
1782874800,1592.33
1782878400,1596.92
1782882000,1590.26
1782885600,1573.66
1782889200,1576.19
1782892800,1580.11
1782896400,1578.94
1782900000,1571.14
1782903600,1567.73
1782907200,1568.3
1782910800,1595.6
1782914400,1599.83
1782918000,1618.58
1782921600,1612.96
1782925200,1621.27
1782928800,1614.81
1782932400,1616.4
1782936000,1616.24
1782939600,1630.33
1782943200,1619.94
1782946800,1607.64
1782950400,1601.87
1782954000,1618.5
1782957600,1618.87
1782961200,1637.55
1782964800,1630.89
1782968400,1624.84
1782972000,1616.95
1782975600,1613.87
1782979200,1622.96
1782982800,1640.95
1782986400,1644.16
1782990000,1648.44
1782993600,1660.98
1782997200,1708.98
1783000800,1699.79
1783004400,1695.12
1783008000,1698.09
1783011600,1694.31
1783015200,1700.48
1783018800,1698.52
1783022400,1703.86
1783026000,1698.5
1783029600,1694.79
1783033200,1698.63
1783036800,1694.71
1783040400,1710.39
1783044000,1702.7
1783047600,1704.32
1783051200,1701.1
1783054800,1712.72
1783058400,1713.93
1783062000,1715.98
1783065600,1717.87
1783069200,1724.42
1783072800,1740.22
1783076400,1740.51
1783080000,1734.49
1783083600,1746.26
1783087200,1735.4
1783090800,1729.42
1783094400,1731.98
1783098000,1736.76
1783101600,1737.18
1783105200,1743.5
1783108800,1764.39
1783112400,1761.61
1783116000,1755.73
1783119600,1756.14
1783123200,1756.9
1783126800,1746.12
1783130400,1747.55
1783134000,1752.11
1783137600,1759.89
1783141200,1754.6
1783144800,1753.21
1783148400,1756.84
1783152000,1760.8
1783155600,1756.52
1783159200,1757.61
1783162800,1756.63
1783166400,1762.81
1783170000,1762.68
1783173600,1771.04
1783177200,1789.7
1783180800,1785.6
1783184400,1797.82
1783188000,1792.25
1783191600,1791.31
1783195200,1785.73
1783198800,1787.91
1783202400,1783.14
1783206000,1779.34
1783209600,1771.09
1783213200,1765.06
1783216800,1759.13
1783220400,1759.94
1783224000,1765.83
1783227600,1764.18
1783231200,1763.09
1783234800,1768.36
1783238400,1765.92
1783242000,1756.46
1783245600,1759.98
1783249200,1758.6
1783252800,1763.44
1783256400,1764.85
1783260000,1771.03
1783263600,1773.08
1783267200,1771.41
1783270800,1778.01
1783274400,1779.73
1783278000,1779.76
1783281600,1775.67
1783285200,1785.26
1783288800,1788.1
1783292400,1784.2
1783296000,1791.85
1783299600,1784.53
1783303200,1782.2
1783306800,1778.07
1783310400,1776.3
1783314000,1772.2
1783317600,1767.8
1783321200,1770.42
1783324800,1763.91
1783328400,1756.87
1783332000,1769.4
1783335600,1757.63
1783339200,1739.2
1783342800,1743.41
1783346400,1750.18
1783350000,1787.39
1783353600,1791.69
1783357200,1786.99
1783360800,1791.53
1783364400,1791.56
1783368000,1791.88
1783371600,1813.86
1783375200,1805.18
1783378800,1798.45
1783382400,1802.39
1783386000,1791.71
1783389600,1777.21
1783393200,1770.23
1783396800,1765.13
1783400400,1769.29
1783404000,1777.69
1783407600,1769.91
1783411200,1768.91
1783414800,1776.24
1783418400,1774.35
1783422000,1779.23
1783425600,1780.12
1783429200,1767.11
1783432800,1787.88
1783436400,1796.04
1783440000,1800.93
1783443600,1809.3
1783447200,1785.31
1783450800,1789.43
1783454400,1782.99
1783458000,1772.63
1783461600,1774.28
1783465200,1770.09
1783468800,1779.0
1783472400,1754.72
1783476000,1756.41
1783479600,1750.11
1783483200,1755.0
1783486800,1752.69
1783490400,1750.3
1783494000,1755.28
1783497600,1733.63
1783501200,1734.49
1783504800,1737.99
1783508400,1746.49
1783512000,1736.85
1783515600,1735.83
1783519200,1727.77
1783522800,1721.06
1783526400,1734.62
1783530000,1731.83
1783533600,1735.97
1783537200,1739.79
1783540800,1734.91
1783544400,1736.63
1783548000,1739.76
1783551600,1741.8
1783555200,1736.69
1783558800,1730.2
1783562400,1725.65
1783566000,1729.04
1783569600,1740.98
1783573200,1747.89
1783576800,1753.77
1783580400,1751.7
1783584000,1752.98
1783587600,1754.48
1783591200,1744.72
1783594800,1742.53
1783598400,1740.21
1783602000,1745.08
1783605600,1741.5
1783609200,1737.74
1783612800,1737.47
1783616400,1747.1
1783620000,1750.04
1783623600,1747.11
1783627200,1747.45
1783630800,1746.97
1783634400,1746.16
1783638000,1743.82
1783641600,1741.48
1783645200,1766.14
1783648800,1771.48
1783652400,1774.8
1783656000,1773.49
1783659600,1777.83
1783663200,1770.01
1783666800,1772.39
1783670400,1782.76
1783674000,1791.41
1783677600,1795.68
1783681200,1800.33
1783684800,1792.6
1783688400,1802.8
1783692000,1783.67
1783695600,1789.7
1783699200,1796.0
1783702800,1786.88
1783706400,1783.67
1783710000,1791.12
1783713600,1788.85
1783717200,1793.0
1783720800,1793.97
1783724400,1795.74
1783728000,1792.08
1783731600,1787.91
1783735200,1794.28
1783738800,1795.19
1783742400,1795.19
1783746000,1797.92
1783749600,1797.97
1783753200,1798.68
1783756800,1800.29
1783760400,1794.0
1783764000,1796.71
1783767600,1798.94
1783771200,1798.74
1783774800,1801.55
1783778400,1809.65
1783782000,1813.51
1783785600,1822.01
1783789200,1823.28
1783792800,1825.15
1783796400,1823.41
1783800000,1824.85
1783803600,1822.72
1783807200,1812.78
1783810800,1786.81
1783814400,1787.73
1783818000,1805.58
1783821600,1803.96
1783825200,1810.43
1783828800,1804.8
1783832400,1802.17
1783836000,1794.02
1783839600,1797.7
1783843200,1803.92
1783846800,1801.33
1783850400,1798.33
1783854000,1802.65
1783857600,1805.99
1783861200,1804.8
1783864800,1818.51
1783868400,1819.96
1783872000,1820.68
1783875600,1817.2
1783879200,1820.4
1783882800,1820.39
1783886400,1820.28
1783890000,1811.4
1783893600,1803.96
1783897200,1805.51
1783900800,1825.36
1783904400,1805.65
1783908000,1805.66
1783911600,1779.16
1783915200,1777.46
1783918800,1780.51
1783922400,1776.36
1783926000,1785.98
1783929600,1788.7
1783933200,1784.3
1783936800,1778.08
1783940400,1779.2
1783944000,1770.57
1783947600,1769.7
1783951200,1780.0
1783954800,1775.39
1783958400,1770.21
1783962000,1751.67
1783965600,1763.09
1783969200,1772.97
1783972800,1765.54
1783976400,1759.9
1783980000,1755.93
1783983600,1774.57
1783987200,1784.18
1783990800,1782.95
1783994400,1780.76
1783998000,1781.6
1784001600,1783.73
1784005200,1784.89
1784008800,1780.91
1784012400,1778.59
1784016000,1783.89
1784019600,1784.18
1784023200,1798.36
1784026800,1796.5
1784030400,1859.4
1784034000,1869.78
1784037600,1879.38
1784041200,1873.71
1784044800,1872.66
1784048400,1870.48
1784052000,1873.68
1784055600,1875.94
1784059200,1874.21
1784062800,1875.24
1784066400,1880.8
1784070000,1890.63
1784073600,1880.38
1784077200,1869.13
1784080800,1863.53
1784084400,1874.94
1784088000,1875.0
1784091600,1881.09
1784095200,1874.6
1784098800,1868.77
1784102400,1878.1
1784106000,1878.6
1784109600,1876.88
1784113200,1883.09
1784116800,1925.61
1784120400,1923.8
1784124000,1931.59
1784127600,1930.0
1784131200,1918.13
1784134800,1926.62
1784138400,1922.91
1784142000,1922.68
1784145600,1922.47
1784149200,1920.94
1784152800,1922.25
1784156400,1916.76
1784160000,1913.6
1784163600,1921.51
1784167200,1923.89
1784170800,1917.48
1784174400,1916.89
1784178000,1924.23
1784181600,1921.16
1784185200,1908.88
1784188800,1884.97
1784192400,1882.94
1784196000,1886.99
1784199600,1883.78
1784203200,1871.29
1784206800,1881.11
1784210400,1881.66
1784214000,1880.3
1784217600,1877.48
1784221200,1867.66
1784224800,1874.28
1784228400,1874.1
1784232000,1870.01
1784235600,1877.11
1784239200,1867.58
1784242800,1863.17
1784246400,1864.26
1784250000,1849.75
1784253600,1846.54
1784257200,1850.91
1784260800,1848.44
1784264400,1822.22
1784268000,1830.65
1784271600,1826.51
1784275200,1828.17
1784278800,1833.13
1784282400,1835.17
1784286000,1837.42
1784289600,1826.64
1784293200,1823.45
1784296800,1820.48
1784300400,1829.36
1784304000,1834.85
1784307600,1842.43
1784311200,1845.98
1784314800,1842.61
1784318400,1841.74
1784322000,1840.44
1784325600,1838.64
1784329200,1840.94
1784332800,1839.86
1784336400,1841.3
1784340000,1841.0
1784343600,1844.81
1784347200,1843.37
1784350800,1844.75
1784354400,1843.61
1784358000,1843.03
1784361600,1846.19
1784365200,1843.7
1784368800,1844.19
1784372400,1844.17
1784376000,1843.41
1784379600,1840.31
1784383200,1844.55
1784386800,1842.5
1784390400,1844.55
1784394000,1851.41
1784397600,1856.29
1784401200,1857.24
1784404800,1855.92
1784408400,1859.53
1784412000,1862.42
1784415600,1861.54
1784419200,1860.11
1784422800,1857.87
1784426400,1870.25
1784430000,1866.06
1784433600,1866.09
1784437200,1867.21
1784440800,1867.9
1784444400,1868.65
1784448000,1872.5
1784451600,1865.16
1784455200,1870.95
1784458800,1870.05
1784462400,1869.12
1784466000,1870.42
1784469600,1873.31
1784473200,1869.66
1784476800,1865.11
1784480400,1865.93
1784484000,1859.71
1784487600,1860.92
1784491200,1865.76
1784494800,1860.71
1784498400,1869.24
1784502000,1870.89
1784505600,1870.61
1784509200,1867.81
1784512800,1877.42
1784516400,1878.37
1784520000,1867.5
1784523600,1854.04
1784527200,1848.0
1784530800,1862.38
1784534400,1859.16
1784538000,1862.41
1784541600,1867.24
1784545200,1891.56
1784548800,1871.58
1784552400,1860.67
1784556000,1866.26
1784559600,1900.98
1784563200,1898.12
1784566800,1906.56
1784570400,1897.92
1784574000,1897.4
1784577600,1903.63
1784581200,1901.05
1784584800,1894.59
1784588400,1903.52
1784592000,1913.72
1784595600,1906.3
1784599200,1916.16
1784602800,1925.46
1784606400,1923.36
1784610000,1929.24
1784613600,1933.59
1784617200,1932.84
1784620800,1938.62
1784624400,1940.8
1784628000,1932.85
1784631600,1934.75
1784635200,1941.3
1784638800,1938.94
1784642400,1930.45
1784646000,1930.76
1784649600,1925.11
1784653200,1917.26
1784656800,1918.95
1784660400,1922.43
1784664000,1922.18
1784667600,1923.13
1784671200,1919.6
1784674800,1929.0
1784678400,1938.01
1784682000,1932.42
1784685600,1929.02
1784689200,1927.2
1784692800,1935.49
1784696400,1918.08
1784700000,1916.27
1784703600,1912.88
1784707200,1919.8
1784710800,1923.2
1784714400,1929.42
1784718000,1926.16
1784721600,1915.59
1784725200,1938.82
1784728800,1932.16
1784732400,1942.07
1784736000,1949.3
1784739600,1937.42
1784743200,1929.72
1784746800,1923.98
1784750400,1926.06
1784754000,1938.04
1784757600,1937.42
1784761200,1933.54
1784764800,1931.4
1784768400,1927.65
1784772000,1926.34
1784775600,1919.53
1784779200,1918.54
1784782800,1921.95
1784786400,1924.09
1784790000,1914.2
1784793600,1925.55
1784797200,1923.19
1784800800,1927.34
1784804400,1925.26
1784808000,1903.1
1784811600,1897.34
1784815200,1895.1
1784818800,1893.82
1784822400,1886.34
1784826000,1876.7
1784829600,1879.69
1784833200,1874.13
1784836800,1884.46
1784840400,1881.2
1784844000,1881.98
1784847600,1876.91
1784851200,1869.87
1784854800,1871.22
1784858400,1867.81
1784862000,1879.19
1784865600,1874.56
1784869200,1879.28
1784872800,1886.75
1784876400,1894.66
1784880000,1886.66
1784883600,1886.67
1784887200,1882.4
1784890800,1882.45
1784894400,1870.8
1784898000,1856.08
1784901600,1860.89
1784905200,1860.04
1784908800,1855.6
1784912400,1864.9
1784916000,1860.8
1784919600,1861.75
1784923200,1859.23
1784926800,1855.62
1784930400,1857.68
1784934000,1859.77
1784937600,1858.51
1784941200,1858.5
1784944800,1857.9
1784948400,1856.92
1784952000,1859.62
1784955600,1856.64
1784959200,1857.0
1784962800,1854.49
1784966400,1852.08
1784970000,1856.54
1784973600,1856.77
1784977200,1856.09
1784980800,1858.37
1784984400,1865.26
1784988000,1867.05
1784991600,1866.15
1784995200,1866.4
1784998800,1871.36
1785002400,1873.74
1785006000,1873.06
1785009600,1870.5
1785013200,1870.99
1785016800,1874.31
1785020400,1873.05
1785024000,1879.4
1785027600,1877.04
1785031200,1879.14
1785034800,1880.6
1785038400,1884.68
1785042000,1881.84
1785045600,1883.27
1785049200,1879.85
1785052800,1879.84
1785056400,1882.09
1785060000,1884.32
1785063600,1884.23
1785067200,1884.86
1785070800,1885.01
1785074400,1896.94
1785078000,1913.31
1785081600,1914.61
1785085200,1909.55
1785088800,1912.74
1785092400,1912.5
1785096000,1912.02
1785099600,1924.39
1785103200,1947.91
1785106800,1952.93
1785110400,1940.68
1785114000,1946.3
1785117600,1941.6
1785121200,1948.02
1785124800,1951.54
1785128400,1963.92
1785132000,1966.77
1785135600,1963.0
1785139200,1962.72
1785142800,1963.31
1785146400,1965.92
1785150000,1957.89
1785153600,1956.09
1785157200,1959.1
1785160800,1930.23
1785164400,1925.32
1785168000,1938.7
1785171600,1941.89
1785175200,1937.19
1785178800,1946.41
1785182400,1945.0
1785186000,1940.0
1785189600,1892.0
1785193200,1890.67
1785196800,1877.11
1785200400,1874.13
1785204000,1874.0
1785207600,1879.53
1785211200,1877.3
1785214800,1881.11
1785218400,1886.6
1785222000,1881.88
1785225600,1882.49
1785229200,1874.26
1785232800,1876.92
1785236400,1874.61
1785240000,1890.4
1785243600,1871.92
1785247200,1886.84
1785250800,1918.22
1785254400,1924.01
1785258000,1899.83
1785261600,1908.81
1785265200,1920.36
1785268800,1916.11
1785272400,1921.84
1785276000,1909.76
1785279600,1919.9
1785283200,1914.91
1785286800,1903.39
1785290400,1908.4
1785294000,1890.16
1785297600,1903.04
1785301200,1910.22
1785304800,1917.81
1785308400,1922.97
1785312000,1912.86
1785315600,1920.04
1785319200,1909.93
1785322800,1913.01
1785326400,1902.93
1785330000,1907.2
1785333600,1892.65
1785337200,1889.41
1785340800,1892.69
1785344400,1913.63
1785348000,1918.4
1785351600,1886.04
1785355200,1882.01
1785358800,1896.1
1785362400,1904.71
1785366000,1908.48
1785369600,1895.83
1785373200,1914.44
1785376800,1908.5
1785380400,1907.54
1785384000,1899.32
1785387600,1903.8
1785391200,1898.6
1785394800,1900.48
1785398400,1912.6
1785402000,1915.49
1785405600,1915.73
1785409200,1920.55
1785412800,1922.89
1785416400,1927.89
1785420000,1915.57
1785423600,1916.7
1785427200,1917.34
1785430800,1918.67
1785434400,1914.26
1785438000,1922.29
1785441600,1919.78
1785445200,1916.89
1785448800,1923.99
1785452400,1916.82
1785456000,1915.43
1785459600,1908.4
1785463200,1902.18
1785466800,1906.81
1785470400,1903.92
1785474000,1904.4
1785477600,1900.68
1785481200,1888.09
1785484800,1888.62
1785488400,1881.93
1785492000,1885.12
1785495600,1882.6
1785499200,1880.62
1785502800,1864.6
1785506400,1857.55
1785510000,1860.51
1785513600,1862.61
1785517200,1873.11
1785520800,1869.78
1785524400,1866.44
1785528000,1860.4
1785531600,1860.09
1785535200,1859.63
1785538800,1860.66
1785542400,1862.86
1785546000,1865.16
1785549600,1866.48
1785553200,1868.08
1785556800,1867.91
1785560400,1865.58
1785564000,1868.53
1785567600,1867.68
1785571200,1867.6
1785574800,1866.2
1785578400,1865.58
1785582000,1865.19
1785585600,1867.22
1785589200,1867.57
1785592800,1873.41
1785596400,1868.26
1785600000,1867.19
1785603600,1860.41
1785607200,1835.19
1785610800,1835.55
1785614400,1836.62
1785618000,1844.03
1785621600,1845.5
1785625200,1843.18
1785628800,1844.96
1785632400,1855.11
1785636000,1875.0
1785639600,1875.51
1785643200,1879.21
1785646800,1874.59
1785650400,1875.64
1785654000,1874.1
1785657600,1866.21
1785661200,1869.11
1785664800,1866.85
1785668400,1850.8
1785672000,1855.14
1785675600,1853.0
1785679200,1853.05
1785682800,1857.0
1785686400,1861.23
1785690000,1866.8
1785693600,1873.72
1785697200,1880.06
1785700800,1881.7
1785704400,1888.38
1785708000,1879.91
1785711600,1883.35
1785715200,1871.62
1785718800,1864.82
1785722400,1862.0
1785726000,1854.74
1785729600,1852.57
1785733200,1857.53
1785736800,1846.73
1785740400,1841.56
1785744000,1837.9
1785747600,1850.11
1785751200,1843.68
1785754800,1837.4
1785758400,1841.23
1785762000,1856.7
1785765600,1871.8
1785769200,1861.11
1785772800,1864.32
1785776400,1867.13
1785780000,1867.18
1785783600,1868.57
1785787200,1867.51
1785790800,1861.94
1785794400,1858.69
1785798000,1858.95
1785801600,1849.3
1785805200,1865.6
1785808800,1864.34
1785812400,1862.46
1785816000,1866.34
1785819600,1862.76
1785823200,1855.23
1785826800,1862.01
1785830400,1855.82
1785834000,1856.68
1785837600,1864.9
1785841200,1870.83
1785844800,1873.41
1785848400,1859.65
1785852000,1871.39
1785855600,1871.4
1785859200,1868.13
1785862800,1868.06
1785866400,1873.9
1785870000,1873.91
1785873600,1875.32
1785877200,1870.69
1785880800,1874.19
1785884400,1868.39
1785888000,1862.47
1785891600,1871.78
1785895200,1872.92
1785898800,1866.14
1785902400,1865.82
1785906000,1871.77
1785909600,1868.21
1785913200,1870.61
1785916800,1867.96
1785920400,1870.33
1785924000,1866.72
1785927600,1867.11
1785931200,1874.57
1785934800,1877.13
1785938400,1874.51
1785942000,1872.41
1785945600,1893.95
1785949200,1914.72
1785952800,1916.28
1785956400,1915.62
1785960000,1915.58
1785963600,1906.92
1785967200,1905.26
1785970800,1907.29
1785974400,1908.55
1785978000,1904.9
1785981600,1897.4
1785985200,1897.22
1785988800,1906.09
1785992400,1912.47
1785996000,1911.67
1785999600,1907.12
1786003200,1914.24
1786006800,1905.66
1786010400,1900.74
1786014000,1905.92
1786017600,1896.77
1786021200,1905.55
1786024800,1913.23
1786028400,1909.12
1786032000,1914.01
1786035600,1912.4
1786039200,1904.43
1786042800,1908.61
1786046400,1905.66
1786050000,1904.56
1786053600,1903.64
1786057200,1902.42
1786060800,1902.26
1786064400,1901.73
1786068000,1900.98
1786071600,1895.65
1786075200,1895.65
1786078800,1899.81
1786082400,1903.04
1786086000,1900.93
1786089600,1909.36
1786093200,1911.8
1786096800,1911.43
1786100400,1914.89
1786104000,1930.99
1786107600,1922.06
1786111200,1912.19
1786114800,1916.59
1786118400,1908.09
1786122000,1911.01
1786125600,1908.52
1786129200,1917.84
1786132800,1913.86
1786136400,1915.5
1786140000,1913.99
1786143600,1913.15
1786147200,1913.32
1786150800,1913.72
1786154400,1912.46
1786158000,1917.11
1786161600,1916.21
1786165200,1916.66
1786168800,1915.55
1786172400,1914.26
1786176000,1915.88
1786179600,1917.72
1786183200,1919.98
1786186800,1919.61
1786190400,1918.11
1786194000,1918.95
1786197600,1922.6
1786201200,1921.24
1786204800,1921.42
1786208400,1922.48
1786212000,1920.11
1786215600,1919.24
1786219200,1918.84
1786222800,1919.24
1786226400,1915.44
1786230000,1915.4
1786233600,1916.51
1786237200,1914.74
1786240800,1913.49
1786244400,1912.74
1786248000,1911.84
1786251600,1913.15
1786255200,1917.71
1786258800,1917.5
1786262400,1914.48
1786266000,1919.83
1786269600,1918.72
1786273200,1917.93
1786276800,1916.27
1786280400,1921.99
1786284000,1923.5
1786287600,1924.64
1786291200,1922.71
1786294800,1921.67
1786298400,1920.1
1786302000,1920.57
1786305600,1919.78
1786309200,1923.22
1786312800,1918.28
1786316400,1909.09
1786320000,1911.44
1786323600,1923.92
1786327200,1921.97
1786330800,1915.86
1786334400,1914.12
1786338000,1921.64
1786341600,1926.49
1786345200,1923.98
1786348800,1925.08
1786352400,1914.91
1786356000,1915.99
1786359600,1918.5
1786363200,1904.29
1786366800,1895.7
1786370400,1891.62
1786374000,1875.07
1786377600,1870.56
1786381200,1871.83
1786384800,1870.72
1786388400,1876.82
1786392000,1877.91
1786395600,1872.54
1786399200,1874.53
1786402800,1871.44
1786406400,1873.5
1786410000,1876.18
1786413600,1876.82
1786417200,1879.08
1786420800,1874.35
1786424400,1872.14
1786428000,1872.5
1786431600,1876.01
1786435200,1877.58
1786438800,1883.77
1786442400,1884.61
1786446000,1891.33
1786449600,1886.32
1786453200,1888.31
1786456800,1871.86
1786460400,1861.1
1786464000,1863.19
1786467600,1862.74
1786471200,1864.38
1786474800,1879.74
1786478400,1880.48
1786482000,1882.88
1786485600,1880.63
1786489200,1880.72
1786492800,1880.77
1786496400,1882.92
1786500000,1882.77
1786503600,1884.97
1786507200,1887.79
1786510800,1890.1
1786514400,1885.89
1786518000,1890.01
1786521600,1889.11
1786525200,1904.15
1786528800,1907.5
1786532400,1913.91
1786536000,1909.83
1786539600,1899.36
1786543200,1885.68
1786546800,1890.6
1786550400,1888.81
1786554000,1886.02
1786557600,1883.45
1786561200,1877.04
1786564800,1884.58
1786568400,1876.04
1786572000,1876.48
1786575600,1877.59
1786579200,1878.26
1786582800,1876.19
1786586400,1879.96
1786590000,1885.61
1786593600,1890.33
1786597200,1893.91
1786600800,1896.82
1786604400,1893.87
1786608000,1888.29
1786611600,1887.77
1786615200,1881.07
1786618800,1878.35
1786622400,1887.08
1786626000,1888.41
1786629600,1891.21
1786633200,1878.31
1786636800,1872.85
1786640400,1874.93
1786644000,1883.58
1786647600,1885.59
1786651200,1884.33
1786654800,1886.98
1786658400,1887.73
1786662000,1884.61
1786665600,1887.71
1786669200,1887.81
1786672800,1884.82
1786676400,1880.56
1786680000,1882.98
1786683600,1882.09
1786687200,1870.94
1786690800,1871.17
1786694400,1876.68
1786698000,1871.06
1786701600,1873.94
1786705200,1876.43
1786708800,1871.23
1786712400,1867.59
1786716000,1864.93
1786719600,1879.24
1786723200,1883.37
1786726800,1876.63
1786730400,1873.63
1786734000,1878.92
1786737600,1878.56
1786741200,1877.47
1786744800,1877.86
1786748400,1880.41
1786752000,1880.69
1786755600,1882.26
1786759200,1883.12
1786762800,1881.26
1786766400,1882.57
1786770000,1878.96
1786773600,1880.36
1786777200,1878.56
1786780800,1875.1
1786784400,1878.44
1786788000,1879.16
1786791600,1877.29
1786795200,1881.56
1786798800,1881.5
1786802400,1881.47
1786806000,1882.89
1786809600,1883.09
1786813200,1882.4
1786816800,1880.92
1786820400,1882.36
1786824000,1881.33
1786827600,1883.13
1786831200,1882.58
1786834800,1880.94
1786838400,1880.65
1786842000,1878.62
1786845600,1881.79
1786849200,1881.01
1786852800,1879.95
1786856400,1878.12
1786860000,1878.66
1786863600,1879.3
1786867200,1878.83
1786870800,1878.14
1786874400,1878.76
1786878000,1878.91
1786881600,1877.75
1786885200,1879.91
1786888800,1881.38
1786892400,1882.01
1786896000,1887.56
1786899600,1883.12
1786903200,1883.7
1786906800,1884.15
1786910400,1880.08
1786914000,1873.64
1786917600,1874.08
1786921200,1874.13
1786924800,1876.77
1786928400,1889.57
1786932000,1900.4
1786935600,1899.08
1786939200,1901.79
1786942800,1897.79
1786946400,1905.14
1786950000,1899.02
1786953600,1892.37
1786957200,1891.97
1786960800,1905.04
1786964400,1902.71
1786968000,1896.95
1786971600,1903.01
1786975200,1907.71
1786978800,1911.46
1786982400,1905.35
1786986000,1907.22
1786989600,1908.41
1786993200,1905.67
1786996800,1904.88
1787000400,1904.75
1787004000,1902.76
1787007600,1911.94
1787011200,1908.36
1787014800,1899.9
1787018400,1891.47
1787022000,1892.66
1787025600,1894.77
1787029200,1893.9
1787032800,1901.09
1787036400,1896.94
1787040000,1898.35
1787043600,1894.8
1787047200,1896.1
1787050800,1901.21
1787054400,1897.64
1787058000,1896.0
1787061600,1909.75
1787065200,1916.5
1787068800,1917.31
1787072400,1910.23
1787076000,1915.2
1787079600,1912.2
1787083200,1911.47
1787086800,1910.97
1787090400,1912.24
1787094000,1916.72
1787097600,1912.22
1787101200,1912.29
1787104800,1906.28
1787108400,1910.41
1787112000,1909.11
1787115600,1908.7
1787119200,1916.06
1787122800,1914.24
1787126400,1920.0
1787130000,1917.63
1787133600,1918.52
1787137200,1921.54
1787140800,1935.52
1787144400,1931.31
1787148000,1969.2
1787151600,2084.63
1787155200,2088.61
1787158800,2090.64
1787162400,2091.81
1787166000,2101.52
1787169600,2217.64
1787173200,2285.4
1787176800,2248.78
1787180400,2251.69
1787184000,2261.14
1787187600,2265.46
1787191200,2250.48
1787194800,2249.42
1787198400,2248.56
1787202000,2246.75
1787205600,2261.11
1787209200,2250.19
1787212800,2280.18
1787216400,2276.97
1787220000,2285.23
1787223600,2294.83
1787227200,2288.6
1787230800,2275.2
1787234400,2279.9
1787238000,2325.0
1787241600,2343.44
1787245200,2343.6
1787248800,2315.85
1787252400,2323.47
1787256000,2317.91
1787259600,2318.45
1787263200,2313.67
1787266800,2326.35
1787270400,2340.23
1787274000,2358.34
1787277600,2344.52
1787281200,2339.95
1787284800,2353.45
1787288400,2367.34
1787292000,2371.28
1787295600,2371.04
1787299200,2443.9
1787302800,2403.6
1787306400,2394.72
1787310000,2369.85
1787313600,2387.7
1787317200,2386.32
1787320800,2392.63
1787324400,2392.89
1787328000,2405.08
1787331600,2423.13
1787335200,2419.9
1787338800,2413.51
1787342400,2440.51
1787346000,2512.93
1787349600,2521.48
1787353200,2515.8
1787356800,2522.1
1787360400,2506.76
1787364000,2515.5
1787367600,2514.79
1787371200,2514.34
1787374800,2439.61
1787378400,2437.58
1787382000,2433.0
1787385600,2425.54
1787389200,2421.71
1787392800,2412.78
1787396400,2424.11
1787400000,2428.4
1787403600,2429.98
1787407200,2413.51
1787410800,2410.54
1787414400,2422.37
1787418000,2426.11
1787421600,2427.11
1787425200,2439.0
1787428800,2431.8
1787432400,2406.97
1787436000,2413.68
1787439600,2422.0
1787443200,2430.82
1787446800,2422.93
1787450400,2416.67
1787454000,2413.74
1787457600,2378.54
1787461200,2373.01
1787464800,2389.45
1787468400,2388.5
1787472000,2412.39
1787475600,2411.18
1787479200,2414.75
1787482800,2433.35
1787486400,2426.72
1787490000,2459.39
1787493600,2438.5
1787497200,2438.39
1787500800,2450.43
1787504400,2440.26
1787508000,2448.61
1787511600,2444.58
1787515200,2450.22
1787518800,2469.98
1787522400,2455.0
1787526000,2463.39
1787529600,2465.43
1787533200,2429.09
1787536800,2443.79
1787540400,2430.55
1787544000,2438.27
1787547600,2449.29
1787551200,2456.41
1787554800,2454.48
1787558400,2454.27
1787562000,2462.73
1787565600,2464.59
1787569200,2494.1
1787572800,2512.33
1787576400,2492.9
1787580000,2515.21
1787583600,2487.21
1787587200,2477.83
1787590800,2468.67
1787594400,2473.87
1787598000,2471.0
1787601600,2475.28
1787605200,2483.68
1787608800,2474.04
1787612400,2482.2
1787616000,2493.48
1787619600,2495.75
1787623200,2507.27
1787626800,2498.79
1787630400,2494.17
1787634000,2507.9
1787637600,2500.27
1787641200,2477.52
1787644800,2484.11
1787648400,2474.03
1787652000,2481.47
1787655600,2477.52
1787659200,2473.13
1787662800,2460.81
1787666400,2476.99
1787670000,2483.16
1787673600,2471.09
1787677200,2471.25
1787680800,2467.41
1787684400,2463.78
1787688000,2436.32
1787691600,2441.52
1787695200,2453.83
1787698800,2442.55
1787702400,2446.58
1787706000,2455.88
1787709600,2465.1
1787713200,2465.29
1787716800,2456.58
1787720400,2464.44
1787724000,2459.92
1787727600,2461.33
1787731200,2456.03
1787734800,2447.64
1787738400,2468.55
1787742000,2462.31
1787745600,2454.51
1787749200,2457.23
1787752800,2439.29
1787756400,2450.09
1787760000,2444.55
1787763600,2460.92
1787767200,2473.08
1787770800,2470.75
1787774400,2471.97
1787778000,2496.95
1787781600,2493.9
1787785200,2506.93
1787788800,2492.0
1787792400,2497.78
1787796000,2494.6
1787799600,2492.56
1787803200,2486.75
1787806800,2496.23
1787810400,2492.39
1787814000,2497.07
1787817600,2530.69
1787821200,2534.7
1787824800,2503.95
1787828400,2501.58
1787832000,2495.36
1787835600,2497.02
1787839200,2517.65
1787842800,2522.06
1787846400,2522.4
1787850000,2518.49
1787853600,2507.24
1787857200,2498.25
1787860800,2508.73
1787864400,2505.11
1787868000,2515.61
1787871600,2511.67
1787875200,2516.29
1787878800,2512.78
1787882400,2492.5
1787886000,2490.75
1787889600,2486.85
1787893200,2494.06
1787896800,2503.61
1787900400,2496.6
1787904000,2488.44
1787907600,2490.17
1787911200,2506.56
1787914800,2505.35
1787918400,2499.01
1787922000,2509.98
1787925600,2513.92
1787929200,2471.84
1787932800,2442.22
1787936400,2443.81
1787940000,2428.46
1787943600,2436.15
1787947200,2427.71
1787950800,2424.96
1787954400,2442.01
1787958000,2442.79
1787961600,2442.49
1787965200,2443.62
1787968800,2438.78
1787972400,2435.11
1787976000,2440.59
1787979600,2439.03
1787983200,2435.48
1787986800,2436.32
1787990400,2434.49
1787994000,2435.31
1787997600,2434.88
1788001200,2435.87
1788004800,2434.78
1788008400,2435.76
1788012000,2448.67
1788015600,2444.8
1788019200,2450.84
1788022800,2450.65
1788026400,2452.46
1788030000,2453.44
1788033600,2452.77
1788037200,2451.46
1788040800,2452.34
1788044400,2457.68
1788048000,2459.05
1788051600,2456.76
1788055200,2455.07
1788058800,2457.35
1788062400,2456.16
1788066000,2456.14
1788069600,2461.19
1788073200,2455.23
1788076800,2456.96
1788080400,2453.23
1788084000,2459.3
1788087600,2460.01
1788091200,2469.0
1788094800,2475.42
1788098400,2477.03
1788102000,2481.02
1788105600,2528.8
1788109200,2505.48
1788112800,2510.65
1788116400,2503.39
1788120000,2490.44
1788123600,2481.7
1788127200,2470.68
1788130800,2416.86
1788134400,2428.13
1788138000,2412.86
1788141600,2407.45
1788145200,2420.81
1788148800,2417.15
1788152400,2435.77
1788156000,2438.34
1788159600,2440.33
1788163200,2446.11
1788166800,2446.14
1788170400,2454.68
1788174000,2445.75
1788177600,2450.82
1788181200,2439.37
1788184800,2466.56
1788188400,2467.22
1788192000,2468.74
1788195600,2474.98
1788199200,2477.37
1788202800,2481.76
1788206400,2472.48
1788210000,2478.09
1788213600,2468.92
1788217200,2467.29
1788220800,2471.22
1788224400,2462.29
1788228000,2464.33
1788231600,2471.6
1788235200,2469.53
1788238800,2484.07
1788242400,2471.05
1788246000,2472.02
1788249600,2447.61
1788253200,2451.61
1788256800,2456.24
1788260400,2458.38
1788264000,2445.85
1788267600,2443.75
1788271200,2448.64
1788274800,2448.02
1788278400,2431.92
1788282000,2417.71
1788285600,2412.0
1788289200,2417.8
1788292800,2419.94
1788296400,2414.25
1788300000,2411.74
1788303600,2417.25
1788307200,2407.79
1788310800,2398.18
1788314400,2408.48
1788318000,2413.19
1788321600,2413.95
1788325200,2421.41
1788328800,2419.5
1788332400,2416.53
1788336000,2392.09
1788339600,2375.54
1788343200,2371.25
1788346800,2380.52
1788350400,2376.56
1788354000,2401.72
1788357600,2393.18
1788361200,2389.9
1788364800,2385.08
1788368400,2392.54
1788372000,2394.03
1788375600,2392.05
1788379200,2392.81
1788382800,2389.65
1788386400,2378.84
1788390000,2390.83
1788393600,2378.8
1788397200,2385.71
1788400800,2405.19
1788404400,2402.3
1788408000,2407.19
1788411600,2403.88
1788415200,2407.43
1788418800,2397.37
1788422400,2402.36
1788426000,2392.48
1788429600,2395.76
1788433200,2405.95
1788436800,2422.41
1788440400,2429.59
1788444000,2489.15
1788447600,2516.88
1788451200,2494.13
1788454800,2500.49
1788458400,2513.16
1788462000,2518.43
1788465600,2505.26
1788469200,2511.56
1788472800,2496.94
1788476400,2507.47
1788480000,2501.3
1788483600,2506.64
1788487200,2507.65
1788490800,2504.84
1788494400,2509.06
1788498000,2508.95
1788501600,2507.58
1788505200,2504.18
1788508800,2527.07
1788512400,2520.69
1788516000,2526.14
1788519600,2522.98
1788523200,2451.35
1788526800,2451.87
1788530400,2439.74
1788534000,2452.07
1788537600,2460.46
1788541200,2445.48
1788544800,2450.69
1788548400,2456.1
1788552000,2451.49
1788555600,2452.68
1788559200,2451.5
1788562800,2456.6
1788566400,2452.47
1788570000,2452.28
1788573600,2453.3
1788577200,2452.93
1788580800,2449.2
1788584400,2451.27
1788588000,2453.73
1788591600,2457.86
1788595200,2456.92
1788598800,2458.44
1788602400,2454.22
1788606000,2453.7
1788609600,2458.81
1788613200,2454.53
1788616800,2457.4
1788620400,2460.41
1788624000,2471.5
1788627600,2481.31
1788631200,2480.86
1788634800,2477.68
1788638400,2477.86
1788642000,2488.84
1788645600,2481.02
1788649200,2480.61
1788652800,2490.4
1788656400,2505.81
1788660000,2503.48
1788663600,2509.66
1788667200,2504.69
1788670800,2513.62
1788674400,2506.11
1788678000,2497.52
1788681600,2495.83
1788685200,2499.31
1788688800,2501.97
1788692400,2502.24
1788696000,2500.71
1788699600,2494.75
1788703200,2478.36
1788706800,2479.85
1788710400,2484.46
1788714000,2491.27
1788717600,2494.3
1788721200,2490.53
1788724800,2499.49
1788728400,2507.38
1788732000,2507.96
1788735600,2514.31
1788739200,2512.69
1788742800,2503.41
1788746400,2511.38
1788750000,2497.4
1788753600,2497.89
1788757200,2504.54
1788760800,2498.0
1788764400,2489.1
1788768000,2491.2
1788771600,2484.7
1788775200,2488.77
1788778800,2488.99
1788782400,2505.18
1788786000,2498.64
1788789600,2489.82
1788793200,2470.03
1788796800,2482.54
1788800400,2494.98
1788804000,2491.13
1788807600,2495.55
1788811200,2494.5
1788814800,2490.46
1788818400,2482.32
1788822000,2489.62
1788825600,2495.31
1788829200,2503.69
1788832800,2484.06
1788836400,2485.29
1788840000,2478.52
1788843600,2472.66
1788847200,2467.6
1788850800,2478.93
1788854400,2476.81
1788858000,2491.19
1788861600,2480.34
1788865200,2473.78
1788868800,2471.86
1788872400,2458.49
1788876000,2485.19
1788879600,2498.27
1788883200,2496.43
1788886800,2487.88
1788890400,2486.72
1788894000,2482.2
1788897600,2483.08
1788901200,2482.55
1788904800,2488.58
1788908400,2485.02
1788912000,2496.28
1788915600,2497.45
1788919200,2493.67
1788922800,2488.72
1788926400,2508.87
1788930000,2495.85
1788933600,2500.88
1788937200,2510.39
1788940800,2519.71
1788944400,2490.02
1788948000,2487.14
1788951600,2500.15
1788955200,2511.21
1788958800,2502.33
1788962400,2498.85
1788966000,2489.72
1788969600,2495.55
1788973200,2493.25
1788976800,2480.86
1788980400,2464.71
1788984000,2471.12
1788987600,2461.44
1788991200,2449.5
1788994800,2467.5
1788998400,2464.04
1789002000,2462.92
1789005600,2474.01
1789009200,2474.5
1789012800,2477.41
1789016400,2481.28
1789020000,2479.6
1789023600,2472.22
1789027200,2470.62
1789030800,2467.92
1789034400,2463.36
1789038000,2461.45
1789041600,2413.9
1789045200,2434.52
1789048800,2443.23
1789052400,2440.59
1789056000,2447.53
1789059600,2465.59
1789063200,2467.51
1789066800,2461.8
1789070400,2460.78
1789074000,2459.69
1789077600,2444.31
1789081200,2437.36
1789084800,2455.99
1789088400,2453.64
1789092000,2446.22
1789095600,2446.19
1789099200,2458.27
1789102800,2467.65
1789106400,2466.16
1789110000,2466.49
1789113600,2475.71
1789117200,2468.31
1789120800,2461.01
1789124400,2457.52
1789128000,2510.21
1789131600,2629.32
1789135200,2607.08
1789138800,2558.8
1789142400,2577.01
1789146000,2566.14
1789149600,2536.86
1789153200,2539.33
1789156800,2530.06
1789160400,2516.06
1789164000,2511.46
1789167600,2516.29
1789171200,2510.28
1789174800,2513.34
1789178400,2514.39
1789182000,2513.11
1789185600,2512.43
1789189200,2511.46
1789192800,2519.05
1789196400,2523.63
1789200000,2533.05
1789203600,2530.55
1789207200,2533.09
1789210800,2536.08
1789214400,2535.22
1789218000,2544.02
1789221600,2539.16
1789225200,2534.51
1789228800,2531.34
1789232400,2525.35
1789236000,2522.0
1789239600,2518.92
1789243200,2520.05
1789246800,2523.36
1789250400,2522.64
1789254000,2525.35
1789257600,2524.42
1789261200,2525.24
1789264800,2521.09
1789268400,2520.16
1789272000,2519.7
1789275600,2522.15
1789279200,2512.37
1789282800,2517.02
1789286400,2493.52
1789290000,2484.0
1789293600,2471.63
1789297200,2480.79
1789300800,2476.59
1789304400,2478.37
1789308000,2491.93
1789311600,2490.2
1789315200,2504.02
1789318800,2504.3
1789322400,2508.5
1789326000,2505.1
1789329600,2512.19
1789333200,2507.82
1789336800,2474.57
1789340400,2475.86
1789344000,2483.13
1789347600,2491.94
1789351200,2510.31
1789354800,2511.76
1789358400,2513.85
1789362000,2515.49
1789365600,2513.38
1789369200,2521.75
1789372800,2517.5
1789376400,2522.89
1789380000,2512.14
1789383600,2508.06
1789387200,2504.19
1789390800,2499.17
1789394400,2500.87
1789398000,2507.65
1789401600,2528.67
1789405200,2533.46
1789408800,2539.05
1789412400,2539.69
1789416000,2570.51
1789419600,2546.57
1789423200,2532.87
1789426800,2515.43
1789430400,2515.65
1789434000,2515.09
1789437600,2511.71
1789441200,2498.21
1789444800,2490.25
1789448400,2495.97
1789452000,2485.52
1789455600,2472.9
1789459200,2476.23
1789462800,2473.52
1789466400,2482.67
1789470000,2475.25
1789473600,2478.28
1789477200,2452.49
1789480800,2406.88
1789484400,2423.2
1789488000,2420.88
1789491600,2439.61
1789495200,2401.21
1789498800,2414.78
1789502400,2405.86
1789506000,2389.13
1789509600,2395.16
1789513200,2396.14
1789516800,2396.94
1789520400,2389.09
1789524000,2401.16
1789527600,2400.09
1789531200,2401.99
1789534800,2405.33
1789538400,2404.53
1789542000,2394.9
1789545600,2400.99
1789549200,2403.9
1789552800,2404.33
1789556400,2420.53
1789560000,2404.76
1789563600,2392.11
1789567200,2388.6
1789570800,2391.29
1789574400,2389.93
1789578000,2387.34
1789581600,2395.54
1789585200,2406.2
1789588800,2408.58
1789592400,2402.85
1789596000,2390.7
1789599600,2416.57
1789603200,2416.6
1789606800,2425.4
1789610400,2427.01
1789614000,2433.41
1789617600,2439.99
1789621200,2434.72
1789624800,2439.05
1789628400,2442.05
1789632000,2443.23
1789635600,2436.6
1789639200,2433.37
1789642800,2440.2
1789646400,2457.64
1789650000,2460.06
1789653600,2459.16
1789657200,2468.32
1789660800,2468.21
1789664400,2460.67
1789668000,2449.69
1789671600,2447.37
1789675200,2451.42
1789678800,2445.43
1789682400,2443.87
1789686000,2445.44
1789689600,2446.18
1789693200,2454.85
1789696800,2460.67
1789700400,2476.89
1789704000,2480.1
1789707600,2478.37
1789711200,2484.92
1789714800,2487.6
1789718400,2503.01
1789722000,2505.76
1789725600,2511.26
1789729200,2505.8
1789732800,2500.09
1789736400,2552.79
1789740000,2581.46
1789743600,2583.22
1789747200,2596.42
1789750800,2606.41
1789754400,2612.39
1789758000,2636.14
1789761600,2631.54
1789765200,2626.27
1789768800,2619.7
1789772400,2611.34
1789776000,2626.2
1789779600,2612.45
1789783200,2622.64
1789786800,2619.09
1789790400,2619.18
1789794000,2628.09
1789797600,2626.3
1789801200,2626.24
1789804800,2644.4
1789808400,2640.19
1789812000,2637.41
1789815600,2638.6
1789819200,2641.55
1789822800,2637.63
1789826400,2638.17
1789830000,2640.59
1789833600,2649.87
1789837200,2645.0
1789840800,2638.4
1789844400,2634.33
1789848000,2635.38
1789851600,2627.16
1789855200,2630.3
1789858800,2631.7
1789862400,2626.19
1789866000,2618.39
1789869600,2573.49
1789873200,2587.18
1789876800,2578.68
1789880400,2577.16
1789884000,2573.26
1789887600,2576.04
1789891200,2573.88
1789894800,2578.8
1789898400,2570.14
1789902000,2577.71
1789905600,2579.41
1789909200,2580.01
1789912800,2584.88
1789916400,2612.48
1789920000,2640.3
1789923600,2626.26
1789927200,2625.6
1789930800,2632.97
1789934400,2634.4
1789938000,2630.59
1789941600,2638.84
1789945200,2644.31
1789948800,2688.6
1789952400,2647.57
1789956000,2661.14
1789959600,2665.22
1789963200,2663.18
1789966800,2664.64
1789970400,2662.79
1789974000,2661.26
1789977600,2695.48
1789981200,2720.01
1789984800,2715.22
1789988400,2724.53
1789992000,2734.57
1789995600,2731.12
1789999200,2736.11
1790002800,2755.32
1790006400,2754.59
1790010000,2743.28
1790013600,2758.18
1790017200,2762.05
1790020800,2784.09
1790024400,2768.01
1790028000,2778.65
1790031600,2775.58
1790035200,2754.0
1790038800,2748.21
1790042400,2739.23
1790046000,2738.81
1790049600,2728.8
1790053200,2732.68
1790056800,2730.01
1790060400,2726.13
1790064000,2748.33
1790067600,2750.21
1790071200,2741.21
1790074800,2741.62
1790078400,2756.08
1790082000,2758.03
1790085600,2741.99
1790089200,2743.89
1790092800,2745.65
1790096400,2754.05
1790100000,2752.25
1790103600,2751.55
1790107200,2752.1
1790110800,2747.31
1790114400,2752.8
1790118000,2753.38
1790121600,2759.61
1790125200,2753.14
1790128800,2762.09
1790132400,2773.68
1790136000,2779.29
1790139600,2757.27
1790143200,2754.04
1790146800,2742.78
1790150400,2734.64
1790154000,2733.15
1790157600,2737.43
1790161200,2727.25
1790164800,2721.19
1790168400,2715.19
1790172000,2675.54
1790175600,2656.32
1790179200,2660.31
1790182800,2667.57
1790186400,2668.5
1790190000,2678.0
1790193600,2671.12
1790197200,2677.13
1790200800,2689.53
1790204400,2683.88
1790208000,2682.09
1790211600,2674.59
1790215200,2685.17
1790218800,2676.19
1790222400,2681.26
1790226000,2681.93
1790229600,2685.61
1790233200,2692.98
1790236800,2668.36
1790240400,2641.73
1790244000,2647.64
1790247600,2646.68
1790251200,2647.94
1790254800,2669.24
1790258400,2656.91
1790262000,2683.12
1790265600,2686.4
1790269200,2668.73
1790272800,2689.14
1790276400,2696.2
1790280000,2687.44
1790283600,2686.09
1790287200,2684.75
1790290800,2687.28
1790294400,2689.73
1790298000,2689.2
1790301600,2676.14
1790305200,2678.25
1790308800,2679.75
1790312400,2679.71
1790316000,2674.09
1790319600,2672.23
1790323200,2690.58
1790326800,2704.06
1790330400,2713.85
1790334000,2717.04
1790337600,2717.2
1790341200,2694.51
1790344800,2695.43
1790348400,2686.42
1790352000,2682.98
1790355600,2685.36
1790359200,2692.98
1790362800,2692.7
1790366400,2683.84
1790370000,2681.15
1790373600,2691.31
1790377200,2691.4
1790380800,2686.71
1790384400,2692.31
1790388000,2690.49
1790391600,2687.37
1790395200,2689.14
1790398800,2686.15
1790402400,2685.22
1790406000,2690.71
1790409600,2690.43
1790413200,2682.22
1790416800,2686.92
1790420400,2688.99
1790424000,2688.4
1790427600,2686.23
1790431200,2688.54
1790434800,2692.5
1790438400,2691.01
1790442000,2690.0
1790445600,2684.76
1790449200,2683.96
1790452800,2676.26
1790456400,2685.91
1790460000,2688.15
1790463600,2695.53
1790467200,2693.15
1790470800,2701.11
1790474400,2697.3
1790478000,2695.87
1790481600,2691.51
1790485200,2704.0
1790488800,2705.79
1790492400,2717.71
1790496000,2713.41
1790499600,2715.36
1790503200,2709.55
1790506800,2709.13
1790510400,2706.9
1790514000,2709.37
1790517600,2687.43
1790521200,2689.5
1790524800,2685.9
1790528400,2690.59
1790532000,2697.64
1790535600,2691.01
1790539200,2685.53
1790542800,2684.07
1790546400,2675.05
1790550000,2688.23
1790553600,2673.27
1790557200,2656.72
1790560800,2652.79
1790564400,2651.79
1790568000,2657.97
1790571600,2650.99
1790575200,2649.0
1790578800,2642.88
1790582400,2649.67
1790586000,2640.04
1790589600,2654.94
1790593200,2668.01
1790596800,2690.22
1790600400,2690.22
1790604000,2666.53
1790607600,2677.16
1790611200,2686.83
1790614800,2694.53
1790618400,2698.72
1790622000,2672.41
1790625600,2681.64
1790629200,2673.16
1790632800,2686.46
1790636400,2687.41
1790640000,2675.67
1790643600,2664.1
1790647200,2656.2
1790650800,2664.16
1790654400,2666.69
1790658000,2675.11
1790661600,2705.71
1790665200,2711.1
1790668800,2707.87
1790672400,2716.62
1790676000,2713.65
1790679600,2731.17
1790683200,2736.32
1790686800,2726.45
1790690400,2710.1
1790694000,2673.67
1790697600,2674.98
1790701200,2672.83
1790704800,2694.57
1790708400,2688.99
1790712000,2688.44
1790715600,2678.31
1790719200,2679.62
