time,close
1727650800,69.28
1727654400,69.13
1727658000,68.24
1727661600,67.87
1727665200,67.84
1727668800,67.61
1727672400,68.11
1727676000,68.0
1727679600,68.25
1727683200,67.97
1727686800,66.83
1727690400,67.02
1727694000,67.25
1727697600,67.19
1727701200,67.34
1727704800,67.36
1727708400,66.6
1727712000,66.89
1727715600,67.29
1727719200,67.27
1727722800,67.29
1727726400,67.39
1727730000,67.27
1727733600,67.04
1727737200,66.82
1727740800,67.37
1727744400,67.56
1727748000,67.74
1727751600,67.87
1727755200,68.11
1727758800,67.89
1727762400,68.15
1727766000,68.18
1727769600,68.15
1727773200,68.42
1727776800,68.42
1727780400,68.1
1727784000,68.06
1727787600,67.16
1727791200,65.86
1727794800,65.28
1727798400,64.62
1727802000,64.07
1727805600,64.04
1727809200,63.61
1727812800,62.96
1727816400,63.71
1727820000,63.33
1727823600,63.4
1727827200,63.67
1727830800,64.14
1727834400,64.18
1727838000,64.29
1727841600,63.98
1727845200,64.03
1727848800,64.49
1727852400,64.54
1727856000,64.56
1727859600,63.66
1727863200,63.51
1727866800,63.73
1727870400,63.3
1727874000,63.71
1727877600,63.21
1727881200,63.76
1727884800,63.86
1727888400,63.93
1727892000,62.92
1727895600,62.98
1727899200,63.17
1727902800,62.85
1727906400,62.89
1727910000,62.95
1727913600,63.19
1727917200,63.64
1727920800,63.86
1727924400,63.95
1727928000,63.73
1727931600,63.56
1727935200,63.85
1727938800,63.34
1727942400,62.7
1727946000,63.22
1727949600,63.42
1727953200,62.88
1727956800,63.04
1727960400,62.9
1727964000,62.28
1727967600,62.73
1727971200,62.56
1727974800,63.01
1727978400,62.92
1727982000,63.35
1727985600,63.16
1727989200,63.37
1727992800,63.45
1727996400,63.48
1728000000,63.35
1728003600,64.38
1728007200,64.08
1728010800,64.04
1728014400,64.19
1728018000,64.49
1728021600,64.12
1728025200,64.37
1728028800,64.27
1728032400,64.33
1728036000,64.14
1728039600,64.32
1728043200,64.46
1728046800,64.21
1728050400,64.24
1728054000,64.54
1728057600,64.99
1728061200,64.77
1728064800,65.11
1728068400,65.15
1728072000,65.05
1728075600,64.87
1728079200,64.98
1728082800,64.96
1728086400,65.39
1728090000,65.44
1728093600,64.98
1728097200,64.9
1728100800,65.3
1728104400,65.42
1728108000,65.54
1728111600,65.19
1728115200,65.52
1728118800,65.64
1728122400,65.55
1728126000,65.52
1728129600,65.82
1728133200,65.67
1728136800,65.66
1728140400,66.16
1728144000,65.86
1728147600,65.91
1728151200,65.95
1728154800,65.52
1728158400,65.14
1728162000,65.56
1728165600,66.27
1728169200,66.32
1728172800,66.34
1728176400,66.65
1728180000,66.51
1728183600,66.3
1728187200,66.5
1728190800,66.63
1728194400,66.63
1728198000,66.95
1728201600,67.03
1728205200,67.28
1728208800,67.45
1728212400,67.5
1728216000,67.42
1728219600,67.43
1728223200,67.48
1728226800,67.36
1728230400,67.22
1728234000,67.16
1728237600,67.38
1728241200,67.27
1728244800,67.34
1728248400,66.89
1728252000,67.28
1728255600,67.05
1728259200,67.55
1728262800,67.85
1728266400,67.57
1728270000,67.64
1728273600,67.59
1728277200,67.62
1728280800,67.64
1728284400,67.4
1728288000,67.32
1728291600,66.71
1728295200,66.18
1728298800,66.46
1728302400,65.7
1728306000,66.15
1728309600,66.53
1728313200,65.9
1728316800,66.26
1728320400,65.99
1728324000,64.9
1728327600,65.63
1728331200,65.63
1728334800,65.64
1728338400,64.8
1728342000,64.75
1728345600,65.11
1728349200,65.28
1728352800,65.32
1728356400,65.24
1728360000,65.37
1728363600,64.98
1728367200,65.11
1728370800,65.03
1728374400,65.05
1728378000,65.37
1728381600,65.47
1728385200,65.57
1728388800,65.47
1728392400,65.86
1728396000,65.87
1728399600,65.52
1728403200,65.76
1728406800,65.59
1728410400,65.77
1728414000,65.66
1728417600,65.95
1728421200,66.06
1728424800,65.73
1728428400,65.65
1728432000,65.64
1728435600,65.8
1728439200,65.6
1728442800,65.59
1728446400,65.54
1728450000,65.84
1728453600,65.7
1728457200,65.77
1728460800,65.59
1728464400,65.7
1728468000,65.54
1728471600,65.65
1728475200,65.1
1728478800,64.79
1728482400,65.0
1728486000,65.22
1728489600,64.86
1728493200,65.0
1728496800,65.15
1728500400,64.81
1728504000,64.27
1728507600,64.38
1728511200,64.38
1728514800,64.53
1728518400,64.44
1728522000,64.73
1728525600,64.88
1728529200,64.83
1728532800,64.75
1728536400,64.91
1728540000,64.88
1728543600,64.62
1728547200,64.7
1728550800,64.58
1728554400,64.49
1728558000,64.41
1728561600,64.27
1728565200,64.17
1728568800,64.08
1728572400,64.34
1728576000,64.23
1728579600,63.81
1728583200,64.05
1728586800,64.13
1728590400,64.09
1728594000,64.05
1728597600,64.08
1728601200,64.27
1728604800,64.47
1728608400,64.61
1728612000,64.82
1728615600,64.95
1728619200,64.89
1728622800,64.66
1728626400,64.68
1728630000,64.58
1728633600,64.9
1728637200,65.2
1728640800,65.08
1728644400,65.1
1728648000,65.11
1728651600,65.12
1728655200,65.17
1728658800,65.41
1728662400,65.49
1728666000,65.75
1728669600,65.78
1728673200,65.78
1728676800,65.65
1728680400,65.6
1728684000,65.56
1728687600,65.57
1728691200,65.69
1728694800,65.65
1728698400,65.26
1728702000,65.19
1728705600,65.42
1728709200,65.59
1728712800,65.69
1728716400,65.93
1728720000,66.12
1728723600,66.37
1728727200,66.43
1728730800,66.33
1728734400,66.42
1728738000,66.53
1728741600,66.35
1728745200,66.36
1728748800,66.25
1728752400,66.23
1728756000,66.23
1728759600,66.25
1728763200,66.35
1728766800,66.26
1728770400,66.29
1728774000,66.19
1728777600,66.0
1728781200,65.66
1728784800,65.79
1728788400,65.52
1728792000,65.78
1728795600,65.73
1728799200,65.68
1728802800,65.67
1728806400,65.34
1728810000,65.61
1728813600,65.33
1728817200,65.08
1728820800,65.35
1728824400,65.35
1728828000,64.9
1728831600,64.68
1728835200,65.0
1728838800,64.68
1728842400,64.52
1728846000,64.7
1728849600,64.73
1728853200,64.84
1728856800,64.89
1728860400,64.79
1728864000,64.28
1728867600,64.47
1728871200,64.3
1728874800,65.48
1728878400,65.4
1728882000,65.34
1728885600,65.38
1728889200,65.52
1728892800,65.5
1728896400,65.82
1728900000,65.76
1728903600,65.86
1728907200,65.95
1728910800,66.39
1728914400,66.61
1728918000,66.92
1728921600,66.63
1728925200,66.55
1728928800,66.96
1728932400,66.85
1728936000,66.76
1728939600,66.67
1728943200,67.27
1728946800,66.82
1728950400,67.48
1728954000,67.4
1728957600,67.29
1728961200,66.8
1728964800,67.1
1728968400,66.77
1728972000,66.94
1728975600,66.83
1728979200,67.03
1728982800,66.78
1728986400,67.02
1728990000,66.02
1728993600,67.1
1728997200,67.94
1729000800,66.31
1729004400,66.23
1729008000,69.73
1729011600,68.72
1729015200,69.21
1729018800,69.73
1729022400,69.12
1729026000,70.4
1729029600,70.15
1729033200,70.87
1729036800,71.87
1729040400,72.37
1729044000,71.54
1729047600,71.55
1729051200,71.24
1729054800,71.73
1729058400,71.29
1729062000,70.85
1729065600,70.58
1729069200,71.21
1729072800,71.47
1729076400,71.57
1729080000,70.85
1729083600,70.36
1729087200,70.14
1729090800,69.91
1729094400,70.06
1729098000,70.33
1729101600,70.27
1729105200,70.26
1729108800,70.03
1729112400,69.9
1729116000,70.1
1729119600,70.08
1729123200,70.31
1729126800,70.7
1729130400,70.37
1729134000,70.81
1729137600,70.74
1729141200,70.46
1729144800,70.91
1729148400,71.04
1729152000,70.95
1729155600,71.23
1729159200,71.21
1729162800,70.72
1729166400,71.55
1729170000,71.55
1729173600,71.43
1729177200,72.19
1729180800,72.41
1729184400,72.2
1729188000,72.06
1729191600,72.96
1729195200,72.86
1729198800,73.09
1729202400,73.31
1729206000,72.77
1729209600,72.83
1729213200,74.52
1729216800,72.73
1729220400,73.09
1729224000,72.87
1729227600,72.77
1729231200,72.5
1729234800,72.24
1729238400,72.14
1729242000,72.13
1729245600,71.97
1729249200,71.92
1729252800,72.48
1729256400,72.55
1729260000,73.0
1729263600,73.25
1729267200,73.06
1729270800,72.61
1729274400,73.03
1729278000,73.65
1729281600,73.45
1729285200,73.39
1729288800,73.67
1729292400,73.09
1729296000,73.44
1729299600,73.72
1729303200,73.84
1729306800,73.76
1729310400,73.94
1729314000,74.32
1729317600,74.54
1729321200,74.43
1729324800,74.75
1729328400,74.97
1729332000,75.25
1729335600,74.81
1729339200,74.7
1729342800,74.78
1729346400,75.22
1729350000,74.96
1729353600,74.84
1729357200,74.67
1729360800,75.36
1729364400,75.24
1729368000,75.25
1729371600,75.1
1729375200,75.05
1729378800,74.89
1729382400,75.01
1729386000,74.72
1729389600,74.67
1729393200,75.04
1729396800,74.87
1729400400,74.66
1729404000,74.67
1729407600,74.16
1729411200,74.4
1729414800,74.7
1729418400,74.84
1729422000,75.07
1729425600,74.9
1729429200,75.52
1729432800,75.23
1729436400,74.84
1729440000,74.4
1729443600,74.52
1729447200,74.29
1729450800,74.17
1729454400,74.04
1729458000,73.85
1729461600,74.16
1729465200,74.28
1729468800,74.17
1729472400,74.1
1729476000,73.89
1729479600,73.68
1729483200,73.92
1729486800,73.84
1729490400,73.72
1729494000,73.26
1729497600,72.92
1729501200,73.06
1729504800,72.91
1729508400,72.3
1729512000,72.51
1729515600,72.16
1729519200,71.46
1729522800,71.35
1729526400,71.07
1729530000,71.03
1729533600,70.68
1729537200,71.01
1729540800,70.96
1729544400,70.85
1729548000,70.97
1729551600,70.74
1729555200,70.69
1729558800,70.71
1729562400,70.46
1729566000,70.89
1729569600,70.66
1729573200,70.66
1729576800,71.03
1729580400,70.7
1729584000,70.65
1729587600,71.06
1729591200,70.47
1729594800,70.35
1729598400,70.12
1729602000,69.95
1729605600,70.2
1729609200,69.71
1729612800,69.5
1729616400,69.72
1729620000,69.4
1729623600,69.72
1729627200,69.87
1729630800,69.92
1729634400,70.0
1729638000,70.0
1729641600,69.11
1729645200,69.18
1729648800,68.89
1729652400,69.1
1729656000,69.13
1729659600,69.35
1729663200,69.3
1729666800,68.99
1729670400,68.84
1729674000,68.88
1729677600,68.55
1729681200,68.82
1729684800,68.89
1729688400,69.32
1729692000,69.18
1729695600,69.01
1729699200,68.36
1729702800,68.57
1729706400,68.86
1729710000,69.64
1729713600,69.74
1729717200,69.35
1729720800,70.1
1729724400,69.98
1729728000,70.28
1729731600,70.22
1729735200,70.09
1729738800,69.9
1729742400,70.14
1729746000,70.14
1729749600,69.99
1729753200,69.68
1729756800,69.32
1729760400,69.56
1729764000,69.48
1729767600,69.8
1729771200,69.74
1729774800,70.49
1729778400,70.85
1729782000,70.87
1729785600,70.96
1729789200,71.01
1729792800,71.09
1729796400,71.03
1729800000,71.08
1729803600,70.84
1729807200,70.86
1729810800,71.12
1729814400,70.95
1729818000,71.22
1729821600,71.1
1729825200,71.3
1729828800,71.23
1729832400,71.28
1729836000,71.46
1729839600,71.21
1729843200,71.42
1729846800,71.7
1729850400,71.47
1729854000,71.72
1729857600,71.9
1729861200,72.11
1729864800,72.1
1729868400,71.95
1729872000,71.94
1729875600,71.23
1729879200,71.13
1729882800,70.82
1729886400,70.67
1729890000,70.64
1729893600,70.05
1729897200,68.72
1729900800,69.48
1729904400,68.79
1729908000,69.06
1729911600,69.29
1729915200,69.25
1729918800,69.45
1729922400,69.23
1729926000,68.89
1729929600,69.06
1729933200,68.82
1729936800,68.86
1729940400,68.79
1729944000,68.7
1729947600,68.53
1729951200,68.09
1729954800,68.28
1729958400,68.25
1729962000,68.51
1729965600,68.34
1729969200,68.43
1729972800,68.52
1729976400,68.49
1729980000,68.34
1729983600,68.39
1729987200,68.09
1729990800,68.36
1729994400,68.37
1729998000,69.02
1730001600,68.93
1730005200,68.95
1730008800,68.83
1730012400,68.81
1730016000,69.18
1730019600,69.35
1730023200,69.19
1730026800,69.62
1730030400,70.15
1730034000,70.41
1730037600,70.68
1730041200,70.66
1730044800,70.58
1730048400,70.71
1730052000,70.51
1730055600,70.81
1730059200,70.75
1730062800,70.54
1730066400,70.91
1730070000,70.99
1730073600,71.21
1730077200,71.03
1730080800,71.18
1730084400,70.56
1730088000,70.6
1730091600,70.73
1730095200,70.84
1730098800,71.1
1730102400,71.18
1730106000,71.33
1730109600,70.76
1730113200,70.56
1730116800,70.76
1730120400,70.51
1730124000,70.38
1730127600,69.85
1730131200,70.07
1730134800,69.74
1730138400,69.92
1730142000,70.52
1730145600,70.49
1730149200,70.76
1730152800,70.9
1730156400,70.78
1730160000,71.06
1730163600,71.79
1730167200,71.88
1730170800,72.15
1730174400,72.05
1730178000,72.01
1730181600,71.97
1730185200,72.29
1730188800,72.33
1730192400,72.2
1730196000,72.31
1730199600,72.41
1730203200,72.28
1730206800,72.75
1730210400,72.82
1730214000,73.25
1730217600,73.64
1730221200,73.65
1730224800,73.79
1730228400,73.02
1730232000,72.96
1730235600,73.78
1730239200,74.09
1730242800,73.95
1730246400,73.84
1730250000,73.53
1730253600,73.28
1730257200,73.35
1730260800,72.89
1730264400,72.79
1730268000,72.56
1730271600,72.45
1730275200,72.21
1730278800,72.51
1730282400,72.06
1730286000,71.57
1730289600,71.8
1730293200,72.19
1730296800,72.39
1730300400,72.26
1730304000,72.23
1730307600,72.01
1730311200,72.03
1730314800,71.95
1730318400,72.43
1730322000,72.19
1730325600,71.92
1730329200,71.76
1730332800,71.66
1730336400,71.64
1730340000,71.82
1730343600,71.68
1730347200,71.48
1730350800,71.23
1730354400,70.93
1730358000,70.96
1730361600,70.73
1730365200,71.01
1730368800,71.64
1730372400,71.32
1730376000,71.2
1730379600,71.19
1730383200,69.95
1730386800,70.28
1730390400,69.85
1730394000,69.54
1730397600,69.15
1730401200,68.65
1730404800,68.76
1730408400,69.07
1730412000,69.23
1730415600,69.23
1730419200,69.03
1730422800,69.03
1730426400,69.07
1730430000,69.09
1730433600,69.03
1730437200,68.62
1730440800,67.65
1730444400,68.08
1730448000,68.48
1730451600,68.68
1730455200,69.04
1730458800,69.31
1730462400,70.0
1730466000,70.56
1730469600,70.62
1730473200,70.05
1730476800,70.83
1730480400,70.14
1730484000,70.22
1730487600,70.01
1730491200,70.51
1730494800,70.15
1730498400,70.24
1730502000,70.24
1730505600,70.78
1730509200,70.68
1730512800,70.94
1730516400,70.66
1730520000,70.17
1730523600,70.25
1730527200,70.27
1730530800,70.58
1730534400,70.36
1730538000,70.8
1730541600,70.61
1730545200,70.74
1730548800,70.21
1730552400,69.49
1730556000,69.17
1730559600,69.68
1730563200,69.69
1730566800,69.42
1730570400,69.06
1730574000,69.29
1730577600,69.3
1730581200,69.24
1730584800,69.26
1730588400,69.19
1730592000,68.99
1730595600,68.38
1730599200,67.43
1730602800,67.85
1730606400,68.27
1730610000,67.9
1730613600,68.12
1730617200,68.16
1730620800,67.99
1730624400,67.44
1730628000,67.82
1730631600,67.19
1730635200,67.27
1730638800,66.19
1730642400,65.92
1730646000,65.92
1730649600,65.7
1730653200,66.13
1730656800,65.63
1730660400,66.61
1730664000,66.91
1730667600,67.07
1730671200,66.97
1730674800,66.85
1730678400,66.67
1730682000,67.33
1730685600,67.4
1730689200,67.16
1730692800,67.13
1730696400,66.55
1730700000,66.8
1730703600,66.32
1730707200,66.3
1730710800,66.21
1730714400,66.55
1730718000,66.91
1730721600,66.82
1730725200,66.49
1730728800,66.67
1730732400,66.83
1730736000,66.46
1730739600,66.2
1730743200,65.94
1730746800,66.27
1730750400,65.58
1730754000,64.65
1730757600,65.65
1730761200,65.51
1730764800,66.05
1730768400,66.06
1730772000,65.93
1730775600,66.35
1730779200,66.52
1730782800,66.92
1730786400,66.92
1730790000,67.0
1730793600,67.09
1730797200,66.9
1730800800,66.96
1730804400,65.94
1730808000,65.74
1730811600,65.46
1730815200,66.6
1730818800,66.09
1730822400,66.77
1730826000,66.39
1730829600,66.34
1730833200,65.07
1730836800,66.11
1730840400,65.75
1730844000,66.26
1730847600,65.4
1730851200,66.97
1730854800,67.09
1730858400,68.2
1730862000,68.94
1730865600,69.54
1730869200,69.97
1730872800,70.04
1730876400,69.63
1730880000,69.43
1730883600,69.85
1730887200,70.14
1730890800,70.27
1730894400,69.68
1730898000,70.01
1730901600,69.26
1730905200,69.78
1730908800,69.46
1730912400,69.2
1730916000,69.93
1730919600,69.96
1730923200,70.36
1730926800,70.82
1730930400,71.52
1730934000,71.11
1730937600,71.08
1730941200,71.22
1730944800,71.59
1730948400,71.31
1730952000,70.8
1730955600,70.9
1730959200,70.56
1730962800,70.58
1730966400,71.09
1730970000,70.8
1730973600,70.92
1730977200,70.74
1730980800,70.91
1730984400,70.31
1730988000,70.59
1730991600,71.44
1730995200,71.99
1730998800,71.96
1731002400,72.0
1731006000,71.97
1731009600,71.89
1731013200,72.13
1731016800,71.55
1731020400,71.51
1731024000,72.37
1731027600,71.86
1731031200,71.01
1731034800,71.15
1731038400,71.28
1731042000,71.44
1731045600,71.22
1731049200,71.28
1731052800,70.92
1731056400,71.21
1731060000,71.59
1731063600,71.31
1731067200,71.97
1731070800,72.05
1731074400,71.74
1731078000,72.53
1731081600,71.69
1731085200,71.97
1731088800,72.69
1731092400,72.75
1731096000,72.06
1731099600,72.26
1731103200,72.46
1731106800,72.85
1731110400,72.56
1731114000,72.87
1731117600,72.97
1731121200,72.78
1731124800,72.91
1731128400,73.36
1731132000,73.25
1731135600,73.22
1731139200,73.75
1731142800,73.6
1731146400,73.56
1731150000,73.74
1731153600,73.01
1731157200,73.32
1731160800,72.74
1731164400,72.4
1731168000,72.53
1731171600,72.41
1731175200,72.48
1731178800,72.07
1731182400,72.5
1731186000,72.53
1731189600,73.16
1731193200,74.04
1731196800,74.51
1731200400,74.25
1731204000,74.96
1731207600,75.44
1731211200,76.52
1731214800,76.52
1731218400,75.67
1731222000,76.12
1731225600,76.52
1731229200,76.81
1731232800,77.26
1731236400,77.27
1731240000,77.64
1731243600,78.06
1731247200,77.34
1731250800,77.69
1731254400,78.02
1731258000,77.88
1731261600,78.07
1731265200,76.64
1731268800,74.75
1731272400,75.77
1731276000,76.17
1731279600,76.63
1731283200,77.44
1731286800,77.44
1731290400,77.49
1731294000,77.23
1731297600,76.98
1731301200,75.28
1731304800,75.51
1731308400,75.63
1731312000,76.38
1731315600,76.85
1731319200,76.77
1731322800,76.86
1731326400,76.78
1731330000,76.76
1731333600,77.85
1731337200,78.55
1731340800,78.18
1731344400,78.11
1731348000,78.56
1731351600,78.46
1731355200,78.97
1731358800,78.71
1731362400,79.28
1731366000,80.14
1731369600,79.49
1731373200,78.8
1731376800,78.75
1731380400,79.28
1731384000,78.66
1731387600,78.08
1731391200,78.88
1731394800,79.69
1731398400,82.46
1731402000,78.92
1731405600,76.86
1731409200,76.97
1731412800,75.8
1731416400,75.68
1731420000,76.46
1731423600,75.76
1731427200,75.94
1731430800,75.69
1731434400,77.21
1731438000,76.88
1731441600,77.0
1731445200,77.44
1731448800,78.39
1731452400,76.76
1731456000,76.78
1731459600,75.98
1731463200,75.7
1731466800,73.85
1731470400,73.35
1731474000,72.75
1731477600,72.68
1731481200,73.56
1731484800,73.28
1731488400,72.93
1731492000,73.39
1731495600,73.56
1731499200,73.22
1731502800,75.15
1731506400,76.9
1731510000,76.72
1731513600,76.74
1731517200,77.43
1731520800,77.78
1731524400,74.39
1731528000,74.53
1731531600,74.49
1731535200,75.28
1731538800,75.49
1731542400,74.68
1731546000,75.15
1731549600,75.59
1731553200,83.38
1731556800,80.36
1731560400,82.59
1731564000,81.21
1731567600,82.33
1731571200,82.29
1731574800,81.7
1731578400,80.2
1731582000,80.56
1731585600,81.09
1731589200,80.59
1731592800,78.49
1731596400,78.64
1731600000,81.14
1731603600,82.31
1731607200,82.03
1731610800,82.7
1731614400,81.6
1731618000,83.86
1731621600,83.71
1731625200,82.38
1731628800,80.68
1731632400,81.24
1731636000,82.34
1731639600,81.73
1731643200,79.7
1731646800,81.01
1731650400,81.67
1731654000,81.49
1731657600,82.4
1731661200,82.53
1731664800,83.38
1731668400,84.61
1731672000,84.07
1731675600,85.78
1731679200,84.19
1731682800,82.51
1731686400,83.46
1731690000,83.18
1731693600,82.3
1731697200,82.87
1731700800,84.66
1731704400,84.39
1731708000,84.11
1731711600,83.72
1731715200,83.78
1731718800,84.56
1731722400,84.08
1731726000,84.02
1731729600,84.44
1731733200,86.36
1731736800,86.78
1731740400,86.96
1731744000,86.94
1731747600,88.82
1731751200,89.22
1731754800,88.63
1731758400,87.17
1731762000,87.92
1731765600,92.92
1731769200,88.91
1731772800,90.21
1731776400,93.69
1731780000,97.02
1731783600,96.61
1731787200,93.99
1731790800,96.56
1731794400,95.28
1731798000,95.49
1731801600,96.16
1731805200,91.49
1731808800,91.1
1731812400,90.93
1731816000,90.42
1731819600,89.05
1731823200,90.87
1731826800,90.87
1731830400,91.39
1731834000,90.3
1731837600,89.68
1731841200,86.95
1731844800,89.17
1731848400,89.87
1731852000,88.96
1731855600,88.4
1731859200,89.51
1731862800,88.69
1731866400,86.4
1731870000,86.42
1731873600,86.81
1731877200,86.05
1731880800,87.01
1731884400,87.23
1731888000,87.54
1731891600,90.62
1731895200,90.29
1731898800,94.62
1731902400,92.39
1731906000,93.25
1731909600,93.69
1731913200,93.58
1731916800,91.95
1731920400,90.43
1731924000,91.27
1731927600,90.29
1731931200,91.31
1731934800,89.14
1731938400,88.72
1731942000,90.39
1731945600,89.55
1731949200,89.31
1731952800,89.01
1731956400,87.49
1731960000,87.81
1731963600,89.02
1731967200,88.98
1731970800,89.27
1731974400,89.46
1731978000,88.66
1731981600,89.08
1731985200,89.48
1731988800,88.21
1731992400,89.33
1731996000,89.43
1731999600,89.4
1732003200,89.52
1732006800,87.87
1732010400,88.34
1732014000,88.11
1732017600,88.51
1732021200,86.1
1732024800,86.77
1732028400,87.34
1732032000,86.68
1732035600,86.84
1732039200,88.14
1732042800,87.46
1732046400,86.64
1732050000,86.29
1732053600,86.19
1732057200,86.78
1732060800,86.36
1732064400,85.7
1732068000,85.93
1732071600,85.12
1732075200,84.94
1732078800,85.48
1732082400,85.28
1732086000,85.6
1732089600,86.1
1732093200,86.15
1732096800,85.67
1732100400,86.24
1732104000,85.62
1732107600,86.82
1732111200,86.87
1732114800,86.59
1732118400,84.65
1732122000,83.91
1732125600,83.65
1732129200,83.51
1732132800,84.21
1732136400,84.21
1732140000,84.25
1732143600,83.47
1732147200,84.34
1732150800,84.42
1732154400,82.93
1732158000,84.05
1732161600,86.51
1732165200,86.63
1732168800,90.23
1732172400,90.17
1732176000,89.95
1732179600,89.5
1732183200,89.34
1732186800,89.77
1732190400,89.44
1732194000,89.68
1732197600,89.5
1732201200,88.45
1732204800,88.25
1732208400,89.24
1732212000,89.62
1732215600,88.72
1732219200,88.5
1732222800,88.57
1732226400,89.2
1732230000,89.65
1732233600,89.42
1732237200,91.02
1732240800,90.06
1732244400,90.09
1732248000,90.51
1732251600,91.03
1732255200,90.32
1732258800,89.33
1732262400,90.34
1732266000,90.62
1732269600,89.57
1732273200,92.07
1732276800,91.52
1732280400,89.04
1732284000,88.97
1732287600,90.02
1732291200,90.66
1732294800,90.4
1732298400,89.69
1732302000,90.96
1732305600,90.74
1732309200,90.53
1732312800,91.05
1732316400,92.34
1732320000,94.05
1732323600,100.22
1732327200,98.67
1732330800,101.21
1732334400,103.91
1732338000,103.82
1732341600,103.35
1732345200,101.42
1732348800,103.12
1732352400,102.34
1732356000,102.65
1732359600,103.22
1732363200,102.52
1732366800,102.38
1732370400,102.87
1732374000,103.11
1732377600,98.88
1732381200,99.43
1732384800,99.88
1732388400,98.8
1732392000,98.54
1732395600,99.62
1732399200,99.15
1732402800,99.65
1732406400,101.48
1732410000,100.94
1732413600,102.25
1732417200,101.97
1732420800,101.14
1732424400,100.72
1732428000,101.74
1732431600,101.63
1732435200,99.45
1732438800,99.63
1732442400,98.91
1732446000,95.55
1732449600,93.91
1732453200,95.63
1732456800,94.6
1732460400,92.35
1732464000,94.06
1732467600,94.31
1732471200,96.3
1732474800,95.46
1732478400,96.65
1732482000,97.31
1732485600,97.47
1732489200,96.98
1732492800,96.08
1732496400,95.15
1732500000,95.81
1732503600,96.57
1732507200,96.36
1732510800,96.78
1732514400,96.63
1732518000,97.33
1732521600,98.06
1732525200,98.23
1732528800,98.48
1732532400,97.8
1732536000,97.59
1732539600,96.19
1732543200,93.93
1732546800,95.91
1732550400,95.55
1732554000,94.67
1732557600,94.75
1732561200,95.18
1732564800,95.4
1732568400,93.21
1732572000,93.18
1732575600,92.29
1732579200,93.24
1732582800,94.61
1732586400,94.85
1732590000,94.09
1732593600,93.74
1732597200,94.66
1732600800,94.03
1732604400,93.08
1732608000,91.63
1732611600,91.91
1732615200,89.37
1732618800,90.37
1732622400,90.1
1732626000,90.25
1732629600,91.3
1732633200,90.49
1732636800,91.81
1732640400,91.41
1732644000,89.91
1732647600,90.2
1732651200,91.07
1732654800,91.34
1732658400,91.69
1732662000,92.79
1732665600,91.88
1732669200,92.98
1732672800,93.19
1732676400,92.64
1732680000,94.59
1732683600,94.12
1732687200,94.61
1732690800,95.43
1732694400,95.57
1732698000,95.36
1732701600,95.96
1732705200,94.84
1732708800,94.98
1732712400,95.93
1732716000,96.26
1732719600,97.29
1732723200,96.36
1732726800,96.94
1732730400,96.85
1732734000,97.77
1732737600,98.28
1732741200,97.65
1732744800,97.76
1732748400,97.25
1732752000,97.78
1732755600,98.27
1732759200,96.87
1732762800,96.68
1732766400,97.32
1732770000,96.99
1732773600,96.81
1732777200,96.1
1732780800,96.17
1732784400,95.16
1732788000,94.84
1732791600,94.83
1732795200,95.44
1732798800,95.6
1732802400,95.18
1732806000,93.95
1732809600,94.51
1732813200,94.79
1732816800,95.37
1732820400,95.3
1732824000,94.74
1732827600,95.05
1732831200,96.06
1732834800,95.54
1732838400,95.53
1732842000,96.4
1732845600,97.25
1732849200,96.47
1732852800,96.44
1732856400,96.11
1732860000,96.0
1732863600,94.83
1732867200,95.79
1732870800,96.35
1732874400,97.02
1732878000,97.33
1732881600,97.28
1732885200,98.59
1732888800,99.45
1732892400,101.95
1732896000,101.05
1732899600,101.42
1732903200,101.27
1732906800,102.14
1732910400,103.01
1732914000,103.66
1732917600,103.15
1732921200,104.83
1732924800,102.5
1732928400,101.78
1732932000,101.06
1732935600,101.12
1732939200,101.09
1732942800,101.42
1732946400,101.06
1732950000,102.14
1732953600,101.96
1732957200,102.97
1732960800,101.57
1732964400,101.73
1732968000,101.73
1732971600,101.57
1732975200,101.08
1732978800,102.08
1732982400,102.67
1732986000,102.68
1732989600,102.61
1732993200,102.37
1732996800,102.12
1733000400,103.08
1733004000,101.94
1733007600,102.8
1733011200,101.34
1733014800,101.53
1733018400,99.69
1733022000,101.34
1733025600,100.81
1733029200,100.21
1733032800,101.29
1733036400,101.41
1733040000,102.27
1733043600,102.01
1733047200,101.18
1733050800,101.58
1733054400,100.93
1733058000,101.9
1733061600,103.0
1733065200,108.76
1733068800,107.56
1733072400,106.72
1733076000,106.81
1733079600,109.82
1733083200,113.41
1733086800,119.17
1733090400,119.98
1733094000,119.61
1733097600,128.88
1733101200,126.8
1733104800,123.52
1733108400,119.91
1733112000,119.2
1733115600,123.34
1733119200,122.7
1733122800,123.97
1733126400,117.85
1733130000,120.32
1733133600,115.61
1733137200,117.04
1733140800,119.59
1733144400,123.04
1733148000,121.51
1733151600,123.25
1733155200,121.88
1733158800,119.09
1733162400,126.18
1733166000,133.43
1733169600,137.01
1733173200,138.54
1733176800,136.64
1733180400,132.9
1733184000,132.26
1733187600,130.63
1733191200,129.94
1733194800,129.91
1733198400,132.08
1733202000,132.66
1733205600,129.92
1733209200,129.23
1733212800,132.83
1733216400,133.08
1733220000,129.79
1733223600,134.1
1733227200,131.77
1733230800,124.91
1733234400,126.01
1733238000,126.61
1733241600,127.09
1733245200,129.25
1733248800,129.81
1733252400,128.73
1733256000,131.95
1733259600,131.37
1733263200,131.92
1733266800,130.95
1733270400,130.41
1733274000,131.17
1733277600,128.95
1733281200,129.35
1733284800,130.42
1733288400,130.45
1733292000,130.93
1733295600,132.41
1733299200,130.84
1733302800,131.21
1733306400,129.38
1733310000,129.35
1733313600,127.8
1733317200,127.43
1733320800,127.53
1733324400,128.74
1733328000,122.19
1733331600,125.28
1733335200,126.4
1733338800,126.77
1733342400,133.16
1733346000,131.88
1733349600,133.59
1733353200,133.85
1733356800,130.48
1733360400,126.7
1733364000,128.93
1733367600,127.78
1733371200,127.78
1733374800,126.7
1733378400,128.13
1733382000,128.6
1733385600,130.69
1733389200,130.05
1733392800,130.7
1733396400,137.39
1733400000,143.01
1733403600,141.93
1733407200,140.28
1733410800,144.07
1733414400,143.37
1733418000,142.79
1733421600,142.57
1733425200,139.4
1733428800,137.22
1733432400,136.87
1733436000,135.33
1733439600,135.93
1733443200,138.61
1733446800,137.83
1733450400,137.11
1733454000,137.4
1733457600,137.97
1733461200,136.11
1733464800,136.59
1733468400,135.28
1733472000,133.96
1733475600,133.37
1733479200,133.33
1733482800,133.14
1733486400,130.95
1733490000,132.93
1733493600,134.18
1733497200,132.49
1733500800,133.7
1733504400,135.63
1733508000,135.88
1733511600,137.01
1733515200,136.07
1733518800,134.37
1733522400,136.68
1733526000,136.1
1733529600,136.69
1733533200,136.48
1733536800,136.14
1733540400,135.16
1733544000,136.23
1733547600,135.51
1733551200,137.37
1733554800,137.16
1733558400,136.85
1733562000,137.74
1733565600,137.02
1733569200,137.74
1733572800,137.19
1733576400,137.69
1733580000,136.81
1733583600,137.35
1733587200,135.45
1733590800,132.81
1733594400,134.14
1733598000,133.72
1733601600,134.18
1733605200,132.92
1733608800,133.05
1733612400,133.89
1733616000,133.84
1733619600,133.81
1733623200,134.06
1733626800,134.1
1733630400,132.9
1733634000,131.82
1733637600,132.4
1733641200,132.58
1733644800,130.43
1733648400,130.93
1733652000,132.91
1733655600,132.82
1733659200,134.77
1733662800,134.7
1733666400,133.12
1733670000,134.44
1733673600,133.25
1733677200,133.87
1733680800,132.46
1733684400,133.5
1733688000,133.19
1733691600,133.48
1733695200,134.82
1733698800,134.98
1733702400,131.95
1733706000,131.23
1733709600,130.87
1733713200,129.67
1733716800,130.54
1733720400,130.6
1733724000,128.26
1733727600,127.06
1733731200,124.34
1733734800,123.96
1733738400,124.89
1733742000,121.73
1733745600,123.4
1733749200,125.31
1733752800,126.69
1733756400,123.1
1733760000,122.69
1733763600,121.95
1733767200,122.67
1733770800,121.83
1733774400,115.15
1733778000,109.2
1733781600,109.26
1733785200,110.49
1733788800,111.48
1733792400,111.52
1733796000,107.22
1733799600,109.64
1733803200,111.49
1733806800,114.15
1733810400,113.93
1733814000,114.0
1733817600,113.96
1733821200,113.84
1733824800,114.06
1733828400,112.41
1733832000,109.2
1733835600,110.58
1733839200,110.58
1733842800,105.06
1733846400,107.48
1733850000,102.02
1733853600,104.94
1733857200,107.18
1733860800,109.6
1733864400,109.8
1733868000,110.25
1733871600,109.92
1733875200,108.95
1733878800,106.56
1733882400,109.77
1733886000,109.66
1733889600,110.23
1733893200,110.09
1733896800,110.6
1733900400,108.97
1733904000,111.7
1733907600,111.76
1733911200,112.01
1733914800,112.86
1733918400,114.04
1733922000,114.59
1733925600,115.77
1733929200,116.79
1733932800,117.15
1733936400,114.92
1733940000,116.25
1733943600,117.46
1733947200,118.7
1733950800,117.89
1733954400,118.11
1733958000,117.38
1733961600,117.11
1733965200,116.95
1733968800,120.55
1733972400,120.57
1733976000,122.25
1733979600,122.81
1733983200,122.02
1733986800,121.6
1733990400,122.06
1733994000,121.18
1733997600,120.79
1734001200,120.5
1734004800,122.79
1734008400,121.46
1734012000,121.93
1734015600,121.79
1734019200,121.86
1734022800,122.7
1734026400,122.42
1734030000,118.89
1734033600,120.6
1734037200,119.74
1734040800,118.96
1734044400,119.3
1734048000,119.42
1734051600,118.76
1734055200,120.89
1734058800,121.6
1734062400,120.83
1734066000,120.97
1734069600,119.83
1734073200,119.29
1734076800,121.06
1734080400,119.85
1734084000,120.2
1734087600,120.45
1734091200,121.06
1734094800,119.92
1734098400,121.93
1734102000,118.43
1734105600,119.16
1734109200,119.25
1734112800,119.12
1734116400,120.79
1734120000,121.89
1734123600,122.54
1734127200,123.15
1734130800,124.53
1734134400,122.69
1734138000,122.96
1734141600,123.1
1734145200,123.25
1734148800,122.8
1734152400,123.23
1734156000,123.01
1734159600,122.68
1734163200,122.85
1734166800,123.23
1734170400,122.63
1734174000,121.45
1734177600,119.63
1734181200,118.15
1734184800,120.09
1734188400,119.94
1734192000,119.78
1734195600,117.03
1734199200,116.44
1734202800,117.5
1734206400,115.72
1734210000,117.1
1734213600,117.75
1734217200,118.22
1734220800,117.53
1734224400,119.88
1734228000,118.64
1734231600,117.25
1734235200,118.03
1734238800,117.85
1734242400,117.25
1734246000,115.39
1734249600,116.73
1734253200,116.99
1734256800,116.57
1734260400,117.15
1734264000,118.44
1734267600,119.1
1734271200,120.33
1734274800,120.04
1734278400,119.82
1734282000,119.07
1734285600,119.03
1734289200,118.96
1734292800,119.02
1734296400,116.23
1734300000,118.24
1734303600,121.08
1734307200,123.34
1734310800,123.5
1734314400,121.92
1734318000,120.43
1734321600,121.36
1734325200,121.79
1734328800,120.48
1734332400,120.07
1734336000,119.11
1734339600,118.36
1734343200,118.5
1734346800,115.58
1734350400,116.38
1734354000,116.5
1734357600,116.38
1734361200,118.31
1734364800,121.2
1734368400,120.99
1734372000,121.94
1734375600,120.12
1734379200,119.25
1734382800,119.41
1734386400,119.34
1734390000,118.05
1734393600,115.74
1734397200,117.51
1734400800,117.27
1734404400,117.97
1734408000,116.72
1734411600,117.17
1734415200,116.95
1734418800,117.12
1734422400,117.47
1734426000,118.74
1734429600,118.8
1734433200,118.95
1734436800,119.39
1734440400,118.96
1734444000,118.62
1734447600,115.73
1734451200,117.75
1734454800,129.36
1734458400,127.93
1734462000,127.57
1734465600,126.52
1734469200,126.28
1734472800,123.97
1734476400,125.59
1734480000,124.23
1734483600,127.18
1734487200,126.68
1734490800,124.53
1734494400,122.23
1734498000,122.78
1734501600,118.23
1734505200,120.07
1734508800,119.92
1734512400,120.28
1734516000,120.18
1734519600,119.62
1734523200,117.3
1734526800,117.2
1734530400,115.7
1734534000,116.89
1734537600,116.05
1734541200,115.55
1734544800,117.74
1734548400,113.46
1734552000,109.48
1734555600,110.73
1734559200,109.67
1734562800,108.26
1734566400,109.03
1734570000,106.59
1734573600,107.85
1734577200,109.05
1734580800,107.77
1734584400,108.38
1734588000,108.16
1734591600,109.15
1734595200,108.54
1734598800,108.85
1734602400,110.17
1734606000,111.17
1734609600,109.65
1734613200,108.83
1734616800,107.2
1734620400,106.6
1734624000,106.91
1734627600,102.24
1734631200,100.21
1734634800,96.92
1734638400,97.71
1734642000,99.98
1734645600,101.5
1734649200,99.23
1734652800,100.44
1734656400,100.34
1734660000,102.61
1734663600,101.69
1734667200,100.97
1734670800,100.04
1734674400,99.16
1734678000,99.9
1734681600,95.17
1734685200,92.94
1734688800,90.64
1734692400,86.73
1734696000,92.76
1734699600,94.16
1734703200,94.21
1734706800,96.05
1734710400,96.67
1734714000,98.06
1734717600,98.17
1734721200,100.08
1734724800,99.15
1734728400,99.47
1734732000,101.69
1734735600,101.32
1734739200,100.66
1734742800,100.85
1734746400,101.12
1734750000,101.59
1734753600,103.67
1734757200,105.88
1734760800,104.85
1734764400,104.32
1734768000,103.49
1734771600,103.16
1734775200,103.83
1734778800,103.69
1734782400,101.03
1734786000,100.36
1734789600,99.74
1734793200,100.67
1734796800,99.93
1734800400,100.94
1734804000,100.3
1734807600,101.0
1734811200,101.62
1734814800,100.11
1734818400,100.97
1734822000,101.52
1734825600,101.23
1734829200,100.63
1734832800,100.08
1734836400,99.65
1734840000,98.32
1734843600,98.63
1734847200,99.69
1734850800,99.82
1734854400,100.57
1734858000,101.75
1734861600,102.59
1734865200,103.21
1734868800,103.05
1734872400,102.39
1734876000,99.73
1734879600,100.56
1734883200,101.71
1734886800,100.99
1734890400,100.85
1734894000,98.51
1734897600,100.11
1734901200,99.84
1734904800,99.75
1734908400,99.7
1734912000,99.38
1734915600,99.5
1734919200,100.93
1734922800,104.15
1734926400,103.75
1734930000,102.45
1734933600,101.57
1734937200,101.86
1734940800,102.39
1734944400,103.04
1734948000,102.61
1734951600,102.2
1734955200,103.14
1734958800,101.4
1734962400,100.61
1734966000,99.55
1734969600,102.31
1734973200,101.14
1734976800,101.51
1734980400,102.64
1734984000,105.19
1734987600,105.49
1734991200,107.19
1734994800,106.63
1734998400,106.02
1735002000,104.49
1735005600,104.79
1735009200,105.8
1735012800,106.58
1735016400,106.51
1735020000,105.18
1735023600,105.97
1735027200,106.99
1735030800,107.0
1735034400,106.84
1735038000,107.21
1735041600,106.88
1735045200,109.71
1735048800,109.11
1735052400,110.34
1735056000,109.1
1735059600,109.72
1735063200,109.3
1735066800,108.15
1735070400,107.2
1735074000,108.13
1735077600,108.32
1735081200,108.29
1735084800,107.71
1735088400,108.29
1735092000,108.38
1735095600,107.85
1735099200,108.33
1735102800,108.55
1735106400,108.02
1735110000,107.65
1735113600,108.25
1735117200,109.35
1735120800,109.02
1735124400,107.9
1735128000,108.7
1735131600,108.85
1735135200,109.22
1735138800,108.31
1735142400,107.61
1735146000,108.37
1735149600,109.09
1735153200,109.37
1735156800,108.6
1735160400,108.4
1735164000,108.98
1735167600,109.78
1735171200,108.72
1735174800,108.5
1735178400,108.39
1735182000,108.08
1735185600,107.54
1735189200,107.41
1735192800,106.55
1735196400,106.38
1735200000,104.22
1735203600,104.16
1735207200,103.64
1735210800,103.98
1735214400,102.96
1735218000,102.98
1735221600,102.83
1735225200,102.49
1735228800,103.35
1735232400,102.11
1735236000,102.27
1735239600,102.54
1735243200,101.84
1735246800,102.15
1735250400,102.41
1735254000,102.11
1735257600,102.56
1735261200,103.04
1735264800,103.18
1735268400,103.41
1735272000,102.73
1735275600,103.11
1735279200,104.34
1735282800,102.4
1735286400,103.63
1735290000,105.51
1735293600,104.78
1735297200,104.72
1735300800,104.36
1735304400,103.44
1735308000,102.01
1735311600,100.83
1735315200,100.89
1735318800,103.31
1735322400,103.23
1735326000,102.5
1735329600,102.05
1735333200,101.53
1735336800,99.8
1735340400,100.46
1735344000,100.39
1735347600,99.88
1735351200,99.48
1735354800,100.34
1735358400,100.0
1735362000,100.19
1735365600,99.52
1735369200,99.05
1735372800,99.65
1735376400,99.61
1735380000,98.82
1735383600,99.48
1735387200,98.69
1735390800,99.71
1735394400,99.63
1735398000,99.59
1735401600,100.57
1735405200,101.03
1735408800,100.33
1735412400,100.42
1735416000,100.43
1735419600,101.0
1735423200,100.99
1735426800,100.56
1735430400,99.74
1735434000,99.48
1735437600,100.48
1735441200,100.57
1735444800,100.32
1735448400,100.1
1735452000,100.48
1735455600,100.76
1735459200,100.02
1735462800,100.4
1735466400,100.42
1735470000,100.03
1735473600,100.08
1735477200,101.08
1735480800,100.02
1735484400,100.6
1735488000,99.45
1735491600,99.14
1735495200,98.24
1735498800,98.78
1735502400,98.83
1735506000,97.91
1735509600,97.3
1735513200,98.33
1735516800,99.18
1735520400,100.47
1735524000,99.93
1735527600,100.34
1735531200,99.82
1735534800,100.58
1735538400,102.22
1735542000,101.59
1735545600,101.64
1735549200,101.98
1735552800,102.09
1735556400,102.04
1735560000,102.45
1735563600,99.06
1735567200,98.48
1735570800,98.2
1735574400,97.86
1735578000,100.92
1735581600,101.36
1735585200,101.04
1735588800,101.42
1735592400,98.33
1735596000,99.24
1735599600,99.24
1735603200,98.4
1735606800,98.56
1735610400,98.62
1735614000,98.23
1735617600,97.87
1735621200,98.32
1735624800,98.23
1735628400,98.66
1735632000,99.96
1735635600,100.92
1735639200,101.28
1735642800,102.25
1735646400,102.39
1735650000,104.12
1735653600,104.01
1735657200,104.11
1735660800,103.93
1735664400,102.73
1735668000,103.65
1735671600,102.66
1735675200,102.93
1735678800,103.67
1735682400,103.44
1735686000,103.07
1735689600,104.84
1735693200,104.77
1735696800,104.71
1735700400,104.01
1735704000,103.96
1735707600,105.03
1735711200,104.92
1735714800,103.95
1735718400,102.61
1735722000,102.7
1735725600,102.53
1735729200,103.55
1735732800,104.67
1735736400,104.11
1735740000,104.55
1735743600,104.67
1735747200,105.04
1735750800,104.65
1735754400,106.3
1735758000,106.98
1735761600,105.83
1735765200,105.28
1735768800,104.81
1735772400,105.02
1735776000,107.31
1735779600,106.47
1735783200,105.89
1735786800,105.45
1735790400,106.16
1735794000,105.61
1735797600,105.8
1735801200,105.9
1735804800,106.14
1735808400,106.81
1735812000,106.63
1735815600,106.27
1735819200,106.56
1735822800,107.3
1735826400,107.15
1735830000,106.18
1735833600,106.25
1735837200,105.2
1735840800,105.56
1735844400,105.04
1735848000,104.87
1735851600,105.33
1735855200,105.22
1735858800,105.01
1735862400,105.2
1735866000,105.6
1735869600,106.3
1735873200,106.25
1735876800,105.46
1735880400,105.05
1735884000,104.81
1735887600,104.53
1735891200,105.11
1735894800,105.85
1735898400,106.03
1735902000,107.46
1735905600,107.26
1735909200,107.69
1735912800,108.96
1735916400,109.27
1735920000,110.16
1735923600,110.13
1735927200,111.3
1735930800,113.24
1735934400,114.06
1735938000,114.3
1735941600,113.41
1735945200,112.68
1735948800,111.5
1735952400,111.26
1735956000,112.12
1735959600,112.1
1735963200,111.39
1735966800,111.46
1735970400,111.36
1735974000,111.76
1735977600,110.69
1735981200,111.18
1735984800,112.05
1735988400,111.33
1735992000,111.61
1735995600,111.94
1735999200,112.25
1736002800,110.69
1736006400,111.16
1736010000,111.19
1736013600,110.76
1736017200,111.02
1736020800,111.01
1736024400,111.22
1736028000,111.08
1736031600,111.21
1736035200,110.9
1736038800,110.84
1736042400,111.24
1736046000,111.82
1736049600,112.56
1736053200,112.24
1736056800,112.02
1736060400,111.84
1736064000,110.97
1736067600,110.73
1736071200,111.19
1736074800,111.63
1736078400,112.16
1736082000,111.9
1736085600,112.01
1736089200,112.28
1736092800,112.39
1736096400,112.09
1736100000,112.38
1736103600,112.63
1736107200,112.91
1736110800,114.4
1736114400,116.0
1736118000,115.66
1736121600,114.97
1736125200,116.17
1736128800,115.93
1736132400,115.51
1736136000,115.32
1736139600,114.85
1736143200,114.32
1736146800,113.56
1736150400,112.96
1736154000,112.95
1736157600,113.31
1736161200,113.55
1736164800,112.4
1736168400,112.79
1736172000,114.01
1736175600,114.41
1736179200,116.02
1736182800,114.71
1736186400,114.63
1736190000,114.62
1736193600,113.76
1736197200,113.23
1736200800,113.58
1736204400,114.05
1736208000,113.75
1736211600,114.58
1736215200,113.14
1736218800,113.35
1736222400,112.58
1736226000,112.97
1736229600,113.64
1736233200,112.93
1736236800,113.34
1736240400,112.8
1736244000,112.7
1736247600,111.45
1736251200,110.62
1736254800,111.13
1736258400,109.47
1736262000,106.11
1736265600,105.91
1736269200,105.75
1736272800,104.68
1736276400,103.57
1736280000,103.15
1736283600,102.19
1736287200,103.54
1736290800,102.72
1736294400,104.7
1736298000,104.17
1736301600,103.9
1736305200,103.07
1736308800,102.47
1736312400,102.7
1736316000,100.57
1736319600,102.54
1736323200,103.26
1736326800,103.02
1736330400,103.12
1736334000,102.13
1736337600,101.68
1736341200,102.24
1736344800,102.37
1736348400,102.82
1736352000,100.95
1736355600,100.45
1736359200,100.72
1736362800,100.17
1736366400,100.36
1736370000,100.29
1736373600,101.96
1736377200,101.4
1736380800,102.0
1736384400,101.58
1736388000,101.92
1736391600,101.62
1736395200,102.19
1736398800,102.13
1736402400,102.19
1736406000,100.99
1736409600,102.09
1736413200,103.02
1736416800,103.06
1736420400,103.89
1736424000,103.33
1736427600,100.58
1736431200,102.39
1736434800,105.13
1736438400,104.81
1736442000,103.18
1736445600,104.14
1736449200,102.08
1736452800,101.92
1736456400,102.59
1736460000,102.63
1736463600,102.25
1736467200,102.86
1736470800,103.29
1736474400,103.63
1736478000,104.39
1736481600,103.7
1736485200,103.87
1736488800,104.45
1736492400,105.16
1736496000,105.02
1736499600,104.48
1736503200,104.79
1736506800,104.51
1736510400,104.42
1736514000,103.69
1736517600,104.9
1736521200,104.69
1736524800,104.57
1736528400,105.98
1736532000,105.63
1736535600,106.07
1736539200,105.66
1736542800,105.13
1736546400,104.79
1736550000,103.93
1736553600,103.9
1736557200,103.82
1736560800,103.27
1736564400,103.41
1736568000,103.31
1736571600,103.66
1736575200,103.53
1736578800,103.65
1736582400,103.76
1736586000,103.75
1736589600,104.46
1736593200,103.37
1736596800,103.29
1736600400,102.92
1736604000,103.33
1736607600,103.2
1736611200,102.97
1736614800,102.82
1736618400,102.63
1736622000,102.58
1736625600,103.7
1736629200,103.99
1736632800,104.55
1736636400,104.34
1736640000,104.46
1736643600,105.07
1736647200,104.89
1736650800,104.68
1736654400,104.38
1736658000,104.11
1736661600,103.59
1736665200,103.86
1736668800,103.26
1736672400,102.84
1736676000,103.05
1736679600,103.05
1736683200,102.47
1736686800,102.86
1736690400,102.53
1736694000,102.85
1736697600,103.6
1736701200,104.02
1736704800,103.61
1736708400,103.9
1736712000,103.36
1736715600,102.39
1736719200,101.54
1736722800,102.32
1736726400,103.5
1736730000,102.21
1736733600,100.79
1736737200,100.55
1736740800,101.21
1736744400,99.61
1736748000,98.75
1736751600,98.81
1736755200,98.13
1736758800,97.25
1736762400,95.66
1736766000,93.84
1736769600,94.49
1736773200,95.48
1736776800,95.93
1736780400,96.22
1736784000,94.78
1736787600,94.94
1736791200,94.88
1736794800,95.18
1736798400,97.24
1736802000,98.01
1736805600,98.74
1736809200,98.33
1736812800,97.88
1736816400,98.29
1736820000,98.94
1736823600,99.37
1736827200,99.0
1736830800,98.69
1736834400,99.09
1736838000,97.94
1736841600,98.68
1736845200,100.63
1736848800,99.78
1736852400,99.62
1736856000,99.09
1736859600,99.78
1736863200,100.17
1736866800,100.63
1736870400,100.63
1736874000,101.08
1736877600,101.5
1736881200,101.47
1736884800,101.62
1736888400,101.58
1736892000,102.42
1736895600,102.43
1736899200,102.34
1736902800,102.87
1736906400,102.61
1736910000,102.45
1736913600,102.18
1736917200,102.21
1736920800,101.86
1736924400,102.39
1736928000,102.55
1736931600,101.49
1736935200,101.84
1736938800,101.24
1736942400,101.39
1736946000,104.0
1736949600,104.91
1736953200,105.21
1736956800,104.48
1736960400,104.52
1736964000,105.72
1736967600,105.95
1736971200,105.71
1736974800,106.18
1736978400,113.7
1736982000,117.01
1736985600,115.32
1736989200,118.42
1736992800,119.22
1736996400,118.77
1737000000,118.39
1737003600,119.5
1737007200,119.84
1737010800,119.09
1737014400,118.46
1737018000,117.84
1737021600,118.54
1737025200,118.76
1737028800,121.43
1737032400,119.84
1737036000,116.49
1737039600,126.65
1737043200,125.35
1737046800,129.01
1737050400,127.29
1737054000,127.55
1737057600,127.52
1737061200,125.77
1737064800,123.41
1737068400,124.36
1737072000,126.54
1737075600,126.13
1737079200,127.69
1737082800,133.82
1737086400,136.71
1737090000,138.52
1737093600,140.1
1737097200,137.91
1737100800,136.72
1737104400,137.71
1737108000,137.87
1737111600,137.05
1737115200,135.57
1737118800,134.06
1737122400,133.89
1737126000,134.88
1737129600,136.69
1737133200,136.58
1737136800,134.5
1737140400,136.17
1737144000,137.05
1737147600,137.8
1737151200,135.05
1737154800,137.1
1737158400,136.91
1737162000,135.32
1737165600,134.43
1737169200,129.62
1737172800,128.35
1737176400,124.48
1737180000,127.35
1737183600,125.15
1737187200,126.92
1737190800,126.99
1737194400,125.81
1737198000,127.58
1737201600,126.76
1737205200,130.09
1737208800,127.47
1737212400,126.17
1737216000,123.73
1737219600,124.27
1737223200,124.79
1737226800,125.56
1737230400,123.62
1737234000,123.74
1737237600,124.19
1737241200,125.27
1737244800,126.12
1737248400,127.56
1737252000,125.95
1737255600,124.11
1737259200,120.94
1737262800,121.49
1737266400,120.58
1737270000,119.65
1737273600,116.63
1737277200,118.34
1737280800,116.7
1737284400,114.94
1737288000,117.82
1737291600,118.99
1737295200,122.66
1737298800,124.1
1737302400,123.03
1737306000,124.63
1737309600,124.47
1737313200,123.76
1737316800,123.48
1737320400,117.58
1737324000,116.67
1737327600,115.39
1737331200,112.9
1737334800,114.23
1737338400,116.49
1737342000,116.54
1737345600,116.7
1737349200,116.74
1737352800,121.84
1737356400,121.05
1737360000,123.91
1737363600,121.33
1737367200,119.94
1737370800,121.35
1737374400,118.74
1737378000,119.88
1737381600,122.02
1737385200,119.1
1737388800,121.01
1737392400,115.58
1737396000,121.05
1737399600,120.02
1737403200,120.0
1737406800,117.53
1737410400,119.37
1737414000,118.43
1737417600,116.38
1737421200,115.47
1737424800,116.02
1737428400,116.67
1737432000,116.01
1737435600,114.4
1737439200,114.86
1737442800,115.78
1737446400,118.18
1737450000,117.58
1737453600,118.8
1737457200,121.12
1737460800,121.8
1737464400,121.06
1737468000,119.2
1737471600,119.86
1737475200,121.06
1737478800,121.85
1737482400,121.62
1737486000,121.08
1737489600,120.41
1737493200,119.92
1737496800,119.14
1737500400,119.12
1737504000,120.19
1737507600,118.84
1737511200,118.54
1737514800,118.1
1737518400,117.25
1737522000,116.54
1737525600,116.34
1737529200,116.22
1737532800,116.74
1737536400,116.6
1737540000,116.52
1737543600,117.16
1737547200,116.8
1737550800,115.26
1737554400,115.85
1737558000,115.71
1737561600,116.62
1737565200,117.08
1737568800,116.35
1737572400,117.57
1737576000,116.52
1737579600,116.27
1737583200,114.87
1737586800,115.31
1737590400,115.25
1737594000,114.35
1737597600,113.46
1737601200,114.24
1737604800,112.96
1737608400,113.42
1737612000,113.03
1737615600,113.34
1737619200,112.45
1737622800,112.39
1737626400,111.79
1737630000,112.31
1737633600,111.8
1737637200,113.4
1737640800,115.64
1737644400,115.93
1737648000,116.18
1737651600,116.19
1737655200,114.54
1737658800,113.88
1737662400,115.73
1737666000,113.78
1737669600,116.19
1737673200,116.42
1737676800,113.95
1737680400,113.88
1737684000,113.18
1737687600,115.26
1737691200,115.95
1737694800,117.04
1737698400,116.75
1737702000,117.14
1737705600,118.34
1737709200,117.83
1737712800,118.15
1737716400,117.74
1737720000,118.1
1737723600,119.69
1737727200,122.65
1737730800,122.19
1737734400,120.46
1737738000,120.74
1737741600,119.41
1737745200,119.09
1737748800,116.75
1737752400,119.18
1737756000,118.65
1737759600,118.72
1737763200,119.94
1737766800,124.67
1737770400,123.0
1737774000,124.02
1737777600,124.26
1737781200,122.79
1737784800,121.91
1737788400,121.2
1737792000,120.89
1737795600,122.41
1737799200,121.41
1737802800,122.43
1737806400,124.88
1737810000,125.44
1737813600,126.72
1737817200,127.98
1737820800,128.66
1737824400,126.25
1737828000,125.78
1737831600,126.86
1737835200,125.14
1737838800,124.63
1737842400,124.41
1737846000,123.88
1737849600,123.36
1737853200,124.36
1737856800,123.6
1737860400,123.71
1737864000,123.95
1737867600,124.11
1737871200,124.11
1737874800,124.23
1737878400,124.78
1737882000,122.53
1737885600,122.46
1737889200,122.72
1737892800,122.24
1737896400,122.04
1737900000,122.88
1737903600,122.21
1737907200,121.59
1737910800,121.17
1737914400,121.8
1737918000,121.82
1737921600,121.86
1737925200,120.85
1737928800,120.28
1737932400,117.08
1737936000,115.94
1737939600,114.79
1737943200,113.46
1737946800,114.79
1737950400,113.62
1737954000,112.92
1737957600,110.81
1737961200,109.63
1737964800,108.66
1737968400,109.04
1737972000,106.48
1737975600,106.77
1737979200,110.04
1737982800,110.12
1737986400,113.23
1737990000,112.25
1737993600,110.93
1737997200,110.67
1738000800,109.63
1738004400,110.45
1738008000,113.63
1738011600,114.07
1738015200,114.93
1738018800,115.07
1738022400,114.37
1738026000,113.93
1738029600,115.8
1738033200,115.01
1738036800,115.8
1738040400,115.39
1738044000,115.6
1738047600,116.1
1738051200,115.43
1738054800,114.9
1738058400,114.7
1738062000,114.58
1738065600,114.54
1738069200,114.46
1738072800,114.06
1738076400,114.22
1738080000,112.98
1738083600,114.6
1738087200,112.58
1738090800,112.98
1738094400,110.89
1738098000,109.52
1738101600,110.55
1738105200,109.88
1738108800,111.17
1738112400,111.95
1738116000,113.33
1738119600,113.34
1738123200,113.73
1738126800,113.92
1738130400,115.0
1738134000,114.67
1738137600,113.94
1738141200,113.59
1738144800,113.39
1738148400,113.03
1738152000,112.71
1738155600,111.92
1738159200,111.39
1738162800,111.62
1738166400,111.26
1738170000,112.24
1738173600,113.63
1738177200,112.9
1738180800,114.26
1738184400,116.99
1738188000,116.48
1738191600,115.92
1738195200,116.47
1738198800,119.99
1738202400,120.61
1738206000,121.14
1738209600,125.39
1738213200,126.01
1738216800,128.1
1738220400,127.36
1738224000,127.31
1738227600,129.69
1738231200,129.5
1738234800,128.75
1738238400,132.49
1738242000,132.49
1738245600,131.24
1738249200,131.15
1738252800,130.4
1738256400,129.19
1738260000,129.59
1738263600,128.64
1738267200,126.94
1738270800,129.46
1738274400,129.71
1738278000,130.14
1738281600,128.77
1738285200,128.37
1738288800,127.02
1738292400,125.97
1738296000,127.02
1738299600,129.08
1738303200,129.32
1738306800,129.27
1738310400,129.81
1738314000,130.31
1738317600,132.79
1738321200,132.15
1738324800,132.11
1738328400,129.72
1738332000,129.72
1738335600,130.56
1738339200,129.22
1738342800,128.12
1738346400,127.07
1738350000,126.3
1738353600,128.03
1738357200,128.28
1738360800,127.65
1738364400,128.03
1738368000,127.43
1738371600,127.29
1738375200,130.52
1738378800,129.55
1738382400,129.49
1738386000,130.06
1738389600,130.18
1738393200,126.47
1738396800,124.19
1738400400,123.33
1738404000,123.49
1738407600,124.18
1738411200,123.66
1738414800,122.13
1738418400,121.66
1738422000,122.45
1738425600,122.37
1738429200,122.64
1738432800,122.0
1738436400,121.02
1738440000,120.47
1738443600,121.26
1738447200,118.58
1738450800,118.02
1738454400,120.62
1738458000,120.62
1738461600,118.22
1738465200,114.16
1738468800,115.45
1738472400,116.82
1738476000,116.6
1738479600,115.53
1738483200,116.68
1738486800,116.85
1738490400,115.4
1738494000,113.84
1738497600,114.09
1738501200,116.71
1738504800,115.74
1738508400,115.29
1738512000,111.49
1738515600,110.07
1738519200,108.56
1738522800,110.89
1738526400,110.06
1738530000,108.42
1738533600,108.88
1738537200,109.12
1738540800,105.21
1738544400,92.73
1738548000,89.78
1738551600,93.42
1738555200,90.73
1738558800,94.65
1738562400,95.06
1738566000,99.44
1738569600,96.93
1738573200,96.88
1738576800,99.37
1738580400,97.34
1738584000,96.05
1738587600,95.59
1738591200,97.44
1738594800,103.28
1738598400,102.13
1738602000,103.23
1738605600,104.03
1738609200,106.73
1738612800,104.32
1738616400,107.86
1738620000,108.06
1738623600,107.0
1738627200,107.27
1738630800,107.69
1738634400,105.19
1738638000,104.66
1738641600,103.59
1738645200,99.98
1738648800,101.5
1738652400,99.5
1738656000,99.72
1738659600,99.73
1738663200,101.34
1738666800,100.99
1738670400,103.04
1738674000,102.66
1738677600,104.42
1738681200,102.81
1738684800,102.63
1738688400,102.57
1738692000,103.94
1738695600,102.26
1738699200,101.22
1738702800,98.82
1738706400,101.03
1738710000,101.08
1738713600,101.44
1738717200,101.67
1738720800,102.7
1738724400,102.99
1738728000,102.63
1738731600,103.18
1738735200,102.0
1738738800,102.69
1738742400,102.96
1738746000,103.4
1738749600,104.74
1738753200,106.78
1738756800,105.2
1738760400,105.52
1738764000,107.03
1738767600,107.55
1738771200,105.45
1738774800,103.41
1738778400,103.77
1738782000,105.82
1738785600,104.29
1738789200,103.82
1738792800,102.64
1738796400,103.4
1738800000,104.16
1738803600,104.68
1738807200,105.9
1738810800,105.42
1738814400,106.39
1738818000,106.0
1738821600,108.18
1738825200,107.14
1738828800,106.58
1738832400,108.62
1738836000,108.22
1738839600,106.91
1738843200,105.59
1738846800,106.26
1738850400,104.13
1738854000,102.03
1738857600,100.74
1738861200,101.05
1738864800,100.35
1738868400,99.88
1738872000,102.08
1738875600,101.55
1738879200,101.58
1738882800,101.7
1738886400,103.66
1738890000,104.82
1738893600,104.39
1738897200,104.03
1738900800,103.42
1738904400,104.37
1738908000,104.04
1738911600,105.12
1738915200,105.0
1738918800,105.1
1738922400,104.41
1738926000,105.03
1738929600,105.33
1738933200,107.25
1738936800,107.35
1738940400,106.18
1738944000,104.5
1738947600,103.96
1738951200,104.87
1738954800,102.91
1738958400,100.87
1738962000,101.53
1738965600,101.7
1738969200,103.11
1738972800,104.19
1738976400,103.87
1738980000,104.12
1738983600,103.79
1738987200,103.53
1738990800,103.16
1738994400,103.52
1738998000,103.0
1739001600,102.83
1739005200,103.09
1739008800,102.66
1739012400,102.86
1739016000,102.27
1739019600,102.96
1739023200,102.49
1739026800,102.56
1739030400,103.59
1739034000,104.39
1739037600,104.56
1739041200,104.48
1739044800,104.92
1739048400,104.83
1739052000,104.33
1739055600,104.72
1739059200,105.26
1739062800,105.85
1739066400,105.55
1739070000,107.54
1739073600,107.16
1739077200,106.68
1739080800,106.38
1739084400,106.93
1739088000,106.1
1739091600,106.12
1739095200,106.2
1739098800,106.53
1739102400,107.06
1739106000,105.23
1739109600,106.43
1739113200,108.04
1739116800,108.42
1739120400,108.19
1739124000,108.1
1739127600,106.02
1739131200,106.53
1739134800,103.21
1739138400,105.14
1739142000,107.2
1739145600,110.43
1739149200,108.55
1739152800,108.66
1739156400,112.41
1739160000,112.87
1739163600,113.18
1739167200,113.64
1739170800,115.3
1739174400,115.86
1739178000,116.8
1739181600,115.77
1739185200,118.07
1739188800,116.87
1739192400,118.49
1739196000,117.68
1739199600,118.03
1739203200,120.58
1739206800,119.85
1739210400,119.4
1739214000,119.45
1739217600,120.23
1739221200,120.09
1739224800,119.36
1739228400,120.23
1739232000,122.83
1739235600,121.47
1739239200,122.71
1739242800,126.6
1739246400,130.08
1739250000,129.51
1739253600,129.05
1739257200,129.4
1739260800,129.77
1739264400,127.44
1739268000,127.22
1739271600,128.04
1739275200,129.16
1739278800,125.42
1739282400,127.51
1739286000,125.09
1739289600,123.87
1739293200,122.56
1739296800,120.22
1739300400,118.8
1739304000,120.03
1739307600,119.94
1739311200,119.32
1739314800,119.26
1739318400,118.84
1739322000,119.54
1739325600,117.14
1739329200,117.44
1739332800,116.03
1739336400,117.34
1739340000,116.22
1739343600,116.93
1739347200,117.73
1739350800,117.46
1739354400,116.61
1739358000,116.92
1739361600,115.93
1739365200,114.83
1739368800,115.57
1739372400,115.85
1739376000,119.63
1739379600,121.65
1739383200,121.13
1739386800,123.87
1739390400,122.39
1739394000,122.41
1739397600,123.0
1739401200,122.09
1739404800,125.76
1739408400,126.93
1739412000,124.3
1739415600,124.36
1739419200,124.38
1739422800,122.92
1739426400,121.17
1739430000,121.82
1739433600,121.08
1739437200,122.49
1739440800,121.3
1739444400,121.95
1739448000,120.92
1739451600,120.93
1739455200,119.86
1739458800,122.49
1739462400,121.86
1739466000,124.57
1739469600,126.12
1739473200,125.47
1739476800,125.99
1739480400,127.23
1739484000,125.01
1739487600,126.67
1739491200,126.81
1739494800,127.75
1739498400,125.58
1739502000,127.54
1739505600,126.54
1739509200,126.99
1739512800,126.45
1739516400,127.06
1739520000,127.47
1739523600,131.06
1739527200,131.02
1739530800,130.05
1739534400,128.12
1739538000,129.62
1739541600,129.32
1739545200,127.98
1739548800,128.39
1739552400,129.13
1739556000,128.12
1739559600,127.5
1739563200,126.8
1739566800,127.44
1739570400,124.93
1739574000,124.88
1739577600,125.39
1739581200,127.6
1739584800,129.5
1739588400,129.54
1739592000,130.55
1739595600,128.85
1739599200,128.77
1739602800,129.52
1739606400,130.99
1739610000,131.43
1739613600,132.1
1739617200,131.98
1739620800,131.98
1739624400,131.73
1739628000,133.08
1739631600,133.87
1739635200,132.5
1739638800,131.04
1739642400,131.73
1739646000,130.25
1739649600,130.47
1739653200,131.85
1739656800,131.39
1739660400,133.89
1739664000,134.85
1739667600,136.21
1739671200,135.96
1739674800,134.85
1739678400,136.39
1739682000,136.37
1739685600,133.97
1739689200,132.44
1739692800,131.76
1739696400,132.6
1739700000,131.93
1739703600,131.76
1739707200,132.26
1739710800,128.47
1739714400,128.06
1739718000,127.11
1739721600,127.05
1739725200,125.98
1739728800,126.34
1739732400,126.63
1739736000,125.85
1739739600,126.62
1739743200,126.78
1739746800,125.7
1739750400,127.04
1739754000,127.96
1739757600,125.54
1739761200,124.63
1739764800,124.8
1739768400,125.52
1739772000,126.64
1739775600,125.47
1739779200,125.63
1739782800,125.65
1739786400,124.37
1739790000,124.22
1739793600,124.31
1739797200,123.6
1739800800,123.95
1739804400,122.07
1739808000,122.34
1739811600,121.12
1739815200,120.81
1739818800,121.06
1739822400,121.05
1739826000,124.0
1739829600,122.87
1739833200,122.28
1739836800,122.07
1739840400,123.72
1739844000,123.71
1739847600,125.5
1739851200,124.14
1739854800,122.0
1739858400,121.42
1739862000,122.56
1739865600,122.96
1739869200,124.44
1739872800,124.28
1739876400,124.99
1739880000,127.58
1739883600,127.11
1739887200,126.67
1739890800,124.75
1739894400,121.76
1739898000,126.43
1739901600,124.71
1739905200,125.62
1739908800,126.7
1739912400,128.59
1739916000,128.11
1739919600,129.63
1739923200,131.57
1739926800,132.83
1739930400,133.26
1739934000,133.08
1739937600,130.5
1739941200,131.35
1739944800,132.33
1739948400,134.75
1739952000,135.46
1739955600,136.06
1739959200,137.77
1739962800,135.88
1739966400,135.9
1739970000,136.5
1739973600,134.36
1739977200,136.56
1739980800,135.6
1739984400,136.38
1739988000,134.87
1739991600,135.74
1739995200,135.94
1739998800,134.05
1740002400,134.94
1740006000,134.87
1740009600,134.66
1740013200,132.79
1740016800,132.97
1740020400,132.87
1740024000,131.97
1740027600,131.06
1740031200,129.87
1740034800,129.59
1740038400,129.82
1740042000,129.08
1740045600,130.24
1740049200,129.87
1740052800,128.52
1740056400,128.53
1740060000,128.18
1740063600,127.92
1740067200,126.68
1740070800,128.96
1740074400,129.06
1740078000,127.68
1740081600,129.18
1740085200,127.53
1740088800,128.13
1740092400,130.89
1740096000,134.77
1740099600,133.77
1740103200,136.17
1740106800,134.91
1740110400,135.09
1740114000,135.2
1740117600,134.07
1740121200,132.86
1740124800,134.48
1740128400,134.31
1740132000,135.51
1740135600,135.18
1740139200,134.87
1740142800,138.57
1740146400,135.23
1740150000,132.88
1740153600,132.94
1740157200,129.08
1740160800,127.51
1740164400,124.46
1740168000,126.13
1740171600,127.39
1740175200,127.58
1740178800,128.04
1740182400,129.21
1740186000,129.21
1740189600,128.61
1740193200,128.18
1740196800,129.9
1740200400,129.75
1740204000,129.41
1740207600,127.43
1740211200,127.32
1740214800,127.75
1740218400,127.46
1740222000,127.94
1740225600,128.11
1740229200,127.46
1740232800,127.43
1740236400,128.56
1740240000,127.78
1740243600,128.15
1740247200,127.54
1740250800,127.02
1740254400,126.77
1740258000,126.79
1740261600,126.37
1740265200,125.94
1740268800,125.97
1740272400,126.55
1740276000,125.66
1740279600,126.27
1740283200,125.98
1740286800,126.3
1740290400,127.07
1740294000,128.22
1740297600,127.63
1740301200,128.46
1740304800,128.12
1740308400,127.89
1740312000,127.1
1740315600,128.82
1740319200,128.72
1740322800,127.17
1740326400,127.51
1740330000,127.27
1740333600,128.51
1740337200,128.0
1740340800,128.36
1740344400,128.66
1740348000,128.51
1740351600,129.87
1740355200,129.59
1740358800,127.32
1740362400,127.1
1740366000,122.01
1740369600,122.75
1740373200,123.75
1740376800,124.92
1740380400,123.92
1740384000,122.65
1740387600,123.41
1740391200,123.2
1740394800,124.3
1740398400,123.95
1740402000,123.39
1740405600,121.14
1740409200,122.38
1740412800,122.77
1740416400,123.47
1740420000,123.12
1740423600,121.81
1740427200,122.4
1740430800,120.18
1740434400,113.61
1740438000,114.76
1740441600,116.26
1740445200,115.43
1740448800,115.59
1740452400,114.32
1740456000,113.18
1740459600,114.23
1740463200,112.17
1740466800,110.1
1740470400,111.92
1740474000,110.81
1740477600,112.16
1740481200,112.53
1740484800,113.27
1740488400,111.42
1740492000,109.6
1740495600,111.54
1740499200,111.38
1740502800,111.92
1740506400,111.47
1740510000,113.71
1740513600,114.95
1740517200,115.82
1740520800,115.37
1740524400,114.41
1740528000,114.29
1740531600,115.7
1740535200,121.07
1740538800,118.64
1740542400,118.94
1740546000,117.05
1740549600,119.09
1740553200,119.15
1740556800,119.17
1740560400,126.64
1740564000,126.32
1740567600,125.24
1740571200,123.32
1740574800,122.48
1740578400,127.01
1740582000,126.24
1740585600,127.07
1740589200,124.87
1740592800,121.85
1740596400,121.86
1740600000,126.45
1740603600,126.11
1740607200,127.6
1740610800,124.47
1740614400,123.81
1740618000,124.11
1740621600,123.32
1740625200,123.91
1740628800,122.66
1740632400,125.57
1740636000,127.72
1740639600,129.46
1740643200,129.35
1740646800,129.35
1740650400,131.72
1740654000,129.42
1740657600,130.15
1740661200,129.73
1740664800,128.28
1740668400,128.64
1740672000,126.9
1740675600,126.42
1740679200,126.47
1740682800,124.5
1740686400,125.06
1740690000,127.35
1740693600,126.49
1740697200,126.76
1740700800,124.82
1740704400,122.63
1740708000,123.65
1740711600,122.61
1740715200,120.67
1740718800,119.53
1740722400,116.72
1740726000,115.73
1740729600,117.78
1740733200,119.99
1740736800,119.01
1740740400,119.36
1740744000,121.4
1740747600,120.61
1740751200,124.05
1740754800,124.96
1740758400,123.92
1740762000,124.15
1740765600,125.38
1740769200,127.92
1740772800,127.28
1740776400,128.01
1740780000,129.0
1740783600,128.0
1740787200,126.34
1740790800,127.79
1740794400,128.48
1740798000,128.19
1740801600,129.57
1740805200,126.74
1740808800,127.24
1740812400,126.17
1740816000,126.51
1740819600,126.64
1740823200,126.28
1740826800,125.21
1740830400,125.15
1740834000,123.89
1740837600,125.2
1740841200,125.17
1740844800,125.48
1740848400,124.52
1740852000,124.49
1740855600,124.72
1740859200,124.51
1740862800,126.04
1740866400,124.89
1740870000,124.29
1740873600,124.09
1740877200,123.34
1740880800,122.76
1740884400,122.73
1740888000,122.46
1740891600,122.21
1740895200,123.06
1740898800,122.16
1740902400,121.68
1740906000,122.25
1740909600,122.13
1740913200,122.44
1740916800,122.18
1740920400,119.15
1740924000,118.52
1740927600,121.43
1740931200,126.65
1740934800,126.77
1740938400,125.42
1740942000,126.49
1740945600,126.94
1740949200,126.88
1740952800,126.76
1740956400,127.85
1740960000,128.88
1740963600,127.04
1740967200,125.97
1740970800,124.66
1740974400,123.13
1740978000,122.89
1740981600,119.77
1740985200,118.69
1740988800,115.75
1740992400,116.15
1740996000,117.12
1740999600,116.81
1741003200,117.19
1741006800,118.97
1741010400,112.8
1741014000,113.69
1741017600,114.3
1741021200,114.85
1741024800,112.53
1741028400,107.58
1741032000,108.62
1741035600,108.69
1741039200,110.25
1741042800,109.81
1741046400,109.22
1741050000,104.17
1741053600,104.15
1741057200,104.14
1741060800,104.28
1741064400,105.41
1741068000,104.72
1741071600,101.03
1741075200,103.1
1741078800,101.8
1741082400,102.5
1741086000,102.71
1741089600,102.3
1741093200,100.42
1741096800,101.36
1741100400,99.95
1741104000,99.03
1741107600,101.76
1741111200,103.91
1741114800,103.81
1741118400,101.44
1741122000,102.54
1741125600,102.61
1741129200,103.65
1741132800,102.35
1741136400,104.31
1741140000,104.51
1741143600,102.12
1741147200,103.18
1741150800,102.83
1741154400,102.66
1741158000,102.47
1741161600,104.11
1741165200,104.64
1741168800,105.59
1741172400,103.84
1741176000,103.95
1741179600,102.68
1741183200,101.62
1741186800,101.98
1741190400,102.42
1741194000,103.5
1741197600,103.84
1741201200,103.99
1741204800,104.82
1741208400,105.08
1741212000,104.96
1741215600,104.74
1741219200,103.82
1741222800,105.38
1741226400,106.98
1741230000,107.36
1741233600,109.65
1741237200,110.25
1741240800,108.54
1741244400,108.15
1741248000,109.29
1741251600,107.65
1741255200,108.24
1741258800,107.23
1741262400,105.75
1741266000,105.61
1741269600,105.36
1741273200,105.44
1741276800,103.51
1741280400,102.56
1741284000,102.8
1741287600,103.21
1741291200,102.9
1741294800,103.89
1741298400,103.5
1741302000,103.41
1741305600,98.07
1741309200,101.32
1741312800,100.75
1741316400,100.84
1741320000,100.83
1741323600,101.69
1741327200,102.39
1741330800,102.72
1741334400,102.76
1741338000,103.55
1741341600,104.58
1741345200,105.35
1741348800,104.32
1741352400,104.08
1741356000,104.75
1741359600,104.19
1741363200,102.84
1741366800,104.01
1741370400,105.31
1741374000,105.05
1741377600,105.65
1741381200,104.01
1741384800,104.04
1741388400,103.66
1741392000,105.75
1741395600,104.57
1741399200,104.99
1741402800,106.15
1741406400,108.01
1741410000,106.83
1741413600,105.26
1741417200,105.35
1741420800,104.68
1741424400,104.04
1741428000,104.98
1741431600,104.35
1741435200,105.26
1741438800,103.96
1741442400,104.17
1741446000,103.88
1741449600,103.65
1741453200,103.75
1741456800,104.0
1741460400,104.35
1741464000,104.03
1741467600,103.61
1741471200,103.0
1741474800,102.28
1741478400,102.42
1741482000,101.52
1741485600,101.11
1741489200,101.37
1741492800,101.21
1741496400,100.74
1741500000,100.29
1741503600,101.38
1741507200,100.28
1741510800,100.42
1741514400,98.61
1741518000,99.64
1741521600,98.58
1741525200,97.56
1741528800,99.47
1741532400,99.92
1741536000,96.64
1741539600,96.0
1741543200,95.75
1741546800,97.27
1741550400,96.74
1741554000,95.49
1741557600,94.18
1741561200,94.57
1741564800,95.34
1741568400,94.79
1741572000,95.02
1741575600,95.52
1741579200,96.6
1741582800,96.55
1741586400,96.32
1741590000,96.3
1741593600,94.76
1741597200,96.54
1741600800,97.12
1741604400,98.13
1741608000,97.83
1741611600,95.53
1741615200,92.02
1741618800,92.88
1741622400,90.99
1741626000,88.49
1741629600,86.44
1741633200,89.19
1741636800,87.94
1741640400,88.4
1741644000,87.62
1741647600,87.43
1741651200,85.19
1741654800,87.32
1741658400,88.01
1741662000,87.31
1741665600,87.67
1741669200,88.57
1741672800,87.67
1741676400,88.02
1741680000,88.65
1741683600,88.78
1741687200,89.17
1741690800,89.01
1741694400,87.58
1741698000,88.38
1741701600,87.03
1741705200,90.01
1741708800,91.15
1741712400,90.56
1741716000,92.63
1741719600,91.78
1741723200,91.4
1741726800,91.7
1741730400,91.55
1741734000,90.42
1741737600,90.53
1741741200,91.04
1741744800,89.16
1741748400,88.63
1741752000,88.59
1741755600,89.69
1741759200,89.09
1741762800,89.98
1741766400,90.4
1741770000,90.11
1741773600,90.04
1741777200,90.91
1741780800,92.08
1741784400,90.07
1741788000,88.39
1741791600,89.78
1741795200,90.17
1741798800,90.19
1741802400,90.9
1741806000,91.21
1741809600,91.5
1741813200,91.36
1741816800,91.75
1741820400,91.5
1741824000,90.77
1741827600,91.04
1741831200,90.88
1741834800,90.46
1741838400,90.0
1741842000,89.39
1741845600,89.22
1741849200,89.31
1741852800,89.09
1741856400,90.39
1741860000,90.25
1741863600,90.23
1741867200,89.47
1741870800,88.28
1741874400,89.12
1741878000,88.56
1741881600,87.36
1741885200,86.6
1741888800,86.69
1741892400,86.58
1741896000,86.57
1741899600,86.99
1741903200,88.34
1741906800,88.07
1741910400,88.7
1741914000,88.86
1741917600,89.53
1741921200,89.05
1741924800,88.85
1741928400,88.97
1741932000,88.77
1741935600,89.32
1741939200,89.93
1741942800,90.27
1741946400,90.3
1741950000,90.39
1741953600,90.57
1741957200,90.99
1741960800,90.91
1741964400,91.42
1741968000,92.46
1741971600,92.06
1741975200,91.95
1741978800,91.79
1741982400,91.53
1741986000,91.12
1741989600,92.11
1741993200,91.31
1741996800,91.82
1742000400,91.29
1742004000,91.72
1742007600,92.15
1742011200,92.25
1742014800,91.48
1742018400,91.98
1742022000,91.55
1742025600,92.73
1742029200,93.26
1742032800,93.04
1742036400,93.9
1742040000,93.22
1742043600,93.9
1742047200,92.8
1742050800,92.65
1742054400,93.25
1742058000,93.41
1742061600,93.08
1742065200,92.98
1742068800,93.07
1742072400,93.45
1742076000,93.06
1742079600,92.47
1742083200,92.44
1742086800,91.75
1742090400,91.5
1742094000,92.27
1742097600,92.41
1742101200,92.62
1742104800,92.38
1742108400,92.16
1742112000,92.36
1742115600,91.26
1742119200,90.7
1742122800,88.86
1742126400,89.09
1742130000,88.7
1742133600,89.64
1742137200,89.23
1742140800,90.24
1742144400,90.74
1742148000,90.6
1742151600,89.44
1742155200,90.6
1742158800,90.77
1742162400,89.72
1742166000,90.21
1742169600,91.92
1742173200,92.86
1742176800,93.13
1742180400,93.33
1742184000,93.67
1742187600,92.53
1742191200,92.35
1742194800,92.23
1742198400,92.31
1742202000,93.57
1742205600,93.36
1742209200,93.01
1742212800,92.87
1742216400,92.66
1742220000,92.88
1742223600,93.44
1742227200,93.06
1742230800,93.43
1742234400,94.15
1742238000,93.49
1742241600,92.68
1742245200,92.99
1742248800,92.68
1742252400,92.28
1742256000,91.36
1742259600,90.18
1742263200,90.35
1742266800,89.91
1742270400,89.76
1742274000,90.03
1742277600,89.22
1742281200,89.52
1742284800,90.0
1742288400,89.5
1742292000,89.09
1742295600,88.62
1742299200,88.29
1742302800,87.49
1742306400,88.43
1742310000,88.2
1742313600,88.5
1742317200,87.95
1742320800,88.25
1742324400,88.55
1742328000,87.91
1742331600,88.36
1742335200,89.6
1742338800,90.01
1742342400,90.25
1742346000,89.45
1742349600,90.31
1742353200,90.64
1742356800,89.96
1742360400,90.25
1742364000,90.17
1742367600,89.65
1742371200,90.27
1742374800,90.52
1742378400,90.48
1742382000,91.5
1742385600,90.69
1742389200,91.61
1742392800,91.85
1742396400,92.16
1742400000,91.57
1742403600,91.19
1742407200,92.28
1742410800,92.35
1742414400,92.58
1742418000,93.34
1742421600,93.81
1742425200,94.11
1742428800,93.65
1742432400,93.28
1742436000,93.78
1742439600,93.61
1742443200,93.32
1742446800,93.0
1742450400,92.81
1742454000,92.16
1742457600,92.83
1742461200,92.53
1742464800,91.37
1742468400,91.78
1742472000,91.95
1742475600,91.72
1742479200,92.55
1742482800,91.59
1742486400,90.27
1742490000,91.36
1742493600,91.62
1742497200,92.56
1742500800,92.82
1742504400,93.02
1742508000,93.05
1742511600,93.25
1742515200,92.79
1742518800,93.06
1742522400,92.61
1742526000,92.4
1742529600,92.91
1742533200,93.01
1742536800,93.05
1742540400,92.66
1742544000,92.85
1742547600,93.45
1742551200,93.0
1742554800,93.13
1742558400,92.56
1742562000,92.99
1742565600,93.43
1742569200,93.39
1742572800,93.58
1742576400,92.81
1742580000,92.87
1742583600,92.56
1742587200,92.34
1742590800,92.22
1742594400,91.49
1742598000,90.81
1742601600,90.98
1742605200,90.48
1742608800,90.82
1742612400,91.11
1742616000,91.18
1742619600,91.1
1742623200,91.32
1742626800,91.06
1742630400,91.31
1742634000,91.56
1742637600,91.52
1742641200,91.45
1742644800,91.3
1742648400,91.18
1742652000,90.72
1742655600,90.89
1742659200,91.21
1742662800,91.5
1742666400,91.92
1742670000,92.09
1742673600,91.28
1742677200,91.49
1742680800,91.58
1742684400,91.36
1742688000,91.56
1742691600,91.85
1742695200,91.67
1742698800,91.91
1742702400,91.43
1742706000,91.51
1742709600,91.58
1742713200,91.69
1742716800,91.69
1742720400,92.04
1742724000,91.85
1742727600,92.21
1742731200,92.01
1742734800,92.26
1742738400,92.43
1742742000,92.74
1742745600,92.44
1742749200,91.45
1742752800,91.62
1742756400,91.32
1742760000,91.27
1742763600,91.05
1742767200,91.21
1742770800,91.49
1742774400,91.72
1742778000,90.92
1742781600,91.67
1742785200,92.24
1742788800,92.75
1742792400,92.9
1742796000,93.53
1742799600,92.81
1742803200,93.57
1742806800,93.51
1742810400,93.89
1742814000,93.75
1742817600,93.18
1742821200,93.49
1742824800,93.64
1742828400,94.15
1742832000,93.8
1742835600,94.42
1742839200,94.69
1742842800,94.59
1742846400,95.0
1742850000,94.95
1742853600,93.84
1742857200,93.79
1742860800,94.21
1742864400,93.27
1742868000,93.0
1742871600,92.3
1742875200,92.28
1742878800,92.59
1742882400,92.42
1742886000,92.37
1742889600,92.89
1742893200,93.26
1742896800,93.02
1742900400,93.11
1742904000,92.9
1742907600,93.86
1742911200,93.8
1742914800,93.45
1742918400,93.14
1742922000,93.82
1742925600,93.44
1742929200,93.68
1742932800,93.22
1742936400,93.47
1742940000,93.83
1742943600,94.41
1742947200,95.19
1742950800,95.67
1742954400,93.98
1742958000,93.64
1742961600,94.03
1742965200,94.45
1742968800,94.79
1742972400,95.72
1742976000,95.26
1742979600,95.33
1742983200,95.92
1742986800,96.16
1742990400,96.0
1742994000,93.96
1742997600,93.4
1743001200,93.08
1743004800,93.04
1743008400,92.41
1743012000,91.68
1743015600,92.15
1743019200,92.71
1743022800,92.69
1743026400,92.15
1743030000,92.44
1743033600,93.65
1743037200,93.35
1743040800,93.77
1743044400,93.78
1743048000,93.91
1743051600,93.52
1743055200,93.88
1743058800,94.3
1743062400,94.25
1743066000,94.3
1743069600,94.4
1743073200,93.77
1743076800,93.83
1743080400,93.06
1743084000,94.12
1743087600,93.3
1743091200,92.69
1743094800,92.32
1743098400,92.86
1743102000,92.61
1743105600,92.62
1743109200,92.99
1743112800,92.92
1743116400,92.76
1743120000,92.9
1743123600,93.01
1743127200,92.62
1743130800,92.42
1743134400,91.08
1743138000,89.75
1743141600,88.73
1743145200,88.32
1743148800,88.79
1743152400,88.31
1743156000,87.59
1743159600,88.18
1743163200,87.52
1743166800,87.43
1743170400,87.37
1743174000,87.18
1743177600,86.36
1743181200,86.81
1743184800,86.66
1743188400,86.34
1743192000,86.22
1743195600,86.47
1743199200,87.37
1743202800,87.33
1743206400,87.58
1743210000,87.43
1743213600,86.49
1743217200,87.39
1743220800,87.62
1743224400,86.85
1743228000,86.37
1743231600,86.11
1743235200,86.87
1743238800,86.28
1743242400,85.75
1743246000,85.71
1743249600,86.15
1743253200,86.89
1743256800,86.16
1743260400,86.02
1743264000,85.42
1743267600,85.09
1743271200,85.44
1743274800,85.73
1743278400,84.6
1743282000,84.96
1743285600,84.79
1743289200,85.43
1743292800,85.4
1743296400,85.94
1743300000,86.54
1743303600,86.23
1743307200,86.51
1743310800,86.23
1743314400,86.33
1743318000,86.12
1743321600,86.46
1743325200,86.46
1743328800,86.08
1743332400,85.95
1743336000,85.99
1743339600,85.26
1743343200,86.0
1743346800,86.42
1743350400,85.86
1743354000,85.98
1743357600,86.54
1743361200,86.39
1743364800,86.29
1743368400,85.89
1743372000,86.12
1743375600,86.1
1743379200,85.09
1743382800,86.04
1743386400,85.55
1743390000,84.78
1743393600,85.25
1743397200,85.07
1743400800,84.57
1743404400,83.72
1743408000,82.97
1743411600,81.4
1743415200,82.18
1743418800,82.26
1743422400,83.05
1743426000,81.85
1743429600,83.05
1743433200,83.23
1743436800,83.22
1743440400,83.06
1743444000,83.57
1743447600,83.32
1743451200,83.37
1743454800,83.1
1743458400,83.11
1743462000,82.94
1743465600,83.34
1743469200,83.01
1743472800,83.88
1743476400,83.74
1743480000,84.01
1743483600,84.1
1743487200,84.56
1743490800,84.2
1743494400,85.51
1743498000,85.13
1743501600,84.3
1743505200,84.13
1743508800,84.39
1743512400,84.72
1743516000,84.81
1743519600,85.65
1743523200,85.33
1743526800,85.04
1743530400,84.74
1743534000,84.74
1743537600,84.63
1743541200,84.75
1743544800,84.77
1743548400,84.5
1743552000,83.62
1743555600,83.44
1743559200,82.74
1743562800,82.91
1743566400,82.64
1743570000,81.59
1743573600,81.42
1743577200,81.74
1743580800,82.27
1743584400,82.9
1743588000,82.45
1743591600,82.37
1743595200,83.01
1743598800,83.08
1743602400,83.64
1743606000,85.71
1743609600,86.07
1743613200,85.43
1743616800,86.35
1743620400,86.78
1743624000,86.0
1743627600,85.6
1743631200,81.6
1743634800,81.53
1743638400,82.74
1743642000,83.26
1743645600,83.25
1743649200,83.46
1743652800,84.17
1743656400,83.57
1743660000,83.51
1743663600,83.58
1743667200,84.04
1743670800,83.82
1743674400,82.01
1743678000,82.66
1743681600,80.49
1743685200,81.92
1743688800,80.68
1743692400,81.83
1743696000,81.6
1743699600,81.47
1743703200,82.14
1743706800,82.08
1743710400,82.65
1743714000,83.25
1743717600,82.93
1743721200,83.43
1743724800,82.96
1743728400,82.71
1743732000,83.27
1743735600,83.25
1743739200,83.23
1743742800,83.86
1743746400,83.6
1743750000,84.77
1743753600,84.76
1743757200,84.84
1743760800,82.78
1743764400,82.5
1743768000,83.12
1743771600,83.6
1743775200,83.08
1743778800,84.68
1743782400,83.69
1743786000,84.69
1743789600,84.19
1743793200,84.33
1743796800,84.47
1743800400,84.5
1743804000,84.29
1743807600,84.39
1743811200,84.62
1743814800,84.67
1743818400,84.74
1743822000,84.53
1743825600,84.3
1743829200,84.16
1743832800,83.82
1743836400,83.97
1743840000,83.82
1743843600,83.91
1743847200,83.71
1743850800,83.53
1743854400,83.06
1743858000,82.27
1743861600,82.65
1743865200,82.19
1743868800,82.06
1743872400,82.14
1743876000,82.42
1743879600,81.9
1743883200,82.14
1743886800,82.03
1743890400,82.18
1743894000,82.65
1743897600,82.7
1743901200,82.61
1743904800,82.16
1743908400,82.38
1743912000,82.28
1743915600,82.41
1743919200,81.65
1743922800,81.73
1743926400,81.82
1743930000,81.5
1743933600,81.22
1743937200,81.19
1743940800,80.53
1743944400,78.48
1743948000,79.48
1743951600,78.85
1743955200,78.11
1743958800,76.21
1743962400,73.07
1743966000,72.87
1743969600,70.92
1743973200,71.19
1743976800,70.07
1743980400,70.6
1743984000,69.9
1743987600,70.97
1743991200,70.05
1743994800,68.02
1743998400,67.91
1744002000,67.29
1744005600,63.7
1744009200,64.45
1744012800,66.14
1744016400,65.43
1744020000,66.81
1744023600,67.02
1744027200,68.52
1744030800,70.22
1744034400,70.74
1744038000,70.04
1744041600,69.49
1744045200,71.22
1744048800,70.39
1744052400,70.67
1744056000,71.57
1744059600,71.79
1744063200,71.82
1744066800,70.98
1744070400,70.39
1744074000,72.18
1744077600,72.22
1744081200,71.95
1744084800,72.84
1744088400,72.22
1744092000,71.21
1744095600,71.45
1744099200,71.73
1744102800,71.68
1744106400,72.0
1744110000,73.21
1744113600,72.98
1744117200,73.01
1744120800,71.23
1744124400,71.52
1744128000,69.71
1744131600,69.29
1744135200,69.5
1744138800,68.78
1744142400,69.73
1744146000,69.79
1744149600,69.16
1744153200,69.09
1744156800,68.96
1744160400,69.12
1744164000,68.74
1744167600,68.22
1744171200,69.51
1744174800,69.65
1744178400,69.88
1744182000,70.56
1744185600,70.8
1744189200,71.02
1744192800,71.2
1744196400,69.92
1744200000,70.44
1744203600,71.56
1744207200,71.05
1744210800,71.37
1744214400,72.22
1744218000,77.2
1744221600,76.96
1744225200,77.26
1744228800,77.64
1744232400,77.21
1744236000,76.7
1744239600,76.02
1744243200,75.51
1744246800,75.19
1744250400,75.02
1744254000,74.43
1744257600,74.17
1744261200,74.21
1744264800,74.74
1744268400,74.11
1744272000,74.45
1744275600,74.08
1744279200,73.53
1744282800,73.7
1744286400,73.58
1744290000,73.22
1744293600,73.72
1744297200,71.42
1744300800,71.64
1744304400,72.27
1744308000,72.41
1744311600,72.69
1744315200,73.33
1744318800,73.49
1744322400,73.41
1744326000,73.79
1744329600,73.73
1744333200,75.16
1744336800,74.81
1744340400,74.96
1744344000,75.26
1744347600,75.46
1744351200,75.76
1744354800,75.7
1744358400,75.61
1744362000,76.82
1744365600,77.19
1744369200,76.03
1744372800,76.06
1744376400,76.37
1744380000,76.02
1744383600,76.28
1744387200,76.33
1744390800,77.0
1744394400,76.92
1744398000,76.8
1744401600,76.83
1744405200,76.8
1744408800,76.33
1744412400,76.17
1744416000,76.17
1744419600,75.67
1744423200,75.11
1744426800,75.25
1744430400,75.81
1744434000,75.77
1744437600,75.98
1744441200,76.24
1744444800,76.31
1744448400,76.09
1744452000,75.75
1744455600,76.32
1744459200,76.54
1744462800,77.52
1744466400,78.7
1744470000,79.03
1744473600,78.65
1744477200,78.16
1744480800,79.18
1744484400,78.64
1744488000,78.92
1744491600,78.72
1744495200,78.76
1744498800,78.64
1744502400,78.72
1744506000,77.95
1744509600,78.3
1744513200,78.18
1744516800,77.54
1744520400,77.87
1744524000,78.21
1744527600,78.9
1744531200,78.57
1744534800,79.4
1744538400,79.38
1744542000,78.84
1744545600,78.98
1744549200,77.82
1744552800,78.24
1744556400,78.11
1744560000,78.78
1744563600,79.63
1744567200,79.65
1744570800,77.88
1744574400,77.7
1744578000,77.33
1744581600,77.17
1744585200,77.84
1744588800,78.28
1744592400,78.39
1744596000,79.82
1744599600,78.85
1744603200,79.38
1744606800,78.21
1744610400,77.9
1744614000,77.92
1744617600,77.78
1744621200,77.47
1744624800,78.14
1744628400,78.49
1744632000,78.54
1744635600,77.78
1744639200,78.75
1744642800,76.43
1744646400,76.22
1744650000,77.17
1744653600,77.11
1744657200,77.08
1744660800,77.01
1744664400,77.17
1744668000,77.16
1744671600,77.18
1744675200,77.41
1744678800,78.07
1744682400,78.0
1744686000,78.44
1744689600,78.5
1744693200,78.11
1744696800,77.8
1744700400,78.27
1744704000,77.92
1744707600,78.16
1744711200,77.48
1744714800,77.2
1744718400,77.56
1744722000,77.16
1744725600,76.51
1744729200,75.66
1744732800,75.6
1744736400,75.15
1744740000,75.4
1744743600,75.26
1744747200,75.48
1744750800,76.23
1744754400,75.84
1744758000,75.26
1744761600,75.08
1744765200,76.27
1744768800,76.1
1744772400,75.97
1744776000,75.98
1744779600,75.67
1744783200,76.09
1744786800,75.6
1744790400,76.0
1744794000,75.37
1744797600,75.19
1744801200,75.01
1744804800,74.01
1744808400,73.64
1744812000,74.72
1744815600,74.97
1744819200,75.08
1744822800,73.47
1744826400,74.38
1744830000,75.32
1744833600,74.71
1744837200,75.06
1744840800,74.88
1744844400,74.34
1744848000,74.57
1744851600,74.81
1744855200,74.47
1744858800,74.21
1744862400,74.72
1744866000,75.18
1744869600,75.42
1744873200,75.49
1744876800,74.86
1744880400,74.78
1744884000,74.87
1744887600,75.21
1744891200,75.32
1744894800,75.0
1744898400,74.24
1744902000,75.12
1744905600,75.85
1744909200,76.26
1744912800,75.65
1744916400,75.1
1744920000,75.63
1744923600,75.39
1744927200,74.72
1744930800,74.96
1744934400,74.74
1744938000,74.87
1744941600,75.21
1744945200,75.32
1744948800,75.4
1744952400,75.36
1744956000,75.16
1744959600,75.57
1744963200,75.64
1744966800,75.88
1744970400,75.6
1744974000,75.72
1744977600,75.91
1744981200,76.03
1744984800,75.79
1744988400,75.91
1744992000,76.23
1744995600,76.6
1744999200,76.98
1745002800,76.49
1745006400,76.3
1745010000,76.65
1745013600,75.98
1745017200,76.0
1745020800,75.82
1745024400,75.79
1745028000,76.17
1745031600,76.57
1745035200,76.51
1745038800,76.48
1745042400,76.09
1745046000,76.24
1745049600,76.33
1745053200,76.15
1745056800,76.01
1745060400,76.0
1745064000,75.96
1745067600,76.15
1745071200,76.0
1745074800,75.67
1745078400,75.1
1745082000,76.02
1745085600,75.82
1745089200,75.7
1745092800,75.98
1745096400,76.25
1745100000,76.43
1745103600,76.11
1745107200,76.21
1745110800,76.41
1745114400,76.29
1745118000,76.63
1745121600,76.63
1745125200,76.67
1745128800,76.71
1745132400,76.66
1745136000,76.33
1745139600,76.49
1745143200,75.77
1745146800,75.66
1745150400,75.82
1745154000,76.01
1745157600,76.36
1745161200,75.99
1745164800,76.69
1745168400,76.73
1745172000,76.96
1745175600,77.6
1745179200,77.6
1745182800,77.75
1745186400,77.85
1745190000,77.8
1745193600,78.77
1745197200,79.33
1745200800,79.18
1745204400,79.0
1745208000,78.85
1745211600,79.13
1745215200,79.06
1745218800,80.36
1745222400,81.01
1745226000,81.04
1745229600,81.08
1745233200,80.17
1745236800,79.97
1745240400,79.78
1745244000,80.37
1745247600,79.92
1745251200,78.39
1745254800,78.13
1745258400,77.54
1745262000,78.34
1745265600,77.97
1745269200,78.01
1745272800,77.78
1745276400,78.15
1745280000,78.48
1745283600,78.98
1745287200,78.74
1745290800,78.72
1745294400,78.63
1745298000,78.66
1745301600,78.65
1745305200,79.66
1745308800,79.86
1745312400,79.42
1745316000,79.44
1745319600,79.73
1745323200,79.85
1745326800,81.23
1745330400,81.89
1745334000,82.68
1745337600,82.6
1745341200,83.23
1745344800,83.28
1745348400,83.06
1745352000,83.0
1745355600,84.49
1745359200,83.47
1745362800,83.53
1745366400,84.16
1745370000,83.5
1745373600,84.1
1745377200,84.91
1745380800,85.23
1745384400,84.2
1745388000,84.19
1745391600,84.57
1745395200,85.14
1745398800,84.51
1745402400,84.44
1745406000,84.12
1745409600,84.55
1745413200,83.65
1745416800,83.63
1745420400,83.62
1745424000,83.85
1745427600,83.92
1745431200,83.39
1745434800,82.91
1745438400,83.13
1745442000,82.99
1745445600,83.43
1745449200,83.32
1745452800,83.56
1745456400,83.82
1745460000,82.76
1745463600,81.8
1745467200,82.54
1745470800,82.58
1745474400,82.26
1745478000,81.9
1745481600,81.28
1745485200,81.74
1745488800,81.73
1745492400,81.74
1745496000,81.63
1745499600,81.61
1745503200,82.74
1745506800,83.44
1745510400,83.45
1745514000,83.16
1745517600,83.47
1745521200,83.45
1745524800,83.48
1745528400,83.61
1745532000,83.95
1745535600,84.31
1745539200,84.34
1745542800,84.03
1745546400,83.14
1745550000,83.79
1745553600,84.01
1745557200,83.91
1745560800,84.85
1745564400,84.94
1745568000,85.08
1745571600,85.44
1745575200,84.78
1745578800,85.87
1745582400,85.78
1745586000,85.49
1745589600,86.73
1745593200,86.61
1745596800,86.91
1745600400,86.23
1745604000,86.74
1745607600,86.65
1745611200,86.7
1745614800,86.6
1745618400,86.87
1745622000,86.33
1745625600,87.11
1745629200,87.94
1745632800,88.0
1745636400,87.58
1745640000,86.97
1745643600,87.09
1745647200,87.57
1745650800,87.11
1745654400,86.9
1745658000,86.76
1745661600,86.85
1745665200,85.95
1745668800,85.76
1745672400,85.77
1745676000,86.09
1745679600,86.66
1745683200,86.8
1745686800,87.33
1745690400,87.29
1745694000,87.19
1745697600,87.22
1745701200,87.53
1745704800,87.38
1745708400,87.09
1745712000,87.53
1745715600,85.94
1745719200,86.12
1745722800,86.0
1745726400,85.21
1745730000,84.95
1745733600,85.09
1745737200,85.5
1745740800,86.4
1745744400,86.48
1745748000,86.26
1745751600,86.35
1745755200,86.76
1745758800,86.76
1745762400,87.01
1745766000,86.27
1745769600,86.27
1745773200,86.37
1745776800,86.66
1745780400,87.11
1745784000,86.49
1745787600,86.34
1745791200,85.99
1745794800,85.41
1745798400,85.15
1745802000,83.97
1745805600,84.87
1745809200,85.44
1745812800,85.85
1745816400,86.1
1745820000,86.98
1745823600,87.5
1745827200,87.3
1745830800,86.92
1745834400,87.14
1745838000,87.2
1745841600,87.06
1745845200,85.43
1745848800,85.45
1745852400,84.55
1745856000,84.51
1745859600,85.26
1745863200,85.24
1745866800,85.48
1745870400,85.25
1745874000,85.53
1745877600,85.59
1745881200,85.7
1745884800,86.85
1745888400,86.58
1745892000,86.11
1745895600,86.67
1745899200,85.54
1745902800,85.75
1745906400,86.56
1745910000,86.86
1745913600,86.55
1745917200,86.15
1745920800,85.48
1745924400,85.71
1745928000,85.34
1745931600,85.35
1745935200,85.69
1745938800,85.26
1745942400,86.23
1745946000,87.22
1745949600,86.84
1745953200,86.52
1745956800,86.51
1745960400,85.72
1745964000,85.43
1745967600,85.59
1745971200,86.39
1745974800,86.41
1745978400,85.99
1745982000,86.14
1745985600,86.3
1745989200,85.43
1745992800,85.13
1745996400,84.74
1746000000,84.6
1746003600,84.89
1746007200,85.01
1746010800,85.09
1746014400,83.99
1746018000,81.68
1746021600,82.96
1746025200,82.85
1746028800,83.38
1746032400,83.24
1746036000,83.62
1746039600,83.68
1746043200,84.09
1746046800,83.9
1746050400,83.57
1746054000,83.53
1746057600,84.46
1746061200,84.81
1746064800,84.42
1746068400,84.24
1746072000,84.52
1746075600,84.74
1746079200,84.41
1746082800,84.94
1746086400,85.66
1746090000,85.59
1746093600,86.7
1746097200,86.97
1746100800,87.13
1746104400,86.21
1746108000,87.38
1746111600,87.63
1746115200,88.64
1746118800,88.65
1746122400,89.46
1746126000,89.32
1746129600,90.29
1746133200,90.02
1746136800,89.14
1746140400,88.86
1746144000,90.35
1746147600,89.43
1746151200,90.5
1746154800,90.06
1746158400,89.25
1746162000,88.67
1746165600,88.57
1746169200,87.97
1746172800,88.54
1746176400,88.49
1746180000,88.96
1746183600,88.59
1746187200,89.03
1746190800,88.2
1746194400,89.31
1746198000,88.36
1746201600,88.65
1746205200,88.2
1746208800,87.73
1746212400,87.55
1746216000,87.89
1746219600,87.69
1746223200,87.42
1746226800,88.0
1746230400,87.5
1746234000,87.48
1746237600,87.58
1746241200,87.32
1746244800,87.57
1746248400,87.37
1746252000,87.04
1746255600,86.89
1746259200,87.03
1746262800,87.27
1746266400,86.49
1746270000,86.22
1746273600,86.67
1746277200,86.99
1746280800,87.15
1746284400,86.85
1746288000,86.27
1746291600,86.77
1746295200,86.38
1746298800,87.14
1746302400,86.97
1746306000,86.86
1746309600,87.05
1746313200,86.55
1746316800,86.16
1746320400,86.28
1746324000,86.34
1746327600,86.1
1746331200,86.07
1746334800,86.62
1746338400,86.72
1746342000,86.34
1746345600,85.85
1746349200,85.69
1746352800,85.89
1746356400,85.88
1746360000,86.11
1746363600,85.96
1746367200,86.69
1746370800,86.66
1746374400,86.23
1746378000,86.35
1746381600,86.22
1746385200,86.4
1746388800,86.79
1746392400,86.35
1746396000,85.69
1746399600,85.05
1746403200,85.86
1746406800,85.0
1746410400,86.05
1746414000,86.02
1746417600,87.28
1746421200,88.23
1746424800,87.82
1746428400,87.97
1746432000,88.47
1746435600,88.97
1746439200,87.73
1746442800,88.07
1746446400,88.18
1746450000,87.85
1746453600,87.02
1746457200,85.71
1746460800,86.42
1746464400,86.64
1746468000,87.25
1746471600,84.46
1746475200,82.53
1746478800,83.09
1746482400,83.9
1746486000,83.26
1746489600,82.88
1746493200,82.34
1746496800,82.68
1746500400,82.77
1746504000,83.01
1746507600,82.28
1746511200,82.28
1746514800,81.95
1746518400,82.08
1746522000,82.17
1746525600,81.73
1746529200,81.75
1746532800,81.98
1746536400,81.56
1746540000,82.53
1746543600,82.27
1746547200,82.1
1746550800,82.16
1746554400,84.06
1746558000,84.36
1746561600,84.63
1746565200,84.75
1746568800,86.92
1746572400,91.58
1746576000,92.8
1746579600,92.0
1746583200,91.79
1746586800,92.37
1746590400,91.54
1746594000,91.5
1746597600,91.74
1746601200,92.51
1746604800,92.69
1746608400,92.39
1746612000,92.01
1746615600,91.21
1746619200,90.68
1746622800,90.49
1746626400,89.39
1746630000,88.81
1746633600,88.09
1746637200,87.94
1746640800,88.23
1746644400,87.68
1746648000,88.63
1746651600,88.5
1746655200,90.13
1746658800,89.56
1746662400,90.94
1746666000,91.07
1746669600,91.8
1746673200,91.69
1746676800,91.75
1746680400,91.64
1746684000,91.82
1746687600,92.51
1746691200,92.63
1746694800,92.43
1746698400,92.89
1746702000,92.1
1746705600,91.53
1746709200,92.17
1746712800,92.0
1746716400,93.19
1746720000,93.3
1746723600,92.3
1746727200,92.65
1746730800,92.94
1746734400,94.52
1746738000,94.29
1746741600,93.89
1746745200,94.98
1746748800,94.63
1746752400,95.44
1746756000,95.46
1746759600,94.45
1746763200,94.93
1746766800,95.17
1746770400,95.95
1746774000,98.12
1746777600,98.15
1746781200,98.21
1746784800,98.94
1746788400,98.75
1746792000,99.06
1746795600,100.03
1746799200,98.47
1746802800,98.35
1746806400,97.95
1746810000,99.69
1746813600,99.32
1746817200,99.35
1746820800,99.96
1746824400,100.19
1746828000,100.11
1746831600,100.53
1746835200,103.63
1746838800,103.17
1746842400,103.69
1746846000,103.43
1746849600,103.21
1746853200,103.19
1746856800,103.82
1746860400,104.0
1746864000,102.9
1746867600,103.36
1746871200,102.42
1746874800,100.71
1746878400,101.89
1746882000,102.41
1746885600,102.24
1746889200,101.85
1746892800,103.5
1746896400,103.2
1746900000,103.27
1746903600,103.44
1746907200,103.92
1746910800,104.23
1746914400,104.62
1746918000,105.28
1746921600,104.22
1746925200,103.5
1746928800,104.33
1746932400,104.5
1746936000,104.21
1746939600,103.19
1746943200,102.21
1746946800,100.7
1746950400,100.2
1746954000,101.24
1746957600,101.44
1746961200,101.72
1746964800,101.31
1746968400,99.05
1746972000,100.06
1746975600,99.46
1746979200,99.22
1746982800,100.08
1746986400,100.5
1746990000,100.36
1746993600,99.83
1746997200,100.4
1747000800,99.8
1747004400,100.16
1747008000,101.22
1747011600,100.34
1747015200,100.46
1747018800,100.98
1747022400,101.53
1747026000,100.77
1747029600,101.49
1747033200,102.3
1747036800,102.94
1747040400,102.4
1747044000,102.97
1747047600,101.9
1747051200,103.05
1747054800,103.05
1747058400,100.4
1747062000,100.4
1747065600,101.45
1747069200,101.77
1747072800,99.84
1747076400,101.6
1747080000,102.22
1747083600,101.93
1747087200,102.19
1747090800,103.83
1747094400,102.13
1747098000,101.47
1747101600,100.94
1747105200,100.04
1747108800,102.63
1747112400,101.72
1747116000,102.82
1747119600,102.54
1747123200,101.86
1747126800,102.84
1747130400,102.44
1747134000,102.96
1747137600,102.35
1747141200,101.53
1747144800,100.24
1747148400,101.17
1747152000,101.66
1747155600,101.96
1747159200,103.0
1747162800,104.31
1747166400,104.81
1747170000,103.81
1747173600,103.59
1747177200,103.45
1747180800,103.2
1747184400,103.31
1747188000,103.72
1747191600,103.44
1747195200,104.05
1747198800,104.25
1747202400,104.14
1747206000,104.52
1747209600,101.27
1747213200,102.3
1747216800,101.8
1747220400,102.38
1747224000,102.05
1747227600,100.76
1747231200,99.78
1747234800,100.0
1747238400,99.31
1747242000,99.97
1747245600,100.43
1747249200,100.2
1747252800,101.3
1747256400,101.29
1747260000,101.25
1747263600,100.99
1747267200,101.46
1747270800,99.93
1747274400,100.5
1747278000,99.65
1747281600,100.08
1747285200,98.7
1747288800,98.06
1747292400,95.76
1747296000,98.09
1747299600,97.36
1747303200,97.84
1747306800,98.23
1747310400,98.3
1747314000,97.05
1747317600,97.03
1747321200,98.45
1747324800,99.36
1747328400,99.45
1747332000,97.72
1747335600,99.79
1747339200,99.3
1747342800,99.69
1747346400,98.98
1747350000,99.31
1747353600,99.58
1747357200,100.42
1747360800,100.64
1747364400,100.94
1747368000,100.74
1747371600,100.45
1747375200,100.47
1747378800,99.89
1747382400,99.0
1747386000,100.16
1747389600,100.87
1747393200,101.03
1747396800,100.85
1747400400,101.41
1747404000,100.66
1747407600,101.59
1747411200,102.03
1747414800,101.43
1747418400,100.7
1747422000,100.74
1747425600,99.51
1747429200,99.52
1747432800,99.41
1747436400,99.5
1747440000,99.05
1747443600,98.23
1747447200,98.74
1747450800,99.22
1747454400,100.23
1747458000,99.8
1747461600,100.99
1747465200,100.57
1747468800,100.36
1747472400,99.79
1747476000,99.57
1747479600,98.95
1747483200,98.27
1747486800,97.18
1747490400,98.19
1747494000,97.67
1747497600,97.15
1747501200,97.21
1747504800,96.61
1747508400,96.43
1747512000,97.45
1747515600,97.19
1747519200,95.94
1747522800,96.11
1747526400,96.99
1747530000,96.76
1747533600,96.62
1747537200,96.41
1747540800,97.23
1747544400,98.12
1747548000,97.82
1747551600,98.67
1747555200,98.77
1747558800,98.7
1747562400,98.48
1747566000,98.26
1747569600,98.62
1747573200,99.06
1747576800,99.86
1747580400,101.85
1747584000,101.95
1747587600,100.1
1747591200,98.7
1747594800,97.08
1747598400,97.5
1747602000,98.33
1747605600,99.43
1747609200,101.0
1747612800,98.78
1747616400,98.99
1747620000,98.43
1747623600,97.09
1747627200,95.29
1747630800,95.36
1747634400,94.45
1747638000,95.76
1747641600,95.41
1747645200,95.45
1747648800,95.63
1747652400,95.81
1747656000,94.76
1747659600,95.82
1747663200,96.78
1747666800,97.82
1747670400,98.62
1747674000,98.48
1747677600,98.48
1747681200,99.2
1747684800,99.13
1747688400,98.88
1747692000,98.18
1747695600,98.27
1747699200,98.51
1747702800,99.17
1747706400,98.76
1747710000,97.9
1747713600,97.86
1747717200,97.73
1747720800,97.13
1747724400,93.94
1747728000,93.94
1747731600,93.44
1747735200,93.18
1747738800,93.53
1747742400,92.93
1747746000,93.35
1747749600,93.43
1747753200,93.92
1747756800,93.69
1747760400,94.46
1747764000,93.2
1747767600,93.82
1747771200,94.31
1747774800,94.26
1747778400,93.84
1747782000,94.53
1747785600,94.53
1747789200,94.41
1747792800,94.65
1747796400,94.78
1747800000,95.06
1747803600,95.78
1747807200,95.95
1747810800,94.78
1747814400,94.76
1747818000,95.26
1747821600,95.28
1747825200,95.52
1747828800,95.11
1747832400,95.62
1747836000,96.21
1747839600,96.69
1747843200,97.48
1747846800,95.44
1747850400,95.1
1747854000,96.37
1747857600,96.24
1747861200,96.44
1747864800,97.05
1747868400,97.14
1747872000,97.9
1747875600,97.53
1747879200,98.13
1747882800,99.58
1747886400,99.31
1747890000,98.4
1747893600,98.08
1747897200,99.12
1747900800,98.88
1747904400,98.98
1747908000,98.5
1747911600,98.49
1747915200,98.99
1747918800,98.16
1747922400,98.75
1747926000,99.23
1747929600,98.94
1747933200,99.1
1747936800,100.46
1747940400,99.74
1747944000,99.6
1747947600,99.51
1747951200,100.5
1747954800,100.26
1747958400,100.74
1747962000,100.85
1747965600,102.1
1747969200,102.12
1747972800,101.38
1747976400,101.35
1747980000,99.95
1747983600,100.02
1747987200,100.84
1747990800,101.96
1747994400,101.66
1747998000,97.42
1748001600,97.47
1748005200,99.55
1748008800,99.47
1748012400,98.37
1748016000,98.58
1748019600,99.11
1748023200,98.31
1748026800,98.69
1748030400,97.04
1748034000,97.02
1748037600,96.4
1748041200,95.31
1748044800,95.53
1748048400,95.94
1748052000,96.68
1748055600,96.77
1748059200,97.09
1748062800,96.56
1748066400,96.65
1748070000,96.66
1748073600,97.49
1748077200,97.21
1748080800,97.66
1748084400,97.25
1748088000,97.05
1748091600,96.53
1748095200,96.91
1748098800,97.0
1748102400,96.3
1748106000,96.33
1748109600,96.56
1748113200,96.92
1748116800,96.46
1748120400,96.4
1748124000,95.6
1748127600,95.63
1748131200,94.95
1748134800,95.03
1748138400,95.48
1748142000,95.84
1748145600,95.86
1748149200,95.9
1748152800,95.92
1748156400,95.33
1748160000,94.25
1748163600,94.58
1748167200,94.11
1748170800,94.56
1748174400,95.1
1748178000,94.81
1748181600,94.57
1748185200,94.41
1748188800,94.26
1748192400,94.61
1748196000,94.35
1748199600,94.72
1748203200,94.39
1748206800,94.0
1748210400,95.75
1748214000,95.68
1748217600,96.35
1748221200,96.35
1748224800,96.04
1748228400,96.25
1748232000,96.41
1748235600,96.67
1748239200,96.9
1748242800,97.06
1748246400,96.77
1748250000,96.7
1748253600,96.8
1748257200,96.94
1748260800,97.55
1748264400,96.85
1748268000,96.85
1748271600,97.24
1748275200,95.88
1748278800,94.64
1748282400,94.87
1748286000,94.79
1748289600,95.27
1748293200,95.34
1748296800,94.61
1748300400,95.07
1748304000,94.43
1748307600,93.85
1748311200,94.05
1748314800,94.53
1748318400,94.3
1748322000,94.51
1748325600,94.47
1748329200,95.58
1748332800,96.14
1748336400,95.72
1748340000,95.37
1748343600,95.51
1748347200,95.78
1748350800,96.08
1748354400,95.66
1748358000,96.42
1748361600,96.58
1748365200,96.66
1748368800,96.54
1748372400,96.78
1748376000,96.94
1748379600,96.04
1748383200,95.91
1748386800,95.94
1748390400,96.18
1748394000,95.86
1748397600,95.41
1748401200,95.8
1748404800,95.92
1748408400,95.93
1748412000,95.22
1748415600,95.59
1748419200,96.18
1748422800,95.76
1748426400,96.32
1748430000,97.3
1748433600,96.9
1748437200,95.98
1748440800,94.99
1748444400,94.48
1748448000,95.28
1748451600,95.37
1748455200,94.56
1748458800,93.59
1748462400,94.46
1748466000,95.18
1748469600,94.46
1748473200,95.4
1748476800,96.64
1748480400,96.4
1748484000,98.35
1748487600,97.32
1748491200,96.94
1748494800,96.75
1748498400,97.14
1748502000,97.03
1748505600,97.54
1748509200,97.64
1748512800,97.59
1748516400,97.15
1748520000,96.6
1748523600,96.04
1748527200,96.34
1748530800,95.77
1748534400,94.9
1748538000,95.42
1748541600,94.4
1748545200,93.82
1748548800,93.74
1748552400,94.68
1748556000,93.83
1748559600,93.22
1748563200,90.33
1748566800,91.4
1748570400,91.7
1748574000,91.82
1748577600,91.65
1748581200,91.89
1748584800,90.49
1748588400,90.62
1748592000,90.12
1748595600,90.27
1748599200,90.18
1748602800,90.62
1748606400,90.25
1748610000,89.22
1748613600,89.87
1748617200,89.66
1748620800,87.23
1748624400,87.67
1748628000,88.72
1748631600,88.53
1748635200,88.13
1748638800,87.66
1748642400,85.83
1748646000,85.68
1748649600,84.5
1748653200,84.1
1748656800,83.82
1748660400,84.37
1748664000,84.85
1748667600,84.66
1748671200,85.13
1748674800,85.06
1748678400,85.09
1748682000,85.1
1748685600,85.28
1748689200,85.04
1748692800,86.54
1748696400,86.62
1748700000,87.17
1748703600,87.1
1748707200,87.81
1748710800,87.27
1748714400,87.38
1748718000,87.63
1748721600,87.66
1748725200,87.88
1748728800,87.37
1748732400,87.1
1748736000,87.14
1748739600,86.69
1748743200,87.09
1748746800,87.13
1748750400,87.47
1748754000,87.16
1748757600,86.68
1748761200,86.69
1748764800,86.68
1748768400,86.33
1748772000,86.57
1748775600,86.81
1748779200,86.63
1748782800,87.53
1748786400,87.54
1748790000,87.81
1748793600,88.19
1748797200,88.13
1748800800,87.52
1748804400,88.12
1748808000,87.9
1748811600,88.38
1748815200,88.36
1748818800,88.44
1748822400,88.32
1748826000,87.95
1748829600,87.51
1748833200,87.43
1748836800,87.4
1748840400,87.69
1748844000,88.16
1748847600,89.12
1748851200,88.78
1748854800,88.28
1748858400,88.45
1748862000,87.91
1748865600,88.64
1748869200,87.75
1748872800,88.22
1748876400,88.46
1748880000,88.02
1748883600,88.52
1748887200,88.72
1748890800,88.68
1748894400,88.92
1748898000,89.23
1748901600,89.54
1748905200,89.58
1748908800,90.17
1748912400,90.55
1748916000,89.79
1748919600,89.53
1748923200,89.22
1748926800,89.78
1748930400,89.93
1748934000,89.51
1748937600,89.51
1748941200,89.74
1748944800,89.27
1748948400,89.0
1748952000,89.1
1748955600,89.44
1748959200,90.19
1748962800,89.95
1748966400,89.65
1748970000,90.07
1748973600,90.19
1748977200,90.4
1748980800,89.94
1748984400,89.08
1748988000,89.82
1748991600,89.55
1748995200,90.44
1748998800,90.43
1749002400,90.12
1749006000,90.49
1749009600,90.85
1749013200,90.3
1749016800,90.21
1749020400,90.38
1749024000,90.44
1749027600,90.9
1749031200,90.73
1749034800,90.22
1749038400,89.99
1749042000,89.94
1749045600,90.2
1749049200,90.1
1749052800,89.88
1749056400,89.09
1749060000,89.23
1749063600,89.01
1749067200,88.02
1749070800,88.44
1749074400,87.81
1749078000,88.03
1749081600,88.49
1749085200,88.51
1749088800,88.72
1749092400,88.41
1749096000,88.5
1749099600,87.87
1749103200,87.44
1749106800,87.57
1749110400,87.78
1749114000,87.98
1749117600,87.43
1749121200,87.9
1749124800,88.88
1749128400,87.69
1749132000,87.93
1749135600,87.57
1749139200,86.43
1749142800,86.93
1749146400,86.82
1749150000,85.8
1749153600,82.21
1749157200,83.62
1749160800,83.28
1749164400,83.64
1749168000,84.34
1749171600,84.1
1749175200,84.44
1749178800,84.43
1749182400,84.45
1749186000,83.99
1749189600,84.15
1749193200,83.94
1749196800,84.11
1749200400,84.0
1749204000,84.36
1749207600,84.65
1749211200,85.16
1749214800,86.0
1749218400,86.74
1749222000,86.65
1749225600,86.72
1749229200,86.91
1749232800,86.5
1749236400,86.85
1749240000,87.7
1749243600,87.36
1749247200,87.31
1749250800,87.35
1749254400,87.56
1749258000,86.87
1749261600,87.49
1749265200,87.74
1749268800,87.68
1749272400,88.06
1749276000,88.22
1749279600,88.39
1749283200,88.07
1749286800,88.0
1749290400,88.51
1749294000,88.57
1749297600,88.39
1749301200,88.7
1749304800,88.88
1749308400,89.05
1749312000,88.8
1749315600,88.41
1749319200,88.13
1749322800,88.18
1749326400,88.36
1749330000,88.62
1749333600,88.62
1749337200,88.39
1749340800,88.35
1749344400,88.63
1749348000,88.3
1749351600,88.45
1749355200,88.37
1749358800,88.12
1749362400,87.84
1749366000,87.22
1749369600,87.29
1749373200,86.92
1749376800,86.97
1749380400,87.24
1749384000,87.42
1749387600,87.52
1749391200,87.99
1749394800,88.09
1749398400,88.42
1749402000,88.11
1749405600,88.05
1749409200,88.05
1749412800,87.88
1749416400,88.16
1749420000,87.31
1749423600,87.22
1749427200,87.36
1749430800,87.22
1749434400,87.66
1749438000,87.92
1749441600,87.38
1749445200,87.22
1749448800,87.5
1749452400,87.02
1749456000,87.69
1749459600,88.08
1749463200,88.53
1749466800,89.3
1749470400,89.41
1749474000,88.51
1749477600,87.84
1749481200,88.18
1749484800,88.7
1749488400,89.01
1749492000,88.65
1749495600,88.55
1749499200,88.76
1749502800,89.95
1749506400,90.66
1749510000,90.81
1749513600,90.94
1749517200,91.49
1749520800,91.23
1749524400,90.57
1749528000,90.35
1749531600,89.94
1749535200,90.33
1749538800,90.22
1749542400,89.9
1749546000,90.05
1749549600,89.95
1749553200,91.65
1749556800,92.45
1749560400,91.53
1749564000,90.75
1749567600,90.97
1749571200,90.66
1749574800,90.83
1749578400,91.63
1749582000,91.9
1749585600,92.38
1749589200,92.38
1749592800,92.93
1749596400,93.35
1749600000,92.05
1749603600,91.79
1749607200,91.61
1749610800,91.87
1749614400,92.01
1749618000,91.86
1749621600,91.92
1749625200,91.7
1749628800,91.92
1749632400,91.17
1749636000,91.48
1749639600,91.1
1749643200,91.93
1749646800,91.84
1749650400,92.74
1749654000,93.4
1749657600,93.66
1749661200,92.95
1749664800,92.37
1749668400,91.9
1749672000,92.13
1749675600,90.93
1749679200,90.94
1749682800,91.59
1749686400,91.49
1749690000,91.6
1749693600,91.21
1749697200,90.34
1749700800,90.11
1749704400,89.92
1749708000,89.99
1749711600,89.56
1749715200,89.82
1749718800,89.55
1749722400,88.99
1749726000,88.21
1749729600,88.63
1749733200,88.97
1749736800,89.16
1749740400,87.94
1749744000,88.96
1749747600,89.66
1749751200,88.57
1749754800,87.48
1749758400,86.53
1749762000,86.55
1749765600,86.29
1749769200,86.18
1749772800,82.92
1749776400,82.56
1749780000,82.24
1749783600,83.36
1749787200,83.06
1749790800,82.93
1749794400,84.03
1749798000,83.87
1749801600,83.79
1749805200,83.66
1749808800,83.9
1749812400,84.27
1749816000,83.87
1749819600,83.87
1749823200,83.72
1749826800,84.23
1749830400,85.11
1749834000,84.93
1749837600,84.41
1749841200,84.79
1749844800,85.76
1749848400,85.68
1749852000,86.0
1749855600,86.6
1749859200,85.95
1749862800,86.05
1749866400,86.09
1749870000,86.23
1749873600,86.4
1749877200,86.32
1749880800,86.06
1749884400,86.47
1749888000,86.88
1749891600,86.15
1749895200,86.4
1749898800,86.06
1749902400,86.27
1749906000,86.31
1749909600,85.8
1749913200,85.37
1749916800,84.37
1749920400,85.06
1749924000,84.75
1749927600,84.77
1749931200,84.91
1749934800,85.36
1749938400,85.18
1749942000,85.22
1749945600,85.66
1749949200,85.48
1749952800,85.63
1749956400,85.84
1749960000,86.21
1749963600,86.23
1749967200,85.69
1749970800,85.55
1749974400,85.32
1749978000,85.09
1749981600,85.47
1749985200,85.38
1749988800,85.95
1749992400,86.33
1749996000,86.47
1749999600,86.15
1750003200,86.15
1750006800,86.1
1750010400,85.97
1750014000,86.12
1750017600,85.31
1750021200,85.51
1750024800,86.13
1750028400,86.32
1750032000,86.14
1750035600,86.69
1750039200,86.82
1750042800,86.57
1750046400,86.97
1750050000,87.28
1750053600,87.25
1750057200,87.55
1750060800,87.64
1750064400,87.21
1750068000,87.03
1750071600,87.12
1750075200,87.34
1750078800,87.99
1750082400,88.42
1750086000,88.0
1750089600,88.17
1750093200,88.09
1750096800,88.57
1750100400,88.88
1750104000,88.75
1750107600,88.76
1750111200,87.3
1750114800,86.72
1750118400,87.69
1750122000,87.01
1750125600,87.24
1750129200,87.17
1750132800,86.83
1750136400,86.29
1750140000,86.25
1750143600,86.41
1750147200,85.98
1750150800,86.05
1750154400,85.5
1750158000,85.12
1750161600,85.05
1750165200,85.44
1750168800,84.9
1750172400,84.13
1750176000,82.69
1750179600,83.17
1750183200,84.06
1750186800,84.86
1750190400,84.28
1750194000,84.46
1750197600,83.75
1750201200,84.26
1750204800,84.92
1750208400,85.03
1750212000,84.93
1750215600,85.31
1750219200,85.47
1750222800,85.34
1750226400,84.98
1750230000,85.16
1750233600,84.86
1750237200,84.61
1750240800,83.57
1750244400,84.5
1750248000,84.07
1750251600,84.43
1750255200,84.68
1750258800,84.87
1750262400,84.62
1750266000,84.71
1750269600,83.89
1750273200,84.23
1750276800,85.38
1750280400,85.2
1750284000,85.24
1750287600,85.13
1750291200,85.22
1750294800,84.74
1750298400,84.96
1750302000,85.19
1750305600,85.32
1750309200,85.28
1750312800,85.0
1750316400,85.03
1750320000,84.72
1750323600,85.38
1750327200,85.81
1750330800,85.52
1750334400,85.5
1750338000,84.91
1750341600,84.42
1750345200,84.83
1750348800,84.58
1750352400,84.94
1750356000,85.1
1750359600,85.25
1750363200,85.04
1750366800,85.01
1750370400,85.06
1750374000,85.13
1750377600,85.01
1750381200,84.98
1750384800,84.72
1750388400,85.11
1750392000,84.4
1750395600,84.77
1750399200,84.56
1750402800,85.54
1750406400,85.58
1750410000,85.61
1750413600,85.74
1750417200,85.72
1750420800,85.77
1750424400,85.57
1750428000,83.9
1750431600,83.82
1750435200,83.06
1750438800,82.45
1750442400,82.94
1750446000,82.92
1750449600,83.33
1750453200,82.94
1750456800,82.61
1750460400,82.96
1750464000,83.12
1750467600,83.66
1750471200,83.49
1750474800,83.59
1750478400,83.52
1750482000,83.83
1750485600,84.08
1750489200,83.35
1750492800,83.61
1750496400,83.34
1750500000,83.26
1750503600,83.24
1750507200,83.06
1750510800,82.76
1750514400,82.65
1750518000,82.84
1750521600,82.76
1750525200,82.17
1750528800,81.75
1750532400,81.03
1750536000,81.71
1750539600,79.37
1750543200,80.27
1750546800,80.31
1750550400,81.03
1750554000,80.1
1750557600,80.42
1750561200,80.55
1750564800,81.03
1750568400,81.55
1750572000,81.87
1750575600,81.37
1750579200,81.45
1750582800,80.37
1750586400,81.02
1750590000,81.08
1750593600,81.23
1750597200,79.25
1750600800,78.76
1750604400,77.68
1750608000,78.54
1750611600,79.04
1750615200,78.3
1750618800,78.22
1750622400,78.47
1750626000,78.2
1750629600,80.23
1750633200,80.25
1750636800,80.3
1750640400,80.96
1750644000,79.98
1750647600,80.01
1750651200,80.35
1750654800,80.76
1750658400,80.74
1750662000,81.08
1750665600,80.95
1750669200,80.99
1750672800,80.93
1750676400,80.82
1750680000,81.7
1750683600,81.93
1750687200,81.73
1750690800,81.16
1750694400,80.19
1750698000,82.05
1750701600,82.82
1750705200,83.1
1750708800,83.61
1750712400,83.41
1750716000,85.26
1750719600,84.96
1750723200,85.07
1750726800,85.07
1750730400,84.65
1750734000,84.54
1750737600,84.38
1750741200,85.22
1750744800,85.13
1750748400,84.43
1750752000,84.57
1750755600,84.63
1750759200,84.4
1750762800,84.33
1750766400,84.44
1750770000,84.14
1750773600,84.47
1750777200,84.41
1750780800,85.11
1750784400,84.75
1750788000,84.59
1750791600,84.54
1750795200,85.21
1750798800,85.17
1750802400,84.9
1750806000,84.89
1750809600,85.1
1750813200,85.02
1750816800,84.92
1750820400,84.96
1750824000,85.19
1750827600,84.92
1750831200,85.05
1750834800,85.21
1750838400,85.06
1750842000,84.64
1750845600,84.53
1750849200,84.46
1750852800,84.65
1750856400,85.19
1750860000,84.82
1750863600,84.2
1750867200,84.18
1750870800,84.59
1750874400,84.59
1750878000,84.88
1750881600,84.95
1750885200,84.54
1750888800,84.37
1750892400,84.74
1750896000,85.03
1750899600,85.08
1750903200,85.28
1750906800,85.23
1750910400,85.04
1750914000,85.16
1750917600,85.42
1750921200,85.56
1750924800,85.49
1750928400,85.24
1750932000,85.42
1750935600,84.98
1750939200,84.53
1750942800,84.24
1750946400,85.19
1750950000,84.82
1750953600,84.23
1750957200,84.28
1750960800,84.43
1750964400,85.03
1750968000,85.31
1750971600,84.65
1750975200,84.38
1750978800,84.33
1750982400,83.9
1750986000,85.07
1750989600,85.08
1750993200,85.43
1750996800,85.47
1751000400,84.83
1751004000,85.14
1751007600,84.72
1751011200,84.59
1751014800,84.62
1751018400,84.55
1751022000,84.45
1751025600,84.09
1751029200,83.92
1751032800,83.54
1751036400,84.34
1751040000,84.57
1751043600,83.58
1751047200,83.52
1751050800,84.16
1751054400,84.77
1751058000,85.05
1751061600,85.0
1751065200,84.88
1751068800,84.95
1751072400,85.09
1751076000,85.14
1751079600,85.2
1751083200,85.18
1751086800,85.19
1751090400,85.58
1751094000,85.41
1751097600,85.29
1751101200,85.54
1751104800,85.72
1751108400,85.46
1751112000,85.51
1751115600,85.61
1751119200,85.8
1751122800,86.52
1751126400,86.77
1751130000,87.25
1751133600,86.95
1751137200,86.4
1751140800,85.93
1751144400,86.33
1751148000,86.27
1751151600,86.36
1751155200,86.47
1751158800,86.06
1751162400,86.32
1751166000,86.46
1751169600,86.29
1751173200,86.5
1751176800,86.79
1751180400,86.77
1751184000,86.86
1751187600,86.78
1751191200,86.87
1751194800,86.82
1751198400,86.76
1751202000,86.78
1751205600,86.59
1751209200,86.65
1751212800,86.77
1751216400,86.68
1751220000,86.82
1751223600,86.88
1751227200,86.69
1751230800,86.86
1751234400,88.21
1751238000,87.99
1751241600,88.08
1751245200,87.94
1751248800,87.56
1751252400,87.4
1751256000,87.27
1751259600,87.09
1751263200,86.25
1751266800,86.49
1751270400,85.81
1751274000,85.6
1751277600,85.63
1751281200,85.53
1751284800,85.47
1751288400,85.37
1751292000,84.94
1751295600,85.98
1751299200,86.07
1751302800,86.07
1751306400,86.07
1751310000,87.11
1751313600,86.51
1751317200,86.88
1751320800,86.44
1751324400,86.03
1751328000,86.24
1751331600,86.45
1751335200,86.17
1751338800,86.67
1751342400,85.93
1751346000,85.94
1751349600,86.08
1751353200,86.68
1751356800,86.16
1751360400,85.83
1751364000,85.69
1751367600,85.74
1751371200,85.24
1751374800,85.63
1751378400,84.54
1751382000,84.36
1751385600,84.38
1751389200,84.4
1751392800,83.82
1751396400,83.89
1751400000,83.41
1751403600,82.88
1751407200,82.82
1751410800,83.26
1751414400,83.38
1751418000,83.85
1751421600,83.61
1751425200,83.81
1751428800,84.17
1751432400,84.24
1751436000,84.33
1751439600,84.11
1751443200,84.32
1751446800,84.05
1751450400,84.32
1751454000,84.27
1751457600,84.3
1751461200,84.89
1751464800,85.63
1751468400,86.21
1751472000,87.75
1751475600,87.33
1751479200,87.57
1751482800,88.02
1751486400,87.87
1751490000,88.04
1751493600,87.9
1751497200,87.36
1751500800,87.42
1751504400,87.49
1751508000,87.81
1751511600,88.06
1751515200,88.52
1751518800,89.78
1751522400,90.16
1751526000,91.07
1751529600,90.81
1751533200,92.06
1751536800,91.48
1751540400,91.37
1751544000,91.13
1751547600,91.27
1751551200,90.61
1751554800,89.0
1751558400,89.49
1751562000,89.84
1751565600,89.81
1751569200,89.68
1751572800,89.68
1751576400,89.42
1751580000,89.11
1751583600,89.11
1751587200,88.35
1751590800,88.66
1751594400,88.37
1751598000,88.8
1751601600,88.38
1751605200,88.87
1751608800,87.6
1751612400,87.31
1751616000,87.72
1751619600,87.86
1751623200,88.12
1751626800,88.2
1751630400,88.06
1751634000,87.36
1751637600,87.22
1751641200,86.64
1751644800,86.72
1751648400,87.29
1751652000,86.5
1751655600,86.4
1751659200,86.57
1751662800,86.59
1751666400,87.06
1751670000,86.87
1751673600,86.82
1751677200,86.47
1751680800,86.6
1751684400,86.8
1751688000,86.38
1751691600,86.67
1751695200,86.94
1751698800,86.26
1751702400,86.28
1751706000,86.34
1751709600,86.35
1751713200,86.58
1751716800,86.66
1751720400,86.5
1751724000,86.88
1751727600,86.49
1751731200,86.41
1751734800,86.69
1751738400,86.36
1751742000,86.8
1751745600,87.44
1751749200,87.36
1751752800,87.54
1751756400,87.57
1751760000,87.48
1751763600,87.28
1751767200,86.93
1751770800,87.1
1751774400,86.97
1751778000,86.96
1751781600,87.08
1751785200,86.77
1751788800,86.65
1751792400,86.54
1751796000,87.17
1751799600,87.52
1751803200,87.42
1751806800,88.05
1751810400,88.09
1751814000,88.04
1751817600,88.06
1751821200,87.73
1751824800,87.48
1751828400,87.57
1751832000,87.61
1751835600,87.88
1751839200,87.69
1751842800,87.37
1751846400,87.41
1751850000,87.37
1751853600,87.74
1751857200,87.66
1751860800,87.85
1751864400,87.77
1751868000,87.58
1751871600,87.94
1751875200,87.9
1751878800,87.52
1751882400,87.2
1751886000,86.93
1751889600,86.65
1751893200,87.25
1751896800,86.43
1751900400,86.15
1751904000,85.56
1751907600,85.66
1751911200,85.67
1751914800,85.93
1751918400,85.84
1751922000,85.94
1751925600,85.94
1751929200,86.06
1751932800,86.05
1751936400,85.71
1751940000,85.79
1751943600,86.0
1751947200,85.99
1751950800,86.27
1751954400,86.61
1751958000,86.65
1751961600,86.24
1751965200,86.13
1751968800,86.62
1751972400,86.56
1751976000,87.05
1751979600,86.65
1751983200,86.29
1751986800,86.38
1751990400,86.63
1751994000,87.22
1751997600,87.57
1752001200,87.33
1752004800,87.05
1752008400,87.66
1752012000,87.81
1752015600,87.81
1752019200,87.63
1752022800,87.48
1752026400,87.72
1752030000,87.61
1752033600,87.88
1752037200,88.04
1752040800,88.06
1752044400,88.11
1752048000,87.74
1752051600,87.89
1752055200,88.04
1752058800,88.39
1752062400,88.76
1752066000,88.7
1752069600,88.47
1752073200,88.52
1752076800,88.69
1752080400,88.39
1752084000,88.5
1752087600,90.41
1752091200,90.61
1752094800,90.5
1752098400,91.28
1752102000,90.64
1752105600,90.24
1752109200,90.81
1752112800,91.29
1752116400,90.93
1752120000,90.79
1752123600,90.68
1752127200,90.9
1752130800,91.0
1752134400,91.15
1752138000,90.93
1752141600,91.03
1752145200,90.97
1752148800,90.89
1752152400,90.7
1752156000,91.02
1752159600,91.25
1752163200,91.82
1752166800,92.69
1752170400,92.64
1752174000,92.64
1752177600,93.16
1752181200,94.68
1752184800,94.93
1752188400,94.86
1752192000,94.12
1752195600,94.98
1752199200,95.65
1752202800,95.49
1752206400,95.72
1752210000,95.99
1752213600,94.88
1752217200,94.94
1752220800,95.35
1752224400,95.78
1752228000,95.88
1752231600,95.44
1752235200,95.92
1752238800,96.94
1752242400,96.91
1752246000,96.68
1752249600,96.69
1752253200,96.66
1752256800,97.69
1752260400,97.12
1752264000,95.9
1752267600,94.47
1752271200,93.77
1752274800,94.3
1752278400,94.21
1752282000,95.08
1752285600,94.84
1752289200,94.84
1752292800,93.02
1752296400,93.25
1752300000,93.21
1752303600,93.22
1752307200,93.06
1752310800,93.61
1752314400,93.82
1752318000,93.48
1752321600,92.66
1752325200,92.58
1752328800,91.79
1752332400,91.19
1752336000,91.59
1752339600,92.44
1752343200,92.73
1752346800,92.89
1752350400,91.97
1752354000,92.74
1752357600,92.73
1752361200,92.8
1752364800,92.86
1752368400,93.58
1752372000,93.5
1752375600,93.13
1752379200,93.7
1752382800,94.19
1752386400,94.23
1752390000,94.4
1752393600,94.64
1752397200,94.32
1752400800,94.15
1752404400,94.91
1752408000,95.19
1752411600,95.38
1752415200,95.76
1752418800,96.2
1752422400,95.58
1752426000,96.2
1752429600,96.46
1752433200,96.37
1752436800,96.11
1752440400,94.78
1752444000,94.33
1752447600,94.68
1752451200,94.87
1752454800,95.14
1752458400,95.67
1752462000,96.82
1752465600,97.64
1752469200,97.03
1752472800,96.37
1752476400,97.21
1752480000,96.33
1752483600,97.0
1752487200,97.96
1752490800,96.99
1752494400,96.9
1752498000,97.15
1752501600,96.59
1752505200,95.46
1752508800,96.37
1752512400,95.85
1752516000,94.84
1752519600,94.99
1752523200,95.19
1752526800,95.35
1752530400,95.58
1752534000,95.65
1752537600,93.86
1752541200,93.66
1752544800,92.72
1752548400,91.91
1752552000,92.73
1752555600,92.72
1752559200,92.78
1752562800,92.49
1752566400,92.74
1752570000,92.93
1752573600,92.94
1752577200,92.67
1752580800,92.91
1752584400,93.64
1752588000,91.99
1752591600,93.4
1752595200,94.28
1752598800,95.54
1752602400,95.32
1752606000,95.19
1752609600,95.22
1752613200,96.27
1752616800,96.06
1752620400,96.38
1752624000,97.03
1752627600,96.47
1752631200,95.54
1752634800,95.48
1752638400,95.79
1752642000,95.87
1752645600,96.24
1752649200,96.39
1752652800,96.5
1752656400,97.6
1752660000,96.91
1752663600,96.95
1752667200,97.38
1752670800,97.03
1752674400,97.72
1752678000,96.88
1752681600,97.99
1752685200,99.34
1752688800,98.85
1752692400,98.59
1752696000,98.73
1752699600,99.12
1752703200,97.92
1752706800,97.52
1752710400,97.86
1752714000,96.53
1752717600,96.78
1752721200,96.17
1752724800,96.63
1752728400,97.8
1752732000,98.43
1752735600,98.25
1752739200,98.89
1752742800,100.8
1752746400,100.12
1752750000,99.69
1752753600,100.76
1752757200,99.83
1752760800,100.8
1752764400,101.33
1752768000,101.62
1752771600,101.51
1752775200,101.65
1752778800,101.05
1752782400,101.18
1752786000,101.72
1752789600,102.27
1752793200,101.66
1752796800,103.39
1752800400,104.34
1752804000,104.57
1752807600,107.78
1752811200,107.39
1752814800,109.02
1752818400,108.85
1752822000,107.7
1752825600,108.64
1752829200,111.36
1752832800,109.91
1752836400,108.53
1752840000,110.41
1752843600,106.48
1752847200,105.09
1752850800,103.92
1752854400,105.33
1752858000,104.5
1752861600,103.0
1752865200,102.34
1752868800,101.59
1752872400,101.63
1752876000,100.92
1752879600,101.8
1752883200,100.75
1752886800,101.25
1752890400,101.84
1752894000,102.56
1752897600,103.09
1752901200,102.87
1752904800,102.55
1752908400,102.8
1752912000,102.09
1752915600,102.03
1752919200,101.63
1752922800,101.34
1752926400,101.48
1752930000,100.95
1752933600,99.9
1752937200,101.24
1752940800,101.92
1752944400,101.86
1752948000,103.77
1752951600,112.67
1752955200,111.39
1752958800,112.59
1752962400,113.59
1752966000,113.21
1752969600,112.71
1752973200,111.29
1752976800,111.84
1752980400,112.58
1752984000,113.86
1752987600,116.53
1752991200,116.4
1752994800,117.63
1752998400,119.22
1753002000,117.94
1753005600,118.09
1753009200,116.19
1753012800,116.79
1753016400,117.47
1753020000,118.01
1753023600,117.23
1753027200,117.6
1753030800,118.33
1753034400,118.08
1753038000,117.46
1753041600,117.06
1753045200,116.99
1753048800,117.05
1753052400,116.64
1753056000,118.27
1753059600,117.31
1753063200,117.31
1753066800,117.4
1753070400,117.73
1753074000,119.14
1753077600,120.74
1753081200,120.73
1753084800,120.3
1753088400,119.16
1753092000,118.4
1753095600,117.88
1753099200,116.75
1753102800,117.98
1753106400,118.33
1753110000,118.33
1753113600,116.67
1753117200,116.91
1753120800,115.4
1753124400,115.24
1753128000,115.3
1753131600,115.18
1753135200,115.99
1753138800,115.49
1753142400,114.68
1753146000,116.94
1753149600,115.66
1753153200,115.82
1753156800,114.24
1753160400,115.42
1753164000,115.44
1753167600,115.36
1753171200,114.08
1753174800,113.88
1753178400,114.58
1753182000,115.71
1753185600,115.8
1753189200,113.23
1753192800,115.74
1753196400,115.88
1753200000,116.08
1753203600,119.05
1753207200,118.61
1753210800,116.99
1753214400,117.01
1753218000,118.59
1753221600,118.13
1753225200,119.7
1753228800,118.07
1753232400,121.1
1753236000,120.79
1753239600,120.03
1753243200,120.05
1753246800,119.02
1753250400,118.07
1753254000,117.66
1753257600,117.92
1753261200,117.07
1753264800,117.71
1753268400,116.98
1753272000,115.32
1753275600,112.27
1753279200,114.27
1753282800,114.71
1753286400,112.39
1753290000,112.94
1753293600,113.68
1753297200,112.18
1753300800,110.87
1753304400,111.55
1753308000,112.09
1753311600,112.12
1753315200,114.05
1753318800,114.38
1753322400,113.79
1753326000,113.09
1753329600,111.37
1753333200,108.68
1753336800,107.96
1753340400,111.01
1753344000,113.54
1753347600,113.9
1753351200,113.18
1753354800,113.76
1753358400,112.39
1753362000,111.72
1753365600,114.89
1753369200,113.53
1753372800,112.19
1753376400,113.6
1753380000,113.49
1753383600,113.23
1753387200,114.58
1753390800,113.07
1753394400,113.16
1753398000,112.28
1753401600,110.95
1753405200,111.49
1753408800,109.55
1753412400,109.38
1753416000,110.93
1753419600,110.2
1753423200,111.61
1753426800,111.17
1753430400,112.23
1753434000,114.53
1753437600,114.88
1753441200,115.69
1753444800,114.88
1753448400,115.29
1753452000,111.43
1753455600,110.57
1753459200,111.56
1753462800,111.33
1753466400,111.29
1753470000,111.19
1753473600,112.86
1753477200,113.54
1753480800,113.68
1753484400,113.81
1753488000,113.25
1753491600,112.16
1753495200,113.17
1753498800,113.24
1753502400,113.49
1753506000,113.5
1753509600,113.17
1753513200,113.23
1753516800,113.94
1753520400,114.07
1753524000,113.86
1753527600,113.68
1753531200,113.9
1753534800,114.33
1753538400,113.57
1753542000,113.88
1753545600,113.87
1753549200,114.27
1753552800,115.14
1753556400,114.91
1753560000,114.57
1753563600,114.7
1753567200,114.58
1753570800,113.95
1753574400,113.99
1753578000,114.71
1753581600,115.25
1753585200,114.64
1753588800,114.88
1753592400,114.95
1753596000,115.47
1753599600,114.31
1753603200,113.05
1753606800,112.73
1753610400,113.51
1753614000,113.2
1753617600,113.79
1753621200,113.45
1753624800,113.17
1753628400,113.57
1753632000,114.25
1753635600,114.53
1753639200,114.4
1753642800,113.91
1753646400,113.65
1753650000,114.07
1753653600,114.98
1753657200,114.85
1753660800,115.07
1753664400,114.13
1753668000,115.32
1753671600,115.29
1753675200,115.29
1753678800,116.16
1753682400,115.85
1753686000,114.78
1753689600,114.42
1753693200,114.74
1753696800,113.76
1753700400,113.47
1753704000,113.21
1753707600,111.43
1753711200,110.18
1753714800,110.37
1753718400,110.54
1753722000,109.97
1753725600,109.16
1753729200,109.51
1753732800,109.43
1753736400,109.59
1753740000,108.96
1753743600,109.06
1753747200,109.02
1753750800,108.41
1753754400,108.05
1753758000,109.29
1753761600,108.92
1753765200,109.73
1753768800,110.18
1753772400,110.6
1753776000,109.96
1753779600,110.17
1753783200,108.42
1753786800,109.19
1753790400,110.01
1753794000,109.24
1753797600,108.09
1753801200,108.07
1753804800,108.77
1753808400,109.23
1753812000,108.92
1753815600,108.06
1753819200,108.23
1753822800,108.5
1753826400,108.71
1753830000,108.5
1753833600,107.93
1753837200,108.97
1753840800,109.12
1753844400,108.93
1753848000,108.08
1753851600,108.81
1753855200,109.21
1753858800,109.32
1753862400,109.88
1753866000,108.48
1753869600,108.16
1753873200,107.46
1753876800,108.33
1753880400,108.13
1753884000,109.47
1753887600,109.39
1753891200,109.66
1753894800,110.17
1753898400,108.04
1753902000,108.92
1753905600,109.85
1753909200,109.53
1753912800,110.09
1753916400,110.52
1753920000,111.17
1753923600,110.43
1753927200,110.48
1753930800,110.62
1753934400,110.62
1753938000,110.69
1753941600,111.01
1753945200,110.67
1753948800,111.15
1753952400,111.04
1753956000,110.64
1753959600,110.02
1753963200,109.96
1753966800,109.62
1753970400,108.79
1753974000,109.27
1753977600,110.15
1753981200,108.81
1753984800,109.1
1753988400,108.25
1753992000,108.11
1753995600,107.87
1753999200,106.83
1754002800,106.08
1754006400,105.95
1754010000,106.04
1754013600,106.85
1754017200,106.5
1754020800,105.99
1754024400,105.29
1754028000,105.29
1754031600,105.07
1754035200,103.91
1754038800,103.92
1754042400,104.87
1754046000,105.51
1754049600,105.65
1754053200,104.87
1754056800,106.34
1754060400,106.34
1754064000,105.49
1754067600,105.06
1754071200,105.07
1754074800,106.25
1754078400,106.49
1754082000,107.57
1754085600,105.14
1754089200,106.57
1754092800,107.38
1754096400,107.51
1754100000,107.57
1754103600,107.61
1754107200,107.76
1754110800,107.88
1754114400,107.29
1754118000,108.33
1754121600,106.82
1754125200,107.59
1754128800,106.7
1754132400,107.02
1754136000,107.58
1754139600,108.83
1754143200,108.35
1754146800,108.08
1754150400,106.72
1754154000,104.67
1754157600,105.12
1754161200,104.77
1754164800,106.77
1754168400,105.63
1754172000,106.78
1754175600,106.08
1754179200,106.01
1754182800,107.5
1754186400,108.75
1754190000,107.59
1754193600,107.34
1754197200,107.49
1754200800,107.94
1754204400,108.15
1754208000,108.52
1754211600,109.64
1754215200,109.24
1754218800,109.18
1754222400,109.82
1754226000,109.23
1754229600,109.18
1754233200,109.92
1754236800,109.81
1754240400,109.09
1754244000,108.98
1754247600,108.96
1754251200,109.41
1754254800,109.29
1754258400,109.79
1754262000,110.4
1754265600,111.57
1754269200,110.92
1754272800,111.48
1754276400,111.52
1754280000,110.73
1754283600,111.15
1754287200,111.92
1754290800,111.49
1754294400,111.34
1754298000,113.02
1754301600,112.1
1754305200,114.17
1754308800,116.92
1754312400,118.51
1754316000,118.44
1754319600,117.8
1754323200,119.17
1754326800,119.15
1754330400,119.32
1754334000,119.82
1754337600,119.3
1754341200,119.82
1754344800,120.75
1754348400,121.2
1754352000,120.37
1754355600,121.37
1754359200,122.05
1754362800,121.78
1754366400,121.62
1754370000,124.04
1754373600,122.7
1754377200,120.9
1754380800,122.82
1754384400,127.25
1754388000,128.26
1754391600,127.61
1754395200,123.84
1754398800,123.56
1754402400,123.11
1754406000,122.02
1754409600,121.36
1754413200,120.86
1754416800,119.97
1754420400,120.02
1754424000,119.74
1754427600,120.49
1754431200,121.08
1754434800,120.25
1754438400,118.93
1754442000,118.36
1754445600,118.4
1754449200,118.21
1754452800,117.96
1754456400,118.55
1754460000,117.68
1754463600,118.39
1754467200,117.2
1754470800,117.37
1754474400,116.54
1754478000,116.42
1754481600,115.47
1754485200,115.57
1754488800,117.33
1754492400,118.27
1754496000,117.66
1754499600,118.56
1754503200,119.4
1754506800,120.06
1754510400,119.29
1754514000,119.18
1754517600,119.25
1754521200,119.24
1754524800,118.15
1754528400,118.99
1754532000,120.31
1754535600,119.46
1754539200,121.28
1754542800,121.71
1754546400,120.62
1754550000,119.53
1754553600,117.47
1754557200,118.08
1754560800,119.79
1754564400,121.13
1754568000,120.35
1754571600,120.25
1754575200,120.55
1754578800,121.18
1754582400,121.4
1754586000,121.39
1754589600,121.08
1754593200,122.25
1754596800,121.98
1754600400,121.97
1754604000,122.15
1754607600,122.93
1754611200,122.48
1754614800,122.33
1754618400,121.66
1754622000,121.51
1754625600,120.95
1754629200,119.72
1754632800,120.64
1754636400,122.36
1754640000,122.35
1754643600,122.24
1754647200,120.66
1754650800,121.87
1754654400,121.81
1754658000,123.64
1754661600,122.35
1754665200,121.38
1754668800,122.58
1754672400,123.23
1754676000,124.83
1754679600,125.59
1754683200,124.86
1754686800,124.74
1754690400,124.13
1754694000,123.79
1754697600,123.91
1754701200,123.51
1754704800,123.15
1754708400,123.09
1754712000,124.62
1754715600,124.9
1754719200,124.43
1754722800,125.22
1754726400,124.85
1754730000,125.19
1754733600,125.01
1754737200,125.16
1754740800,124.95
1754744400,122.38
1754748000,122.28
1754751600,121.18
1754755200,121.49
1754758800,122.19
1754762400,122.12
1754766000,121.79
1754769600,122.31
1754773200,121.84
1754776800,120.85
1754780400,120.22
1754784000,121.29
1754787600,121.54
1754791200,121.64
1754794800,122.81
1754798400,123.72
1754802000,121.88
1754805600,121.01
1754809200,119.22
1754812800,120.59
1754816400,120.69
1754820000,121.12
1754823600,122.1
1754827200,121.89
1754830800,120.63
1754834400,124.39
1754838000,124.27
1754841600,123.6
1754845200,123.58
1754848800,123.95
1754852400,124.6
1754856000,124.23
1754859600,124.2
1754863200,124.09
1754866800,123.77
1754870400,122.28
1754874000,123.66
1754877600,124.78
1754881200,125.83
1754884800,124.95
1754888400,124.13
1754892000,124.63
1754895600,123.35
1754899200,125.12
1754902800,125.58
1754906400,125.54
1754910000,126.54
1754913600,126.36
1754917200,126.16
1754920800,123.6
1754924400,125.22
1754928000,125.57
1754931600,126.28
1754935200,124.45
1754938800,121.5
1754942400,121.08
1754946000,120.58
1754949600,120.63
1754953200,120.08
1754956800,120.3
1754960400,121.24
1754964000,120.27
1754967600,119.42
1754971200,119.88
1754974800,119.18
1754978400,118.98
1754982000,119.34
1754985600,119.69
1754989200,119.07
1754992800,118.91
1754996400,119.57
1755000000,121.3
1755003600,121.01
1755007200,122.49
1755010800,124.45
1755014400,125.07
1755018000,125.15
1755021600,126.61
1755025200,128.85
1755028800,129.82
1755032400,129.91
1755036000,130.8
1755039600,130.41
1755043200,130.84
1755046800,128.77
1755050400,131.05
1755054000,131.29
1755057600,133.6
1755061200,131.33
1755064800,130.74
1755068400,131.69
1755072000,131.33
1755075600,132.53
1755079200,132.64
1755082800,131.98
1755086400,131.1
1755090000,131.98
1755093600,130.4
1755097200,130.07
1755100800,130.22
1755104400,129.73
1755108000,129.08
1755111600,130.28
1755115200,129.54
1755118800,129.41
1755122400,130.69
1755126000,130.94
1755129600,131.68
1755133200,132.15
1755136800,133.13
1755140400,133.12
1755144000,132.66
1755147600,131.25
1755151200,131.32
1755154800,129.55
1755158400,128.08
1755162000,129.03
1755165600,127.83
1755169200,127.69
1755172800,122.73
1755176400,123.08
1755180000,124.06
1755183600,122.79
1755187200,121.03
1755190800,121.0
1755194400,121.37
1755198000,121.83
1755201600,121.72
1755205200,120.93
1755208800,121.57
1755212400,121.37
1755216000,121.55
1755219600,122.12
1755223200,122.08
1755226800,122.85
1755230400,121.93
1755234000,122.37
1755237600,122.47
1755241200,121.55
1755244800,121.26
1755248400,121.1
1755252000,120.93
1755255600,121.13
1755259200,121.03
1755262800,119.4
1755266400,118.77
1755270000,117.66
1755273600,118.07
1755277200,118.74
1755280800,117.57
1755284400,117.58
1755288000,118.6
1755291600,118.65
1755295200,119.86
1755298800,119.21
1755302400,120.8
1755306000,120.22
1755309600,119.95
1755313200,119.93
1755316800,120.39
1755320400,118.98
1755324000,118.18
1755327600,118.86
1755331200,118.47
1755334800,118.39
1755338400,118.21
1755342000,117.35
1755345600,118.54
1755349200,118.02
1755352800,118.91
1755356400,118.95
1755360000,119.06
1755363600,119.45
1755367200,120.54
1755370800,120.02
1755374400,120.25
1755378000,119.92
1755381600,120.72
1755385200,121.11
1755388800,120.3
1755392400,120.15
1755396000,120.7
1755399600,120.7
1755403200,121.85
1755406800,121.75
1755410400,121.42
1755414000,123.06
1755417600,122.35
1755421200,122.28
1755424800,122.09
1755428400,122.5
1755432000,121.91
1755435600,121.93
1755439200,121.73
1755442800,122.42
1755446400,121.12
1755450000,121.91
1755453600,121.48
1755457200,120.73
1755460800,120.93
1755464400,120.7
1755468000,121.71
1755471600,120.81
1755475200,120.49
1755478800,119.0
1755482400,116.02
1755486000,116.62
1755489600,116.98
1755493200,117.31
1755496800,116.1
1755500400,116.15
1755504000,115.71
1755507600,116.84
1755511200,116.58
1755514800,116.44
1755518400,117.65
1755522000,117.21
1755525600,118.2
1755529200,118.14
1755532800,117.16
1755536400,117.94
1755540000,118.42
1755543600,117.91
1755547200,117.64
1755550800,118.27
1755554400,118.34
1755558000,117.81
1755561600,118.9
1755565200,116.98
1755568800,116.35
1755572400,115.55
1755576000,117.11
1755579600,116.75
1755583200,115.74
1755586800,115.06
1755590400,115.13
1755594000,115.79
1755597600,115.82
1755601200,116.24
1755604800,115.98
1755608400,115.87
1755612000,113.83
1755615600,114.14
1755619200,113.89
1755622800,114.06
1755626400,112.91
1755630000,113.06
1755633600,114.52
1755637200,114.76
1755640800,113.99
1755644400,112.65
1755648000,113.63
1755651600,113.83
1755655200,113.79
1755658800,113.68
1755662400,114.13
1755666000,114.25
1755669600,114.12
1755673200,113.94
1755676800,115.3
1755680400,114.57
1755684000,115.2
1755687600,114.73
1755691200,115.1
1755694800,113.12
1755698400,114.07
1755702000,114.96
1755705600,115.66
1755709200,116.29
1755712800,115.37
1755716400,117.05
1755720000,116.74
1755723600,116.62
1755727200,116.69
1755730800,116.07
1755734400,116.41
1755738000,116.98
1755741600,116.24
1755745200,116.05
1755748800,116.04
1755752400,116.36
1755756000,115.82
1755759600,116.12
1755763200,115.27
1755766800,115.27
1755770400,115.06
1755774000,114.69
1755777600,114.57
1755781200,114.71
1755784800,115.12
1755788400,114.11
1755792000,113.66
1755795600,114.75
1755799200,115.09
1755802800,114.63
1755806400,115.06
1755810000,115.23
1755813600,115.2
1755817200,114.76
1755820800,114.8
1755824400,115.2
1755828000,116.15
1755831600,115.56
1755835200,115.99
1755838800,116.06
1755842400,115.8
1755846000,116.29
1755849600,116.2
1755853200,116.19
1755856800,115.08
1755860400,114.33
1755864000,113.74
1755867600,114.21
1755871200,119.08
1755874800,119.45
1755878400,121.0
1755882000,122.25
1755885600,122.46
1755889200,122.42
1755892800,123.26
1755896400,123.02
1755900000,122.45
1755903600,122.93
1755907200,122.54
1755910800,121.79
1755914400,120.79
1755918000,120.16
1755921600,121.42
1755925200,122.32
1755928800,122.38
1755932400,121.7
1755936000,121.84
1755939600,121.69
1755943200,121.32
1755946800,121.22
1755950400,121.13
1755954000,120.83
1755957600,120.51
1755961200,120.84
1755964800,120.87
1755968400,121.17
1755972000,120.74
1755975600,121.06
1755979200,120.95
1755982800,120.75
1755986400,121.54
1755990000,121.41
1755993600,121.8
1755997200,121.43
1756000800,121.01
1756004400,121.16
1756008000,121.76
1756011600,121.31
1756015200,120.13
1756018800,119.44
1756022400,119.78
1756026000,119.86
1756029600,118.88
1756033200,118.49
1756036800,118.9
1756040400,118.98
1756044000,119.52
1756047600,119.32
1756051200,119.9
1756054800,121.53
1756058400,123.68
1756062000,120.68
1756065600,118.75
1756069200,118.52
1756072800,118.57
1756076400,118.19
1756080000,116.25
1756083600,117.23
1756087200,118.39
1756090800,117.34
1756094400,116.2
1756098000,115.01
1756101600,113.77
1756105200,112.55
1756108800,112.65
1756112400,112.65
1756116000,110.84
1756119600,111.47
1756123200,112.27
1756126800,111.69
1756130400,112.27
1756134000,111.72
1756137600,112.01
1756141200,111.77
1756144800,111.28
1756148400,109.31
1756152000,107.36
1756155600,107.42
1756159200,108.53
1756162800,109.18
1756166400,109.56
1756170000,110.04
1756173600,109.67
1756177200,110.11
1756180800,110.33
1756184400,110.81
1756188000,110.21
1756191600,110.61
1756195200,110.41
1756198800,110.36
1756202400,110.72
1756206000,110.57
1756209600,111.91
1756213200,111.84
1756216800,112.41
1756220400,112.01
1756224000,113.34
1756227600,112.93
1756231200,113.75
1756234800,114.56
1756238400,113.62
1756242000,113.76
1756245600,113.62
1756249200,113.5
1756252800,113.25
1756256400,113.41
1756260000,113.69
1756263600,114.31
1756267200,115.29
1756270800,114.01
1756274400,113.15
1756278000,113.01
1756281600,112.85
1756285200,112.65
1756288800,112.97
1756292400,113.03
1756296000,113.5
1756299600,113.0
1756303200,113.59
1756306800,113.74
1756310400,113.73
1756314000,114.1
1756317600,113.45
1756321200,113.17
1756324800,113.83
1756328400,113.02
1756332000,112.75
1756335600,112.17
1756339200,112.21
1756342800,112.68
1756346400,112.37
1756350000,112.95
1756353600,113.98
1756357200,113.53
1756360800,113.7
1756364400,113.49
1756368000,113.48
1756371600,113.31
1756375200,113.51
1756378800,113.53
1756382400,113.87
1756386000,113.49
1756389600,114.36
1756393200,112.63
1756396800,111.57
1756400400,112.59
1756404000,112.48
1756407600,111.73
1756411200,112.25
1756414800,113.05
1756418400,113.78
1756422000,113.66
1756425600,113.35
1756429200,112.56
1756432800,112.99
1756436400,113.25
1756440000,112.89
1756443600,112.86
1756447200,111.8
1756450800,110.43
1756454400,109.41
1756458000,110.25
1756461600,110.14
1756465200,110.04
1756468800,110.92
1756472400,109.93
1756476000,109.82
1756479600,109.9
1756483200,110.02
1756486800,109.51
1756490400,109.15
1756494000,109.65
1756497600,109.37
1756501200,109.9
1756504800,109.77
1756508400,109.92
1756512000,109.75
1756515600,108.44
1756519200,109.57
1756522800,110.63
1756526400,110.36
1756530000,110.58
1756533600,110.54
1756537200,110.69
1756540800,110.84
1756544400,110.75
1756548000,110.65
1756551600,110.57
1756555200,110.02
1756558800,109.97
1756562400,110.08
1756566000,110.63
1756569600,110.39
1756573200,110.03
1756576800,110.03
1756580400,110.27
1756584000,110.01
1756587600,110.05
1756591200,110.57
1756594800,110.86
1756598400,111.7
1756602000,111.57
1756605600,111.53
1756609200,111.91
1756612800,111.16
1756616400,111.08
1756620000,110.78
1756623600,111.14
1756627200,111.6
1756630800,111.33
1756634400,111.21
1756638000,111.37
1756641600,111.27
1756645200,110.98
1756648800,110.27
1756652400,110.7
1756656000,110.37
1756659600,110.33
1756663200,110.73
1756666800,110.24
1756670400,110.42
1756674000,110.42
1756677600,109.87
1756681200,108.91
1756684800,108.79
1756688400,108.81
1756692000,107.71
1756695600,108.09
1756699200,107.56
1756702800,108.12
1756706400,108.5
1756710000,110.5
1756713600,111.26
1756717200,110.37
1756720800,109.81
1756724400,109.48
1756728000,109.98
1756731600,110.03
1756735200,109.98
1756738800,109.56
1756742400,108.9
1756746000,108.47
1756749600,108.74
1756753200,109.33
1756756800,108.53
1756760400,107.15
1756764000,107.39
1756767600,108.73
1756771200,109.21
1756774800,109.39
1756778400,109.71
1756782000,110.32
1756785600,110.52
1756789200,110.61
1756792800,111.19
1756796400,110.57
1756800000,110.5
1756803600,110.49
1756807200,110.86
1756810800,110.4
1756814400,108.86
1756818000,111.61
1756821600,111.18
1756825200,109.58
1756828800,110.41
1756832400,110.37
1756836000,110.05
1756839600,109.44
1756843200,111.1
1756846800,112.06
1756850400,111.79
1756854000,111.77
1756857600,111.3
1756861200,111.43
1756864800,111.57
1756868400,111.44
1756872000,111.5
1756875600,111.39
1756879200,111.52
1756882800,111.79
1756886400,111.81
1756890000,112.34
1756893600,112.08
1756897200,111.92
1756900800,111.65
1756904400,112.51
1756908000,113.18
1756911600,112.89
1756915200,112.53
1756918800,112.72
1756922400,112.34
1756926000,112.83
1756929600,112.48
1756933200,113.05
1756936800,113.1
1756940400,113.06
1756944000,113.07
1756947600,112.99
1756951200,112.14
1756954800,111.72
1756958400,111.57
1756962000,111.24
1756965600,110.97
1756969200,111.35
1756972800,111.03
1756976400,111.18
1756980000,110.94
1756983600,111.06
1756987200,111.31
1756990800,110.78
1756994400,110.42
1756998000,110.07
1757001600,109.97
1757005200,110.02
1757008800,109.91
1757012400,109.85
1757016000,110.71
1757019600,111.03
1757023200,111.62
1757026800,111.08
1757030400,111.19
1757034000,112.37
1757037600,112.02
1757041200,111.31
1757044800,111.63
1757048400,111.88
1757052000,111.94
1757055600,113.2
1757059200,113.11
1757062800,113.32
1757066400,112.84
1757070000,112.89
1757073600,114.12
1757077200,114.81
1757080800,111.94
1757084400,112.34
1757088000,112.76
1757091600,112.41
1757095200,113.09
1757098800,113.24
1757102400,113.26
1757106000,112.07
1757109600,112.4
1757113200,112.05
1757116800,112.3
1757120400,112.47
1757124000,112.42
1757127600,112.22
1757131200,111.64
1757134800,111.38
1757138400,111.49
1757142000,111.74
1757145600,111.73
1757149200,111.52
1757152800,111.61
1757156400,111.72
1757160000,111.49
1757163600,111.52
1757167200,111.61
1757170800,111.49
1757174400,111.98
1757178000,111.99
1757181600,112.31
1757185200,112.31
1757188800,112.43
1757192400,111.94
1757196000,111.9
1757199600,112.13
1757203200,112.49
1757206800,112.79
1757210400,113.07
1757214000,112.86
1757217600,112.94
1757221200,113.59
1757224800,113.41
1757228400,113.78
1757232000,113.94
1757235600,114.21
1757239200,114.24
1757242800,114.22
1757246400,114.91
1757250000,115.27
1757253600,114.75
1757257200,114.72
1757260800,114.53
1757264400,114.29
1757268000,114.22
1757271600,114.41
1757275200,114.37
1757278800,114.05
1757282400,114.83
1757286000,114.92
1757289600,114.44
1757293200,113.96
1757296800,114.95
1757300400,114.69
1757304000,113.16
1757307600,113.0
1757311200,112.58
1757314800,112.88
1757318400,113.05
1757322000,113.43
1757325600,113.52
1757329200,113.33
1757332800,113.11
1757336400,112.95
1757340000,113.37
1757343600,113.46
1757347200,113.11
1757350800,112.79
1757354400,113.22
1757358000,112.43
1757361600,112.11
1757365200,112.65
1757368800,112.46
1757372400,112.76
1757376000,113.29
1757379600,112.74
1757383200,111.9
1757386800,112.33
1757390400,112.88
1757394000,113.04
1757397600,113.65
1757401200,114.04
1757404800,114.37
1757408400,114.14
1757412000,113.62
1757415600,113.47
1757419200,113.56
1757422800,113.82
1757426400,112.33
1757430000,111.37
1757433600,111.73
1757437200,111.66
1757440800,111.9
1757444400,111.86
1757448000,112.22
1757451600,111.54
1757455200,111.86
1757458800,111.93
1757462400,111.71
1757466000,112.16
1757469600,113.13
1757473200,112.9
1757476800,112.72
1757480400,112.83
1757484000,112.76
1757487600,113.16
1757491200,112.98
1757494800,113.11
1757498400,112.92
1757502000,113.01
1757505600,113.88
1757509200,114.86
1757512800,114.08
1757516400,114.34
1757520000,116.38
1757523600,116.48
1757527200,115.96
1757530800,115.5
1757534400,115.33
1757538000,115.89
1757541600,116.25
1757545200,117.68
1757548800,116.8
1757552400,116.81
1757556000,116.06
1757559600,116.63
1757563200,116.55
1757566800,116.32
1757570400,116.86
1757574000,117.26
1757577600,116.96
1757581200,116.78
1757584800,117.41
1757588400,116.97
1757592000,116.44
1757595600,116.33
1757599200,113.95
1757602800,113.96
1757606400,114.28
1757610000,114.85
1757613600,114.83
1757617200,115.04
1757620800,115.26
1757624400,115.31
1757628000,116.0
1757631600,115.87
1757635200,116.36
1757638800,115.0
1757642400,115.91
1757646000,115.61
1757649600,115.59
1757653200,116.32
1757656800,116.06
1757660400,115.76
1757664000,115.77
1757667600,115.74
1757671200,115.54
1757674800,115.46
1757678400,115.54
1757682000,116.0
1757685600,116.75
1757689200,116.58
1757692800,117.24
1757696400,117.51
1757700000,117.25
1757703600,117.4
1757707200,117.77
1757710800,117.42
1757714400,117.88
1757718000,118.12
1757721600,118.42
1757725200,117.85
1757728800,117.91
1757732400,118.09
1757736000,117.92
1757739600,118.45
1757743200,119.07
1757746800,118.84
1757750400,119.67
1757754000,120.08
1757757600,119.98
1757761200,120.69
1757764800,120.15
1757768400,119.48
1757772000,119.9
1757775600,119.16
1757779200,118.93
1757782800,120.0
1757786400,119.71
1757790000,119.38
1757793600,119.75
1757797200,120.03
1757800800,119.38
1757804400,119.31
1757808000,118.84
1757811600,118.42
1757815200,117.77
1757818800,116.44
1757822400,116.95
1757826000,117.52
1757829600,117.26
1757833200,116.87
1757836800,116.86
1757840400,117.03
1757844000,116.64
1757847600,115.59
1757851200,115.42
1757854800,114.99
1757858400,114.73
1757862000,114.82
1757865600,114.99
1757869200,115.44
1757872800,115.1
1757876400,115.2
1757880000,115.37
1757883600,115.62
1757887200,115.93
1757890800,115.15
1757894400,115.45
1757898000,115.61
1757901600,115.77
1757905200,115.69
1757908800,115.94
1757912400,116.7
1757916000,115.76
1757919600,114.96
1757923200,112.87
1757926800,113.76
1757930400,113.52
1757934000,113.95
1757937600,113.3
1757941200,113.9
1757944800,112.89
1757948400,113.17
1757952000,112.2
1757955600,113.13
1757959200,113.43
1757962800,113.27
1757966400,113.49
1757970000,113.68
1757973600,113.62
1757977200,113.77
1757980800,113.47
1757984400,113.18
1757988000,112.95
1757991600,112.59
1757995200,113.15
1757998800,114.27
1758002400,113.89
1758006000,114.81
1758009600,114.57
1758013200,115.02
1758016800,114.27
1758020400,114.37
1758024000,114.33
1758027600,114.51
1758031200,114.56
1758034800,115.08
1758038400,115.15
1758042000,115.22
1758045600,114.98
1758049200,115.23
1758052800,114.92
1758056400,115.49
1758060000,115.31
1758063600,115.09
1758067200,115.08
1758070800,115.27
1758074400,115.64
1758078000,114.75
1758081600,114.1
1758085200,114.81
1758088800,115.38
1758092400,115.31
1758096000,115.19
1758099600,114.59
1758103200,114.1
1758106800,114.22
1758110400,114.34
1758114000,114.34
1758117600,113.97
1758121200,113.91
1758124800,114.31
1758128400,113.83
1758132000,113.78
1758135600,115.01
1758139200,114.51
1758142800,115.62
1758146400,117.16
1758150000,117.06
1758153600,116.95
1758157200,117.4
1758160800,117.61
1758164400,117.82
1758168000,117.48
1758171600,116.91
1758175200,115.06
1758178800,115.52
1758182400,116.16
1758186000,115.97
1758189600,115.38
1758193200,115.8
1758196800,115.75
1758200400,116.08
1758204000,116.33
1758207600,117.1
1758211200,117.27
1758214800,118.25
1758218400,118.79
1758222000,118.52
1758225600,118.84
1758229200,118.21
1758232800,118.13
1758236400,118.26
1758240000,119.23
1758243600,118.71
1758247200,117.94
1758250800,117.22
1758254400,117.45
1758258000,117.43
1758261600,116.78
1758265200,117.63
1758268800,117.16
1758272400,116.5
1758276000,116.66
1758279600,115.82
1758283200,115.88
1758286800,116.29
1758290400,115.63
1758294000,115.53
1758297600,115.52
1758301200,114.58
1758304800,114.05
1758308400,113.91
1758312000,113.89
1758315600,114.34
1758319200,114.33
1758322800,114.11
1758326400,114.62
1758330000,114.15
1758333600,114.31
1758337200,114.37
1758340800,114.42
1758344400,114.73
1758348000,114.62
1758351600,115.18
1758355200,114.39
1758358800,114.02
1758362400,113.69
1758366000,114.05
1758369600,114.01
1758373200,113.83
1758376800,114.41
1758380400,114.77
1758384000,114.66
1758387600,114.25
1758391200,113.84
1758394800,113.89
1758398400,114.14
1758402000,114.17
1758405600,114.27
1758409200,113.99
1758412800,114.38
1758416400,114.04
1758420000,114.41
1758423600,114.53
1758427200,114.39
1758430800,114.88
1758434400,114.97
1758438000,115.51
1758441600,115.27
1758445200,115.37
1758448800,115.01
1758452400,114.82
1758456000,114.76
1758459600,115.16
1758463200,114.83
1758466800,115.53
1758470400,115.17
1758474000,115.94
1758477600,115.45
1758481200,115.32
1758484800,115.16
1758488400,115.02
1758492000,114.99
1758495600,114.08
1758499200,111.73
1758502800,111.98
1758506400,110.79
1758510000,111.46
1758513600,111.25
1758517200,109.52
1758520800,106.96
1758524400,105.56
1758528000,105.75
1758531600,105.11
1758535200,105.82
1758538800,105.75
1758542400,106.19
1758546000,106.54
1758549600,106.0
1758553200,105.38
1758556800,105.2
1758560400,105.47
1758564000,105.01
1758567600,104.85
1758571200,105.98
1758574800,106.2
1758578400,105.81
1758582000,105.77
1758585600,105.56
1758589200,105.48
1758592800,104.92
1758596400,106.25
1758600000,106.05
1758603600,105.82
1758607200,106.51
1758610800,106.32
1758614400,106.51
1758618000,106.01
1758621600,106.44
1758625200,106.59
1758628800,107.07
1758632400,106.49
1758636000,106.47
1758639600,106.84
1758643200,106.64
1758646800,105.59
1758650400,106.06
1758654000,106.02
1758657600,106.57
1758661200,106.42
1758664800,106.35
1758668400,106.09
1758672000,106.66
1758675600,107.58
1758679200,107.14
1758682800,105.84
1758686400,106.58
1758690000,107.3
1758693600,106.95
1758697200,106.88
1758700800,106.8
1758704400,106.94
1758708000,107.15
1758711600,107.24
1758715200,106.47
1758718800,106.34
1758722400,107.39
1758726000,106.88
1758729600,106.66
1758733200,106.76
1758736800,106.35
1758740400,106.16
1758744000,106.37
1758747600,105.98
1758751200,105.95
1758754800,105.57
1758758400,105.29
1758762000,105.04
1758765600,105.49
1758769200,104.85
1758772800,103.83
1758776400,104.65
1758780000,103.88
1758783600,103.98
1758787200,104.04
1758790800,103.85
1758794400,103.41
1758798000,103.49
1758801600,103.91
1758805200,103.92
1758808800,104.84
1758812400,104.6
1758816000,103.19
1758819600,100.93
1758823200,103.22
1758826800,102.81
1758830400,102.36
1758834000,102.94
1758837600,102.48
1758841200,102.36
1758844800,103.62
1758848400,103.57
1758852000,103.37
1758855600,103.26
1758859200,103.19
1758862800,103.02
1758866400,103.06
1758870000,103.17
1758873600,102.89
1758877200,102.12
1758880800,101.57
1758884400,101.99
1758888000,102.87
1758891600,103.36
1758895200,102.92
1758898800,103.46
1758902400,104.01
1758906000,104.79
1758909600,104.63
1758913200,104.18
1758916800,103.99
1758920400,104.43
1758924000,104.5
1758927600,104.63
1758931200,104.37
1758934800,103.96
1758938400,103.68
1758942000,103.92
1758945600,103.94
1758949200,103.88
1758952800,103.95
1758956400,103.8
1758960000,103.66
1758963600,104.12
1758967200,104.32
1758970800,104.02
1758974400,104.48
1758978000,104.38
1758981600,104.65
1758985200,104.96
1758988800,104.79
1758992400,104.64
1758996000,104.53
1758999600,104.63
1759003200,104.67
1759006800,104.72
1759010400,104.74
1759014000,104.53
1759017600,104.24
1759021200,103.94
1759024800,103.84
1759028400,103.92
1759032000,104.05
1759035600,104.05
1759039200,103.96
1759042800,104.16
1759046400,103.71
1759050000,103.54
1759053600,103.67
1759057200,103.4
1759060800,103.24
1759064400,104.08
1759068000,104.26
1759071600,104.64
1759075200,104.9
1759078800,105.13
1759082400,105.43
1759086000,105.66
1759089600,105.9
1759093200,106.15
1759096800,106.97
1759100400,106.9
1759104000,106.94
1759107600,106.68
1759111200,106.83
1759114800,106.61
1759118400,106.29
1759122000,106.2
1759125600,105.74
1759129200,106.1
1759132800,106.31
1759136400,106.01
1759140000,105.77
1759143600,105.77
1759147200,105.59
1759150800,106.55
1759154400,106.65
1759158000,106.42
1759161600,105.91
1759165200,106.19
1759168800,105.9
1759172400,106.41
1759176000,107.21
1759179600,107.03
1759183200,107.05
1759186800,106.83
1759190400,106.7
1759194000,107.02
1759197600,106.42
1759201200,106.47
1759204800,106.44
1759208400,106.44
1759212000,106.27
1759215600,105.92
1759219200,105.6
1759222800,105.5
1759226400,105.43
1759230000,105.47
1759233600,105.22
1759237200,105.22
1759240800,105.2
1759244400,104.55
1759248000,104.52
1759251600,104.42
1759255200,105.26
1759258800,106.87
1759262400,107.45
1759266000,106.64
1759269600,106.44
1759273200,106.89
1759276800,106.53
1759280400,107.09
1759284000,106.19
1759287600,105.82
1759291200,106.2
1759294800,106.46
1759298400,105.56
1759302000,105.96
1759305600,109.1
1759309200,110.54
1759312800,109.53
1759316400,110.4
1759320000,110.88
1759323600,110.9
1759327200,111.22
1759330800,111.42
1759334400,111.74
1759338000,110.7
1759341600,111.37
1759345200,112.18
1759348800,112.08
1759352400,112.46
1759356000,114.87
1759359600,115.16
1759363200,118.02
1759366800,121.38
1759370400,118.4
1759374000,118.5
1759377600,117.93
1759381200,117.93
1759384800,117.99
1759388400,119.45
1759392000,119.21
1759395600,120.19
1759399200,122.19
1759402800,119.91
1759406400,119.87
1759410000,118.73
1759413600,117.76
1759417200,118.87
1759420800,119.27
1759424400,119.24
1759428000,119.3
1759431600,119.55
1759435200,119.94
1759438800,119.97
1759442400,119.1
1759446000,119.65
1759449600,118.28
1759453200,117.88
1759456800,117.63
1759460400,117.5
1759464000,117.88
1759467600,117.33
1759471200,116.9
1759474800,116.53
1759478400,116.91
1759482000,117.26
1759485600,117.5
1759489200,117.52
1759492800,118.16
1759496400,118.14
1759500000,119.13
1759503600,120.14
1759507200,120.45
1759510800,121.5
1759514400,123.4
1759518000,122.49
1759521600,122.56
1759525200,121.57
1759528800,120.99
1759532400,120.65
1759536000,120.51
1759539600,119.77
1759543200,119.88
1759546800,119.57
1759550400,119.1
1759554000,119.02
1759557600,119.18
1759561200,118.6
1759564800,118.47
1759568400,118.42
1759572000,118.34
1759575600,117.87
1759579200,118.08
1759582800,118.48
1759586400,117.96
1759590000,117.88
1759593600,118.77
1759597200,118.44
1759600800,118.61
1759604400,118.87
1759608000,119.12
1759611600,119.53
1759615200,120.07
1759618800,120.55
1759622400,120.84
1759626000,122.09
1759629600,123.92
1759633200,122.73
1759636800,121.24
1759640400,121.63
1759644000,121.05
1759647600,122.14
1759651200,122.07
1759654800,120.82
1759658400,120.06
1759662000,120.1
1759665600,119.76
1759669200,120.37
1759672800,120.03
1759676400,119.86
1759680000,119.98
1759683600,119.32
1759687200,119.49
1759690800,118.6
1759694400,118.91
1759698000,118.65
1759701600,118.63
1759705200,118.88
1759708800,118.42
1759712400,119.28
1759716000,120.32
1759719600,120.74
1759723200,119.8
1759726800,120.94
1759730400,120.6
1759734000,119.94
1759737600,120.28
1759741200,120.76
1759744800,120.19
1759748400,119.99
1759752000,119.84
1759755600,120.51
1759759200,120.12
1759762800,120.59
1759766400,119.67
1759770000,119.79
1759773600,120.3
1759777200,119.95
1759780800,119.73
1759784400,119.11
1759788000,118.53
1759791600,118.39
1759795200,118.73
1759798800,118.18
1759802400,118.0
1759806000,118.26
1759809600,118.59
1759813200,118.76
1759816800,118.06
1759820400,117.87
1759824000,118.2
1759827600,118.21
1759831200,118.09
1759834800,118.32
1759838400,119.04
1759842000,118.31
1759845600,116.71
1759849200,116.2
1759852800,116.38
1759856400,115.87
1759860000,115.52
1759863600,116.02
1759867200,116.93
1759870800,117.28
1759874400,117.48
1759878000,116.97
1759881600,117.85
1759885200,117.84
1759888800,117.82
1759892400,117.04
1759896000,116.89
1759899600,115.82
1759903200,115.92
1759906800,116.36
1759910400,116.56
1759914000,116.97
1759917600,116.75
1759921200,116.28
1759924800,116.76
1759928400,117.02
1759932000,116.54
1759935600,116.4
1759939200,117.71
1759942800,119.28
1759946400,118.69
1759950000,118.72
1759953600,118.08
1759957200,118.29
1759960800,118.42
1759964400,118.64
1759968000,119.03
1759971600,118.83
1759975200,117.14
1759978800,118.45
1759982400,119.35
1759986000,118.8
1759989600,117.77
1759993200,117.32
1759996800,115.74
1760000400,116.29
1760004000,116.66
1760007600,116.74
1760011200,118.27
1760014800,117.89
1760018400,118.09
1760022000,118.38
1760025600,115.94
1760029200,118.07
1760032800,117.38
1760036400,119.11
1760040000,119.16
1760043600,119.4
1760047200,126.69
1760050800,125.96
1760054400,128.51
1760058000,128.48
1760061600,128.14
1760065200,131.71
1760068800,129.72
1760072400,130.15
1760076000,127.78
1760079600,128.36
1760083200,129.09
1760086800,129.88
1760090400,129.82
1760094000,132.21
1760097600,133.25
1760101200,133.9
1760104800,131.93
1760108400,127.11
1760112000,125.26
1760115600,127.51
1760119200,126.44
1760122800,126.8
1760126400,121.61
1760130000,114.88
1760133600,103.4
1760137200,99.23
1760140800,97.24
1760144400,96.46
1760148000,101.59
1760151600,100.82
1760155200,100.76
1760158800,98.61
1760162400,99.1
1760166000,98.56
1760169600,99.52
1760173200,98.4
1760176800,98.6
1760180400,98.16
1760184000,97.48
1760187600,96.53
1760191200,96.14
1760194800,96.14
1760198400,96.26
1760202000,97.62
1760205600,97.31
1760209200,93.9
1760212800,91.73
1760216400,93.69
1760220000,94.05
1760223600,93.46
1760227200,91.83
1760230800,92.5
1760234400,92.7
1760238000,93.87
1760241600,94.58
1760245200,94.46
1760248800,96.05
1760252400,95.39
1760256000,95.64
1760259600,94.95
1760263200,95.56
1760266800,95.61
1760270400,96.02
1760274000,94.96
1760277600,96.48
1760281200,98.25
1760284800,99.19
1760288400,99.5
1760292000,99.09
1760295600,100.94
1760299200,100.77
1760302800,99.52
1760306400,98.92
1760310000,99.17
1760313600,98.36
1760317200,99.57
1760320800,98.96
1760324400,99.11
1760328000,98.57
1760331600,96.72
1760335200,97.38
1760338800,97.43
1760342400,98.26
1760346000,98.53
1760349600,97.99
1760353200,96.4
1760356800,96.85
1760360400,98.35
1760364000,96.15
1760367600,97.99
1760371200,98.39
1760374800,99.84
1760378400,99.35
1760382000,100.32
1760385600,101.32
1760389200,100.33
1760392800,100.24
1760396400,99.57
1760400000,100.31
1760403600,99.1
1760407200,99.2
1760410800,98.27
1760414400,96.83
1760418000,95.63
1760421600,93.76
1760425200,93.76
1760428800,94.41
1760432400,94.13
1760436000,93.01
1760439600,93.36
1760443200,92.26
1760446800,93.09
1760450400,93.67
1760454000,95.69
1760457600,95.36
1760461200,96.57
1760464800,97.48
1760468400,98.26
1760472000,98.1
1760475600,97.98
1760479200,97.73
1760482800,97.39
1760486400,97.62
1760490000,97.05
1760493600,98.02
1760497200,97.23
1760500800,97.72
1760504400,98.28
1760508000,98.37
1760511600,98.23
1760515200,98.78
1760518800,97.83
1760522400,97.79
1760526000,97.17
1760529600,97.08
1760533200,96.72
1760536800,96.02
1760540400,94.76
1760544000,94.15
1760547600,94.66
1760551200,95.38
1760554800,94.49
1760558400,94.24
1760562000,94.09
1760565600,94.49
1760569200,95.58
1760572800,95.18
1760576400,96.09
1760580000,96.0
1760583600,94.84
1760587200,94.51
1760590800,94.48
1760594400,95.58
1760598000,94.87
1760601600,94.23
1760605200,95.1
1760608800,95.45
1760612400,96.18
1760616000,96.24
1760619600,95.59
1760623200,94.87
1760626800,91.77
1760630400,93.21
1760634000,91.84
1760637600,91.82
1760641200,90.58
1760644800,90.19
1760648400,91.42
1760652000,90.82
1760655600,91.83
1760659200,92.37
1760662800,92.23
1760666400,92.28
1760670000,92.14
1760673600,91.93
1760677200,91.37
1760680800,88.62
1760684400,85.23
1760688000,84.92
1760691600,85.62
1760695200,85.73
1760698800,87.64
1760702400,88.32
1760706000,89.0
1760709600,88.57
1760713200,90.0
1760716800,90.7
1760720400,90.36
1760724000,90.83
1760727600,90.61
1760731200,91.15
1760734800,91.02
1760738400,90.63
1760742000,90.16
1760745600,90.55
1760749200,90.95
1760752800,90.65
1760756400,90.54
1760760000,90.23
1760763600,90.75
1760767200,90.85
1760770800,91.0
1760774400,90.79
1760778000,91.35
1760781600,91.38
1760785200,91.49
1760788800,90.91
1760792400,90.32
1760796000,90.71
1760799600,91.12
1760803200,91.07
1760806800,91.82
1760810400,91.78
1760814000,92.0
1760817600,91.89
1760821200,91.88
1760824800,91.63
1760828400,91.7
1760832000,91.1
1760835600,91.11
1760839200,91.57
1760842800,92.27
1760846400,91.95
1760850000,92.43
1760853600,92.04
1760857200,91.91
1760860800,91.25
1760864400,92.27
1760868000,93.24
1760871600,93.45
1760875200,93.61
1760878800,94.29
1760882400,94.45
1760886000,94.19
1760889600,94.1
1760893200,93.88
1760896800,94.35
1760900400,94.19
1760904000,94.29
1760907600,93.85
1760911200,94.1
1760914800,93.36
1760918400,93.17
1760922000,93.03
1760925600,93.41
1760929200,94.66
1760932800,94.72
1760936400,95.29
1760940000,95.61
1760943600,95.1
1760947200,94.83
1760950800,94.7
1760954400,94.65
1760958000,94.57
1760961600,94.82
1760965200,95.36
1760968800,95.55
1760972400,94.9
1760976000,94.52
1760979600,94.35
1760983200,94.85
1760986800,95.31
1760990400,95.19
1760994000,94.75
1760997600,94.97
1761001200,94.02
1761004800,93.48
1761008400,93.43
1761012000,93.01
1761015600,92.95
1761019200,91.9
1761022800,92.54
1761026400,92.83
1761030000,93.05
1761033600,92.19
1761037200,92.09
1761040800,92.7
1761044400,92.93
1761048000,93.0
1761051600,93.09
1761055200,95.5
1761058800,96.34
1761062400,95.72
1761066000,96.42
1761069600,96.53
1761073200,96.1
1761076800,95.72
1761080400,95.61
1761084000,94.52
1761087600,92.48
1761091200,92.44
1761094800,92.82
1761098400,93.09
1761102000,92.99
1761105600,93.2
1761109200,92.68
1761112800,92.56
1761116400,93.19
1761120000,92.46
1761123600,92.12
1761127200,91.88
1761130800,92.33
1761134400,92.93
1761138000,93.54
1761141600,93.46
1761145200,92.94
1761148800,95.15
1761152400,93.63
1761156000,94.12
1761159600,93.85
1761163200,92.6
1761166800,90.79
1761170400,90.88
1761174000,91.89
1761177600,92.52
1761181200,92.4
1761184800,92.36
1761188400,92.62
1761192000,92.25
1761195600,92.83
1761199200,93.87
1761202800,93.36
1761206400,93.6
1761210000,93.35
1761213600,93.67
1761217200,93.32
1761220800,93.3
1761224400,93.57
1761228000,93.56
1761231600,94.08
1761235200,94.51
1761238800,94.64
1761242400,93.95
1761246000,93.92
1761249600,93.3
1761253200,93.52
1761256800,93.79
1761260400,94.08
1761264000,94.5
1761267600,94.95
1761271200,95.2
1761274800,94.81
1761278400,95.3
1761282000,95.69
1761285600,96.05
1761289200,96.17
1761292800,96.41
1761296400,95.76
1761300000,95.43
1761303600,96.17
1761307200,96.48
1761310800,96.28
1761314400,95.39
1761318000,95.24
1761321600,95.58
1761325200,95.74
1761328800,95.76
1761332400,96.22
1761336000,96.82
1761339600,96.96
1761343200,96.63
1761346800,96.48
1761350400,96.51
1761354000,96.59
1761357600,96.27
1761361200,96.16
1761364800,96.3
1761368400,96.2
1761372000,96.15
1761375600,96.57
1761379200,96.41
1761382800,95.94
1761386400,96.18
1761390000,96.27
1761393600,96.42
1761397200,96.29
1761400800,96.37
1761404400,96.17
1761426000,96.84
1761429600,96.94
1761433200,97.0
1761436800,96.9
1761440400,96.69
1761444000,96.58
1761447600,96.48
1761451200,96.7
1761454800,96.84
1761458400,97.25
1761462000,97.47
1761465600,97.75
1761469200,98.46
1761472800,98.02
1761476400,98.74
1761480000,99.5
1761483600,99.25
1761487200,98.74
1761490800,99.21
1761494400,99.12
1761498000,99.13
1761501600,99.2
1761505200,99.26
1761508800,98.96
1761512400,99.43
1761516000,100.36
1761519600,100.03
1761523200,100.17
1761526800,100.55
1761530400,100.43
1761534000,100.05
1761537600,100.51
1761541200,100.47
1761544800,100.91
1761548400,99.79
1761552000,99.32
1761555600,98.95
1761559200,98.98
1761562800,99.25
1761566400,98.69
1761570000,99.17
1761573600,99.14
1761577200,102.06
1761580800,102.74
1761584400,101.9
1761588000,101.97
1761591600,102.04
1761595200,100.25
1761598800,100.24
1761602400,99.26
1761606000,99.4
1761609600,99.7
1761613200,100.29
1761616800,99.82
1761620400,100.04
1761624000,100.02
1761627600,99.48
1761631200,105.5
1761634800,102.45
1761638400,102.44
1761642000,102.01
1761645600,101.68
1761649200,102.21
1761652800,102.35
1761656400,101.69
1761660000,98.6
1761663600,99.07
1761667200,99.37
1761670800,99.95
1761674400,99.33
1761678000,98.3
1761681600,96.7
1761685200,96.92
1761688800,97.23
1761692400,96.65
1761696000,96.58
1761699600,96.8
1761703200,96.75
1761706800,96.47
1761710400,96.76
1761714000,97.25
1761717600,97.48
1761721200,98.69
1761724800,97.74
1761728400,97.61
1761732000,98.16
1761735600,98.47
1761739200,99.32
1761742800,99.98
1761746400,98.98
1761750000,98.19
1761753600,98.96
1761757200,99.39
1761760800,98.66
1761764400,98.76
1761768000,99.26
1761771600,99.64
1761775200,99.52
1761778800,98.55
1761782400,99.3
1761786000,98.96
1761789600,99.71
1761793200,98.98
1761796800,96.37
1761800400,98.14
1761804000,98.25
1761807600,98.73
1761811200,97.98
1761814800,97.33
1761818400,96.8
1761822000,96.69
1761825600,95.57
1761829200,93.25
1761832800,93.28
1761836400,92.13
1761840000,92.52
1761843600,92.11
1761847200,91.48
1761850800,90.64
1761854400,92.01
1761858000,92.34
1761861600,92.82
1761865200,93.4
1761868800,93.88
1761872400,93.82
1761876000,93.58
1761879600,93.84
1761883200,94.51
1761886800,94.16
1761890400,94.05
1761894000,94.25
1761897600,94.61
1761901200,94.34
1761904800,94.22
1761908400,94.99
1761912000,94.68
1761915600,94.98
1761919200,95.8
1761922800,95.59
1761926400,94.56
1761930000,94.62
1761933600,94.89
1761937200,96.07
1761940800,95.53
1761944400,95.62
1761948000,95.46
1761951600,95.35
1761955200,95.5
1761958800,95.49
1761962400,95.77
1761966000,96.11
1761969600,96.19
1761973200,95.74
1761976800,97.65
1761980400,99.05
1761984000,98.24
1761987600,97.98
1761991200,98.66
1761994800,98.61
1761998400,98.91
1762002000,99.2
1762005600,98.77
1762009200,98.63
1762012800,99.19
1762016400,99.21
1762020000,99.43
1762023600,99.7
1762027200,100.05
1762030800,99.82
1762034400,100.21
1762038000,101.32
1762041600,100.77
1762045200,99.97
1762048800,99.9
1762052400,99.48
1762056000,100.09
1762059600,100.37
1762063200,100.01
1762066800,100.66
1762070400,100.23
1762074000,100.5
1762077600,100.11
1762081200,100.83
1762084800,100.33
1762088400,99.27
1762092000,98.75
1762095600,98.37
1762099200,98.53
1762102800,98.17
1762106400,98.29
1762110000,98.26
1762113600,98.4
1762117200,98.6
1762120800,98.2
1762124400,99.41
1762128000,98.2
1762131600,97.86
1762135200,97.13
1762138800,94.11
1762142400,94.67
1762146000,93.67
1762149600,93.44
1762153200,93.21
1762156800,93.25
1762160400,92.39
1762164000,91.64
1762167600,91.69
1762171200,91.46
1762174800,92.01
1762178400,92.23
1762182000,87.72
1762185600,88.21
1762189200,89.98
1762192800,88.76
1762196400,87.39
1762200000,86.92
1762203600,87.37
1762207200,86.88
1762210800,87.41
1762214400,88.34
1762218000,89.27
1762221600,89.07
1762225200,89.46
1762228800,89.11
1762232400,85.3
1762236000,86.74
1762239600,86.16
1762243200,86.93
1762246800,86.91
1762250400,87.16
1762254000,87.06
1762257600,86.61
1762261200,86.69
1762264800,88.54
1762268400,87.47
1762272000,86.23
1762275600,85.57
1762279200,84.35
1762282800,83.47
1762286400,83.11
1762290000,83.02
1762293600,85.47
1762297200,85.2
1762300800,84.4
1762304400,84.54
1762308000,86.98
1762311600,86.97
1762315200,87.21
1762318800,86.97
1762322400,87.29
1762326000,87.03
1762329600,86.29
1762333200,86.68
1762336800,85.44
1762340400,86.58
1762344000,86.78
1762347600,87.34
1762351200,86.97
1762354800,87.8
1762358400,88.49
1762362000,88.18
1762365600,88.89
1762369200,89.03
1762372800,88.93
1762376400,88.74
1762380000,89.51
1762383600,89.38
1762387200,88.61
1762390800,88.41
1762394400,88.57
1762398000,88.48
1762401600,88.5
1762405200,87.28
1762408800,86.93
1762412400,86.68
1762416000,86.85
1762419600,87.21
1762423200,87.26
1762426800,87.39
1762430400,86.56
1762434000,88.36
1762437600,86.95
1762441200,86.6
1762444800,86.24
1762448400,87.53
1762452000,87.72
1762455600,87.44
1762459200,86.76
1762462800,87.26
1762466400,87.41
1762470000,86.96
1762473600,87.78
1762477200,88.23
1762480800,88.66
1762484400,89.0
1762488000,88.94
1762491600,90.18
1762495200,89.45
1762498800,90.69
1762502400,90.21
1762506000,89.04
1762509600,88.3
1762513200,87.88
1762516800,86.61
1762520400,87.74
1762524000,89.6
1762527600,93.04
1762531200,103.21
1762534800,103.89
1762538400,101.07
1762542000,100.59
1762545600,101.08
1762549200,102.15
1762552800,103.32
1762556400,101.83
1762560000,100.12
1762563600,102.58
1762567200,101.22
1762570800,100.84
1762574400,101.72
1762578000,100.14
1762581600,99.5
1762585200,99.9
1762588800,100.21
1762592400,99.24
1762596000,99.57
1762599600,99.73
1762603200,100.53
1762606800,99.62
1762610400,99.77
1762614000,98.66
1762617600,99.34
1762621200,99.86
1762624800,100.89
1762628400,100.64
1762632000,100.79
1762635600,101.15
1762639200,101.44
1762642800,106.95
1762646400,104.58
1762650000,105.11
1762653600,101.48
1762657200,100.03
1762660800,100.33
1762664400,100.48
1762668000,101.12
1762671600,101.54
1762675200,101.16
1762678800,99.87
1762682400,105.43
1762686000,102.02
1762689600,102.66
1762693200,105.01
1762696800,106.41
1762700400,106.84
1762704000,105.74
1762707600,105.16
1762711200,108.64
1762714800,109.54
1762718400,111.48
1762722000,110.96
1762725600,111.45
1762729200,110.36
1762732800,110.2
1762736400,109.96
1762740000,109.46
1762743600,108.35
1762747200,108.47
1762750800,109.05
1762754400,108.24
1762758000,107.21
1762761600,107.13
1762765200,108.41
1762768800,107.11
1762772400,107.12
1762776000,106.55
1762779600,107.45
1762783200,106.36
1762786800,107.46
1762790400,106.76
1762794000,107.88
1762797600,107.51
1762801200,107.57
1762804800,107.05
1762808400,104.6
1762812000,105.12
1762815600,104.21
1762819200,104.24
1762822800,104.54
1762826400,105.07
1762830000,105.2
1762833600,104.28
1762837200,103.25
1762840800,103.72
1762844400,102.1
1762848000,102.45
1762851600,102.3
1762855200,102.24
1762858800,102.67
1762862400,102.2
1762866000,101.65
1762869600,102.82
1762873200,101.02
1762876800,101.0
1762880400,100.57
1762884000,100.17
1762887600,100.22
1762891200,99.46
1762894800,99.44
1762898400,100.6
1762902000,99.64
1762905600,99.3
1762909200,99.44
1762912800,99.24
1762916400,99.43
1762920000,99.55
1762923600,99.74
1762927200,99.46
1762930800,99.59
1762934400,101.28
1762938000,101.81
1762941600,102.28
1762945200,102.06
1762948800,102.74
1762952400,103.89
1762956000,101.5
1762959600,100.06
1762963200,95.31
1762966800,96.15
1762970400,96.43
1762974000,97.12
1762977600,98.4
1762981200,98.3
1762984800,98.14
1762988400,97.59
1762992000,98.05
1762995600,98.9
1762999200,99.2
1763002800,99.0
1763006400,99.57
1763010000,101.09
1763013600,100.89
1763017200,100.58
1763020800,100.27
1763024400,99.64
1763028000,99.44
1763031600,100.17
1763035200,100.97
1763038800,100.77
1763042400,101.75
1763046000,99.54
1763049600,97.33
1763053200,95.75
1763056800,95.3
1763060400,94.94
1763064000,94.73
1763067600,94.92
1763071200,96.48
1763074800,96.51
1763078400,95.9
1763082000,95.68
1763085600,96.26
1763089200,96.33
1763092800,95.31
1763096400,96.18
1763100000,97.5
1763103600,98.17
1763107200,97.37
1763110800,95.62
1763114400,96.18
1763118000,96.06
1763121600,95.92
1763125200,95.16
1763128800,96.38
1763132400,96.85
1763136000,97.62
1763139600,96.5
1763143200,96.83
1763146800,99.96
1763150400,98.1
1763154000,98.77
1763157600,98.31
1763161200,97.6
1763164800,98.32
1763168400,101.8
1763172000,105.18
1763175600,104.12
1763179200,104.31
1763182800,103.87
1763186400,103.63
1763190000,102.69
1763193600,102.0
1763197200,102.43
1763200800,102.23
1763204400,102.72
1763208000,106.65
1763211600,106.44
1763215200,105.13
1763218800,104.13
1763222400,103.99
1763226000,103.28
1763229600,103.84
1763233200,103.29
1763236800,102.18
1763240400,101.89
1763244000,102.25
1763247600,101.64
1763251200,101.41
1763254800,100.56
1763258400,101.93
1763262000,102.43
1763265600,101.98
1763269200,101.86
1763272800,101.38
1763276400,101.89
1763280000,101.63
1763283600,102.48
1763287200,102.1
1763290800,100.53
1763294400,101.41
1763298000,100.56
1763301600,100.89
1763305200,97.76
1763308800,97.28
1763312400,95.54
1763316000,96.02
1763319600,95.92
1763323200,95.75
1763326800,95.68
1763330400,96.31
1763334000,95.74
1763337600,97.33
1763341200,96.38
1763344800,97.06
1763348400,97.08
1763352000,96.68
1763355600,96.91
1763359200,97.15
1763362800,96.97
1763366400,96.32
1763370000,96.25
1763373600,96.51
1763377200,96.48
1763380800,95.92
1763384400,94.17
1763388000,95.64
1763391600,94.59
1763395200,95.25
1763398800,93.46
1763402400,92.68
1763406000,91.87
1763409600,91.94
1763413200,91.61
1763416800,91.27
1763420400,91.16
1763424000,91.95
1763427600,91.83
1763431200,91.54
1763434800,93.0
1763438400,93.71
1763442000,93.88
1763445600,93.71
1763449200,95.38
1763452800,95.71
1763456400,96.11
1763460000,94.96
1763463600,95.18
1763467200,95.88
1763470800,95.78
1763474400,94.83
1763478000,96.29
1763481600,96.47
1763485200,96.1
1763488800,95.29
1763492400,95.07
1763496000,95.28
1763499600,94.73
1763503200,96.13
1763506800,95.6
1763510400,95.76
1763514000,95.31
1763517600,95.2
1763521200,94.44
1763524800,93.83
1763528400,92.91
1763532000,93.88
1763535600,94.39
1763539200,94.33
1763542800,93.58
1763546400,93.69
1763550000,93.43
1763553600,93.62
1763557200,92.78
1763560800,93.57
1763564400,91.63
1763568000,90.71
1763571600,89.97
1763575200,89.33
1763578800,89.81
1763582400,90.81
1763586000,92.37
1763589600,92.18
1763593200,92.82
1763596800,92.55
1763600400,93.33
1763604000,93.06
1763607600,93.16
1763611200,93.57
1763614800,92.79
1763618400,92.72
1763622000,93.01
1763625600,92.73
1763629200,92.5
1763632800,92.5
1763636400,92.48
1763640000,92.74
1763643600,91.83
1763647200,92.02
1763650800,90.3
1763654400,86.95
1763658000,87.04
1763661600,86.74
1763665200,86.97
1763668800,86.69
1763672400,87.66
1763676000,88.59
1763679600,87.14
1763683200,88.18
1763686800,87.95
1763690400,86.56
1763694000,86.91
1763697600,87.31
1763701200,86.8
1763704800,86.84
1763708400,84.49
1763712000,84.09
1763715600,82.98
1763719200,82.87
1763722800,81.65
1763726400,82.53
1763730000,83.41
1763733600,83.75
1763737200,81.92
1763740800,83.65
1763744400,83.29
1763748000,83.15
1763751600,82.93
1763755200,81.99
1763758800,82.6
1763762400,80.99
1763766000,82.6
1763769600,82.86
1763773200,83.82
1763776800,83.35
1763780400,83.17
1763784000,82.51
1763787600,82.22
1763791200,83.21
1763794800,83.15
1763798400,81.65
1763802000,81.84
1763805600,82.02
1763809200,82.84
1763812800,81.97
1763816400,81.25
1763820000,81.92
1763823600,81.47
1763827200,82.13
1763830800,81.97
1763834400,82.33
1763838000,82.05
1763841600,81.46
1763845200,81.8
1763848800,82.84
1763852400,82.05
1763856000,82.12
1763859600,83.23
1763863200,83.85
1763866800,83.67
1763870400,83.96
1763874000,83.77
1763877600,83.01
1763881200,83.09
1763884800,83.27
1763888400,83.23
1763892000,83.08
1763895600,83.05
1763899200,83.41
1763902800,83.85
1763906400,83.03
1763910000,83.72
1763913600,83.36
1763917200,82.99
1763920800,83.48
1763924400,83.82
1763928000,83.76
1763931600,84.32
1763935200,84.11
1763938800,83.08
1763942400,83.09
1763946000,83.3
1763949600,84.3
1763953200,84.16
1763956800,83.33
1763960400,84.23
1763964000,83.9
1763967600,83.86
1763971200,84.32
1763974800,83.08
1763978400,83.22
1763982000,83.15
1763985600,82.6
1763989200,82.88
1763992800,83.42
1763996400,84.13
1764000000,84.89
1764003600,86.75
1764007200,86.3
1764010800,86.0
1764014400,86.96
1764018000,86.0
1764021600,86.08
1764025200,85.44
1764028800,86.07
1764032400,85.84
1764036000,85.83
1764039600,85.38
1764043200,85.29
1764046800,84.82
1764050400,84.46
1764054000,84.08
1764057600,83.66
1764061200,84.47
1764064800,83.96
1764068400,83.71
1764072000,84.11
1764075600,83.66
1764079200,83.99
1764082800,84.2
1764086400,85.1
1764090000,86.19
1764093600,85.59
1764097200,85.36
1764100800,85.8
1764104400,84.85
1764108000,85.48
1764111600,85.26
1764115200,85.35
1764118800,85.75
1764122400,85.1
1764126000,84.49
1764129600,84.69
1764133200,85.2
1764136800,85.14
1764140400,85.37
1764144000,84.78
1764147600,84.8
1764151200,84.65
1764154800,84.16
1764158400,83.83
1764162000,84.48
1764165600,83.85
1764169200,83.8
1764172800,84.22
1764176400,86.16
1764180000,86.97
1764183600,86.59
1764187200,86.64
1764190800,87.04
1764194400,87.14
1764198000,86.85
1764201600,86.67
1764205200,86.84
1764208800,86.53
1764212400,86.19
1764216000,86.38
1764219600,86.42
1764223200,86.56
1764226800,86.48
1764230400,86.62
1764234000,87.04
1764237600,86.67
1764241200,86.43
1764244800,86.38
1764248400,86.59
1764252000,86.73
1764255600,87.22
1764259200,87.18
1764262800,87.16
1764266400,87.37
1764270000,87.32
1764273600,87.55
1764277200,87.29
1764280800,86.61
1764284400,86.58
1764288000,86.16
1764291600,85.04
1764295200,85.34
1764298800,85.28
1764302400,85.0
1764306000,85.21
1764309600,84.75
1764313200,84.59
1764316800,86.05
1764320400,85.73
1764324000,85.8
1764327600,85.02
1764331200,84.96
1764334800,85.7
1764338400,86.02
1764342000,85.98
1764345600,84.65
1764349200,83.7
1764352800,84.05
1764356400,84.78
1764360000,84.67
1764363600,84.44
1764367200,84.78
1764370800,84.24
1764374400,84.48
1764378000,84.62
1764381600,84.41
1764385200,84.44
1764388800,85.65
1764392400,84.86
1764396000,84.46
1764399600,84.24
1764403200,84.2
1764406800,84.47
1764410400,84.56
1764414000,84.65
1764417600,84.16
1764421200,84.21
1764424800,84.07
1764428400,84.44
1764432000,84.22
1764435600,83.56
1764439200,83.61
1764442800,83.77
1764446400,84.23
1764450000,84.08
1764453600,83.91
1764457200,83.97
1764460800,84.08
1764464400,84.31
1764468000,84.02
1764471600,84.19
1764475200,84.0
1764478800,83.79
1764482400,83.94
1764486000,84.11
1764489600,84.25
1764493200,84.33
1764496800,84.04
1764500400,83.93
1764504000,84.4
1764507600,84.83
1764511200,84.25
1764514800,83.96
1764518400,84.38
1764522000,84.34
1764525600,84.0
1764529200,83.98
1764532800,83.87
1764536400,83.8
1764540000,84.06
1764543600,82.39
1764547200,78.02
1764550800,78.5
1764554400,78.48
1764558000,78.07
1764561600,77.17
1764565200,77.28
1764568800,77.44
1764572400,77.47
1764576000,77.91
1764579600,77.73
1764583200,77.86
1764586800,77.45
1764590400,76.94
1764594000,76.58
1764597600,76.71
1764601200,75.65
1764604800,75.17
1764608400,75.63
1764612000,76.08
1764615600,76.02
1764619200,76.84
1764622800,77.34
1764626400,77.55
1764630000,77.56
1764633600,77.77
1764637200,77.6
1764640800,77.65
1764644400,77.86
1764648000,77.56
1764651600,77.51
1764655200,77.99
1764658800,78.05
1764662400,77.36
1764666000,77.87
1764669600,78.48
1764673200,78.63
1764676800,78.56
1764680400,79.32
1764684000,80.36
1764687600,82.46
1764691200,82.13
1764694800,82.21
1764698400,82.77
1764702000,82.8
1764705600,82.8
1764709200,83.13
1764712800,83.32
1764716400,82.83
1764720000,83.37
1764723600,83.25
1764727200,83.76
1764730800,84.02
1764734400,85.06
1764738000,85.13
1764741600,85.04
1764745200,85.2
1764748800,85.3
1764752400,85.27
1764756000,85.15
1764759600,85.5
1764763200,85.71
1764766800,85.18
1764770400,84.72
1764774000,85.18
1764777600,85.28
1764781200,85.51
1764784800,85.5
1764788400,85.78
1764792000,85.89
1764795600,86.58
1764799200,86.13
1764802800,85.83
1764806400,86.25
1764810000,86.12
1764813600,86.44
1764817200,86.21
1764820800,85.91
1764824400,86.0
1764828000,85.73
1764831600,85.62
1764835200,85.16
1764838800,84.91
1764842400,84.59
1764846000,84.08
1764849600,84.27
1764853200,84.03
1764856800,83.45
1764860400,84.5
1764864000,83.75
1764867600,83.73
1764871200,83.64
1764874800,83.35
1764878400,84.01
1764882000,83.59
1764885600,83.83
1764889200,83.56
1764892800,83.73
1764896400,83.69
1764900000,83.83
1764903600,83.43
1764907200,83.36
1764910800,83.36
1764914400,83.69
1764918000,83.64
1764921600,83.32
1764925200,82.18
1764928800,82.27
1764932400,82.25
1764936000,82.41
1764939600,82.14
1764943200,81.79
1764946800,82.04
1764950400,80.54
1764954000,80.56
1764957600,80.01
1764961200,80.44
1764964800,80.04
1764968400,80.03
1764972000,80.31
1764975600,80.42
1764979200,80.45
1764982800,80.33
1764986400,80.54
1764990000,80.69
1764993600,80.42
1764997200,80.31
1765000800,80.46
1765004400,80.2
1765008000,80.03
1765011600,80.52
1765015200,80.63
1765018800,81.11
1765022400,81.3
1765026000,81.57
1765029600,81.66
1765033200,80.91
1765036800,81.13
1765040400,81.69
1765044000,82.02
1765047600,81.69
1765051200,81.79
1765054800,81.89
1765058400,81.74
1765062000,81.71
1765065600,82.24
1765069200,82.05
1765072800,82.25
1765076400,82.21
1765080000,82.13
1765083600,82.11
1765087200,82.71
1765090800,82.41
1765094400,82.1
1765098000,81.6
1765101600,81.81
1765105200,81.71
1765108800,82.33
1765112400,81.74
1765116000,80.01
1765119600,81.63
1765123200,81.6
1765126800,83.07
1765130400,83.18
1765134000,83.26
1765137600,83.21
1765141200,81.66
1765144800,81.05
1765148400,81.43
1765152000,81.27
1765155600,82.12
1765159200,82.55
1765162800,82.45
1765166400,82.8
1765170000,83.3
1765173600,83.52
1765177200,83.22
1765180800,83.48
1765184400,83.82
1765188000,83.85
1765191600,83.59
1765195200,83.6
1765198800,83.51
1765202400,83.37
1765206000,83.37
1765209600,83.62
1765213200,83.89
1765216800,83.22
1765220400,83.25
1765224000,83.97
1765227600,84.33
1765231200,84.15
1765234800,83.89
1765238400,84.03
1765242000,83.51
1765245600,83.21
1765249200,83.49
1765252800,83.05
1765256400,82.88
1765260000,82.88
1765263600,83.43
1765267200,83.54
1765270800,83.38
1765274400,83.38
1765278000,83.32
1765281600,84.14
1765285200,84.52
1765288800,83.67
1765292400,85.86
1765296000,87.04
1765299600,86.66
1765303200,86.5
1765306800,86.41
1765310400,85.97
1765314000,85.4
1765317600,86.2
1765321200,85.82
1765324800,85.29
1765328400,85.13
1765332000,85.02
1765335600,84.66
1765339200,84.6
1765342800,84.55
1765346400,84.37
1765350000,84.25
1765353600,84.22
1765357200,84.65
1765360800,83.79
1765364400,84.17
1765368000,84.21
1765371600,84.38
1765375200,84.25
1765378800,84.22
1765382400,84.65
1765386000,84.86
1765389600,84.98
1765393200,85.67
1765396800,85.37
1765400400,84.9
1765404000,85.29
1765407600,84.34
1765411200,82.8
1765414800,81.58
1765418400,80.93
1765422000,80.69
1765425600,81.64
1765429200,81.61
1765432800,81.29
1765436400,80.9
1765440000,80.97
1765443600,81.01
1765447200,80.9
1765450800,81.01
1765454400,80.71
1765458000,80.98
1765461600,80.85
1765465200,81.05
1765468800,81.19
1765472400,81.4
1765476000,81.77
1765479600,81.66
1765483200,82.42
1765486800,83.27
1765490400,82.9
1765494000,82.96
1765497600,82.3
1765501200,82.86
1765504800,83.3
1765508400,82.96
1765512000,82.76
1765515600,83.18
1765519200,83.43
1765522800,83.41
1765526400,83.44
1765530000,83.95
1765533600,83.94
1765537200,84.09
1765540800,84.29
1765544400,84.09
1765548000,84.2
1765551600,81.39
1765555200,80.91
1765558800,81.57
1765562400,81.76
1765566000,81.32
1765569600,81.6
1765573200,81.79
1765576800,82.05
1765580400,81.97
1765584000,81.96
1765587600,82.11
1765591200,82.16
1765594800,82.36
1765598400,82.33
1765602000,82.22
1765605600,81.66
1765609200,81.81
1765612800,82.0
1765616400,81.81
1765620000,81.83
1765623600,81.63
1765627200,81.62
1765630800,81.41
1765634400,81.46
1765638000,81.75
1765641600,81.95
1765645200,81.61
1765648800,81.3
1765652400,81.4
1765656000,81.4
1765659600,81.28
1765663200,81.31
1765666800,81.48
1765670400,81.51
1765674000,81.54
1765677600,81.73
1765681200,81.51
1765684800,81.2
1765688400,81.08
1765692000,80.91
1765695600,81.06
1765699200,81.0
1765702800,80.92
1765706400,80.56
1765710000,79.99
1765713600,80.25
1765717200,80.3
1765720800,79.38
1765724400,78.94
1765728000,79.38
1765731600,78.97
1765735200,79.43
1765738800,79.15
1765742400,79.03
1765746000,78.24
1765749600,78.69
1765753200,78.98
1765756800,79.42
1765760400,80.39
1765764000,80.19
1765767600,80.4
1765771200,80.78
1765774800,81.17
1765778400,81.05
1765782000,80.8
1765785600,80.89
1765789200,81.03
1765792800,80.99
1765796400,81.08
1765800000,80.98
1765803600,80.63
1765807200,79.63
1765810800,77.83
1765814400,77.09
1765818000,76.47
1765821600,76.8
1765825200,76.99
1765828800,76.32
1765832400,77.01
1765836000,77.4
1765839600,77.52
1765843200,77.16
1765846800,77.2
1765850400,77.47
1765854000,77.84
1765857600,77.42
1765861200,77.36
1765864800,78.03
1765868400,77.18
1765872000,77.27
1765875600,77.58
1765879200,78.45
1765882800,78.96
1765886400,78.84
1765890000,77.62
1765893600,78.26
1765897200,79.4
1765900800,78.99
1765904400,78.77
1765908000,79.43
1765911600,79.18
1765915200,78.94
1765918800,79.3
1765922400,79.24
1765926000,79.05
1765929600,79.13
1765933200,79.25
1765936800,79.34
1765940400,79.13
1765944000,78.84
1765947600,79.21
1765951200,78.96
1765954800,78.84
1765958400,78.35
1765962000,78.1
1765965600,78.24
1765969200,78.78
1765972800,78.42
1765976400,79.22
1765980000,80.27
1765983600,78.22
1765987200,77.12
1765990800,76.39
1765994400,75.54
1765998000,76.18
1766001600,76.18
1766005200,75.56
1766008800,76.18
1766012400,76.0
1766016000,76.21
1766019600,75.67
1766023200,76.25
1766026800,75.76
1766030400,75.84
1766034000,74.92
1766037600,75.22
1766041200,75.32
1766044800,75.87
1766048400,75.93
1766052000,76.14
1766055600,76.19
1766059200,76.38
1766062800,78.18
1766066400,77.31
1766070000,77.63
1766073600,77.4
1766077200,75.11
1766080800,74.46
1766084400,72.71
1766088000,73.2
1766091600,74.5
1766095200,74.27
1766098800,74.25
1766102400,74.21
1766106000,73.85
1766109600,74.21
1766113200,75.73
1766116800,75.83
1766120400,75.54
1766124000,75.63
1766127600,75.82
1766131200,76.01
1766134800,76.06
1766138400,76.09
1766142000,76.2
1766145600,76.19
1766149200,76.15
1766152800,76.52
1766156400,76.2
1766160000,76.6
1766163600,75.99
1766167200,76.51
1766170800,77.63
1766174400,77.76
1766178000,77.35
1766181600,77.61
1766185200,77.45
1766188800,77.42
1766192400,77.3
1766196000,77.24
1766199600,76.9
1766203200,76.49
1766206800,76.73
1766210400,76.81
1766214000,77.06
1766217600,77.38
1766221200,77.49
1766224800,77.15
1766228400,77.35
1766232000,77.04
1766235600,77.0
1766239200,76.97
1766242800,76.66
1766246400,76.86
1766250000,76.94
1766253600,77.25
1766257200,77.29
1766260800,77.55
1766264400,77.87
1766268000,78.37
1766271600,77.83
1766275200,77.82
1766278800,77.22
1766282400,76.98
1766286000,77.23
1766289600,77.05
1766293200,77.08
1766296800,77.17
1766300400,77.17
1766304000,77.41
1766307600,77.65
1766311200,77.41
1766314800,77.4
1766318400,76.99
1766322000,75.64
1766325600,75.99
1766329200,75.92
1766332800,76.33
1766336400,76.24
1766340000,76.33
1766343600,76.58
1766347200,76.27
1766350800,76.01
1766354400,76.58
1766358000,76.76
1766361600,77.1
1766365200,77.17
1766368800,77.48
1766372400,77.98
1766376000,77.89
1766379600,77.57
1766383200,77.49
1766386800,77.8
1766390400,77.74
1766394000,77.84
1766397600,77.91
1766401200,77.97
1766404800,78.12
1766408400,78.09
1766412000,78.54
1766415600,79.27
1766419200,78.83
1766422800,78.49
1766426400,78.28
1766430000,77.04
1766433600,76.39
1766437200,76.7
1766440800,77.15
1766444400,77.0
1766448000,77.11
1766451600,76.85
1766455200,76.5
1766458800,76.73
1766462400,76.8
1766466000,76.87
1766469600,76.6
1766473200,76.72
1766476800,76.5
1766480400,76.56
1766484000,76.53
1766487600,76.89
1766491200,76.86
1766494800,76.36
1766498400,75.94
1766502000,76.64
1766505600,77.2
1766509200,76.47
1766512800,77.21
1766516400,77.2
1766520000,77.41
1766523600,77.06
1766527200,76.81
1766530800,76.95
1766534400,77.16
1766538000,77.06
1766541600,76.23
1766545200,76.59
1766548800,76.1
1766552400,75.77
1766556000,75.86
1766559600,75.63
1766563200,75.31
1766566800,75.72
1766570400,76.08
1766574000,76.09
1766577600,76.43
1766581200,76.5
1766584800,75.29
1766588400,75.9
1766592000,75.77
1766595600,75.52
1766599200,75.51
1766602800,75.73
1766606400,75.52
1766610000,75.5
1766613600,76.08
1766617200,75.76
1766620800,75.54
1766624400,75.92
1766628000,76.15
1766631600,76.23
1766635200,76.35
1766638800,76.26
1766642400,76.44
1766646000,76.89
1766649600,76.71
1766653200,76.81
1766656800,76.1
1766660400,76.15
1766664000,76.2
1766667600,76.22
1766671200,76.24
1766674800,76.98
1766678400,76.91
1766682000,77.12
1766685600,77.32
1766689200,77.37
1766692800,77.18
1766696400,77.01
1766700000,76.09
1766703600,75.67
1766707200,76.07
1766710800,76.32
1766714400,77.36
1766718000,77.46
1766721600,77.59
1766725200,77.82
1766728800,77.71
1766732400,77.17
1766736000,76.94
1766739600,77.19
1766743200,77.36
1766746800,77.04
1766750400,77.23
1766754000,77.35
1766757600,75.86
1766761200,76.59
1766764800,76.07
1766768400,76.45
1766772000,76.64
1766775600,76.74
1766779200,76.96
1766782800,76.69
1766786400,76.77
1766790000,76.82
1766793600,77.02
1766797200,76.99
1766800800,77.16
1766804400,77.5
1766808000,77.16
1766811600,77.29
1766815200,77.1
1766818800,77.03
1766822400,77.02
1766826000,77.29
1766829600,77.39
1766833200,77.86
1766836800,78.16
1766840400,78.14
1766844000,78.6
1766847600,78.65
1766851200,78.72
1766854800,78.87
1766858400,78.69
1766862000,79.12
1766865600,79.24
1766869200,79.45
1766872800,79.39
1766876400,80.27
1766880000,80.24
1766883600,79.82
1766887200,79.63
1766890800,79.33
1766894400,79.22
1766898000,79.09
1766901600,79.45
1766905200,79.62
1766908800,79.78
1766912400,79.27
1766916000,79.3
1766919600,79.2
1766923200,78.95
1766926800,78.94
1766930400,79.31
1766934000,79.32
1766937600,79.23
1766941200,79.38
1766944800,78.22
1766948400,78.23
1766952000,78.12
1766955600,78.12
1766959200,78.3
1766962800,78.67
1766966400,79.19
1766970000,79.21
1766973600,78.98
1766977200,80.06
1766980800,79.68
1766984400,79.48
1766988000,79.03
1766991600,79.14
1766995200,78.79
1766998800,78.07
1767002400,77.99
1767006000,77.75
1767009600,77.58
1767013200,77.35
1767016800,77.88
1767020400,78.2
1767024000,77.85
1767027600,78.18
1767031200,77.41
1767034800,77.85
1767038400,77.95
1767042000,78.19
1767045600,78.29
1767049200,78.22
1767052800,78.19
1767056400,78.27
1767060000,77.94
1767063600,78.13
1767067200,78.22
1767070800,78.06
1767074400,78.06
1767078000,78.18
1767081600,77.92
1767085200,78.05
1767088800,77.96
1767092400,77.97
1767096000,77.73
1767099600,78.16
1767103200,78.53
1767106800,78.61
1767110400,78.23
1767114000,77.99
1767117600,78.0
1767121200,78.1
1767124800,77.73
1767128400,77.91
1767132000,78.03
1767135600,78.81
1767139200,77.99
1767142800,78.12
1767146400,78.0
1767150000,78.03
1767153600,77.95
1767157200,78.08
1767160800,78.21
1767164400,78.15
1767168000,77.82
1767171600,77.93
1767175200,77.96
1767178800,78.17
1767182400,77.95
1767186000,78.12
1767189600,78.14
1767193200,77.51
1767196800,76.84
1767200400,76.35
1767204000,76.64
1767207600,76.46
1767211200,76.6
1767214800,76.76
1767218400,76.77
1767222000,76.73
1767225600,76.92
1767229200,77.18
1767232800,77.03
1767236400,76.75
1767240000,76.64
1767243600,77.07
1767247200,77.11
1767250800,77.04
1767254400,77.37
1767258000,77.5
1767261600,77.37
1767265200,77.68
1767268800,77.49
1767272400,77.91
1767276000,78.03
1767279600,78.74
1767283200,78.75
1767286800,78.88
1767290400,78.93
1767294000,79.32
1767297600,79.38
1767301200,79.54
1767304800,79.8
1767308400,79.87
1767312000,79.6
1767315600,79.3
1767319200,79.4
1767322800,80.07
1767326400,79.58
1767330000,79.74
1767333600,79.37
1767337200,79.22
1767340800,79.41
1767344400,80.16
1767348000,79.91
1767351600,79.61
1767355200,80.07
1767358800,79.98
1767362400,80.49
1767366000,80.5
1767369600,81.45
1767373200,81.25
1767376800,81.09
1767380400,81.24
1767384000,81.18
1767387600,81.79
1767391200,82.1
1767394800,81.9
1767398400,82.03
1767402000,82.54
1767405600,82.67
1767409200,82.66
1767412800,82.48
1767416400,82.55
1767420000,82.21
1767423600,81.35
1767427200,81.32
1767430800,81.37
1767434400,81.4
1767438000,81.35
1767441600,81.54
1767445200,81.79
1767448800,81.23
1767452400,81.24
1767456000,81.94
1767459600,82.22
1767463200,82.39
1767466800,82.21
1767470400,82.33
1767474000,82.14
1767477600,82.37
1767481200,82.04
1767484800,82.47
1767488400,82.23
1767492000,82.14
1767495600,82.5
1767499200,82.4
1767502800,82.53
1767506400,82.17
1767510000,82.18
1767513600,82.13
1767517200,82.5
1767520800,82.29
1767524400,82.51
1767528000,82.59
1767531600,82.64
1767535200,82.28
1767538800,82.64
1767542400,82.97
1767546000,82.89
1767549600,82.45
1767553200,82.13
1767556800,82.1
1767560400,81.96
1767564000,81.97
1767567600,82.25
1767571200,82.72
1767574800,83.27
1767578400,82.42
1767582000,82.57
1767585600,81.99
1767589200,81.69
1767592800,82.1
1767596400,82.36
1767600000,82.18
1767603600,81.83
1767607200,81.66
1767610800,81.98
1767614400,81.96
1767618000,81.87
1767621600,82.71
1767625200,83.4
1767628800,82.93
1767632400,83.29
1767636000,83.82
1767639600,83.67
1767643200,83.93
1767646800,83.69
1767650400,84.05
1767654000,83.47
1767657600,83.66
1767661200,83.36
1767664800,83.57
1767668400,83.84
1767672000,83.68
1767675600,83.39
1767679200,83.68
1767682800,83.05
1767686400,83.01
1767690000,83.06
1767693600,83.23
1767697200,83.79
1767700800,84.22
1767704400,83.89
1767708000,83.95
1767711600,83.52
1767715200,82.59
1767718800,81.36
1767722400,82.48
1767726000,82.4
1767729600,82.7
1767733200,83.75
1767736800,83.63
1767740400,83.94
1767744000,82.93
1767747600,82.83
1767751200,83.56
1767754800,83.25
1767758400,83.16
1767762000,82.94
1767765600,82.82
1767769200,83.43
1767772800,83.77
1767776400,82.74
1767780000,82.72
1767783600,82.7
1767787200,82.57
1767790800,82.43
1767794400,82.18
1767798000,81.49
1767801600,81.45
1767805200,81.37
1767808800,81.38
1767812400,81.38
1767816000,81.31
1767819600,81.43
1767823200,81.41
1767826800,81.65
1767830400,81.82
1767834000,82.08
1767837600,81.81
1767841200,81.21
1767844800,81.6
1767848400,81.7
1767852000,80.5
1767855600,81.25
1767859200,80.82
1767862800,80.52
1767866400,80.97
1767870000,80.83
1767873600,80.41
1767877200,80.59
1767880800,80.66
1767884400,81.29
1767888000,81.34
1767891600,81.55
1767895200,81.31
1767898800,80.97
1767902400,80.97
1767906000,81.28
1767909600,81.49
1767913200,81.25
1767916800,81.66
1767920400,81.3
1767924000,81.19
1767927600,81.77
1767931200,81.52
1767934800,81.52
1767938400,81.76
1767942000,81.47
1767945600,80.82
1767949200,80.95
1767952800,81.12
1767956400,81.1
1767960000,80.92
1767963600,80.91
1767967200,80.62
1767970800,81.25
1767974400,81.78
1767978000,81.77
1767981600,81.4
1767985200,80.89
1767988800,80.85
1767992400,81.32
1767996000,81.44
1767999600,81.39
1768003200,81.24
1768006800,81.43
1768010400,81.08
1768014000,81.03
1768017600,80.78
1768021200,80.91
1768024800,81.05
1768028400,81.51
1768032000,81.35
1768035600,81.55
1768039200,81.59
1768042800,81.73
1768046400,81.76
1768050000,82.03
1768053600,81.57
1768057200,81.45
1768060800,81.44
1768064400,80.97
1768068000,81.16
1768071600,81.27
1768075200,81.3
1768078800,81.0
1768082400,80.84
1768086000,81.09
1768089600,81.2
1768093200,81.32
1768096800,81.39
1768100400,81.64
1768104000,81.34
1768107600,81.32
1768111200,81.31
1768114800,81.14
1768118400,81.17
1768122000,81.15
1768125600,81.11
1768129200,80.94
1768132800,81.09
1768136400,80.8
1768140000,81.09
1768143600,80.43
1768147200,80.7
1768150800,80.56
1768154400,80.64
1768158000,80.18
1768161600,79.87
1768165200,79.22
1768168800,78.76
1768172400,78.68
1768176000,78.39
1768179600,78.57
1768183200,79.07
1768186800,79.16
1768190400,79.95
1768194000,79.93
1768197600,79.5
1768201200,78.49
1768204800,78.2
1768208400,78.09
1768212000,77.43
1768215600,77.52
1768219200,76.3
1768222800,76.1
1768226400,76.82
1768230000,77.11
1768233600,76.81
1768237200,76.94
1768240800,76.54
1768244400,76.16
1768248000,76.0
1768251600,76.25
1768255200,75.92
1768258800,76.04
1768262400,75.93
1768266000,76.18
1768269600,76.07
1768273200,76.13
1768276800,76.43
1768280400,76.41
1768284000,76.61
1768287600,76.72
1768291200,76.41
1768294800,76.09
1768298400,75.54
1768302000,76.25
1768305600,76.66
1768309200,76.28
1768312800,76.52
1768316400,77.02
1768320000,77.56
1768323600,76.64
1768327200,76.2
1768330800,77.25
1768334400,76.81
1768338000,77.17
1768341600,78.38
1768345200,78.13
1768348800,78.14
1768352400,78.07
1768356000,78.2
1768359600,79.3
1768363200,78.62
1768366800,78.64
1768370400,79.02
1768374000,79.04
1768377600,78.78
1768381200,78.67
1768384800,78.35
1768388400,77.85
1768392000,78.73
1768395600,78.58
1768399200,79.24
1768402800,79.71
1768406400,79.36
1768410000,78.24
1768413600,77.9
1768417200,77.53
1768420800,77.67
1768424400,77.66
1768428000,76.64
1768431600,76.66
1768435200,76.24
1768438800,76.0
1768442400,75.77
1768446000,73.96
1768449600,74.37
1768453200,74.62
1768456800,74.4
1768460400,74.52
1768464000,75.18
1768467600,76.0
1768471200,75.78
1768474800,75.61
1768478400,75.77
1768482000,75.71
1768485600,74.82
1768489200,72.34
1768492800,72.95
1768496400,72.55
1768500000,71.86
1768503600,72.01
1768507200,71.76
1768510800,72.15
1768514400,72.23
1768518000,72.2
1768521600,71.92
1768525200,71.98
1768528800,72.49
1768532400,72.35
1768536000,71.77
1768539600,72.09
1768543200,72.24
1768546800,72.18
1768550400,72.38
1768554000,72.15
1768557600,72.07
1768561200,72.86
1768564800,72.58
1768568400,72.49
1768572000,72.71
1768575600,71.97
1768579200,71.81
1768582800,72.53
1768586400,74.2
1768590000,74.21
1768593600,74.58
1768597200,75.0
1768600800,75.46
1768604400,75.17
1768608000,75.41
1768611600,74.77
1768615200,74.41
1768618800,74.33
1768622400,74.48
1768626000,74.67
1768629600,74.45
1768633200,74.73
1768636800,75.08
1768640400,74.81
1768644000,74.9
1768647600,74.47
1768651200,74.13
1768654800,74.48
1768658400,74.98
1768662000,74.89
1768665600,74.62
1768669200,74.65
1768672800,74.89
1768676400,75.12
1768680000,75.06
1768683600,75.0
1768687200,74.73
1768690800,74.89
1768694400,75.05
1768698000,74.49
1768701600,74.59
1768705200,74.93
1768708800,74.58
1768712400,75.0
1768716000,74.87
1768719600,74.91
1768723200,75.38
1768726800,75.68
1768730400,75.57
1768734000,75.45
1768737600,75.09
1768741200,74.81
1768744800,74.52
1768748400,74.86
1768752000,74.93
1768755600,75.17
1768759200,75.29
1768762800,75.09
1768766400,75.13
1768770000,75.09
1768773600,75.23
1768777200,72.26
1768780800,69.41
1768784400,69.53
1768788000,69.76
1768791600,70.21
1768795200,69.91
1768798800,70.2
1768802400,70.07
1768806000,70.47
1768809600,70.32
1768813200,70.09
1768816800,70.01
1768820400,70.19
1768824000,70.16
1768827600,69.99
1768831200,70.5
1768834800,70.66
1768838400,70.9
1768842000,71.08
1768845600,71.3
1768849200,71.55
1768852800,71.34
1768856400,71.13
1768860000,70.71
1768863600,70.77
1768867200,70.75
1768870800,70.48
1768874400,70.28
1768878000,70.2
1768881600,70.16
1768885200,70.48
1768888800,70.04
1768892400,69.42
1768896000,69.34
1768899600,69.5
1768903200,69.38
1768906800,69.37
1768910400,69.43
1768914000,68.92
1768917600,69.37
1768921200,68.63
1768924800,68.31
1768928400,68.09
1768932000,67.63
1768935600,67.47
1768939200,67.08
1768942800,67.09
1768946400,66.98
1768950000,67.04
1768953600,68.15
1768957200,68.36
1768960800,68.73
1768964400,68.79
1768968000,68.81
1768971600,69.11
1768975200,68.89
1768978800,68.87
1768982400,68.36
1768986000,68.5
1768989600,68.55
1768993200,67.97
1768996800,67.85
1769000400,67.53
1769004000,68.59
1769007600,69.09
1769011200,66.58
1769014800,66.54
1769018400,67.29
1769022000,69.14
1769025600,68.89
1769029200,69.2
1769032800,68.94
1769036400,68.42
1769040000,69.17
1769043600,69.43
1769047200,69.0
1769050800,68.58
1769054400,68.7
1769058000,68.59
1769061600,68.57
1769065200,68.35
1769068800,68.67
1769072400,68.85
1769076000,68.65
1769079600,68.37
1769083200,68.32
1769086800,68.48
1769090400,67.68
1769094000,67.96
1769097600,68.18
1769101200,68.26
1769104800,67.92
1769108400,68.26
1769112000,68.02
1769115600,67.91
1769119200,67.95
1769122800,68.14
1769126400,68.58
1769130000,69.42
1769133600,68.97
1769137200,69.26
1769140800,69.27
1769144400,68.94
1769148000,68.67
1769151600,68.74
1769155200,68.2
1769158800,68.22
1769162400,68.18
1769166000,68.44
1769169600,68.29
1769173200,67.92
1769176800,67.32
1769180400,68.17
1769184000,68.2
1769187600,68.54
1769191200,68.62
1769194800,67.86
1769198400,67.37
1769202000,67.41
1769205600,67.98
1769209200,67.99
1769212800,67.82
1769216400,68.02
1769220000,68.15
1769223600,68.53
1769227200,68.56
1769230800,68.6
1769234400,68.71
1769238000,68.42
1769241600,68.55
1769245200,68.44
1769248800,68.3
1769252400,68.41
1769256000,68.54
1769259600,68.62
1769263200,68.79
1769266800,68.21
1769270400,67.72
1769274000,67.98
1769277600,67.98
1769281200,67.72
1769284800,67.96
1769288400,67.93
1769292000,68.1
1769295600,68.08
1769299200,68.43
1769302800,68.1
1769306400,68.16
1769310000,68.05
1769313600,68.38
1769317200,68.6
1769320800,68.35
1769324400,68.56
1769328000,68.53
1769331600,69.03
1769335200,69.59
1769338800,69.88
1769342400,69.57
1769346000,70.12
1769349600,68.66
1769353200,69.41
1769356800,67.93
1769360400,67.56
1769364000,67.19
1769367600,65.96
1769371200,65.92
1769374800,66.63
1769378400,66.57
1769382000,67.23
1769385600,67.54
1769389200,67.91
1769392800,67.59
1769396400,67.33
1769400000,67.74
1769403600,67.64
1769407200,67.88
1769410800,68.32
1769414400,68.18
1769418000,67.93
1769421600,68.28
1769425200,68.18
1769428800,68.27
1769432400,68.35
1769436000,69.2
1769439600,69.0
1769443200,69.31
1769446800,69.11
1769450400,69.63
1769454000,69.04
1769457600,68.81
1769461200,69.39
1769464800,69.49
1769468400,69.66
1769472000,69.89
1769475600,69.81
1769479200,69.66
1769482800,69.5
1769486400,69.47
1769490000,69.55
1769493600,69.13
1769497200,69.04
1769500800,69.32
1769504400,69.16
1769508000,69.23
1769511600,68.94
1769515200,68.75
1769518800,68.82
1769522400,69.1
1769526000,69.86
1769529600,70.06
1769533200,69.23
1769536800,69.54
1769540400,69.59
1769544000,69.99
1769547600,70.0
1769551200,70.11
1769554800,69.94
1769558400,69.98
1769562000,69.78
1769565600,69.75
1769569200,69.43
1769572800,69.24
1769576400,69.56
1769580000,69.84
1769583600,69.54
1769587200,69.28
1769590800,69.7
1769594400,69.48
1769598000,69.88
1769601600,69.64
1769605200,69.69
1769608800,68.91
1769612400,68.93
1769616000,69.06
1769619600,69.59
1769623200,69.34
1769626800,69.43
1769630400,69.12
1769634000,69.35
1769637600,69.58
1769641200,69.33
1769644800,69.08
1769648400,68.68
1769652000,68.18
1769655600,67.9
1769659200,67.96
1769662800,67.94
1769666400,68.2
1769670000,68.09
1769673600,67.87
1769677200,67.86
1769680800,67.38
1769684400,67.4
1769688000,67.24
1769691600,67.42
1769695200,66.37
1769698800,65.38
1769702400,66.02
1769706000,65.58
1769709600,64.42
1769713200,64.94
1769716800,65.62
1769720400,65.96
1769724000,66.0
1769727600,66.15
1769731200,66.09
1769734800,64.72
1769738400,63.86
1769742000,63.92
1769745600,64.31
1769749200,64.39
1769752800,63.52
1769756400,64.15
1769760000,63.87
1769763600,63.97
1769767200,64.3
1769770800,64.89
1769774400,64.4
1769778000,64.1
1769781600,64.6
1769785200,64.73
1769788800,64.98
1769792400,65.18
1769796000,65.49
1769799600,65.65
1769803200,64.91
1769806800,65.32
1769810400,65.41
1769814000,65.38
1769817600,65.14
1769821200,65.09
1769824800,64.95
1769828400,64.86
1769832000,64.56
1769835600,64.46
1769839200,64.17
1769842800,63.82
1769846400,62.95
1769850000,63.13
1769853600,63.24
1769857200,62.96
1769860800,62.65
1769864400,62.25
1769868000,60.29
1769871600,60.13
1769875200,59.93
1769878800,58.14
1769882400,57.69
1769886000,58.06
1769889600,58.18
1769893200,58.8
1769896800,58.58
1769900400,59.48
1769904000,59.62
1769907600,59.46
1769911200,59.74
1769914800,59.62
1769918400,59.51
1769922000,59.17
1769925600,59.19
1769929200,59.33
1769932800,59.46
1769936400,59.63
1769940000,58.68
1769943600,59.27
1769947200,59.13
1769950800,59.3
1769954400,59.24
1769958000,58.35
1769961600,58.33
1769965200,58.63
1769968800,59.19
1769972400,58.72
1769976000,58.66
1769979600,58.4
1769983200,58.87
1769986800,58.44
1769990400,59.04
1769994000,59.25
1769997600,58.71
1770001200,58.3
1770004800,57.92
1770008400,57.12
1770012000,58.02
1770015600,58.16
1770019200,58.51
1770022800,59.11
1770026400,59.12
1770030000,59.06
1770033600,59.73
1770037200,59.71
1770040800,59.9
1770044400,61.02
1770048000,60.51
1770051600,60.3
1770055200,60.3
1770058800,59.89
1770062400,59.59
1770066000,59.8
1770069600,60.04
1770073200,59.97
1770076800,60.08
1770080400,59.91
1770084000,59.08
1770087600,59.93
1770091200,60.1
1770094800,59.67
1770098400,60.13
1770102000,60.2
1770105600,60.07
1770109200,59.7
1770112800,59.65
1770116400,59.8
1770120000,60.03
1770123600,60.12
1770127200,59.21
1770130800,60.33
1770134400,59.37
1770138000,58.09
1770141600,56.97
1770145200,59.23
1770148800,60.96
1770152400,60.06
1770156000,59.46
1770159600,59.41
1770163200,59.77
1770166800,60.22
1770170400,59.96
1770174000,60.67
1770177600,60.53
1770181200,60.13
1770184800,60.54
1770188400,60.71
1770192000,60.75
1770195600,60.32
1770199200,60.23
1770202800,60.01
1770206400,59.97
1770210000,59.16
1770213600,58.33
1770217200,58.08
1770220800,57.81
1770224400,57.66
1770228000,58.31
1770231600,59.34
1770235200,58.89
1770238800,58.56
1770242400,58.24
1770246000,58.76
1770249600,58.99
1770253200,58.78
1770256800,58.18
1770260400,58.13
1770264000,57.97
1770267600,58.08
1770271200,57.6
1770274800,57.5
1770278400,57.89
1770282000,58.03
1770285600,56.74
1770289200,56.4
1770292800,55.81
1770296400,55.63
1770300000,56.01
1770303600,53.85
1770307200,54.33
1770310800,52.97
1770314400,53.32
1770318000,52.33
1770321600,50.71
1770325200,50.9
1770328800,51.48
1770332400,50.71
1770336000,49.64
1770339600,50.86
1770343200,49.92
1770346800,50.04
1770350400,50.8
1770354000,52.23
1770357600,51.02
1770361200,50.89
1770364800,50.77
1770368400,51.69
1770372000,52.15
1770375600,52.45
1770379200,52.52
1770382800,53.36
1770386400,54.28
1770390000,54.35
1770393600,55.28
1770397200,55.58
1770400800,54.79
1770404400,55.11
1770408000,54.91
1770411600,55.01
1770415200,55.47
1770418800,54.99
1770422400,54.53
1770426000,54.8
1770429600,54.68
1770433200,54.86
1770436800,54.67
1770440400,54.57
1770444000,53.77
1770447600,53.6
1770451200,53.84
1770454800,53.23
1770458400,53.3
1770462000,53.18
1770465600,54.07
1770469200,54.03
1770472800,53.73
1770476400,54.33
1770480000,54.83
1770483600,55.06
1770487200,55.73
1770490800,55.42
1770494400,55.8
1770498000,55.47
1770501600,55.44
1770505200,55.17
1770508800,55.07
1770512400,55.31
1770516000,55.14
1770519600,55.01
1770523200,55.34
1770526800,55.19
1770530400,55.07
1770534000,55.0
1770537600,55.64
1770541200,55.24
1770544800,54.95
1770548400,55.46
1770552000,55.24
1770555600,55.27
1770559200,55.33
1770562800,54.83
1770566400,53.86
1770570000,54.38
1770573600,54.72
1770577200,54.93
1770580800,54.36
1770584400,54.07
1770588000,54.5
1770591600,54.49
1770595200,54.43
1770598800,54.38
1770602400,54.62
1770606000,54.91
1770609600,54.75
1770613200,54.86
1770616800,54.38
1770620400,54.03
1770624000,53.42
1770627600,53.2
1770631200,52.42
1770634800,52.94
1770638400,53.28
1770642000,53.18
1770645600,53.76
1770649200,54.38
1770652800,54.42
1770656400,54.86
1770660000,54.68
1770663600,54.95
1770667200,54.93
1770670800,54.76
1770674400,54.58
1770678000,54.42
1770681600,54.27
1770685200,54.5
1770688800,54.33
1770692400,53.89
1770696000,54.1
1770699600,53.68
1770703200,53.12
1770706800,53.12
1770710400,53.5
1770714000,53.39
1770717600,53.17
1770721200,53.06
1770724800,52.88
1770728400,53.33
1770732000,53.2
1770735600,53.34
1770739200,53.38
1770742800,53.74
1770746400,53.05
1770750000,53.26
1770753600,53.27
1770757200,53.13
1770760800,53.17
1770764400,53.34
1770768000,53.45
1770771600,53.49
1770775200,53.3
1770778800,53.1
1770782400,52.61
1770786000,52.5
1770789600,52.07
1770793200,52.02
1770796800,51.95
1770800400,52.06
1770804000,51.73
1770807600,52.11
1770811200,52.21
1770814800,52.52
1770818400,51.72
1770822000,51.23
1770825600,51.22
1770829200,51.64
1770832800,52.34
1770836400,52.19
1770840000,52.22
1770843600,52.61
1770847200,52.32
1770850800,52.28
1770854400,52.66
1770858000,52.81
1770861600,52.7
1770865200,52.84
1770868800,52.79
1770872400,52.92
1770876000,53.17
1770879600,53.29
1770883200,53.19
1770886800,53.47
1770890400,53.72
1770894000,53.36
1770897600,52.98
1770901200,53.33
1770904800,53.19
1770908400,52.83
1770912000,51.69
1770915600,51.6
1770919200,52.02
1770922800,52.34
1770926400,51.92
1770930000,52.28
1770933600,52.85
1770937200,53.11
1770940800,52.89
1770944400,53.08
1770948000,53.12
1770951600,53.01
1770955200,52.92
1770958800,52.6
1770962400,52.8
1770966000,52.8
1770969600,53.33
1770973200,53.23
1770976800,53.34
1770980400,53.52
1770984000,53.44
1770987600,53.63
1770991200,53.74
1770994800,54.34
1770998400,55.08
1771002000,54.78
1771005600,54.96
1771009200,55.09
1771012800,55.34
1771016400,55.56
1771020000,55.26
1771023600,55.0
1771027200,55.38
1771030800,55.33
1771034400,55.15
1771038000,55.31
1771041600,55.26
1771045200,55.17
1771048800,55.08
1771052400,55.28
1771056000,55.63
1771059600,55.61
1771063200,55.33
1771066800,55.76
1771070400,55.25
1771074000,55.35
1771077600,56.19
1771081200,56.09
1771084800,56.43
1771088400,55.94
1771092000,56.05
1771095600,56.35
1771099200,56.28
1771102800,56.17
1771106400,56.29
1771110000,55.96
1771113600,55.74
1771117200,55.87
1771120800,55.78
1771124400,55.86
1771128000,55.98
1771131600,56.24
1771135200,55.99
1771138800,56.47
1771142400,55.74
1771146000,56.18
1771149600,55.98
1771153200,55.88
1771156800,54.78
1771160400,54.42
1771164000,55.05
1771167600,55.05
1771171200,55.16
1771174800,54.74
1771178400,54.47
1771182000,54.5
1771185600,54.56
1771189200,54.79
1771192800,55.06
1771196400,55.05
1771200000,55.13
1771203600,55.1
1771207200,54.44
1771210800,54.47
1771214400,54.69
1771218000,53.85
1771221600,54.1
1771225200,54.14
1771228800,54.43
1771232400,54.47
1771236000,54.19
1771239600,53.89
1771243200,54.64
1771246800,53.86
1771250400,54.27
1771254000,53.59
1771257600,53.54
1771261200,53.75
1771264800,53.93
1771268400,54.2
1771272000,54.86
1771275600,55.48
1771279200,54.98
1771282800,55.11
1771286400,55.04
1771290000,54.87
1771293600,55.31
1771297200,55.1
1771300800,55.29
1771304400,55.04
1771308000,55.37
1771311600,55.52
1771315200,55.31
1771318800,54.98
1771322400,54.95
1771326000,54.97
1771329600,54.73
1771333200,54.96
1771336800,53.95
1771340400,53.77
1771344000,54.2
1771347600,53.96
1771351200,54.57
1771354800,54.23
1771358400,54.16
1771362000,54.45
1771365600,53.96
1771369200,53.91
1771372800,53.87
1771376400,53.87
1771380000,54.06
1771383600,54.27
1771387200,54.16
1771390800,54.23
1771394400,54.23
1771398000,54.42
1771401600,54.35
1771405200,54.24
1771408800,54.1
1771412400,53.9
1771416000,53.91
1771419600,53.8
1771423200,53.88
1771426800,54.49
1771430400,54.22
1771434000,53.96
1771437600,53.34
1771441200,53.2
1771444800,53.11
1771448400,53.14
1771452000,53.19
1771455600,53.31
1771459200,53.14
1771462800,53.59
1771466400,53.37
1771470000,53.56
1771473600,53.53
1771477200,53.3
1771480800,53.28
1771484400,53.36
1771488000,52.8
1771491600,52.8
1771495200,52.66
1771498800,52.54
1771502400,52.32
1771506000,51.91
1771509600,52.01
1771513200,51.82
1771516800,51.83
1771520400,51.98
1771524000,52.63
1771527600,52.63
1771531200,52.65
1771534800,52.49
1771538400,52.58
1771542000,52.68
1771545600,52.9
1771549200,53.08
1771552800,53.05
1771556400,53.22
1771560000,53.14
1771563600,53.43
1771567200,53.49
1771570800,53.5
1771574400,53.61
1771578000,54.05
1771581600,53.79
1771585200,53.56
1771588800,53.52
1771592400,52.99
1771596000,53.73
1771599600,54.88
1771603200,55.18
1771606800,55.21
1771610400,55.27
1771614000,54.94
1771617600,55.11
1771621200,55.23
1771624800,55.28
1771628400,55.19
1771632000,54.88
1771635600,55.06
1771639200,55.21
1771642800,55.05
1771646400,55.0
1771650000,55.15
1771653600,55.13
1771657200,55.04
1771660800,55.53
1771664400,55.09
1771668000,55.04
1771671600,55.05
1771675200,55.16
1771678800,55.36
1771682400,55.49
1771686000,55.68
1771689600,55.41
1771693200,55.32
1771696800,55.48
1771700400,55.27
1771704000,55.11
1771707600,55.07
1771711200,54.93
1771714800,54.88
1771718400,54.64
1771722000,54.69
1771725600,54.43
1771729200,54.51
1771732800,54.53
1771736400,54.35
1771740000,54.49
1771743600,54.71
1771747200,54.61
1771750800,54.68
1771754400,54.65
1771758000,54.63
1771761600,54.07
1771765200,53.56
1771768800,53.21
1771772400,53.32
1771776000,53.57
1771779600,53.27
1771783200,53.27
1771786800,53.2
1771790400,53.09
1771794000,53.37
1771797600,53.46
1771801200,53.47
1771804800,53.01
1771808400,51.02
1771812000,51.2
1771815600,51.35
1771819200,51.09
1771822800,51.4
1771826400,52.1
1771830000,52.05
1771833600,52.03
1771837200,52.88
1771840800,52.76
1771844400,52.66
1771848000,52.89
1771851600,52.74
1771855200,52.72
1771858800,52.13
1771862400,51.8
1771866000,51.41
1771869600,51.39
1771873200,51.2
1771876800,51.5
1771880400,51.7
1771884000,51.65
1771887600,51.35
1771891200,51.83
1771894800,51.46
1771898400,51.25
1771902000,50.96
1771905600,50.76
1771909200,50.29
1771912800,50.54
1771916400,50.75
1771920000,51.05
1771923600,50.94
1771927200,50.7
1771930800,50.79
1771934400,50.64
1771938000,50.61
1771941600,51.09
1771945200,51.26
1771948800,51.46
1771952400,51.52
1771956000,51.59
1771959600,51.68
1771963200,51.41
1771966800,51.26
1771970400,51.29
1771974000,51.18
1771977600,51.36
1771981200,52.6
1771984800,52.75
1771988400,52.41
1771992000,52.7
1771995600,52.3
1771999200,52.33
1772002800,52.73
1772006400,52.81
1772010000,53.0
1772013600,53.23
1772017200,53.29
1772020800,54.42
1772024400,55.15
1772028000,57.07
1772031600,57.8
1772035200,58.19
1772038800,58.39
1772042400,58.35
1772046000,58.27
1772049600,58.14
1772053200,58.28
1772056800,57.38
1772060400,56.78
1772064000,56.62
1772067600,56.55
1772071200,56.7
1772074800,56.48
1772078400,56.87
1772082000,56.48
1772085600,56.51
1772089200,56.24
1772092800,55.94
1772096400,56.37
1772100000,55.9
1772103600,55.85
1772107200,56.15
1772110800,56.14
1772114400,56.08
1772118000,55.81
1772121600,54.55
1772125200,54.65
1772128800,55.27
1772132400,55.74
1772136000,55.4
1772139600,55.24
1772143200,55.47
1772146800,55.64
1772150400,55.56
1772154000,55.75
1772157600,55.83
1772161200,55.98
1772164800,55.94
1772168400,56.07
1772172000,56.13
1772175600,55.91
1772179200,55.99
1772182800,55.64
1772186400,55.03
1772190000,54.57
1772193600,54.9
1772197200,54.97
1772200800,54.6
1772204400,54.75
1772208000,54.25
1772211600,54.39
1772215200,54.4
1772218800,54.14
1772222400,54.09
1772226000,54.06
1772229600,54.13
1772233200,54.58
1772236800,54.79
1772240400,54.69
1772244000,54.95
1772247600,54.65
1772251200,54.72
1772254800,54.55
1772258400,52.13
1772262000,52.42
1772265600,51.82
1772269200,51.69
1772272800,51.95
1772276400,51.68
1772280000,51.92
1772283600,52.99
1772287200,52.33
1772290800,52.6
1772294400,52.76
1772298000,53.14
1772301600,53.86
1772305200,54.08
1772308800,54.76
1772312400,54.28
1772316000,54.54
1772319600,54.43
1772323200,54.13
1772326800,54.91
1772330400,55.34
1772334000,54.86
1772337600,54.91
1772341200,54.83
1772344800,54.46
1772348400,54.59
1772352000,54.02
1772355600,53.97
1772359200,54.06
1772362800,53.93
1772366400,53.73
1772370000,54.42
1772373600,54.29
1772377200,54.26
1772380800,53.7
1772384400,53.45
1772388000,53.65
1772391600,53.24
1772395200,52.65
1772398800,53.05
1772402400,53.01
1772406000,53.25
1772409600,53.78
1772413200,53.94
1772416800,53.83
1772420400,54.13
1772424000,54.05
1772427600,53.91
1772431200,53.45
1772434800,53.34
1772438400,53.51
1772442000,53.54
1772445600,53.46
1772449200,53.34
1772452800,53.2
1772456400,53.07
1772460000,54.18
1772463600,55.03
1772467200,55.05
1772470800,54.66
1772474400,54.62
1772478000,54.89
1772481600,54.79
1772485200,55.08
1772488800,55.1
1772492400,54.6
1772496000,54.63
1772499600,54.45
1772503200,54.42
1772506800,54.27
1772510400,53.96
1772514000,53.96
1772517600,54.03
1772521200,54.09
1772524800,53.53
1772528400,53.17
1772532000,53.27
1772535600,53.47
1772539200,53.83
1772542800,53.76
1772546400,53.5
1772550000,54.06
1772553600,54.83
1772557200,54.91
1772560800,54.84
1772564400,54.69
1772568000,54.67
1772571600,54.52
1772575200,54.84
1772578800,54.79
1772582400,54.77
1772586000,55.02
1772589600,55.02
1772593200,54.68
1772596800,54.68
1772600400,54.81
1772604000,54.87
1772607600,55.28
1772611200,56.16
1772614800,56.2
1772618400,56.0
1772622000,55.78
1772625600,55.67
1772629200,56.02
1772632800,55.65
1772636400,56.96
1772640000,56.76
1772643600,56.87
1772647200,57.05
1772650800,57.61
1772654400,57.2
1772658000,57.25
1772661600,56.78
1772665200,56.79
1772668800,56.89
1772672400,56.56
1772676000,56.55
1772679600,56.49
1772683200,56.7
1772686800,56.29
1772690400,56.35
1772694000,55.97
1772697600,56.4
1772701200,56.66
1772704800,57.06
1772708400,56.05
1772712000,55.95
1772715600,55.99
1772719200,56.49
1772722800,55.91
1772726400,55.48
1772730000,55.15
1772733600,55.44
1772737200,55.24
1772740800,55.97
1772744400,55.74
1772748000,55.64
1772751600,55.48
1772755200,55.44
1772758800,55.79
1772762400,55.63
1772766000,55.67
1772769600,55.45
1772773200,55.41
1772776800,55.49
1772780400,55.61
1772784000,55.44
1772787600,55.31
1772791200,55.28
1772794800,54.93
1772798400,54.6
1772802000,54.13
1772805600,53.75
1772809200,53.69
1772812800,53.6
1772816400,53.35
1772820000,53.44
1772823600,53.54
1772827200,53.76
1772830800,54.03
1772834400,54.05
1772838000,53.8
1772841600,54.02
1772845200,53.87
1772848800,54.04
1772852400,53.86
1772856000,53.83
1772859600,53.82
1772863200,53.54
1772866800,53.73
1772870400,54.09
1772874000,54.04
1772877600,53.89
1772881200,54.01
1772884800,53.94
1772888400,53.98
1772892000,53.97
1772895600,53.77
1772899200,53.85
1772902800,53.95
1772906400,53.67
1772910000,53.38
1772913600,53.56
1772917200,53.67
1772920800,53.42
1772924400,53.6
1772928000,53.4
1772931600,53.59
1772935200,53.15
1772938800,53.21
1772942400,52.98
1772946000,53.35
1772949600,53.22
1772953200,53.12
1772956800,52.9
1772960400,53.35
1772964000,53.67
1772967600,53.56
1772971200,53.66
1772974800,53.26
1772978400,52.94
1772982000,52.7
1772985600,52.44
1772989200,52.62
1772992800,52.58
1772996400,53.12
1773000000,53.06
1773003600,52.94
1773007200,52.79
1773010800,52.59
1773014400,53.0
1773018000,52.65
1773021600,52.99
1773025200,53.3
1773028800,53.27
1773032400,53.82
1773036000,53.28
1773039600,53.31
1773043200,53.42
1773046800,53.46
1773050400,53.24
1773054000,53.38
1773057600,53.68
1773061200,54.19
1773064800,54.1
1773068400,53.91
1773072000,54.06
1773075600,54.08
1773079200,53.94
1773082800,54.2
1773086400,54.18
1773090000,54.12
1773093600,53.76
1773097200,53.78
1773100800,54.11
1773104400,54.06
1773108000,54.47
1773111600,54.03
1773115200,54.16
1773118800,53.91
1773122400,53.99
1773126000,54.07
1773129600,54.13
1773133200,54.45
1773136800,54.17
1773140400,54.11
1773144000,54.13
1773147600,54.05
1773151200,54.9
1773154800,54.79
1773158400,54.77
1773162000,54.65
1773165600,53.79
1773169200,53.79
1773172800,53.98
1773176400,53.64
1773180000,53.74
1773183600,53.88
1773187200,53.97
1773190800,53.97
1773194400,53.92
1773198000,53.83
1773201600,54.05
1773205200,53.65
1773208800,53.86
1773212400,53.86
1773216000,53.98
1773219600,53.69
1773223200,53.91
1773226800,53.86
1773230400,54.12
1773234000,54.61
1773237600,54.8
1773241200,54.56
1773244800,54.87
1773248400,54.94
1773252000,55.13
1773255600,55.06
1773259200,54.96
1773262800,55.13
1773266400,54.99
1773270000,54.8
1773273600,54.99
1773277200,54.66
1773280800,54.25
1773284400,54.15
1773288000,54.12
1773291600,54.13
1773295200,54.1
1773298800,54.3
1773302400,54.39
1773306000,54.44
1773309600,54.53
1773313200,54.34
1773316800,54.55
1773320400,54.41
1773324000,54.07
1773327600,54.32
1773331200,54.43
1773334800,54.24
1773338400,54.12
1773342000,54.32
1773345600,54.18
1773349200,54.47
1773352800,54.49
1773356400,54.58
1773360000,55.06
1773363600,55.3
1773367200,55.06
1773370800,55.27
1773374400,55.19
1773378000,55.27
1773381600,55.05
1773385200,55.07
1773388800,55.22
1773392400,55.45
1773396000,55.97
1773399600,55.93
1773403200,56.27
1773406800,56.52
1773410400,55.66
1773414000,55.33
1773417600,55.73
1773421200,55.36
1773424800,55.38
1773428400,55.63
1773432000,55.8
1773435600,55.66
1773439200,55.27
1773442800,55.31
1773446400,55.15
1773450000,55.45
1773453600,55.61
1773457200,55.73
1773460800,55.55
1773464400,55.3
1773468000,54.81
1773471600,54.73
1773475200,54.62
1773478800,54.52
1773482400,54.49
1773486000,54.7
1773489600,54.66
1773493200,54.68
1773496800,54.45
1773500400,54.48
1773504000,54.63
1773507600,54.62
1773511200,54.75
1773514800,54.68
1773518400,54.66
1773522000,54.71
1773525600,54.64
1773529200,55.0
1773532800,54.8
1773536400,54.94
1773540000,55.23
1773543600,55.17
1773547200,55.3
1773550800,55.22
1773554400,55.12
1773558000,55.26
1773561600,55.43
1773565200,55.37
1773568800,55.46
1773572400,55.42
1773576000,55.42
1773579600,55.33
1773583200,55.31
1773586800,55.12
1773590400,55.03
1773594000,55.23
1773597600,55.0
1773601200,55.25
1773604800,55.38
1773608400,55.75
1773612000,56.35
1773615600,56.29
1773619200,56.16
1773622800,56.22
1773626400,56.03
1773630000,56.7
1773633600,57.22
1773637200,57.47
1773640800,57.22
1773644400,57.41
1773648000,57.29
1773651600,57.48
1773655200,57.5
1773658800,57.37
1773662400,57.69
1773666000,57.98
1773669600,58.23
1773673200,57.86
1773676800,58.29
1773680400,58.39
1773684000,58.44
1773687600,58.44
1773691200,58.58
1773694800,58.69
1773698400,58.9
1773702000,58.71
1773705600,58.87
1773709200,58.71
1773712800,58.75
1773716400,58.08
1773720000,57.7
1773723600,57.68
1773727200,57.7
1773730800,57.89
1773734400,57.85
1773738000,57.82
1773741600,57.68
1773745200,57.69
1773748800,57.45
1773752400,57.76
1773756000,58.09
1773759600,58.1
1773763200,58.12
1773766800,58.55
1773770400,58.54
1773774000,58.2
1773777600,58.33
1773781200,58.62
1773784800,58.37
1773788400,58.12
1773792000,58.21
1773795600,58.27
1773799200,58.42
1773802800,58.41
1773806400,58.13
1773810000,57.99
1773813600,57.96
1773817200,57.86
1773820800,57.54
1773824400,57.82
1773828000,57.66
1773831600,56.57
1773835200,56.06
1773838800,56.22
1773842400,55.59
1773846000,55.54
1773849600,55.53
1773853200,55.92
1773856800,55.75
1773860400,55.79
1773864000,56.02
1773867600,56.23
1773871200,55.89
1773874800,56.08
1773878400,55.85
1773882000,55.96
1773885600,55.78
1773889200,56.0
1773892800,55.67
1773896400,55.6
1773900000,55.54
1773903600,55.18
1773907200,55.17
1773910800,55.63
1773914400,55.41
1773918000,55.34
1773921600,54.9
1773925200,55.18
1773928800,55.15
1773932400,55.03
1773936000,54.93
1773939600,55.26
1773943200,55.29
1773946800,55.65
1773950400,55.84
1773954000,55.69
1773957600,55.53
1773961200,55.54
1773964800,55.78
1773968400,55.84
1773972000,55.74
1773975600,55.86
1773979200,55.97
1773982800,55.93
1773986400,55.9
1773990000,55.99
1773993600,56.02
1773997200,55.63
1774000800,55.65
1774004400,55.45
1774008000,55.39
1774011600,55.33
1774015200,55.37
1774018800,55.6
1774022400,55.5
1774026000,55.69
1774029600,55.44
1774033200,55.64
1774036800,55.74
1774040400,56.12
1774044000,56.18
1774047600,56.19
1774051200,56.42
1774054800,56.17
1774058400,56.32
1774062000,56.2
1774065600,56.21
1774069200,56.23
1774072800,56.26
1774076400,56.31
1774080000,56.39
1774083600,56.3
1774087200,56.09
1774090800,56.02
1774094400,55.95
1774098000,55.8
1774101600,55.64
1774105200,55.76
1774108800,55.74
1774112400,55.74
1774116000,56.0
1774119600,55.84
1774123200,56.0
1774126800,55.85
1774130400,55.72
1774134000,54.8
1774137600,54.64
1774141200,54.61
1774144800,54.75
1774148400,54.73
1774152000,54.77
1774155600,54.55
1774159200,54.63
1774162800,54.39
1774166400,54.2
1774170000,54.22
1774173600,53.99
1774177200,53.92
1774180800,54.08
1774184400,54.16
1774188000,54.14
1774191600,54.25
1774195200,54.12
1774198800,54.11
1774202400,54.01
1774206000,53.77
1774209600,53.58
1774213200,53.36
1774216800,53.68
1774220400,53.51
1774224000,53.62
1774227600,53.67
1774231200,53.91
1774234800,53.95
1774238400,54.14
1774242000,54.11
1774245600,53.59
1774249200,53.63
1774252800,53.61
1774256400,53.81
1774260000,53.84
1774263600,55.01
1774267200,55.42
1774270800,55.77
1774274400,55.77
1774278000,55.07
1774281600,55.32
1774285200,55.46
1774288800,55.63
1774292400,55.32
1774296000,55.67
1774299600,55.75
1774303200,55.66
1774306800,55.75
1774310400,55.44
1774314000,55.23
1774317600,55.24
1774321200,55.56
1774324800,55.44
1774328400,55.49
1774332000,55.63
1774335600,55.94
1774339200,55.78
1774342800,55.9
1774346400,55.8
1774350000,55.72
1774353600,55.63
1774357200,55.41
1774360800,55.52
1774364400,55.68
1774368000,55.7
1774371600,55.42
1774375200,55.63
1774378800,55.71
1774382400,56.17
1774386000,56.06
1774389600,56.06
1774393200,56.36
1774396800,56.4
1774400400,56.29
1774404000,56.14
1774407600,56.24
1774411200,56.38
1774414800,56.42
1774418400,56.39
1774422000,56.39
1774425600,56.48
1774429200,56.41
1774432800,56.45
1774436400,56.43
1774440000,56.51
1774443600,56.61
1774447200,56.58
1774450800,56.02
1774454400,56.3
1774458000,56.33
1774461600,56.31
1774465200,56.3
1774468800,56.28
1774472400,56.35
1774476000,56.64
1774479600,56.64
1774483200,56.42
1774486800,56.32
1774490400,56.03
1774494000,55.94
1774497600,55.85
1774501200,55.34
1774504800,55.35
1774508400,55.25
1774512000,55.21
1774515600,54.87
1774519200,54.72
1774522800,54.58
1774526400,54.67
1774530000,55.05
1774533600,54.98
1774537200,54.67
1774540800,54.62
1774544400,54.31
1774548000,54.34
1774551600,54.23
1774555200,54.73
1774558800,54.84
1774562400,54.74
1774566000,54.56
1774569600,54.58
1774573200,54.98
1774576800,54.87
1774580400,54.92
1774584000,54.94
1774587600,54.84
1774591200,54.95
1774594800,54.89
1774598400,54.64
1774602000,54.52
1774605600,53.58
1774609200,53.8
1774612800,53.78
1774616400,53.89
1774620000,54.04
1774623600,54.3
1774627200,54.22
1774630800,53.85
1774634400,53.73
1774638000,53.66
1774641600,53.49
1774645200,53.63
1774648800,53.52
1774652400,53.69
1774656000,53.68
1774659600,53.48
1774663200,53.39
1774666800,53.55
1774670400,53.6
1774674000,53.71
1774677600,53.79
1774681200,53.84
1774684800,53.81
1774688400,53.74
1774692000,53.89
1774695600,54.01
1774699200,53.98
1774702800,54.58
1774706400,54.47
1774710000,54.51
1774713600,54.67
1774717200,54.07
1774720800,54.1
1774724400,54.11
1774728000,54.13
1774731600,54.05
1774735200,53.97
1774738800,53.82
1774742400,53.9
1774746000,53.99
1774749600,54.09
1774753200,54.26
1774756800,54.14
1774760400,54.13
1774764000,54.17
1774767600,54.03
1774771200,54.03
1774774800,54.0
1774778400,53.7
1774782000,53.84
1774785600,53.86
1774789200,53.59
1774792800,53.74
1774796400,53.48
1774800000,53.3
1774803600,53.22
1774807200,53.38
1774810800,53.33
1774814400,53.63
1774818000,53.76
1774821600,53.06
1774825200,53.27
1774828800,53.63
1774832400,53.82
1774836000,54.04
1774839600,53.99
1774843200,54.13
1774846800,53.66
1774850400,53.58
1774854000,54.09
1774857600,54.11
1774861200,53.85
1774864800,53.84
1774868400,53.7
1774872000,53.91
1774875600,53.72
1774879200,53.91
1774882800,53.88
1774886400,53.89
1774890000,53.47
1774893600,53.3
1774897200,53.32
1774900800,53.28
1774904400,53.49
1774908000,53.41
1774911600,53.31
1774915200,53.44
1774918800,53.92
1774922400,53.81
1774926000,53.7
1774929600,53.64
1774933200,53.83
1774936800,53.86
1774940400,53.79
1774944000,53.58
1774947600,53.21
1774951200,53.21
1774954800,53.47
1774958400,53.33
1774962000,53.91
1774965600,53.47
1774969200,53.36
1774972800,53.79
1774976400,53.9
1774980000,54.02
1774983600,54.01
1774987200,54.09
1774990800,53.89
1774994400,53.88
1774998000,53.9
1775001600,54.08
1775005200,53.9
1775008800,53.82
1775012400,54.06
1775016000,54.01
1775019600,54.34
1775023200,54.57
1775026800,54.28
1775030400,54.21
1775034000,54.01
1775037600,54.09
1775041200,54.03
1775044800,54.19
1775048400,53.88
1775052000,54.16
1775055600,54.24
1775059200,54.33
1775062800,54.23
1775066400,54.08
1775070000,54.17
1775073600,54.12
1775077200,54.34
1775080800,53.98
1775084400,53.82
1775088000,54.1
1775091600,53.15
1775095200,52.69
1775098800,52.47
1775102400,52.25
1775106000,52.31
1775109600,52.54
1775113200,52.45
1775116800,52.07
1775120400,52.03
1775124000,51.86
1775127600,51.68
1775131200,51.65
1775134800,51.78
1775138400,52.08
1775142000,51.97
1775145600,52.11
1775149200,51.63
1775152800,52.02
1775156400,52.04
1775160000,52.07
1775163600,52.08
1775167200,52.09
1775170800,52.3
1775174400,52.43
1775178000,52.36
1775181600,52.29
1775185200,52.54
1775188800,52.68
1775192400,52.89
1775196000,52.85
1775199600,52.85
1775203200,53.0
1775206800,52.89
1775210400,52.98
1775214000,52.99
1775217600,53.0
1775221200,52.9
1775224800,53.04
1775228400,52.93
1775232000,53.17
1775235600,53.11
1775239200,53.17
1775242800,53.12
1775246400,53.21
1775250000,53.44
1775253600,53.23
1775257200,53.24
1775260800,53.27
1775264400,53.33
1775268000,53.19
1775271600,53.23
1775275200,53.16
1775278800,53.06
1775282400,53.28
1775286000,53.19
1775289600,53.19
1775293200,53.11
1775296800,53.28
1775300400,53.35
1775304000,53.41
1775307600,53.39
1775311200,53.48
1775314800,53.48
1775318400,53.43
1775322000,53.66
1775325600,53.61
1775329200,53.55
1775332800,53.49
1775336400,53.53
1775340000,53.54
1775343600,53.6
1775347200,53.62
1775350800,53.53
1775354400,53.53
1775358000,53.35
1775361600,53.19
1775365200,52.96
1775368800,52.87
1775372400,52.74
1775376000,52.81
1775379600,52.86
1775383200,52.82
1775386800,52.86
1775390400,52.75
1775394000,52.91
1775397600,52.91
1775401200,53.21
1775404800,53.13
1775408400,53.38
1775412000,53.41
1775415600,53.5
1775419200,53.64
1775422800,53.55
1775426400,53.77
1775430000,54.11
1775433600,54.16
1775437200,54.03
1775440800,54.32
1775444400,54.26
1775448000,54.31
1775451600,54.32
1775455200,54.2
1775458800,54.06
1775462400,54.19
1775466000,54.4
1775469600,54.34
1775473200,54.35
1775476800,54.19
1775480400,54.17
1775484000,54.31
1775487600,54.3
1775491200,54.12
1775494800,53.98
1775498400,54.04
1775502000,54.03
1775505600,53.97
1775509200,53.86
1775512800,53.49
1775516400,53.54
1775520000,53.53
1775523600,53.41
1775527200,53.55
1775530800,53.52
1775534400,53.52
1775538000,53.28
1775541600,53.3
1775545200,53.32
1775548800,53.46
1775552400,53.47
1775556000,53.09
1775559600,53.22
1775563200,53.32
1775566800,53.48
1775570400,53.18
1775574000,53.42
1775577600,53.62
1775581200,53.67
1775584800,53.35
1775588400,53.76
1775592000,53.75
1775595600,54.14
1775599200,55.0
1775602800,55.37
1775606400,55.15
1775610000,55.02
1775613600,55.07
1775617200,55.0
1775620800,55.02
1775624400,55.11
1775628000,55.08
1775631600,55.13
1775635200,55.23
1775638800,55.13
1775642400,55.08
1775646000,55.09
1775649600,55.08
1775653200,55.2
1775656800,54.53
1775660400,54.66
1775664000,54.56
1775667600,54.72
1775671200,54.18
1775674800,54.33
1775678400,54.33
1775682000,54.45
1775685600,54.08
1775689200,53.97
1775692800,53.89
1775696400,53.96
1775700000,54.08
1775703600,53.97
1775707200,53.91
1775710800,53.88
1775714400,53.98
1775718000,53.98
1775721600,53.97
1775725200,53.99
1775728800,53.83
1775732400,53.78
1775736000,54.0
1775739600,53.91
1775743200,54.14
1775746800,54.71
1775750400,54.6
1775754000,54.64
1775757600,54.64
1775761200,54.8
1775764800,54.91
1775768400,54.78
1775772000,54.74
1775775600,54.57
1775779200,54.51
1775782800,54.45
1775786400,54.45
1775790000,54.45
1775793600,54.58
1775797200,54.65
1775800800,54.5
1775804400,54.36
1775808000,54.43
1775811600,54.59
1775815200,54.52
1775818800,54.68
1775822400,54.99
1775826000,54.89
1775829600,55.33
1775833200,54.93
1775836800,55.16
1775840400,55.07
1775844000,55.14
1775847600,55.28
1775851200,55.39
1775854800,55.2
1775858400,55.05
1775862000,55.0
1775865600,54.74
1775869200,54.87
1775872800,54.7
1775876400,54.76
1775880000,54.69
1775883600,54.55
1775887200,54.61
1775890800,54.62
1775894400,54.61
1775898000,54.7
1775901600,54.6
1775905200,54.58
1775908800,54.67
1775912400,54.43
1775916000,54.55
1775919600,54.62
1775923200,54.95
1775926800,54.99
1775930400,55.52
1775934000,55.67
1775937600,55.29
1775941200,55.34
1775944800,55.3
1775948400,55.07
1775952000,55.01
1775955600,53.99
1775959200,54.21
1775962800,54.05
1775966400,54.03
1775970000,54.01
1775973600,53.88
1775977200,53.84
1775980800,53.87
1775984400,53.78
1775988000,53.73
1775991600,53.88
1775995200,53.77
1775998800,53.63
1776002400,53.63
1776006000,53.57
1776009600,53.65
1776013200,53.85
1776016800,53.83
1776020400,53.75
1776024000,53.93
1776027600,53.84
1776031200,53.55
1776034800,53.49
1776038400,53.72
1776042000,53.84
1776045600,53.76
1776049200,53.73
1776052800,53.57
1776056400,53.7
1776060000,53.63
1776063600,53.18
1776067200,53.09
1776070800,52.93
1776074400,52.86
1776078000,52.81
1776081600,52.96
1776085200,53.17
1776088800,53.45
1776092400,52.97
1776096000,53.14
1776099600,53.07
1776103200,53.08
1776106800,53.77
1776110400,53.45
1776114000,53.63
1776117600,54.56
1776121200,54.65
1776124800,54.26
1776128400,54.42
1776132000,54.25
1776135600,54.23
1776139200,54.31
1776142800,54.05
1776146400,54.24
1776150000,54.4
1776153600,54.71
1776157200,54.76
1776160800,54.56
1776164400,54.56
1776168000,54.47
1776171600,55.22
1776175200,54.88
1776178800,54.75
1776182400,54.65
1776186000,54.81
1776189600,54.34
1776193200,54.56
1776196800,54.36
1776200400,54.65
1776204000,54.29
1776207600,54.32
1776211200,54.41
1776214800,54.38
1776218400,54.15
1776222000,54.1
1776225600,54.23
1776229200,54.07
1776232800,53.97
1776236400,54.05
1776240000,54.4
1776243600,54.25
1776247200,54.36
1776250800,54.54
1776254400,54.65
1776258000,54.88
1776261600,55.12
1776265200,55.08
1776268800,55.05
1776272400,55.18
1776276000,55.2
1776279600,55.54
1776283200,55.28
1776286800,55.3
1776290400,55.24
1776294000,55.18
1776297600,55.09
1776301200,54.98
1776304800,55.25
1776308400,55.34
1776312000,55.5
1776315600,55.52
1776319200,55.59
1776322800,55.59
1776326400,55.5
1776330000,55.43
1776333600,55.33
1776337200,55.31
1776340800,55.45
1776344400,55.15
1776348000,55.03
1776351600,55.89
1776355200,55.47
1776358800,55.86
1776362400,56.46
1776366000,56.55
1776369600,56.11
1776373200,56.0
1776376800,56.21
1776380400,56.37
1776384000,56.15
1776387600,55.99
1776391200,55.83
1776394800,55.61
1776398400,55.69
1776402000,55.45
1776405600,55.83
1776409200,56.0
1776412800,56.15
1776416400,56.17
1776420000,56.02
1776423600,56.23
1776427200,56.64
1776430800,57.3
1776434400,57.04
1776438000,56.58
1776441600,57.16
1776445200,56.7
1776448800,56.64
1776452400,56.76
1776456000,56.65
1776459600,56.69
1776463200,56.62
1776466800,56.42
1776470400,56.48
1776474000,56.37
1776477600,56.47
1776481200,56.27
1776484800,56.22
1776488400,56.33
1776492000,56.39
1776495600,56.63
1776499200,56.38
1776502800,56.33
1776506400,56.21
1776510000,56.0
1776513600,56.06
1776517200,55.9
1776520800,56.0
1776524400,55.86
1776528000,55.85
1776531600,55.87
1776535200,55.26
1776538800,55.44
1776542400,55.53
1776546000,55.69
1776549600,55.74
1776553200,55.67
1776556800,55.7
1776560400,55.59
1776564000,55.51
1776567600,55.53
1776571200,55.67
1776574800,55.72
1776578400,55.59
1776582000,55.1
1776585600,55.15
1776589200,55.06
1776592800,55.02
1776596400,55.23
1776600000,55.32
1776603600,55.51
1776607200,55.6
1776610800,55.49
1776614400,55.32
1776618000,54.67
1776621600,54.66
1776625200,54.75
1776628800,54.55
1776632400,54.6
1776636000,54.18
1776639600,54.08
1776643200,54.42
1776646800,54.49
1776650400,54.5
1776654000,54.66
1776657600,54.83
1776661200,54.64
1776664800,54.89
1776668400,54.98
1776672000,54.85
1776675600,55.11
1776679200,55.05
1776682800,54.91
1776686400,55.09
1776690000,55.14
1776693600,54.92
1776697200,55.19
1776700800,54.92
1776704400,55.19
1776708000,55.37
1776711600,55.23
1776715200,55.26
1776718800,55.23
1776722400,55.06
1776726000,55.05
1776729600,55.18
1776733200,55.01
1776736800,54.85
1776740400,54.83
1776744000,55.02
1776747600,55.01
1776751200,55.12
1776754800,55.33
1776758400,55.24
1776762000,55.51
1776765600,55.58
1776769200,55.47
1776772800,55.42
1776776400,55.47
1776780000,55.47
1776783600,55.39
1776787200,55.06
1776790800,55.17
1776794400,55.16
1776798000,54.86
1776801600,55.14
1776805200,55.18
1776808800,55.15
1776812400,55.6
1776816000,55.71
1776819600,55.64
1776823200,55.96
1776826800,55.87
1776830400,55.96
1776834000,56.31
1776837600,56.31
1776841200,56.22
1776844800,56.24
1776848400,56.05
1776852000,56.22
1776855600,56.27
1776859200,56.13
1776862800,56.26
1776866400,56.47
1776870000,56.48
1776873600,56.06
1776877200,56.14
1776880800,56.17
1776884400,56.01
1776888000,55.82
1776891600,56.05
1776895200,55.89
1776898800,55.52
1776902400,55.62
1776906000,55.69
1776909600,55.2
1776913200,55.17
1776916800,55.17
1776920400,55.22
1776924000,55.29
1776927600,55.2
1776931200,55.25
1776934800,55.16
1776938400,55.17
1776942000,55.47
1776945600,55.64
1776949200,55.58
1776952800,55.75
1776956400,55.9
1776960000,55.64
1776963600,55.53
1776967200,55.36
1776970800,55.52
1776974400,55.79
1776978000,55.83
1776981600,56.13
1776985200,56.23
1776988800,56.15
1776992400,56.12
1776996000,56.08
1776999600,55.9
1777003200,55.89
1777006800,56.07
1777010400,56.02
1777014000,56.15
1777017600,56.1
1777021200,56.1
1777024800,56.19
1777028400,56.41
1777032000,56.2
1777035600,56.27
1777039200,56.29
1777042800,56.61
1777046400,56.6
1777050000,56.53
1777053600,56.61
1777057200,56.75
1777060800,56.67
1777064400,56.62
1777068000,56.48
1777071600,56.58
1777075200,56.45
1777078800,56.59
1777082400,56.7
1777086000,56.71
1777089600,56.55
1777093200,56.48
1777096800,56.38
1777100400,56.44
1777104000,56.47
1777107600,56.53
1777111200,56.46
1777114800,56.29
1777118400,56.3
1777122000,56.39
1777125600,56.39
1777129200,56.47
1777132800,56.48
1777136400,56.21
1777140000,56.03
1777143600,56.08
1777147200,56.0
1777150800,56.01
1777154400,56.02
1777158000,56.08
1777161600,55.99
1777165200,55.91
1777168800,55.93
1777172400,55.87
1777176000,55.9
1777179600,56.07
1777183200,56.22
1777186800,56.33
1777190400,56.29
1777194000,56.24
1777197600,56.27
1777201200,56.31
1777204800,56.14
1777208400,55.99
1777212000,56.0
1777215600,56.08
1777219200,55.89
1777222800,55.97
1777226400,56.26
1777230000,56.34
1777233600,56.2
1777237200,56.29
1777240800,56.25
1777244400,56.3
1777248000,56.47
1777251600,56.67
1777255200,56.61
1777258800,56.67
1777262400,56.48
1777266000,55.53
1777269600,55.5
1777273200,55.25
1777276800,55.44
1777280400,55.44
1777284000,55.37
1777287600,55.43
1777291200,55.46
1777294800,55.69
1777298400,55.74
1777302000,55.19
1777305600,55.28
1777309200,55.31
1777312800,55.34
1777316400,55.33
1777320000,55.42
1777323600,55.3
1777327200,55.43
1777330800,55.58
1777334400,55.46
1777338000,55.49
1777341600,55.44
1777345200,55.4
1777348800,55.39
1777352400,55.3
1777356000,55.21
1777359600,55.22
1777363200,55.23
1777366800,55.13
1777370400,55.09
1777374000,54.99
1777377600,55.11
1777381200,55.0
1777384800,54.92
1777388400,55.07
1777392000,55.09
1777395600,55.18
1777399200,55.29
1777402800,55.43
1777406400,55.52
1777410000,55.56
1777413600,55.46
1777417200,55.7
1777420800,55.67
1777424400,55.67
1777428000,55.58
1777431600,55.94
1777435200,55.98
1777438800,55.95
1777442400,55.93
1777446000,56.01
1777449600,55.91
1777453200,57.28
1777456800,57.18
1777460400,56.85
1777464000,56.95
1777467600,56.22
1777471200,56.13
1777474800,55.2
1777478400,55.24
1777482000,55.54
1777485600,54.89
1777489200,54.77
1777492800,54.95
1777496400,55.19
1777500000,55.25
1777503600,55.31
1777507200,55.64
1777510800,55.62
1777514400,55.24
1777518000,55.32
1777521600,54.99
1777525200,55.15
1777528800,55.33
1777532400,55.6
1777536000,55.58
1777539600,55.78
1777543200,55.71
1777546800,55.71
1777550400,55.62
1777554000,55.69
1777557600,55.63
1777561200,55.58
1777564800,55.56
1777568400,55.48
1777572000,55.46
1777575600,55.28
1777579200,55.25
1777582800,55.05
1777586400,55.07
1777590000,55.17
1777593600,55.19
1777597200,55.3
1777600800,55.29
1777604400,55.41
1777608000,55.23
1777611600,55.3
1777615200,55.23
1777618800,55.29
1777622400,55.27
1777626000,55.03
1777629600,55.2
1777633200,55.14
1777636800,55.26
1777640400,55.55
1777644000,55.63
1777647600,55.65
1777651200,55.68
1777654800,55.78
1777658400,55.92
1777662000,55.74
1777665600,55.61
1777669200,55.56
1777672800,55.47
1777676400,55.4
1777680000,55.53
1777683600,55.56
1777687200,55.58
1777690800,55.64
1777694400,55.35
1777698000,55.35
1777701600,55.47
1777705200,55.38
1777708800,55.4
1777712400,55.46
1777716000,55.4
1777719600,55.22
1777723200,55.21
1777726800,55.33
1777730400,55.34
1777734000,55.38
1777737600,55.38
1777741200,55.24
1777744800,55.21
1777748400,55.31
1777752000,55.14
1777755600,55.28
1777759200,55.29
1777762800,55.36
1777766400,55.26
1777770000,55.07
1777773600,54.95
1777777200,55.06
1777780800,55.04
1777784400,54.97
1777788000,55.0
1777791600,55.04
1777795200,54.95
1777798800,55.09
1777802400,54.87
1777806000,55.18
1777809600,55.23
1777813200,55.19
1777816800,55.31
1777820400,55.34
1777824000,55.36
1777827600,55.29
1777831200,55.32
1777834800,55.43
1777838400,55.49
1777842000,55.44
1777845600,55.63
1777849200,55.3
1777852800,55.18
1777856400,55.72
1777860000,56.08
1777863600,56.12
1777867200,56.2
1777870800,56.17
1777874400,56.1
1777878000,55.89
1777881600,55.76
1777885200,55.92
1777888800,55.25
1777892400,55.24
1777896000,55.25
1777899600,55.1
1777903200,55.63
1777906800,55.24
1777910400,55.16
1777914000,55.31
1777917600,55.25
1777921200,55.19
1777924800,55.14
1777928400,55.25
1777932000,55.05
1777935600,54.96
1777939200,55.1
1777942800,55.06
1777946400,55.09
1777950000,55.11
1777953600,55.11
1777957200,55.21
1777960800,55.18
1777964400,55.31
1777968000,55.36
1777971600,55.27
1777975200,55.45
1777978800,55.55
1777982400,55.61
1777986000,55.82
1777989600,55.64
1777993200,55.64
1777996800,55.59
1778000400,55.59
1778004000,55.72
1778007600,56.09
1778011200,56.37
1778014800,56.47
1778018400,56.42
1778022000,56.33
1778025600,56.25
1778029200,56.59
1778032800,56.58
1778036400,56.75
1778040000,56.76
1778043600,56.83
1778047200,56.9
1778050800,57.13
1778054400,57.83
1778058000,57.8
1778061600,57.7
1778065200,57.69
1778068800,57.8
1778072400,56.94
1778076000,56.85
1778079600,57.09
1778083200,57.02
1778086800,56.93
1778090400,56.83
1778094000,56.95
1778097600,56.93
1778101200,57.03
1778104800,56.73
1778108400,56.74
1778112000,56.47
1778115600,56.26
1778119200,56.36
1778122800,56.21
1778126400,56.52
1778130000,56.7
1778133600,57.01
1778137200,57.11
1778140800,56.95
1778144400,56.8
1778148000,56.92
1778151600,57.11
1778155200,57.38
1778158800,56.99
1778162400,56.55
1778166000,56.24
1778169600,56.24
1778173200,56.62
1778176800,56.6
1778180400,56.47
1778184000,56.36
1778187600,56.37
1778191200,56.38
1778194800,56.44
1778198400,56.55
1778202000,56.52
1778223600,56.51
1778227200,56.54
1778230800,56.5
1778234400,56.47
1778238000,56.56
1778241600,56.72
1778245200,56.54
1778248800,57.23
1778252400,57.83
1778256000,57.65
1778259600,58.24
1778263200,58.53
1778266800,58.48
1778270400,58.06
1778274000,58.36
1778277600,58.36
1778281200,58.33
1778284800,58.6
1778288400,58.98
1778292000,58.83
1778295600,58.7
1778299200,58.65
1778302800,58.68
1778306400,58.53
1778310000,58.51
1778313600,58.71
1778317200,58.24
1778320800,58.27
1778324400,58.24
1778328000,58.19
1778331600,58.08
1778335200,57.8
1778338800,57.77
1778342400,57.89
1778346000,58.05
1778349600,58.14
1778353200,58.13
1778356800,58.12
1778360400,58.22
1778364000,58.2
1778367600,57.99
1778371200,57.95
1778374800,57.79
1778378400,57.94
1778382000,57.94
1778385600,57.98
1778389200,58.0
1778392800,58.09
1778396400,58.34
1778400000,58.54
1778403600,58.46
1778407200,58.41
1778410800,58.41
1778414400,58.49
1778418000,58.77
1778421600,58.66
1778425200,59.05
1778428800,59.41
1778432400,59.68
1778436000,59.83
1778439600,59.72
1778443200,58.39
1778446800,58.58
1778450400,60.11
1778454000,60.44
1778457600,59.58
1778461200,59.59
1778464800,58.98
1778468400,58.73
1778472000,58.71
1778475600,58.92
1778479200,58.8
1778482800,58.86
1778486400,58.63
1778490000,58.71
1778493600,58.49
1778497200,58.72
1778500800,58.47
1778504400,58.48
1778508000,58.44
1778511600,59.0
1778515200,58.87
1778518800,59.1
1778522400,58.84
1778526000,58.95
1778529600,58.8
1778533200,58.67
1778536800,58.61
1778540400,58.5
1778544000,58.41
1778547600,57.9
1778551200,58.22
1778554800,58.04
1778558400,58.2
1778562000,58.26
1778565600,58.25
1778569200,58.41
1778572800,58.14
1778576400,58.25
1778580000,57.98
1778583600,57.86
1778587200,57.8
1778590800,57.3
1778594400,57.19
1778598000,57.26
1778601600,57.14
1778605200,57.53
1778608800,57.52
1778612400,57.76
1778616000,57.88
1778619600,58.19
1778623200,57.92
1778626800,58.1
1778630400,57.93
1778634000,58.21
1778637600,58.28
1778641200,58.52
1778644800,58.43
1778648400,58.14
1778652000,58.2
1778655600,58.46
1778659200,58.68
1778662800,58.93
1778666400,58.59
1778670000,58.13
1778673600,57.74
1778677200,57.2
1778680800,57.3
1778684400,56.33
1778688000,56.85
1778691600,56.9
1778695200,56.98
1778698800,56.76
1778702400,56.86
1778706000,56.61
1778709600,56.99
1778713200,56.99
1778716800,57.13
1778720400,57.1
1778724000,56.97
1778727600,56.7
1778731200,56.95
1778734800,57.26
1778738400,57.2
1778742000,57.09
1778745600,57.09
1778749200,56.95
1778752800,57.1
1778756400,56.93
1778760000,57.28
1778763600,57.47
1778767200,58.19
1778770800,58.11
1778774400,58.33
1778778000,58.43
1778781600,59.2
1778785200,58.93
1778788800,58.58
1778792400,58.59
1778796000,58.56
1778799600,58.22
1778803200,58.31
1778806800,57.99
1778810400,58.27
1778814000,58.09
1778817600,57.7
1778821200,57.36
1778824800,57.97
1778828400,58.27
1778832000,58.45
1778835600,58.15
1778839200,58.31
1778842800,58.09
1778846400,57.9
1778850000,56.51
1778853600,56.86
1778857200,56.91
1778860800,57.36
1778864400,57.39
1778868000,57.34
1778871600,57.25
1778875200,57.26
1778878800,57.16
1778882400,57.46
1778886000,57.48
1778889600,57.57
1778893200,57.29
1778896800,57.14
1778900400,57.12
1778904000,56.84
1778907600,56.82
1778911200,56.25
1778914800,56.09
1778918400,56.11
1778922000,55.7
1778925600,55.85
1778929200,55.92
1778932800,56.03
1778936400,56.02
1778940000,56.17
1778943600,56.21
1778947200,56.15
1778950800,56.23
1778954400,56.17
1778958000,56.12
1778961600,56.18
1778965200,56.16
1778968800,56.05
1778972400,56.13
1778976000,56.02
1778979600,55.8
1778983200,55.94
1778986800,56.18
1778990400,56.27
1778994000,56.22
1778997600,56.19
1779001200,56.32
1779004800,56.23
1779008400,56.29
1779012000,56.41
1779015600,56.35
1779019200,56.29
1779022800,56.08
1779026400,55.88
1779030000,55.99
1779033600,55.84
1779037200,55.86
1779040800,55.91
1779044400,56.06
1779048000,56.04
1779051600,56.17
1779055200,55.86
1779058800,54.56
1779062400,54.29
1779066000,54.01
1779069600,54.18
1779073200,54.15
1779076800,54.24
1779080400,54.01
1779084000,53.81
1779087600,53.71
1779091200,53.76
1779094800,53.58
1779098400,53.48
1779102000,53.81
1779105600,54.02
1779109200,53.8
1779112800,53.53
1779116400,53.49
1779120000,53.6
1779123600,53.75
1779127200,53.57
1779130800,54.19
1779134400,54.14
1779138000,54.41
1779141600,54.47
1779145200,54.35
1779148800,54.33
1779152400,54.21
1779156000,54.15
1779159600,54.28
1779163200,54.37
1779166800,54.32
1779170400,54.4
1779174000,54.44
1779177600,54.21
1779181200,54.13
1779184800,54.23
1779188400,53.9
1779192000,54.15
1779195600,54.12
1779199200,53.68
1779202800,53.77
1779206400,54.09
1779210000,54.1
1779213600,54.0
1779217200,54.03
1779220800,54.12
1779224400,54.21
1779228000,54.24
1779231600,54.48
1779235200,53.73
1779238800,53.62
1779242400,53.63
1779246000,53.78
1779249600,53.84
1779253200,54.12
1779256800,54.21
1779260400,54.08
1779264000,54.14
1779267600,54.06
1779271200,54.01
1779274800,53.83
1779278400,54.22
1779282000,53.81
1779285600,54.23
1779289200,54.23
1779292800,54.2
1779296400,54.3
1779300000,54.15
1779303600,54.18
1779307200,54.08
1779310800,54.0
1779314400,53.99
1779318000,53.91
1779321600,54.09
1779325200,54.22
1779328800,54.27
1779332400,54.42
1779336000,54.4
1779339600,54.33
1779343200,54.22
1779346800,54.42
1779350400,54.34
1779354000,53.98
1779357600,53.35
1779361200,53.46
1779364800,53.67
1779368400,53.82
1779372000,53.8
1779375600,53.91
1779379200,53.74
1779382800,54.17
1779386400,54.06
1779390000,54.18
1779393600,54.19
1779397200,54.19
1779400800,54.15
1779404400,54.12
1779408000,54.18
1779411600,54.25
1779415200,54.32
1779418800,54.3
1779422400,54.24
1779426000,54.26
1779429600,54.08
1779433200,54.33
1779436800,54.23
1779440400,54.06
1779444000,54.03
1779447600,54.19
1779451200,54.17
1779454800,54.24
1779458400,53.74
1779462000,53.96
1779465600,54.18
1779469200,54.16
1779472800,53.6
1779476400,53.17
1779480000,53.19
1779483600,53.33
1779487200,53.31
1779490800,52.58
1779494400,52.61
1779498000,52.82
1779501600,52.87
1779505200,52.88
1779508800,52.73
1779512400,52.69
1779516000,52.65
1779519600,51.85
1779523200,52.03
1779526800,51.93
1779530400,52.07
1779534000,51.92
1779537600,52.11
1779541200,52.46
1779544800,52.7
1779548400,52.82
1779552000,52.75
1779555600,52.83
1779559200,53.21
1779562800,53.3
1779566400,54.1
1779570000,53.69
1779573600,53.42
1779577200,53.41
1779580800,53.47
1779584400,53.45
1779588000,53.34
1779591600,53.3
1779595200,53.35
1779598800,53.34
1779602400,53.48
1779606000,53.34
1779609600,53.41
1779613200,53.46
1779616800,53.44
1779620400,53.59
1779624000,53.43
1779627600,53.13
1779631200,52.84
1779634800,52.72
1779638400,52.79
1779642000,52.85
1779645600,52.76
1779649200,52.77
1779652800,52.58
1779656400,52.08
1779660000,52.56
1779663600,52.67
1779667200,52.79
1779670800,52.51
1779674400,52.57
1779678000,52.53
1779681600,52.7
1779685200,52.85
1779688800,52.86
1779692400,52.92
1779696000,52.97
1779699600,52.91
1779703200,52.77
1779706800,52.63
1779710400,52.71
1779714000,52.75
1779717600,52.85
1779721200,52.71
1779724800,53.05
1779728400,52.93
1779732000,52.92
1779735600,52.83
1779739200,52.73
1779742800,52.74
1779746400,52.47
1779750000,52.67
1779753600,52.48
1779757200,52.22
1779760800,52.2
1779764400,52.26
1779768000,52.42
1779771600,52.56
1779775200,52.5
1779778800,52.3
1779782400,52.32
1779786000,52.26
1779789600,52.79
1779793200,52.74
1779796800,52.79
1779800400,52.69
1779804000,52.6
1779807600,52.33
1779811200,52.12
1779814800,51.74
1779818400,51.76
1779822000,51.86
1779825600,51.93
1779829200,51.92
1779832800,51.93
1779836400,51.86
1779840000,52.13
1779843600,52.01
1779847200,52.08
1779850800,51.96
1779854400,52.1
1779858000,52.2
1779861600,52.24
1779865200,52.31
1779868800,52.21
1779872400,52.2
1779876000,52.23
1779879600,52.11
1779883200,52.33
1779886800,52.17
1779890400,52.29
1779894000,52.57
1779897600,52.38
1779901200,52.05
1779904800,52.26
1779908400,52.36
1779912000,52.46
1779915600,51.78
1779919200,51.83
1779922800,51.89
1779926400,51.94
1779930000,51.72
1779933600,51.76
1779937200,50.94
1779940800,50.73
1779944400,50.37
1779948000,50.54
1779951600,50.76
1779955200,50.64
1779958800,50.84
1779962400,50.67
1779966000,50.66
1779969600,50.86
1779973200,50.91
1779976800,51.02
1779980400,51.33
1779984000,51.84
1779987600,51.98
1779991200,51.9
1779994800,51.68
1779998400,51.84
1780002000,51.77
1780005600,51.65
1780009200,51.6
1780012800,51.64
1780016400,51.66
1780020000,51.52
1780023600,51.61
1780027200,51.57
1780030800,51.66
1780034400,51.78
1780038000,51.62
1780041600,51.66
1780045200,51.75
1780048800,51.73
1780052400,51.6
1780056000,51.53
1780059600,51.66
1780063200,51.5
1780066800,52.12
1780070400,52.09
1780074000,52.03
1780077600,51.76
1780081200,51.85
1780084800,51.87
1780088400,51.63
1780092000,51.79
1780095600,51.82
1780099200,52.09
1780102800,52.32
1780106400,52.42
1780110000,52.39
1780113600,52.21
1780117200,52.37
1780120800,52.37
1780124400,52.37
1780128000,52.44
1780131600,52.65
1780135200,52.54
1780138800,52.44
1780142400,52.57
1780146000,52.67
1780149600,52.47
1780153200,52.33
1780156800,52.28
1780160400,52.33
1780164000,52.4
1780167600,52.47
1780171200,52.46
1780174800,52.5
1780178400,52.36
1780182000,52.38
1780185600,52.41
1780189200,52.53
1780192800,52.6
1780196400,52.59
1780200000,52.57
1780203600,52.45
1780207200,52.41
1780210800,52.24
1780214400,52.39
1780218000,52.33
1780221600,52.29
1780225200,52.26
1780228800,52.34
1780232400,52.39
1780236000,51.9
1780239600,51.88
1780243200,51.53
1780246800,51.64
1780250400,51.55
1780254000,51.56
1780257600,51.75
1780261200,51.94
1780264800,52.11
1780268400,51.99
1780272000,52.16
1780275600,51.38
1780279200,51.97
1780282800,51.91
1780286400,51.64
1780290000,51.53
1780293600,51.26
1780297200,50.93
1780300800,50.97
1780304400,51.15
1780308000,51.0
1780311600,51.0
1780315200,51.04
1780318800,50.86
1780322400,50.54
1780326000,50.33
1780329600,50.61
1780333200,50.89
1780336800,50.73
1780340400,50.83
1780344000,50.95
1780347600,50.62
1780351200,50.74
1780354800,50.71
1780358400,50.55
1780362000,50.23
1780365600,50.07
1780369200,50.16
1780372800,49.8
1780376400,49.34
1780380000,49.31
1780383600,49.39
1780387200,49.35
1780390800,49.27
1780394400,49.54
1780398000,49.3
1780401600,49.41
1780405200,49.17
1780408800,48.3
1780412400,47.75
1780416000,48.13
1780419600,48.35
1780423200,48.29
1780426800,48.04
1780430400,48.23
1780434000,48.07
1780437600,46.69
1780441200,46.84
1780444800,47.3
1780448400,47.52
1780452000,47.58
1780455600,46.96
1780459200,47.73
1780462800,48.04
1780466400,48.17
1780470000,48.31
1780473600,48.27
1780477200,48.08
1780480800,48.27
1780484400,48.15
1780488000,48.16
1780491600,47.93
1780495200,47.8
1780498800,47.58
1780502400,47.5
1780506000,47.66
1780509600,47.4
1780513200,47.25
1780516800,46.95
1780520400,47.86
1780524000,47.59
1780527600,47.08
1780531200,46.74
1780534800,45.28
1780538400,45.77
1780542000,46.77
1780545600,46.44
1780549200,46.24
1780552800,46.57
1780556400,46.18
1780560000,46.36
1780563600,45.98
1780567200,45.21
1780570800,45.58
1780574400,46.56
1780578000,46.81
1780581600,46.3
1780585200,46.3
1780588800,46.3
1780592400,46.15
1780596000,46.47
1780599600,46.22
1780603200,46.03
1780606800,45.1
1780610400,45.67
1780614000,45.6
1780617600,45.36
1780621200,45.62
1780624800,44.86
1780628400,44.81
1780632000,45.35
1780635600,44.3
1780639200,43.31
1780642800,44.13
1780646400,43.81
1780650000,44.55
1780653600,44.23
1780657200,44.03
1780660800,43.99
1780664400,43.21
1780668000,43.38
1780671600,43.18
1780675200,43.92
1780678800,43.65
1780682400,42.68
1780686000,43.0
1780689600,43.61
1780693200,43.9
1780696800,43.57
1780700400,43.31
1780704000,43.81
1780707600,43.5
1780711200,43.26
1780714800,42.66
1780718400,40.98
1780722000,42.07
1780725600,42.27
1780729200,42.8
1780732800,43.22
1780736400,43.0
1780740000,42.61
1780743600,42.77
1780747200,42.87
1780750800,42.75
1780754400,42.49
1780758000,42.31
1780761600,41.93
1780765200,42.06
1780768800,42.21
1780772400,41.14
1780776000,41.17
1780779600,41.62
1780783200,41.01
1780786800,41.39
1780790400,41.28
1780794000,42.04
1780797600,41.78
1780801200,41.91
1780804800,41.71
1780808400,41.61
1780812000,41.97
1780815600,41.89
1780819200,42.49
1780822800,42.3
1780826400,42.22
1780830000,42.36
1780833600,41.84
1780837200,42.05
1780840800,42.25
1780844400,42.09
1780848000,41.86
1780851600,42.02
1780855200,41.87
1780858800,41.36
1780862400,41.59
1780866000,41.56
1780869600,42.72
1780873200,42.82
1780876800,43.01
1780880400,42.37
1780884000,42.41
1780887600,42.52
1780891200,42.15
1780894800,42.35
1780898400,42.54
1780902000,42.82
1780905600,42.52
1780909200,43.0
1780912800,42.86
1780916400,43.11
1780920000,43.3
1780923600,42.92
1780927200,43.23
1780930800,43.1
1780934400,43.0
1780938000,43.33
1780941600,43.33
1780945200,43.4
1780948800,43.35
1780952400,43.59
1780956000,43.37
1780959600,43.0
1780963200,42.33
1780966800,42.5
1780970400,42.62
1780974000,42.51
1780977600,42.84
1780981200,42.91
1780984800,42.93
1780988400,42.88
1780992000,42.71
1780995600,42.46
1780999200,42.45
1781002800,42.46
1781006400,42.69
1781010000,42.62
1781013600,42.35
1781017200,41.96
1781020800,42.27
1781024400,42.73
1781028000,43.06
1781031600,43.39
1781035200,43.43
1781038800,43.25
1781042400,42.95
1781046000,43.01
1781049600,43.17
1781053200,42.86
1781056800,42.55
1781060400,42.65
1781064000,42.36
1781067600,42.47
1781071200,42.37
1781074800,42.53
1781078400,42.3
1781082000,42.25
1781085600,42.17
1781089200,42.07
1781092800,42.52
1781096400,42.73
1781100000,42.53
1781103600,42.82
1781107200,42.38
1781110800,41.92
1781114400,41.93
1781118000,41.57
1781121600,41.65
1781125200,41.37
1781128800,41.48
1781132400,41.7
1781136000,41.86
1781139600,42.26
1781143200,42.22
1781146800,42.73
1781150400,42.72
1781154000,42.56
1781157600,42.48
1781161200,42.5
1781164800,42.63
1781168400,42.47
1781172000,42.57
1781175600,42.6
1781179200,42.51
1781182800,42.51
1781186400,42.33
1781190000,42.06
1781193600,42.08
1781197200,42.75
1781200800,42.62
1781204400,42.59
1781208000,42.39
1781211600,42.59
1781215200,42.61
1781218800,42.44
1781222400,42.46
1781226000,42.51
1781229600,42.5
1781233200,42.62
1781236800,42.67
1781240400,42.52
1781244000,42.29
1781247600,42.54
1781251200,42.78
1781254800,43.09
1781258400,42.95
1781262000,42.97
1781265600,43.03
1781269200,42.79
1781272800,43.38
1781276400,42.83
1781280000,43.23
1781283600,43.0
1781287200,42.89
1781290800,42.97
1781294400,42.89
1781298000,42.9
1781301600,42.97
1781305200,43.06
1781308800,43.28
1781312400,43.45
1781316000,43.25
1781319600,43.35
1781323200,43.22
1781326800,43.16
1781330400,43.31
1781334000,43.48
1781337600,43.64
1781341200,43.56
1781344800,43.74
1781348400,43.78
1781352000,43.93
1781355600,43.89
1781359200,43.87
1781362800,44.02
1781366400,43.81
1781370000,43.61
1781373600,43.68
1781377200,43.78
1781380800,43.87
1781384400,44.23
1781388000,44.33
1781391600,44.32
1781395200,44.44
1781398800,44.39
1781402400,44.37
1781406000,44.45
1781409600,44.13
1781413200,44.14
1781416800,44.13
1781420400,44.05
1781424000,44.13
1781427600,44.21
1781431200,44.07
1781434800,44.06
1781438400,43.97
1781442000,43.96
1781445600,43.92
1781449200,44.01
1781452800,44.03
1781456400,43.94
1781460000,44.05
1781463600,44.2
1781467200,44.42
1781470800,44.85
1781474400,45.11
1781478000,45.38
1781481600,45.25
1781485200,45.11
1781488800,45.26
1781492400,45.29
1781496000,45.1
1781499600,45.51
1781503200,45.27
1781506800,45.06
1781510400,45.13
1781514000,44.91
1781517600,45.65
1781521200,45.78
1781524800,45.85
1781528400,46.08
1781532000,45.79
1781535600,46.07
1781539200,46.1
1781542800,45.98
1781546400,45.76
1781550000,45.62
1781553600,45.65
1781557200,45.72
1781560800,45.65
1781564400,45.73
1781568000,45.62
1781571600,45.79
1781575200,45.51
1781578800,45.83
1781582400,45.45
1781586000,45.51
1781589600,45.63
1781593200,45.77
1781596800,46.24
1781600400,45.55
1781604000,45.49
1781607600,45.5
1781611200,45.55
1781614800,45.05
1781618400,44.77
1781622000,44.87
1781625600,44.97
1781629200,45.43
1781632800,45.62
1781636400,45.43
1781640000,45.65
1781643600,45.78
1781647200,45.86
1781650800,45.67
1781654400,45.65
1781658000,45.74
1781661600,45.71
1781665200,45.65
1781668800,45.68
1781672400,45.59
1781676000,45.55
1781679600,45.51
1781683200,45.3
1781686800,45.3
1781690400,45.11
1781694000,45.04
1781697600,45.31
1781701200,45.22
1781704800,45.09
1781708400,45.66
1781712000,45.55
1781715600,45.76
1781719200,45.54
1781722800,44.79
1781726400,45.01
1781730000,44.74
1781733600,44.8
1781737200,44.9
1781740800,44.75
1781744400,44.9
1781748000,44.84
1781751600,44.45
1781755200,44.22
1781758800,44.29
1781762400,44.39
1781766000,44.48
1781769600,44.41
1781773200,44.27
1781776800,44.14
1781780400,43.99
1781784000,44.08
1781787600,43.97
1781791200,43.96
1781794800,43.05
1781798400,43.33
1781802000,43.21
1781805600,43.23
1781809200,43.47
1781812800,43.65
1781816400,43.72
1781820000,43.8
1781823600,43.82
1781827200,43.81
1781830800,43.94
1781834400,43.8
1781838000,43.54
1781841600,43.23
1781845200,43.47
1781848800,43.52
1781852400,43.41
1781856000,43.45
1781859600,43.37
1781863200,43.41
1781866800,43.45
1781870400,43.71
1781874000,44.0
1781877600,44.06
1781881200,44.41
1781884800,44.27
1781888400,44.12
1781892000,44.16
1781895600,43.9
1781899200,44.07
1781902800,43.77
1781906400,43.81
1781910000,44.03
1781913600,43.89
1781917200,43.92
1781920800,43.86
1781924400,43.89
1781928000,43.96
1781931600,44.16
1781935200,44.33
1781938800,44.09
1781942400,44.09
1781946000,44.26
1781949600,44.26
1781953200,44.21
1781956800,44.26
1781960400,44.06
1781964000,44.14
1781967600,44.28
1781971200,44.28
1781974800,43.97
1781978400,44.06
1781982000,44.08
1781985600,44.13
1781989200,44.3
1781992800,44.47
1781996400,44.5
1782000000,44.54
1782003600,44.56
1782007200,44.51
1782010800,44.48
1782014400,44.46
1782018000,44.45
1782021600,44.71
1782025200,44.78
1782028800,44.79
1782032400,44.94
1782036000,45.05
1782039600,44.96
1782043200,45.07
1782046800,45.07
1782050400,45.33
1782054000,45.89
1782057600,45.31
1782061200,45.14
1782064800,45.07
1782068400,45.23
1782072000,45.01
1782075600,44.88
1782079200,44.74
1782082800,44.42
1782086400,44.86
1782090000,45.18
1782093600,44.98
1782097200,44.9
1782100800,44.89
1782104400,44.93
1782108000,44.8
1782111600,44.95
1782115200,44.82
1782118800,44.81
1782122400,44.75
1782126000,45.2
1782129600,45.5
1782133200,45.65
1782136800,45.16
1782140400,45.1
1782144000,45.04
1782147600,44.89
1782151200,44.69
1782154800,44.6
1782158400,44.52
1782162000,44.64
1782165600,44.49
1782169200,44.5
1782172800,44.53
1782176400,44.53
1782180000,44.55
1782183600,44.55
1782187200,44.37
1782190800,44.31
1782194400,43.9
1782198000,43.73
1782201600,43.27
1782205200,43.31
1782208800,43.34
1782212400,43.4
1782216000,43.17
1782219600,43.31
1782223200,42.55
1782226800,41.9
1782230400,42.02
1782234000,42.04
1782237600,41.96
1782241200,41.85
1782244800,41.84
1782248400,41.93
1782252000,42.0
1782255600,42.14
1782259200,42.23
1782262800,42.19
1782266400,41.94
1782270000,41.71
1782273600,41.74
1782277200,42.01
1782280800,42.1
1782284400,41.98
1782288000,42.13
1782291600,42.06
1782295200,41.83
1782298800,42.17
1782302400,42.13
1782306000,41.52
1782309600,41.63
1782313200,40.65
1782316800,40.25
1782320400,39.42
1782324000,39.73
1782327600,40.03
1782331200,40.7
1782334800,40.91
1782338400,40.91
1782342000,41.13
1782345600,41.06
1782349200,41.12
1782352800,41.18
1782356400,41.22
1782360000,41.56
1782363600,41.86
1782367200,41.73
1782370800,41.7
1782374400,41.69
1782378000,41.78
1782381600,41.5
1782385200,41.3
1782388800,41.41
1782392400,39.37
1782396000,40.29
1782399600,40.39
1782403200,40.33
1782406800,40.98
1782410400,40.64
1782414000,40.65
1782417600,40.74
1782421200,41.18
1782424800,40.97
1782428400,40.85
1782432000,40.97
1782435600,40.85
1782439200,40.18
1782442800,41.16
1782446400,41.1
1782450000,41.24
1782453600,41.68
1782457200,41.82
1782460800,41.5
1782464400,41.25
1782468000,41.19
1782471600,40.85
1782475200,40.47
1782478800,41.27
1782482400,40.96
1782486000,41.34
1782489600,41.55
1782493200,41.84
1782496800,41.6
1782500400,41.65
1782504000,41.65
1782507600,41.8
1782511200,41.91
1782514800,41.87
1782518400,41.85
1782522000,42.0
1782525600,42.28
1782529200,42.23
1782532800,42.21
1782536400,42.29
1782540000,42.16
1782543600,42.39
1782547200,42.66
1782550800,42.56
1782554400,42.67
1782558000,42.42
1782561600,42.74
1782565200,43.0
1782568800,42.84
1782572400,43.06
1782576000,43.1
1782579600,42.76
1782583200,42.69
1782586800,42.26
1782590400,42.36
1782594000,42.19
1782597600,42.25
1782601200,42.11
1782604800,42.18
1782608400,42.13
1782612000,42.01
1782615600,42.2
1782619200,42.24
1782622800,42.25
1782626400,42.32
1782630000,42.46
1782633600,42.9
1782637200,42.74
1782640800,42.8
1782644400,43.26
1782648000,43.08
1782651600,42.93
1782655200,43.0
1782658800,42.86
1782662400,42.84
1782666000,42.76
1782669600,42.59
1782673200,42.48
1782676800,42.58
1782680400,42.08
1782684000,42.08
1782687600,42.46
1782691200,42.85
1782694800,42.82
1782698400,42.88
1782702000,43.2
1782705600,42.92
1782709200,42.89
1782712800,42.72
1782716400,42.59
1782720000,42.29
1782723600,42.41
1782727200,42.29
1782730800,42.26
1782734400,42.49
1782738000,42.54
1782741600,42.43
1782745200,42.45
1782748800,42.53
1782752400,43.07
1782756000,43.24
1782759600,43.34
1782763200,43.3
1782766800,43.32
1782770400,43.12
1782774000,43.13
1782777600,42.76
1782781200,42.56
1782784800,42.58
1782788400,42.42
1782792000,42.47
1782795600,42.56
1782799200,42.71
1782802800,42.54
1782806400,42.39
1782810000,42.43
1782813600,42.26
1782817200,42.35
1782820800,41.87
1782824400,42.12
1782828000,41.67
1782831600,41.65
1782835200,41.79
1782838800,41.77
1782842400,41.75
1782846000,41.8
1782849600,41.65
1782853200,41.84
1782856800,41.78
1782860400,41.88
1782864000,41.82
1782867600,42.1
1782871200,42.57
1782874800,42.79
1782878400,42.79
1782882000,42.63
1782885600,42.33
1782889200,42.17
1782892800,42.25
1782896400,42.18
1782900000,41.85
1782903600,41.74
1782907200,41.23
1782910800,41.83
1782914400,42.05
1782918000,42.47
1782921600,42.35
1782925200,42.49
1782928800,42.38
1782932400,42.44
1782936000,42.56
1782939600,43.4
1782943200,42.96
1782946800,42.68
1782950400,42.51
1782954000,42.78
1782957600,42.76
1782961200,43.23
1782964800,43.11
1782968400,42.83
1782972000,42.59
1782975600,42.66
1782979200,42.91
1782982800,43.2
1782986400,43.24
1782990000,42.97
1782993600,43.21
1782997200,43.56
1783000800,43.52
1783004400,43.36
1783008000,43.38
1783011600,43.4
1783015200,43.65
1783018800,43.39
1783022400,43.38
1783026000,43.39
1783029600,43.44
1783033200,43.49
1783036800,43.49
1783040400,43.6
1783044000,43.49
1783047600,43.19
1783051200,43.16
1783054800,43.25
1783058400,43.26
1783062000,43.18
1783065600,43.19
1783069200,43.32
1783072800,43.51
1783076400,43.6
1783080000,43.51
1783083600,43.65
1783087200,43.56
1783090800,43.57
1783094400,43.72
1783098000,44.05
1783101600,44.1
1783105200,44.26
1783108800,45.17
1783112400,45.23
1783116000,44.9
1783119600,44.79
1783123200,44.62
1783126800,44.21
1783130400,44.27
1783134000,44.32
1783137600,44.49
1783141200,44.45
1783144800,44.17
1783148400,44.19
1783152000,44.45
1783155600,44.24
1783159200,44.29
1783162800,44.34
1783166400,44.5
1783170000,44.32
1783173600,44.78
1783177200,45.13
1783180800,45.33
1783184400,45.59
1783188000,45.32
1783191600,45.14
1783195200,45.02
1783198800,45.1
1783202400,45.05
1783206000,44.82
1783209600,44.39
1783213200,44.35
1783216800,44.23
1783220400,44.25
1783224000,44.23
1783227600,44.15
1783231200,44.24
1783234800,44.39
1783238400,44.44
1783242000,44.16
1783245600,44.64
1783249200,44.75
1783252800,44.72
1783256400,44.88
1783260000,45.14
1783263600,45.41
1783267200,45.04
1783270800,45.44
1783274400,45.77
1783278000,45.64
1783281600,45.5
1783285200,45.58
1783288800,45.89
1783292400,45.77
1783296000,45.95
1783299600,45.44
1783303200,45.31
1783306800,45.21
1783310400,45.15
1783314000,44.94
1783317600,44.94
1783321200,44.85
1783324800,44.73
1783328400,44.43
1783332000,44.71
1783335600,44.39
1783339200,44.09
1783342800,44.22
1783346400,44.29
1783350000,44.97
1783353600,45.15
1783357200,45.07
1783360800,45.16
1783364400,45.15
1783368000,44.98
1783371600,45.47
1783375200,45.17
1783378800,44.81
1783382400,44.93
1783386000,44.68
1783389600,44.31
1783393200,44.11
1783396800,43.98
1783400400,44.06
1783404000,44.16
1783407600,44.01
1783411200,44.0
1783414800,44.05
1783418400,43.89
1783422000,44.13
1783425600,43.99
1783429200,43.83
1783432800,44.28
1783436400,44.68
1783440000,44.69
1783443600,44.53
1783447200,44.04
1783450800,43.99
1783454400,44.02
1783458000,43.84
1783461600,43.93
1783465200,43.89
1783468800,43.86
1783472400,43.76
1783476000,43.61
1783479600,43.44
1783483200,43.59
1783486800,43.64
1783490400,43.54
1783494000,43.83
1783497600,43.4
1783501200,43.33
1783504800,43.37
1783508400,43.63
1783512000,43.6
1783515600,43.54
1783519200,43.62
1783522800,43.32
1783526400,43.57
1783530000,43.44
1783533600,43.52
1783537200,43.39
1783540800,43.34
1783544400,43.45
1783548000,43.51
1783551600,43.64
1783555200,43.64
1783558800,43.62
1783562400,43.43
1783566000,43.69
1783569600,43.95
1783573200,44.15
1783576800,44.21
1783580400,44.0
1783584000,43.92
1783587600,43.92
1783591200,43.74
1783594800,43.82
1783598400,43.91
1783602000,44.16
1783605600,43.79
1783609200,43.95
1783612800,43.87
1783616400,43.98
1783620000,44.09
1783623600,43.95
1783627200,43.91
1783630800,43.89
1783634400,43.91
1783638000,43.77
1783641600,43.68
1783645200,44.15
1783648800,44.37
1783652400,44.34
1783656000,44.37
1783659600,44.38
1783663200,44.31
1783666800,44.29
1783670400,44.47
1783674000,44.53
1783677600,44.58
1783681200,44.55
1783684800,44.53
1783688400,44.64
1783692000,44.38
1783695600,44.73
1783699200,44.69
1783702800,44.53
1783706400,44.46
1783710000,44.6
1783713600,44.53
1783717200,44.65
1783720800,44.73
1783724400,44.76
1783728000,44.75
1783731600,44.7
1783735200,44.71
1783738800,44.73
1783742400,44.76
1783746000,44.93
1783749600,44.93
1783753200,44.99
1783756800,45.05
1783760400,44.96
1783764000,45.01
1783767600,45.09
1783771200,45.1
1783774800,44.93
1783778400,45.13
1783782000,45.11
1783785600,45.04
1783789200,45.08
1783792800,45.23
1783796400,45.38
1783800000,45.41
1783803600,45.33
1783807200,45.14
1783810800,44.61
1783814400,44.47
1783818000,44.73
1783821600,44.64
1783825200,44.76
1783828800,44.59
1783832400,44.6
1783836000,44.47
1783839600,44.48
1783843200,44.57
1783846800,44.53
1783850400,44.48
1783854000,44.68
1783857600,44.74
1783861200,44.59
1783864800,44.79
1783868400,44.78
1783872000,44.77
1783875600,44.51
1783879200,44.59
1783882800,44.64
1783886400,44.59
1783890000,44.35
1783893600,44.15
1783897200,43.98
1783900800,44.2
1783904400,43.87
1783908000,43.84
1783911600,43.51
1783915200,43.46
1783918800,43.77
1783922400,43.78
1783926000,43.88
1783929600,43.9
1783933200,43.83
1783936800,43.68
1783940400,43.35
1783944000,43.36
1783947600,43.19
1783951200,43.55
1783954800,43.43
1783958400,43.29
1783962000,42.95
1783965600,43.07
1783969200,43.28
1783972800,43.22
1783976400,43.16
1783980000,43.26
1783983600,43.51
1783987200,43.76
1783990800,43.62
1783994400,43.54
1783998000,43.65
1784001600,43.65
1784005200,43.79
1784008800,43.7
1784012400,43.54
1784016000,43.6
1784019600,43.68
1784023200,43.7
1784026800,43.64
1784030400,44.51
1784034000,44.64
1784037600,44.65
1784041200,44.74
1784044800,44.59
1784048400,44.64
1784052000,44.72
1784055600,44.94
1784059200,44.99
1784062800,45.08
1784066400,45.14
1784070000,45.38
1784073600,45.27
1784077200,44.97
1784080800,44.8
1784084400,44.91
1784088000,44.74
1784091600,44.9
1784095200,44.99
1784098800,45.11
1784102400,45.3
1784106000,45.77
1784109600,45.47
1784113200,45.37
1784116800,45.64
1784120400,45.43
1784124000,45.56
1784127600,45.7
1784131200,45.12
1784134800,45.22
1784138400,45.01
1784142000,44.91
1784145600,45.09
1784149200,44.98
1784152800,45.1
1784156400,45.15
1784160000,45.05
1784163600,45.19
1784167200,45.3
1784170800,45.17
1784174400,45.2
1784178000,45.25
1784181600,45.15
1784185200,44.83
1784188800,44.7
1784192400,44.64
1784196000,44.64
1784199600,44.53
1784203200,44.47
1784206800,44.7
1784210400,44.93
1784214000,45.18
1784217600,45.23
1784221200,45.08
1784224800,45.2
1784228400,45.21
1784232000,45.04
1784235600,45.28
1784239200,45.0
1784242800,44.91
1784246400,45.29
1784250000,44.92
1784253600,44.97
1784257200,45.53
1784260800,45.48
1784264400,45.11
1784268000,44.85
1784271600,44.73
1784275200,44.29
1784278800,44.58
1784282400,44.52
1784286000,44.34
1784289600,44.33
1784293200,44.58
1784296800,44.5
1784300400,44.72
1784304000,44.84
1784307600,44.91
1784311200,44.98
1784314800,45.1
1784318400,45.04
1784322000,45.01
1784325600,45.05
1784329200,45.15
1784332800,45.09
1784336400,45.35
1784340000,45.56
1784343600,45.56
1784347200,45.47
1784350800,45.4
1784354400,45.43
1784358000,45.48
1784361600,45.42
1784365200,45.42
1784368800,45.35
1784372400,45.52
1784376000,45.67
1784379600,45.78
1784383200,46.31
1784386800,46.21
1784390400,47.16
1784394000,47.45
1784397600,47.11
1784401200,46.83
1784404800,46.99
1784408400,46.79
1784412000,46.97
1784415600,46.97
1784419200,46.96
1784422800,46.79
1784426400,47.21
1784430000,46.89
1784433600,46.86
1784437200,46.74
1784440800,46.83
1784444400,47.07
1784448000,46.87
1784451600,46.79
1784455200,47.03
1784458800,46.93
1784462400,47.08
1784466000,47.32
1784469600,47.29
1784473200,47.17
1784476800,47.15
1784480400,47.47
1784484000,47.46
1784487600,47.65
1784491200,47.56
1784494800,47.62
1784498400,47.39
1784502000,47.03
1784505600,47.39
1784509200,47.09
1784512800,47.18
1784516400,47.16
1784520000,46.97
1784523600,46.98
1784527200,46.77
1784530800,46.96
1784534400,46.46
1784538000,46.7
1784541600,47.02
1784545200,47.4
1784548800,46.88
1784552400,46.65
1784556000,46.64
1784559600,47.45
1784563200,47.33
1784566800,47.29
1784570400,47.0
1784574000,47.05
1784577600,47.4
1784581200,47.51
1784584800,47.28
1784588400,47.33
1784592000,47.36
1784595600,47.23
1784599200,47.29
1784602800,47.28
1784606400,47.27
1784610000,47.38
1784613600,47.54
1784617200,47.52
1784620800,47.57
1784624400,47.64
1784628000,47.28
1784631600,47.36
1784635200,47.46
1784638800,47.87
1784642400,47.79
1784646000,47.87
1784649600,47.66
1784653200,47.27
1784656800,47.4
1784660400,47.15
1784664000,46.88
1784667600,46.9
1784671200,46.86
1784674800,46.83
1784678400,46.84
1784682000,46.8
1784685600,46.6
1784689200,46.57
1784692800,46.64
1784696400,46.39
1784700000,46.43
1784703600,46.4
1784707200,46.42
1784710800,46.5
1784714400,46.55
1784718000,46.53
1784721600,46.7
1784725200,46.83
1784728800,46.75
1784732400,46.83
1784736000,46.98
1784739600,47.05
1784743200,47.13
1784746800,47.15
1784750400,47.28
1784754000,47.53
1784757600,47.11
1784761200,47.13
1784764800,47.26
1784768400,47.2
1784772000,47.27
1784775600,47.28
1784779200,47.16
1784782800,47.06
1784786400,47.23
1784790000,46.91
1784793600,47.16
1784797200,46.95
1784800800,46.77
1784804400,46.9
1784808000,46.96
1784811600,46.7
1784815200,46.57
1784818800,46.37
1784822400,46.49
1784826000,46.43
1784829600,46.79
1784833200,46.9
1784836800,47.37
1784840400,47.13
1784844000,47.19
1784847600,46.94
1784851200,47.09
1784854800,46.95
1784858400,46.63
1784862000,46.75
1784865600,46.67
1784869200,46.68
1784872800,46.98
1784876400,46.96
1784880000,46.82
1784883600,46.7
1784887200,46.2
1784890800,46.23
1784894400,46.24
1784898000,46.17
1784901600,46.25
1784905200,46.34
1784908800,46.24
1784912400,46.29
1784916000,46.18
1784919600,46.19
1784923200,46.19
1784926800,46.11
1784930400,46.24
1784934000,46.34
1784937600,46.28
1784941200,46.27
1784944800,46.4
1784948400,46.25
1784952000,46.32
1784955600,46.16
1784959200,46.09
1784962800,46.04
1784966400,45.83
1784970000,45.91
1784973600,45.89
1784977200,45.89
1784980800,45.99
1784984400,46.0
1784988000,45.92
1784991600,46.05
1784995200,46.14
1784998800,46.21
1785002400,46.26
1785006000,46.44
1785009600,46.48
1785013200,46.5
1785016800,46.51
1785020400,46.53
1785024000,46.52
1785027600,46.64
1785031200,46.71
1785034800,46.74
1785038400,46.74
1785042000,46.75
1785045600,46.86
1785049200,46.93
1785052800,47.07
1785056400,47.16
1785060000,47.18
1785063600,47.15
1785067200,47.31
1785070800,47.03
1785074400,47.03
1785078000,47.71
1785081600,47.96
1785085200,47.75
1785088800,47.9
1785092400,47.83
1785096000,47.61
1785099600,47.61
1785103200,47.98
1785106800,47.81
1785110400,47.42
1785114000,47.36
1785117600,47.3
1785121200,47.36
1785124800,47.43
1785128400,47.35
1785132000,47.32
1785135600,47.28
1785139200,46.98
1785142800,46.93
1785146400,47.02
1785150000,47.0
1785153600,46.94
1785157200,47.16
1785160800,46.4
1785164400,46.32
1785168000,46.48
1785171600,46.46
1785175200,46.34
1785178800,46.54
1785182400,46.73
1785186000,46.58
1785189600,46.07
1785193200,46.02
1785196800,45.99
1785200400,46.11
1785204000,46.23
1785207600,46.26
1785211200,46.28
1785214800,46.19
1785218400,46.4
1785222000,46.38
1785225600,46.21
1785229200,46.43
1785232800,46.49
1785236400,46.55
1785240000,46.63
1785243600,46.09
1785247200,46.14
1785250800,46.54
1785254400,46.49
1785258000,46.27
1785261600,46.25
1785265200,46.43
1785268800,46.44
1785272400,46.34
1785276000,45.95
1785279600,46.16
1785283200,46.27
1785286800,45.99
1785290400,46.18
1785294000,45.26
1785297600,45.1
1785301200,45.22
1785304800,45.24
1785308400,45.18
1785312000,45.1
1785315600,45.39
1785319200,45.17
1785322800,45.3
1785326400,45.27
1785330000,45.35
1785333600,44.92
1785337200,44.94
1785340800,45.17
1785344400,45.45
1785348000,45.54
1785351600,44.93
1785355200,44.43
1785358800,44.77
1785362400,45.18
1785366000,45.4
1785369600,45.05
1785373200,45.36
1785376800,45.24
1785380400,45.37
1785384000,45.31
1785387600,45.43
1785391200,45.45
1785394800,45.3
1785398400,45.31
1785402000,45.09
1785405600,45.15
1785409200,45.42
1785412800,45.21
1785416400,45.41
1785420000,45.2
1785423600,45.13
1785427200,45.35
1785430800,45.35
1785434400,45.28
1785438000,45.4
1785441600,45.65
1785445200,45.77
1785448800,45.66
1785452400,45.55
1785456000,45.64
1785459600,45.55
1785463200,45.28
1785466800,45.36
1785470400,45.33
1785474000,45.38
1785477600,45.32
1785481200,45.34
1785484800,45.2
1785488400,44.97
1785492000,45.03
1785495600,44.84
1785499200,45.11
1785502800,44.97
1785506400,44.82
1785510000,44.84
1785513600,44.77
1785517200,44.91
1785520800,44.9
1785524400,44.84
1785528000,44.63
1785531600,44.64
1785535200,44.2
1785538800,44.27
1785542400,44.26
1785546000,44.24
1785549600,44.48
1785553200,44.56
1785556800,44.7
1785560400,44.42
1785564000,44.55
1785567600,44.49
1785571200,44.43
1785574800,44.34
1785578400,44.29
1785582000,44.3
1785585600,44.36
1785589200,44.27
1785592800,44.16
1785596400,44.09
1785600000,44.03
1785603600,43.97
1785607200,43.87
1785610800,43.98
1785614400,44.0
1785618000,44.13
1785621600,44.18
1785625200,44.22
1785628800,44.19
1785632400,44.54
1785636000,44.6
1785639600,44.63
1785643200,44.57
1785646800,44.64
1785650400,44.8
1785654000,44.81
1785657600,44.68
1785661200,44.78
1785664800,44.64
1785668400,44.61
1785672000,44.64
1785675600,44.66
1785679200,44.64
1785682800,44.72
1785686400,44.79
1785690000,44.94
1785693600,44.9
1785697200,45.0
1785700800,44.84
1785704400,44.89
1785708000,44.76
1785711600,44.65
1785715200,44.69
1785718800,44.58
1785722400,44.52
1785726000,44.39
1785729600,44.37
1785733200,44.5
1785736800,44.35
1785740400,44.11
1785744000,44.04
1785747600,44.36
1785751200,44.2
1785754800,44.06
1785758400,44.04
1785762000,44.37
1785765600,44.41
1785769200,44.23
1785772800,44.2
1785776400,44.12
1785780000,44.2
1785783600,44.28
1785787200,44.47
1785790800,44.29
1785794400,44.18
1785798000,44.26
1785801600,44.13
1785805200,44.32
1785808800,44.32
1785812400,44.34
1785816000,44.42
1785819600,44.47
1785823200,44.28
1785826800,44.24
1785830400,44.16
1785834000,44.26
1785837600,44.25
1785841200,44.3
1785844800,44.24
1785848400,44.16
1785852000,44.45
1785855600,44.34
1785859200,44.6
1785862800,44.5
1785866400,44.72
1785870000,44.67
1785873600,44.85
1785877200,44.92
1785880800,44.92
1785884400,44.81
1785888000,45.07
1785891600,45.23
1785895200,45.26
1785898800,44.8
1785902400,44.84
1785906000,44.96
1785909600,44.87
1785913200,44.85
1785916800,44.84
1785920400,44.87
1785924000,44.75
1785927600,44.72
1785931200,44.95
1785934800,44.99
1785938400,45.16
1785942000,44.96
1785945600,45.15
1785949200,45.33
1785952800,45.32
1785956400,45.22
1785960000,45.29
1785963600,45.21
1785967200,45.21
1785970800,45.28
1785974400,45.34
1785978000,45.22
1785981600,44.95
1785985200,44.92
1785988800,45.05
1785992400,45.04
1785996000,45.04
1785999600,44.99
1786003200,45.06
1786006800,44.93
1786010400,44.86
1786014000,45.03
1786017600,45.14
1786021200,45.45
1786024800,45.51
1786028400,45.66
1786032000,45.71
1786035600,45.61
1786039200,45.48
1786042800,45.35
1786046400,45.48
1786050000,45.5
1786053600,45.44
1786057200,45.42
1786060800,45.54
1786064400,45.59
1786068000,45.49
1786071600,45.46
1786075200,45.39
1786078800,45.45
1786082400,45.5
1786086000,45.55
1786089600,45.81
1786093200,45.71
1786096800,45.67
1786100400,45.67
1786104000,45.77
1786107600,45.69
1786111200,45.61
1786114800,45.93
1786118400,45.82
1786122000,45.43
1786125600,45.41
1786129200,45.37
1786132800,45.52
1786136400,45.47
1786140000,45.43
1786143600,45.53
1786147200,45.49
1786150800,45.53
1786154400,45.56
1786158000,45.58
1786161600,45.5
1786165200,45.46
1786168800,45.55
1786172400,45.52
1786176000,45.56
1786179600,45.57
1786183200,45.61
1786186800,45.54
1786190400,45.61
1786194000,45.63
1786197600,45.76
1786201200,45.84
1786204800,45.8
1786208400,45.85
1786212000,45.91
1786215600,45.95
1786219200,46.05
1786222800,46.05
1786226400,45.99
1786230000,45.98
1786233600,46.08
1786237200,46.05
1786240800,45.89
1786244400,45.93
1786248000,45.93
1786251600,45.95
1786255200,46.06
1786258800,46.15
1786262400,46.23
1786266000,46.2
1786269600,46.09
1786273200,46.24
1786276800,46.16
1786280400,46.33
1786284000,46.38
1786287600,46.4
1786291200,46.28
1786294800,46.18
1786298400,46.2
1786302000,46.12
1786305600,46.07
1786309200,46.1
1786312800,45.64
1786316400,45.41
1786320000,45.49
1786323600,45.61
1786327200,45.48
1786330800,45.31
1786334400,45.27
1786338000,45.43
1786341600,45.52
1786345200,45.53
1786348800,45.41
1786352400,45.4
1786356000,45.35
1786359600,45.37
1786363200,45.37
1786366800,45.32
1786370400,45.39
1786374000,45.2
1786377600,45.09
1786381200,45.04
1786384800,45.03
1786388400,45.09
1786392000,45.01
1786395600,45.04
1786399200,45.15
1786402800,45.1
1786406400,45.11
1786410000,45.24
1786413600,45.16
1786417200,45.2
1786420800,45.12
1786424400,45.06
1786428000,45.07
1786431600,45.11
1786435200,45.23
1786438800,45.52
1786442400,45.43
1786446000,45.45
1786449600,45.33
1786453200,44.98
1786456800,44.99
1786460400,45.01
1786464000,45.01
1786467600,45.24
1786471200,45.34
1786474800,45.46
1786478400,45.46
1786482000,45.46
1786485600,45.44
1786489200,45.47
1786492800,45.52
1786496400,45.41
1786500000,45.41
1786503600,45.35
1786507200,45.38
1786510800,45.28
1786514400,45.27
1786518000,45.26
1786521600,45.25
1786525200,45.42
1786528800,45.37
1786532400,45.42
1786536000,45.46
1786539600,45.57
1786543200,44.96
1786546800,45.03
1786550400,45.11
1786554000,45.14
1786557600,45.06
1786561200,44.73
1786564800,44.8
1786568400,44.79
1786572000,44.83
1786575600,44.84
1786579200,44.78
1786582800,44.82
1786586400,44.86
1786590000,44.93
1786593600,44.87
1786597200,45.01
1786600800,44.99
1786604400,44.85
1786608000,44.84
1786611600,44.93
1786615200,44.81
1786618800,44.65
1786622400,44.84
1786626000,44.7
1786629600,44.84
1786633200,44.68
1786636800,44.73
1786640400,44.71
1786644000,44.68
1786647600,44.74
1786651200,44.72
1786654800,44.69
1786658400,44.82
1786662000,44.8
1786665600,44.71
1786669200,44.76
1786672800,44.82
1786676400,44.77
1786680000,44.72
1786683600,44.75
1786687200,44.68
1786690800,44.62
1786694400,44.58
1786698000,44.64
1786701600,44.51
1786705200,44.53
1786708800,44.36
1786712400,44.16
1786716000,43.95
1786719600,43.9
1786723200,44.03
1786726800,43.8
1786730400,43.68
1786734000,43.6
1786737600,43.51
1786741200,43.55
1786744800,43.59
1786748400,43.82
1786752000,43.66
1786755600,43.81
1786759200,43.97
1786762800,43.96
1786766400,43.99
1786770000,43.97
1786773600,44.06
1786777200,43.97
1786780800,43.95
1786784400,44.02
1786788000,44.04
1786791600,44.0
1786795200,44.1
1786798800,44.12
1786802400,44.08
1786806000,44.22
1786809600,44.11
1786813200,44.18
1786816800,44.21
1786820400,44.21
1786824000,44.15
1786827600,44.06
1786831200,44.12
1786834800,44.08
1786838400,44.17
1786842000,44.2
1786845600,44.25
1786849200,44.21
1786852800,44.22
1786856400,44.13
1786860000,44.19
1786863600,44.26
1786867200,44.35
1786870800,44.36
1786874400,44.33
1786878000,44.37
1786881600,44.28
1786885200,44.27
1786888800,44.32
1786892400,44.68
1786896000,44.52
1786899600,44.46
1786903200,44.46
1786906800,44.52
1786910400,44.41
1786914000,44.12
1786917600,44.1
1786921200,44.11
1786924800,44.1
1786928400,44.28
1786932000,44.38
1786935600,44.22
1786939200,44.21
1786942800,44.21
1786946400,44.16
1786950000,44.08
1786953600,43.83
1786957200,43.96
1786960800,44.12
1786964400,44.17
1786968000,44.15
1786971600,44.24
1786975200,44.44
1786978800,44.31
1786982400,44.48
1786986000,44.51
1786989600,44.6
1786993200,44.46
1786996800,44.54
1787000400,44.54
1787004000,44.42
1787007600,44.53
1787011200,44.61
1787014800,44.43
1787018400,44.13
1787022000,44.29
1787025600,44.29
1787029200,44.24
1787032800,44.52
1787036400,44.48
1787040000,44.55
1787043600,44.56
1787047200,44.46
1787050800,44.52
1787054400,44.49
1787058000,44.41
1787061600,44.37
1787065200,44.18
1787068800,44.407
1787072400,44.273
1787076000,44.499
1787079600,44.512
1787083200,44.565
1787086800,44.464
1787090400,44.335
1787094000,44.356
1787097600,44.335
1787101200,44.41
1787104800,44.361
1787108400,44.357
1787112000,44.369
1787115600,44.364
1787119200,44.488
1787122800,44.473
1787126400,44.917
1787130000,44.815
1787133600,44.856
1787137200,44.783
1787140800,44.866
1787144400,44.931
1787148000,45.274
1787151600,45.679
1787155200,45.81
1787158800,45.724
1787162400,45.874
1787166000,46.023
1787169600,46.62
1787173200,47.143
1787176800,46.615
1787180400,46.772
1787184000,47.077
1787187600,47.072
1787191200,46.755
1787194800,46.723
1787198400,46.848
1787202000,46.78
1787205600,46.951
1787209200,46.814
1787212800,47.509
1787216400,47.151
1787220000,47.336
1787223600,47.334
1787227200,47.413
1787230800,47.356
1787234400,47.763
1787238000,48.006
1787241600,48.492
1787245200,48.318
1787248800,48.023
1787252400,47.84
1787256000,48.079
1787259600,48.133
1787263200,47.821
1787266800,47.809
1787270400,47.947
1787274000,48.396
1787277600,48.064
1787281200,48.293
1787284800,48.707
1787288400,48.641
1787292000,48.841
1787295600,49.636
1787299200,51.48
1787302800,50.673
1787306400,50.874
1787310000,50.187
1787313600,50.566
1787317200,50.904
1787320800,51.48
1787324400,51.821
1787328000,51.827
1787331600,51.888
1787335200,51.62
1787338800,51.629
1787342400,52.383
1787346000,52.676
1787349600,53.799
1787353200,53.08
1787356800,53.858
1787360400,53.19
1787364000,54.5
1787367600,54.243
1787371200,54.916
1787374800,51.998
1787378400,52.016
1787382000,51.93
1787385600,51.346
1787389200,51.675
1787392800,51.318
1787396400,51.389
1787400000,51.657
1787403600,52.201
1787407200,51.897
1787410800,51.926
1787414400,52.302
1787418000,52.611
1787421600,52.949
1787425200,53.189
1787428800,52.938
1787432400,51.972
1787436000,52.581
1787439600,52.464
1787443200,52.777
1787446800,52.024
1787450400,51.524
1787454000,51.208
1787457600,51.128
1787461200,50.75
1787464800,51.182
1787468400,51.239
1787472000,51.746
1787475600,51.82
1787479200,52.133
1787482800,52.29
1787486400,52.532
1787490000,53.005
1787493600,52.12
1787497200,52.017
1787500800,52.281
1787504400,52.355
1787508000,52.423
1787511600,52.288
1787515200,52.364
1787518800,52.467
1787522400,52.354
1787526000,52.284
1787529600,52.148
1787533200,51.438
1787536800,51.894
1787540400,51.695
1787544000,51.992
1787547600,52.078
1787551200,52.152
1787554800,52.14
1787558400,51.948
1787562000,53.164
1787565600,52.545
1787569200,53.004
1787572800,53.449
1787576400,52.061
1787580000,52.62
1787583600,52.346
1787587200,52.418
1787590800,51.83
1787594400,51.919
1787598000,51.595
1787601600,51.75
1787605200,51.858
1787608800,51.544
1787612400,51.661
1787616000,52.12
1787619600,52.319
1787623200,52.501
1787626800,52.331
1787630400,52.39
1787634000,52.616
1787637600,51.987
1787641200,51.65
1787644800,51.65
1787648400,51.294
1787652000,51.444
1787655600,51.068
1787659200,51.326
1787662800,50.772
1787666400,50.916
1787670000,51.167
1787673600,51.034
1787677200,51.026
1787680800,51.129
1787684400,50.833
1787688000,50.081
1787691600,50.343
1787695200,50.513
1787698800,49.959
1787702400,50.225
1787706000,50.318
1787709600,50.453
1787713200,50.323
1787716800,50.01
1787720400,50.371
1787724000,50.158
1787727600,50.182
1787731200,50.187
1787734800,50.119
1787738400,50.695
1787742000,50.557
1787745600,50.452
1787749200,50.191
1787752800,49.515
1787756400,49.544
1787760000,49.777
1787763600,49.949
1787767200,49.936
1787770800,49.832
1787774400,49.914
1787778000,50.113
1787781600,50.072
1787785200,50.516
1787788800,49.893
1787792400,49.975
1787796000,49.923
1787799600,49.944
1787803200,49.728
1787806800,49.764
1787810400,49.75
1787814000,49.779
1787817600,50.147
1787821200,50.253
1787824800,49.931
1787828400,49.851
1787832000,49.7
1787835600,50.078
1787839200,50.266
1787842800,50.199
1787846400,50.253
1787850000,50.185
1787853600,49.99
1787857200,49.993
1787860800,50.014
1787864400,50.013
1787868000,50.0
1787871600,49.936
1787875200,50.103
1787878800,49.993
1787882400,49.363
1787886000,49.372
1787889600,49.253
1787893200,49.21
1787896800,49.404
1787900400,49.206
1787904000,49.005
1787907600,48.953
1787911200,49.081
1787914800,49.128
1787918400,49.044
1787922000,49.08
1787925600,49.364
1787929200,48.559
1787932800,48.864
1787936400,49.046
1787940000,48.882
1787943600,49.21
1787947200,49.567
1787950800,49.255
1787954400,49.333
1787958000,49.332
1787961600,49.203
1787965200,49.202
1787968800,49.005
1787972400,48.921
1787976000,49.096
1787979600,49.2
1787983200,49.311
1787986800,49.247
1787990400,49.063
1787994000,48.883
1787997600,48.792
1788001200,48.73
1788004800,48.794
1788008400,48.946
1788012000,49.172
1788015600,49.086
1788019200,48.897
1788022800,48.784
1788026400,48.778
1788030000,48.9
1788033600,48.932
1788037200,48.932
1788040800,48.947
1788044400,49.022
1788048000,48.802
1788051600,48.824
1788055200,48.927
1788058800,48.901
1788062400,48.828
1788066000,48.973
1788069600,49.053
1788073200,48.919
1788076800,49.034
1788080400,49.108
1788084000,49.255
1788087600,49.355
1788091200,49.693
1788094800,49.669
1788098400,49.903
1788102000,50.03
1788105600,50.057
1788109200,49.914
1788112800,49.943
1788116400,49.72
1788120000,49.306
1788123600,49.008
1788127200,48.802
1788130800,47.948
1788134400,48.336
1788138000,47.983
1788141600,48.108
1788145200,48.42
1788148800,48.308
1788152400,48.589
1788156000,48.654
1788159600,48.618
1788163200,48.761
1788166800,48.58
1788170400,48.567
1788174000,48.341
1788177600,48.514
1788181200,48.213
1788184800,48.423
1788188400,48.516
1788192000,48.337
1788195600,48.564
1788199200,48.909
1788202800,48.96
1788206400,48.873
1788210000,48.634
1788213600,48.563
1788217200,48.544
1788220800,48.746
1788224400,48.692
1788228000,48.746
1788231600,48.962
1788235200,48.752
1788238800,49.111
1788242400,48.845
1788246000,48.894
1788249600,48.369
1788253200,48.605
1788256800,48.957
1788260400,49.088
1788264000,49.15
1788267600,49.449
1788271200,49.628
1788274800,49.86
1788278400,49.714
1788282000,49.635
1788285600,49.34
1788289200,49.512
1788292800,49.606
1788296400,49.942
1788300000,49.47
1788303600,49.529
1788307200,49.137
1788310800,49.033
1788314400,49.287
1788318000,49.154
1788321600,49.4
1788325200,49.426
1788328800,49.484
1788332400,49.182
1788336000,48.822
1788339600,48.803
1788343200,48.7
1788346800,48.789
1788350400,48.731
1788354000,49.192
1788357600,49.096
1788361200,49.38
1788364800,49.361
1788368400,49.519
1788372000,49.708
1788375600,49.781
1788379200,49.709
1788382800,49.851
1788386400,49.502
1788390000,49.661
1788393600,49.598
1788397200,49.746
1788400800,50.22
1788404400,50.135
1788408000,50.365
1788411600,50.166
1788415200,50.323
1788418800,50.403
1788422400,50.894
1788426000,50.561
1788429600,50.623
1788433200,50.915
1788436800,51.009
1788440400,50.762
1788444000,51.145
1788447600,51.306
1788451200,51.309
1788454800,51.292
1788458400,51.35
1788462000,51.666
1788465600,51.637
1788469200,51.717
1788472800,51.229
1788476400,51.493
1788480000,51.119
1788483600,51.13
1788487200,51.173
1788490800,51.091
1788494400,51.132
1788498000,50.86
1788501600,51.024
1788505200,51.2
1788508800,51.323
1788512400,51.186
1788516000,51.187
1788519600,51.319
1788523200,50.456
1788526800,50.497
1788530400,50.021
1788534000,50.269
1788537600,50.51
1788541200,50.261
1788544800,50.469
1788548400,50.673
1788552000,50.808
1788555600,50.734
1788559200,50.718
1788562800,50.757
1788566400,51.031
1788570000,51.36
1788573600,52.219
1788577200,52.491
1788580800,52.61
1788584400,52.783
1788588000,53.61
1788591600,53.821
1788595200,53.066
1788598800,53.029
1788602400,52.943
1788606000,52.976
1788609600,53.64
1788613200,53.838
1788616800,53.812
1788620400,53.694
1788624000,54.375
1788627600,54.904
1788631200,54.528
1788634800,54.257
1788638400,53.881
1788642000,54.524
1788645600,54.861
1788649200,54.715
1788652800,54.442
1788656400,54.834
1788660000,54.683
1788663600,54.744
1788667200,54.294
1788670800,54.336
1788674400,54.255
1788678000,53.95
1788681600,54.157
1788685200,54.218
1788688800,54.348
1788692400,54.653
1788696000,54.31
1788699600,54.594
1788703200,54.261
1788706800,54.497
1788710400,54.603
1788714000,54.159
1788717600,54.207
1788721200,54.091
1788724800,54.393
1788728400,54.654
1788732000,54.773
1788735600,54.958
1788739200,55.452
1788742800,54.36
1788746400,54.28
1788750000,54.169
1788753600,54.461
1788757200,54.455
1788760800,54.506
1788764400,54.502
1788768000,54.568
1788771600,55.523
1788775200,55.962
1788778800,55.866
1788782400,59.099
1788786000,57.496
1788789600,57.039
1788793200,55.401
1788796800,55.585
1788800400,55.208
1788804000,55.109
1788807600,55.255
1788811200,55.38
1788814800,55.605
1788818400,55.277
1788822000,55.217
1788825600,55.677
1788829200,55.838
1788832800,55.201
1788836400,55.083
1788840000,55.086
1788843600,55.062
1788847200,54.85
1788850800,55.115
1788854400,55.427
1788858000,55.699
1788861600,55.571
1788865200,55.409
1788868800,55.432
1788872400,54.862
1788876000,54.584
1788879600,54.987
1788883200,54.496
1788886800,54.201
1788890400,53.98
1788894000,54.223
1788897600,54.183
1788901200,54.102
1788904800,54.39
1788908400,54.291
1788912000,54.324
1788915600,54.238
1788919200,54.072
1788922800,53.713
1788926400,54.415
1788930000,54.068
1788933600,54.443
1788937200,54.449
1788940800,54.62
1788944400,54.11
1788948000,53.994
1788951600,54.309
1788955200,54.167
1788958800,54.111
1788962400,54.242
1788966000,54.061
1788969600,54.106
1788973200,54.351
1788976800,54.137
1788980400,53.51
1788984000,53.711
1788987600,53.378
1788991200,52.687
1788994800,53.184
1788998400,53.005
1789002000,52.697
1789005600,53.008
1789009200,52.824
1789012800,52.707
1789016400,52.884
1789020000,52.826
1789023600,52.421
1789027200,52.415
1789030800,52.391
1789034400,52.276
1789038000,52.184
1789041600,51.825
1789045200,52.421
1789048800,52.384
1789052400,52.229
1789056000,52.257
1789059600,52.335
1789063200,52.417
1789066800,52.125
1789070400,52.335
1789074000,52.364
1789077600,52.347
1789081200,52.108
1789084800,52.608
1789088400,52.803
1789092000,52.827
1789095600,53.064
1789099200,52.812
1789102800,52.954
1789106400,52.97
1789110000,53.093
1789113600,53.103
1789117200,52.573
1789120800,52.202
1789124400,52.361
1789128000,53.35
1789131600,54.199
1789135200,53.737
1789138800,53.331
1789142400,54.054
1789146000,53.81
1789149600,53.067
1789153200,53.474
1789156800,53.573
1789160400,53.098
1789164000,52.938
1789167600,53.294
1789171200,53.207
1789174800,53.683
1789178400,54.009
1789182000,54.013
1789185600,53.772
1789189200,53.831
1789192800,53.778
1789196400,54.057
1789200000,54.211
1789203600,54.137
1789207200,54.107
1789210800,54.028
1789214400,53.997
1789218000,53.873
1789221600,54.01
1789225200,54.041
1789228800,53.941
1789232400,53.998
1789236000,53.743
1789239600,53.697
1789243200,53.658
1789246800,53.58
1789250400,53.533
1789254000,53.661
1789257600,53.766
1789261200,53.91
1789264800,53.636
1789268400,53.555
1789272000,53.837
1789275600,54.289
1789279200,53.995
1789282800,54.076
1789286400,53.704
1789290000,53.748
1789293600,53.574
1789297200,53.784
1789300800,53.622
1789304400,53.692
1789308000,54.265
1789311600,54.481
1789315200,54.742
1789318800,54.618
1789322400,55.019
1789326000,54.859
1789329600,54.9
1789333200,54.657
1789336800,53.585
1789340400,53.727
1789344000,54.099
1789347600,54.306
1789351200,54.354
1789354800,54.318
1789358400,54.361
1789362000,54.075
1789365600,54.051
1789369200,53.933
1789372800,53.833
1789376400,53.988
1789380000,53.817
1789383600,53.545
1789387200,53.516
1789390800,53.661
1789394400,53.76
1789398000,53.663
1789401600,54.211
1789405200,54.165
1789408800,54.129
1789412400,53.842
1789416000,53.958
1789419600,53.373
1789423200,53.416
1789426800,53.156
1789430400,52.649
1789434000,52.863
1789437600,52.995
1789441200,52.955
1789444800,52.769
1789448400,52.728
1789452000,52.792
1789455600,52.525
1789459200,52.533
1789462800,52.598
1789466400,52.57
1789470000,52.38
1789473600,52.57
1789477200,52.468
1789480800,51.553
1789484400,51.837
1789488000,51.777
1789491600,51.96
1789495200,51.707
1789498800,51.659
1789502400,51.421
1789506000,50.914
1789509600,51.233
1789513200,51.24
1789516800,51.098
1789520400,50.609
1789524000,50.968
1789527600,51.185
1789531200,51.144
1789534800,51.12
1789538400,51.185
1789542000,50.99
1789545600,50.764
1789549200,50.892
1789552800,50.684
1789556400,50.846
1789560000,50.58
1789563600,50.717
1789567200,50.265
1789570800,50.424
1789574400,50.608
1789578000,50.588
1789581600,50.652
1789585200,50.857
1789588800,51.352
1789592400,51.309
1789596000,50.972
1789599600,51.668
1789603200,51.717
1789606800,51.987
1789610400,51.984
1789614000,52.208
1789617600,52.093
1789621200,51.912
1789624800,52.35
1789628400,52.697
1789632000,52.86
1789635600,52.66
1789639200,52.728
1789642800,52.857
1789646400,52.77
1789650000,52.799
1789653600,52.976
1789657200,53.685
1789660800,53.725
1789664400,53.748
1789668000,53.402
1789671600,53.849
1789675200,53.872
1789678800,53.89
1789682400,53.862
1789686000,53.884
1789689600,54.355
1789693200,54.522
1789696800,54.367
1789700400,54.685
1789704000,54.733
1789707600,54.786
1789711200,54.937
1789714800,55.155
1789718400,55.806
1789722000,55.676
1789725600,55.456
1789729200,55.148
1789732800,55.181
1789736400,55.458
1789740000,55.98
1789743600,55.892
1789747200,56.206
1789750800,56.428
1789754400,56.837
1789758000,57.037
1789761600,57.224
1789765200,57.192
1789768800,57.767
1789772400,58.164
1789776000,58.479
1789779600,58.508
1789783200,58.601
1789786800,59.084
1789790400,58.209
1789794000,57.576
1789797600,57.256
1789801200,56.841
1789804800,57.288
1789808400,57.21
1789812000,57.018
1789815600,57.993
1789819200,58.03
1789822800,57.821
1789826400,57.822
1789830000,58.013
1789833600,57.948
1789837200,57.591
1789840800,57.542
1789844400,58.051
1789848000,57.752
1789851600,57.074
1789855200,57.749
1789858800,58.27
1789862400,58.041
1789866000,57.868
1789869600,56.68
1789873200,57.232
1789876800,57.02
1789880400,57.201
1789884000,56.91
1789887600,56.766
1789891200,56.656
1789894800,56.939
1789898400,56.9
1789902000,57.192
1789905600,57.157
1789909200,56.984
1789912800,56.961
1789916400,57.588
1789920000,59.041
1789923600,58.806
1789927200,58.264
1789930800,59.0
1789934400,58.696
1789938000,58.863
1789941600,58.791
1789945200,58.733
1789948800,59.18
1789952400,58.557
1789956000,58.818
1789959600,58.997
1789963200,58.523
1789966800,58.307
1789970400,58.459
1789974000,58.504
1789977600,59.125
1789981200,59.28
1789984800,60.488
1789988400,60.29
1789992000,62.76
1789995600,62.468
1789999200,62.791
1790002800,62.936
1790006400,62.108
1790010000,61.54
1790013600,61.774
1790017200,62.358
1790020800,62.407
1790024400,61.999
1790028000,61.667
1790031600,62.005
1790035200,61.493
1790038800,61.143
1790042400,60.521
1790046000,61.055
1790049600,60.688
1790053200,61.034
1790056800,60.706
1790060400,60.677
1790064000,60.876
1790067600,60.44
1790071200,60.092
1790074800,60.369
1790078400,61.312
1790082000,62.275
1790085600,61.443
1790089200,61.365
1790092800,61.91
1790096400,61.924
1790100000,61.95
1790103600,62.829
1790107200,62.517
1790110800,62.638
1790114400,63.132
1790118000,62.959
1790121600,62.754
1790125200,62.442
1790128800,62.952
1790132400,63.569
1790136000,64.188
1790139600,63.915
1790143200,64.481
1790146800,63.23
1790150400,62.656
1790154000,62.734
1790157600,62.941
1790161200,62.448
1790164800,62.264
1790168400,62.686
1790172000,60.666
1790175600,59.482
1790179200,60.284
1790182800,60.797
1790186400,61.029
1790190000,61.241
1790193600,60.904
1790197200,61.476
1790200800,61.685
1790204400,61.851
1790208000,62.028
1790211600,62.109
1790215200,65.791
1790218800,66.525
1790222400,68.71
1790226000,66.975
1790229600,67.999
1790233200,68.984
1790236800,68.415
1790240400,66.88
1790244000,66.715
1790247600,66.351
1790251200,66.916
1790254800,71.107
1790258400,72.698
1790262000,73.776
1790265600,74.171
1790269200,71.635
1790272800,71.454
1790276400,71.372
1790280000,71.302
1790283600,71.47
1790287200,71.384
1790290800,71.948
1790294400,71.168
1790298000,71.634
1790301600,70.846
1790305200,70.714
1790308800,70.726
1790312400,71.158
1790316000,71.386
1790319600,71.541
1790323200,70.655
1790326800,70.774
1790330400,70.875
1790334000,70.398
1790337600,70.085
1790341200,69.909
1790344800,69.779
1790348400,70.16
1790352000,69.235
1790355600,69.821
1790359200,71.105
1790362800,70.979
1790366400,71.17
1790370000,70.844
1790373600,72.919
1790377200,72.578
1790380800,72.39
1790384400,72.638
1790388000,72.737
1790391600,71.697
1790395200,72.273
1790398800,72.037
1790402400,72.878
1790406000,73.696
1790409600,73.727
1790413200,74.282
1790416800,73.402
1790420400,73.109
1790424000,72.866
1790427600,72.088
1790431200,72.896
1790434800,72.973
1790438400,72.727
1790442000,71.971
1790445600,71.732
1790449200,71.871
1790452800,71.436
1790456400,71.828
1790460000,72.19
1790463600,72.569
1790467200,71.923
1790470800,71.874
1790474400,71.777
1790478000,71.403
1790481600,71.615
1790485200,72.003
1790488800,71.973
1790492400,72.037
1790496000,71.984
1790499600,71.864
1790503200,71.553
1790506800,71.638
1790510400,71.452
1790514000,71.291
1790517600,70.584
1790521200,71.146
1790524800,71.26
1790528400,71.16
1790532000,71.296
1790535600,71.1
1790539200,71.24
1790542800,71.046
1790546400,70.754
1790550000,71.282
1790553600,70.138
1790557200,70.183
1790560800,70.629
1790564400,70.807
1790568000,70.904
1790571600,71.0
1790575200,70.941
1790578800,70.235
1790582400,70.414
1790586000,70.091
1790589600,71.301
1790593200,71.285
1790596800,70.846
1790600400,70.27
1790604000,69.569
1790607600,70.082
1790611200,69.349
1790614800,69.409
1790618400,69.513
1790622000,68.937
1790625600,69.006
1790629200,68.936
1790632800,69.132
1790636400,69.195
1790640000,68.62
1790643600,67.788
1790647200,67.583
1790650800,67.824
1790654400,67.801
1790658000,68.083
1790661600,68.591
1790665200,68.765
1790668800,68.407
1790672400,68.72
1790676000,68.704
1790679600,69.01
1790683200,68.724
1790686800,68.358
1790690400,68.445
1790694000,67.472
1790697600,67.864
1790701200,67.088
1790704800,67.528
1790708400,67.267
1790712000,67.3
1790715600,67.121
1790719200,67.048
