ts,open,high,low,close
1783344600,7506.9599609375,7522.419921875,7506.9599609375,7519.7998046875
1783344900,7519.56005859375,7519.56005859375,7500.97021484375,7510.31005859375
1783345200,7510.47021484375,7512.9501953125,7504.43017578125,7512.8798828125
1783345500,7513.080078125,7517.60009765625,7510.66015625,7516.10986328125
1783345800,7516.56005859375,7522.14013671875,7511.1298828125,7516.85009765625
1783346100,7516.8701171875,7516.8701171875,7510.64013671875,7510.97021484375
1783346400,7512.75,7516.9599609375,7508.60986328125,7511.5498046875
1783346700,7511.10009765625,7517.419921875,7508.27001953125,7515.5498046875
1783347000,7515.4501953125,7521.990234375,7513.60986328125,7521.759765625
1783347300,7521.759765625,7522.43994140625,7517.60009765625,7519.64990234375
1783347600,7519.33984375,7525.64990234375,7517.9501953125,7523.5400390625
1783347900,7523.6201171875,7527.47021484375,7523.2998046875,7526.31005859375
1783348200,7526.72998046875,7529.169921875,7524.25,7524.68994140625
1783348500,7524.89013671875,7526.18994140625,7521.85009765625,7523.7900390625
1783348800,7523.7001953125,7525.080078125,7518.64013671875,7524.2900390625
1783349100,7523.97998046875,7526.1201171875,7522.66015625,7525.06005859375
1783349400,7525.10009765625,7528.0400390625,7523.60986328125,7526.2001953125
1783349700,7526.3798828125,7529.3798828125,7524.830078125,7529.3798828125
1783350000,7529.66015625,7531.60986328125,7527.31982421875,7528.64013671875
1783350300,7528.6298828125,7530.4599609375,7527.0400390625,7529.10986328125
1783350600,7529.6298828125,7531.47998046875,7526.0498046875,7528.259765625
1783350900,7528.18017578125,7528.18017578125,7523.93994140625,7527.39013671875
1783351200,7527.39013671875,7530.919921875,7525.56982421875,7530.919921875
1783351500,7530.9501953125,7535.6201171875,7530.169921875,7535.18994140625
1783351800,7535.4501953125,7537.1298828125,7534.02001953125,7534.16015625
1783352100,7533.97021484375,7534.419921875,7531.66015625,7533.6201171875
1783352400,7533.5,7536.16015625,7533.009765625,7535.58984375
1783352700,7535.5498046875,7536.81005859375,7534.509765625,7536.33984375
1783353000,7536.419921875,7537.39990234375,7533.7998046875,7534.22021484375
1783353300,7534.169921875,7537.2001953125,7534.02978515625,7536.02978515625
1783353600,7536.18017578125,7536.18017578125,7534.0400390625,7535.47021484375
1783353900,7535.41015625,7538.14990234375,7534.83984375,7536.64013671875
1783354200,7536.6201171875,7538.83984375,7536.6201171875,7537.68017578125
1783354500,7537.41015625,7538.60986328125,7536.22998046875,7537.60009765625
1783354800,7537.669921875,7538.64013671875,7535.669921875,7536.43994140625
1783355100,7536.33984375,7536.580078125,7533.2998046875,7533.77001953125
1783355400,7533.85986328125,7534.85009765625,7532.60986328125,7533.89013671875
1783355700,7533.89013671875,7534.1298828125,7531.66015625,7533.77978515625
1783356000,7533.740234375,7535.27001953125,7533.56982421875,7534.56005859375
1783356300,7534.56005859375,7537.93994140625,7533.16015625,7537.93994140625
1783356600,7537.85009765625,7538.35009765625,7533.83984375,7533.83984375
1783356900,7533.9501953125,7534.8701171875,7531.669921875,7532.169921875
1783357200,7532.14990234375,7537.35986328125,7531.9599609375,7536.2001953125
1783357500,7536.2998046875,7542.3701171875,7536.1298828125,7541.7099609375
1783357800,7541.580078125,7542.27978515625,7539.5498046875,7540.52001953125
1783358100,7540.490234375,7541.4599609375,7537.27001953125,7538.31005859375
1783358400,7538.06005859375,7538.2099609375,7535.18017578125,7537.22998046875
1783358700,7536.9599609375,7538.490234375,7533.93017578125,7534.5
1783359000,7534.5498046875,7534.990234375,7530.58984375,7530.75
1783359300,7530.830078125,7532.10986328125,7529.2001953125,7530.5498046875
1783359600,7530.419921875,7530.419921875,7524.169921875,7528.1298828125
1783359900,7528.08984375,7531.3798828125,7525.6298828125,7530.27978515625
1783360200,7530.27978515625,7532.759765625,7528.08984375,7528.08984375
1783360500,7528.1201171875,7528.64013671875,7526.27001953125,7528.52001953125
1783360800,7528.5498046875,7534.919921875,7528.5498046875,7534.02001953125
1783361100,7534.1201171875,7538.77001953125,7534.02978515625,7536.759765625
1783361400,7536.7900390625,7537.3798828125,7535.4599609375,7537.259765625
1783361700,7537.22021484375,7542.490234375,7537.22021484375,7541.22021484375
1783362000,7541.25,7542.52978515625,7540.14013671875,7542.5
1783362300,7542.490234375,7543.580078125,7540.330078125,7540.77001953125
1783362600,7540.72021484375,7542.66015625,7538.72998046875,7538.77001953125
1783362900,7538.72021484375,7540.52978515625,7537.81005859375,7538.27978515625
1783363200,7538.259765625,7541.35009765625,7538.259765625,7540.33984375
1783363500,7540.27978515625,7544.2001953125,7539.8701171875,7543.3701171875
1783363800,7543.47998046875,7545.669921875,7542.89013671875,7545.66015625
1783364100,7545.580078125,7547.77978515625,7544.58984375,7546.68017578125
1783364400,7546.7900390625,7549.0,7544.5400390625,7546.64013671875
1783364700,7546.52978515625,7547.58984375,7544.77978515625,7545.89013671875
1783365000,7545.68017578125,7546.8701171875,7544.77978515625,7545.81005859375
1783365300,7545.77001953125,7549.3701171875,7544.5400390625,7549.080078125
1783365600,7549.02001953125,7551.31005859375,7548.08984375,7550.85009765625
1783365900,7550.89013671875,7551.27001953125,7548.919921875,7550.39990234375
1783366200,7550.35009765625,7550.35009765625,7546.8701171875,7547.58984375
1783366500,7547.7001953125,7548.33984375,7544.990234375,7546.81005859375
1783366800,7546.7001953125,7547.81982421875,7545.47998046875,7547.68994140625
1783367100,7547.669921875,7549.7099609375,7546.509765625,7546.58984375
1783367400,7546.64990234375,7546.64990234375,7538.830078125,7538.990234375
1783367700,7538.919921875,7540.2001953125,7535.7099609375,7538.33984375
1783431000,7516.6298828125,7536.06005859375,7516.6298828125,7520.14990234375
1783431300,7520.81005859375,7525.18017578125,7517.259765625,7522.27001953125
1783431600,7521.22998046875,7529.009765625,7519.2001953125,7528.259765625
1783431900,7527.81982421875,7529.06005859375,7521.77978515625,7523.31982421875
1783432200,7522.75,7525.56982421875,7513.9501953125,7515.83984375
1783432500,7515.27978515625,7516.60009765625,7508.75,7514.93017578125
1783432800,7515.52001953125,7517.58984375,7509.1298828125,7511.60009765625
1783433100,7511.7001953125,7516.169921875,7507.4599609375,7508.669921875
1783433400,7508.93017578125,7508.93017578125,7496.6201171875,7496.6201171875
1783433700,7496.8701171875,7501.330078125,7491.080078125,7500.7998046875
1783434000,7501.18017578125,7503.02978515625,7491.990234375,7492.2900390625
1783434300,7492.35009765625,7493.0,7486.7099609375,7493.0
1783434600,7493.18017578125,7496.4501953125,7489.1298828125,7489.77978515625
1783434900,7489.89013671875,7491.14013671875,7485.490234375,7485.740234375
1783435200,7485.52978515625,7487.47998046875,7478.6298828125,7483.41015625
1783435500,7483.830078125,7490.8701171875,7483.3798828125,7487.7001953125
1783435800,7487.9501953125,7493.85009765625,7485.9501953125,7492.22021484375
1783436100,7492.33984375,7495.259765625,7490.990234375,7490.990234375
1783436400,7490.60009765625,7491.8798828125,7485.5400390625,7489.35009765625
1783436700,7489.60986328125,7492.39013671875,7487.72021484375,7491.58984375
1783437000,7491.66015625,7492.75,7487.06982421875,7487.06982421875
1783437300,7486.7099609375,7486.83984375,7483.509765625,7485.47021484375
1783437600,7485.740234375,7489.4501953125,7484.22998046875,7485.0
1783437900,7485.1201171875,7489.39990234375,7484.43017578125,7489.39990234375
1783438200,7489.3798828125,7490.89013671875,7486.27978515625,7486.27978515625
1783438500,7486.10009765625,7488.39013671875,7482.60009765625,7482.93994140625
1783438800,7483.02978515625,7490.52978515625,7480.509765625,7490.52978515625
1783439100,7490.72998046875,7498.64990234375,7490.72998046875,7493.68994140625
1783439400,7493.490234375,7499.60009765625,7493.35009765625,7497.14990234375
1783439700,7497.0498046875,7500.919921875,7495.0400390625,7500.43994140625
1783440000,7500.81982421875,7505.080078125,7499.77001953125,7503.35009765625
1783440300,7503.60986328125,7507.669921875,7499.47021484375,7502.08984375
1783440600,7502.0498046875,7508.6201171875,7502.0498046875,7507.81005859375
1783440900,7507.68017578125,7508.580078125,7506.14013671875,7507.740234375
1783441200,7507.759765625,7515.669921875,7507.68017578125,7512.72021484375
1783441500,7512.830078125,7517.2998046875,7512.1201171875,7516.009765625
1783441800,7515.56005859375,7517.5498046875,7511.64013671875,7513.66015625
1783442100,7513.81005859375,7515.5400390625,7509.89013671875,7515.18017578125
1783442400,7515.16015625,7516.47998046875,7512.81982421875,7515.97021484375
1783442700,7516.0,7518.47998046875,7515.89990234375,7518.2998046875
1783443000,7518.1298828125,7518.89990234375,7514.89990234375,7515.2900390625
1783443300,7515.27001953125,7517.009765625,7512.47998046875,7516.81982421875
1783443600,7516.8798828125,7519.1298828125,7516.10986328125,7519.06005859375
1783443900,7519.080078125,7520.52978515625,7518.31005859375,7518.7001953125
1783444200,7518.68994140625,7518.72021484375,7515.080078125,7515.75
1783444500,7515.5498046875,7515.8701171875,7511.490234375,7513.14990234375
1783444800,7513.22998046875,7518.83984375,7513.0400390625,7517.06982421875
1783445100,7517.02001953125,7517.85986328125,7515.47998046875,7516.009765625
1783445400,7515.8701171875,7519.02978515625,7515.8701171875,7517.97998046875
1783445700,7518.06982421875,7519.56982421875,7516.10009765625,7518.64990234375
1783446000,7518.7001953125,7520.259765625,7517.06982421875,7518.35986328125
1783446300,7518.490234375,7518.669921875,7515.08984375,7516.6201171875
1783446600,7516.47998046875,7517.4501953125,7513.9501953125,7515.2900390625
1783446900,7515.3701171875,7518.93994140625,7514.64013671875,7518.93994140625
1783447200,7519.02001953125,7519.93017578125,7515.919921875,7518.60986328125
1783447500,7518.64990234375,7519.41015625,7515.77001953125,7516.52001953125
1783447800,7516.39990234375,7519.169921875,7516.39990234375,7517.0400390625
1783448100,7517.02001953125,7518.89013671875,7515.8798828125,7518.1201171875
1783448400,7518.2001953125,7520.31005859375,7516.990234375,7518.47021484375
1783448700,7518.31982421875,7519.75,7515.580078125,7516.66015625
1783449000,7516.7099609375,7517.6298828125,7512.93994140625,7514.080078125
1783449300,7514.0400390625,7517.2998046875,7512.35986328125,7516.4501953125
1783449600,7516.47998046875,7516.64990234375,7510.990234375,7513.7998046875
1783449900,7513.81005859375,7515.080078125,7504.43994140625,7508.02978515625
1783450200,7508.14013671875,7508.8701171875,7502.1201171875,7503.7099609375
1783450500,7504.02978515625,7505.9501953125,7501.259765625,7501.7001953125
1783450800,7501.68017578125,7502.93017578125,7495.39990234375,7498.419921875
1783451100,7498.68017578125,7502.330078125,7493.35009765625,7493.64013671875
1783451400,7493.64990234375,7496.3701171875,7491.8701171875,7494.47998046875
1783451700,7494.5,7494.5,7486.990234375,7492.6201171875
1783452000,7492.66015625,7496.68994140625,7490.7998046875,7496.580078125
1783452300,7496.72021484375,7496.72021484375,7492.18017578125,7493.259765625
1783452600,7493.47021484375,7499.43994140625,7493.47021484375,7499.2001953125
1783452900,7499.18994140625,7499.18994140625,7492.97998046875,7493.89013671875
1783453200,7493.93994140625,7494.31005859375,7490.4599609375,7491.4599609375
1783453500,7491.39990234375,7496.6298828125,7491.2099609375,7496.35986328125
1783453800,7496.47998046875,7503.759765625,7496.47998046875,7503.759765625
1783454100,7503.85986328125,7506.009765625,7499.1201171875,7503.35986328125
1783517400,7476.5400390625,7476.5400390625,7452.60009765625,7460.91015625
1783517700,7461.72998046875,7466.89013671875,7457.490234375,7466.81982421875
1783518000,7466.9501953125,7473.81982421875,7465.10986328125,7471.169921875
1783518300,7470.91015625,7476.43994140625,7463.68994140625,7463.68994140625
1783518600,7463.35009765625,7471.08984375,7461.31005859375,7464.16015625
1783518900,7464.080078125,7473.02978515625,7459.52978515625,7467.4501953125
1783519200,7467.16015625,7470.52001953125,7462.52001953125,7464.2998046875
1783519500,7464.2998046875,7472.56982421875,7464.2998046875,7469.35986328125
1783519800,7469.58984375,7470.43017578125,7456.830078125,7459.1201171875
1783520100,7458.89013671875,7461.83984375,7453.4501953125,7458.2001953125
1783520400,7457.97998046875,7471.3701171875,7456.22021484375,7464.18017578125
1783520700,7464.2099609375,7470.419921875,7454.22998046875,7458.4599609375
1783521000,7458.0,7462.259765625,7453.64990234375,7459.64990234375
1783521300,7459.509765625,7459.509765625,7448.5,7448.5
1783521600,7448.7001953125,7453.18994140625,7446.009765625,7451.33984375
1783521900,7450.93994140625,7451.0,7439.35009765625,7439.43994140625
1783522200,7439.06982421875,7454.97998046875,7435.64013671875,7448.68017578125
1783522500,7447.58984375,7453.77001953125,7442.22021484375,7445.31982421875
1783522800,7445.35009765625,7446.3798828125,7440.60009765625,7441.2998046875
1783523100,7441.2900390625,7445.27001953125,7440.52001953125,7440.93994140625
1783523400,7441.0498046875,7444.009765625,7436.02001953125,7437.31982421875
1783523700,7437.14013671875,7440.7998046875,7430.08984375,7439.27978515625
1783524000,7439.0400390625,7441.14990234375,7426.77001953125,7427.7900390625
1783524300,7427.56005859375,7428.6201171875,7422.06005859375,7425.97021484375
1783524600,7425.7001953125,7432.8798828125,7421.81982421875,7432.85986328125
1783524900,7433.08984375,7438.60986328125,7430.64990234375,7432.47998046875
1783525200,7432.43994140625,7437.5498046875,7432.3701171875,7433.2099609375
1783525500,7433.31005859375,7436.31982421875,7429.52978515625,7431.5400390625
1783525800,7431.56982421875,7431.66015625,7426.22998046875,7430.0400390625
1783526100,7430.27978515625,7434.009765625,7428.14013671875,7432.7998046875
1783526400,7432.72021484375,7438.6298828125,7432.52978515625,7438.10009765625
1783526700,7438.22998046875,7443.81982421875,7437.77978515625,7443.02001953125
1783527000,7443.02978515625,7449.85986328125,7443.02978515625,7449.009765625
1783527300,7449.39990234375,7453.1298828125,7446.4501953125,7452.3701171875
1783527600,7452.4599609375,7458.97021484375,7452.4599609375,7453.7998046875
1783527900,7453.81005859375,7459.97998046875,7453.41015625,7457.81982421875
1783528200,7457.64013671875,7464.509765625,7456.759765625,7457.47998046875
1783528500,7457.419921875,7461.64013671875,7451.85009765625,7458.66015625
1783528800,7458.77001953125,7467.919921875,7457.0,7466.52001953125
1783529100,7466.580078125,7470.009765625,7463.5,7469.509765625
1783529400,7469.6298828125,7472.97021484375,7468.2001953125,7471.02978515625
1783529700,7471.14013671875,7474.58984375,7469.75,7474.2998046875
1783530000,7474.1201171875,7474.1201171875,7468.759765625,7470.39990234375
1783530300,7470.35986328125,7474.4501953125,7469.419921875,7470.02978515625
1783530600,7469.89990234375,7473.1201171875,7467.2001953125,7469.81005859375
1783530900,7469.85986328125,7476.64013671875,7469.85986328125,7476.419921875
1783531200,7476.47021484375,7481.759765625,7475.72021484375,7481.759765625
1783531500,7481.60009765625,7484.6201171875,7479.97021484375,7484.4501953125
1783531800,7484.56005859375,7487.41015625,7483.52001953125,7483.6298828125
1783532100,7483.35009765625,7484.5400390625,7480.08984375,7480.22021484375
1783532400,7480.0400390625,7480.27978515625,7475.60986328125,7476.5400390625
1783532700,7476.4501953125,7476.490234375,7469.830078125,7470.669921875
1783533000,7470.64990234375,7475.60986328125,7470.0,7471.77001953125
1783533300,7471.81982421875,7471.81982421875,7466.0498046875,7470.6298828125
1783533600,7470.759765625,7481.0,7467.52001953125,7479.740234375
1783533900,7479.7001953125,7480.740234375,7476.490234375,7479.91015625
1783534200,7479.830078125,7482.0,7476.990234375,7480.16015625
1783534500,7480.2001953125,7481.06982421875,7474.85009765625,7478.8701171875
1783534800,7478.9501953125,7479.7998046875,7476.18994140625,7476.22998046875
1783535100,7476.27001953125,7479.27001953125,7474.080078125,7474.169921875
1783535400,7474.10009765625,7474.4501953125,7470.14990234375,7471.3798828125
1783535700,7471.52001953125,7479.740234375,7470.97021484375,7478.89013671875
1783536000,7478.9599609375,7479.669921875,7473.02001953125,7477.7998046875
1783536300,7477.83984375,7480.1201171875,7475.27001953125,7479.85009765625
1783536600,7479.8701171875,7481.919921875,7477.72998046875,7478.68994140625
1783536900,7478.6298828125,7480.419921875,7475.330078125,7480.27978515625
1783537200,7480.52001953125,7484.06982421875,7477.85009765625,7479.81982421875
1783537500,7479.8701171875,7481.259765625,7477.0498046875,7480.22021484375
1783537800,7480.18017578125,7480.39990234375,7475.2900390625,7476.10986328125
1783538100,7476.14990234375,7478.41015625,7473.9599609375,7475.47998046875
1783538400,7475.419921875,7479.330078125,7475.16015625,7477.18994140625
1783538700,7477.27978515625,7480.7099609375,7476.77001953125,7479.0
1783539000,7479.08984375,7480.080078125,7475.35986328125,7476.580078125
1783539300,7476.47021484375,7481.169921875,7475.5400390625,7478.85009765625
1783539600,7478.8701171875,7480.47998046875,7475.919921875,7480.22998046875
1783539900,7480.169921875,7480.919921875,7471.52978515625,7474.77001953125
1783540200,7474.9599609375,7483.6298828125,7474.1201171875,7483.35009765625
1783540500,7483.14990234375,7488.509765625,7481.4599609375,7481.4599609375
1783603800,7491.60009765625,7500.85009765625,7483.2900390625,7500.35009765625
1783604100,7500.35986328125,7510.009765625,7499.18017578125,7507.759765625
1783604400,7507.58984375,7512.0498046875,7502.330078125,7509.66015625
1783604700,7510.18017578125,7514.89990234375,7504.75,7507.72998046875
1783605000,7508.509765625,7518.2900390625,7505.68994140625,7516.27001953125
1783605300,7516.60009765625,7519.490234375,7512.990234375,7513.81982421875
1783605600,7513.669921875,7517.41015625,7512.0400390625,7513.81005859375
1783605900,7513.2998046875,7514.919921875,7506.93017578125,7507.2998046875
1783606200,7506.9599609375,7506.9599609375,7499.7998046875,7502.85009765625
1783606500,7502.97021484375,7502.97021484375,7486.14990234375,7488.35986328125
1783606800,7488.47021484375,7495.5,7481.72998046875,7495.240234375
1783607100,7495.4599609375,7508.35009765625,7493.759765625,7506.33984375
1783607400,7506.31005859375,7506.990234375,7497.72021484375,7502.56005859375
1783607700,7502.509765625,7510.81005859375,7502.4501953125,7510.81005859375
1783608000,7510.2900390625,7511.169921875,7505.10986328125,7505.77978515625
1783608300,7505.830078125,7510.3701171875,7505.2099609375,7506.7001953125
1783608600,7506.7001953125,7506.7001953125,7499.3701171875,7506.31982421875
1783608900,7506.22021484375,7515.43994140625,7506.22021484375,7513.7099609375
1783609200,7514.06982421875,7516.10986328125,7512.8701171875,7515.419921875
1783609500,7515.68994140625,7522.7001953125,7515.33984375,7521.9501953125
1783609800,7522.080078125,7522.8798828125,7518.1201171875,7519.22998046875
1783610100,7518.9501953125,7522.8701171875,7517.0400390625,7518.990234375
1783610400,7519.25,7526.39990234375,7519.25,7526.0400390625
1783610700,7525.93017578125,7526.7998046875,7524.18994140625,7525.02001953125
1783611000,7524.97021484375,7525.259765625,7521.81982421875,7522.919921875
1783611300,7522.93994140625,7525.740234375,7522.31982421875,7525.60009765625
1783611600,7525.68017578125,7529.33984375,7524.5498046875,7527.919921875
1783611900,7527.9599609375,7529.259765625,7526.22021484375,7528.240234375
1783612200,7528.43017578125,7528.66015625,7525.7099609375,7526.259765625
1783612500,7526.39013671875,7527.7099609375,7525.25,7525.8798828125
1783612800,7525.919921875,7531.259765625,7525.919921875,7530.52978515625
1783613100,7530.5,7532.47021484375,7530.5,7531.2001953125
1783613400,7531.1201171875,7532.08984375,7530.259765625,7531.60009765625
1783613700,7531.64990234375,7533.2998046875,7530.72021484375,7532.2900390625
1783614000,7532.259765625,7534.89990234375,7530.89990234375,7534.85009765625
1783614300,7534.7998046875,7534.7998046875,7532.41015625,7533.6298828125
1783614600,7533.6201171875,7535.759765625,7531.66015625,7531.66015625
1783614900,7531.56982421875,7532.83984375,7530.18017578125,7532.81982421875
1783615200,7532.7998046875,7534.93994140625,7532.7998046875,7533.8798828125
1783615500,7533.85986328125,7534.5,7530.7099609375,7532.0
1783615800,7532.02978515625,7533.10009765625,7530.7900390625,7531.31982421875
1783616100,7531.35986328125,7531.9599609375,7529.14013671875,7530.83984375
1783616400,7530.9501953125,7535.08984375,7530.75,7534.5400390625
1783616700,7534.3701171875,7539.0498046875,7533.56982421875,7538.10009765625
1783617000,7538.14990234375,7540.8798828125,7538.0400390625,7539.169921875
1783617300,7539.16015625,7542.830078125,7539.16015625,7542.259765625
1783617600,7542.47998046875,7543.47021484375,7540.97998046875,7541.81005859375
1783617900,7541.81005859375,7544.97021484375,7541.669921875,7544.83984375
1783618200,7544.81005859375,7545.31982421875,7541.85986328125,7543.6298828125
1783618500,7543.68994140625,7546.35009765625,7543.259765625,7544.68017578125
1783618800,7544.7099609375,7545.56982421875,7542.81982421875,7544.31982421875
1783619100,7544.31005859375,7546.89013671875,7544.31005859375,7545.5
1783619400,7545.5400390625,7546.52978515625,7544.419921875,7544.81005859375
1783619700,7544.7001953125,7544.83984375,7541.240234375,7543.25
1783620000,7543.2099609375,7544.580078125,7541.93994140625,7542.77001953125
1783620300,7542.75,7545.2001953125,7542.6298828125,7544.3701171875
1783620600,7544.31982421875,7545.7998046875,7543.81982421875,7545.0400390625
1783620900,7545.02978515625,7546.0498046875,7542.9501953125,7543.830078125
1783621200,7543.93017578125,7544.06005859375,7540.9599609375,7541.14990234375
1783621500,7540.97021484375,7541.85009765625,7539.7900390625,7541.85009765625
1783621800,7541.9599609375,7543.2001953125,7539.89013671875,7540.14990234375
1783622100,7540.06982421875,7540.830078125,7538.5498046875,7538.83984375
1783622400,7538.77001953125,7540.77001953125,7537.7998046875,7540.64990234375
1783622700,7540.60986328125,7540.60986328125,7538.64013671875,7540.10986328125
1783623000,7540.27001953125,7540.7099609375,7538.47021484375,7538.56005859375
1783623300,7538.56005859375,7538.6298828125,7536.2099609375,7537.85009765625
1783623600,7537.89013671875,7538.0498046875,7534.830078125,7535.35986328125
1783623900,7535.35009765625,7536.85986328125,7533.89013671875,7534.919921875
1783624200,7534.97021484375,7536.89990234375,7533.830078125,7535.89013671875
1783624500,7535.77001953125,7540.580078125,7535.330078125,7540.43994140625
1783624800,7540.47021484375,7541.490234375,7538.41015625,7538.8798828125
1783625100,7538.77978515625,7539.43017578125,7537.7998046875,7537.93017578125
1783625400,7537.85009765625,7538.39990234375,7535.9501953125,7538.2001953125
1783625700,7538.14990234375,7541.10986328125,7538.14990234375,7539.9599609375
1783626000,7540.169921875,7541.759765625,7538.4501953125,7541.490234375
1783626300,7541.35986328125,7541.490234375,7539.31005859375,7539.43994140625
1783626600,7539.419921875,7539.419921875,7535.16015625,7535.47998046875
1783626900,7535.60009765625,7542.7998046875,7535.60009765625,7542.27978515625
1783690200,7547.64013671875,7556.6298828125,7547.2998046875,7553.2998046875
1783690500,7553.33984375,7559.33984375,7551.4599609375,7551.83984375
1783690800,7551.759765625,7551.89013671875,7543.35009765625,7548.080078125
1783691100,7547.72021484375,7558.14990234375,7547.31005859375,7556.8701171875
1783691400,7556.8701171875,7558.8798828125,7553.93017578125,7556.16015625
1783691700,7556.27001953125,7559.27978515625,7552.64013671875,7555.35986328125
1783692000,7555.75,7559.9599609375,7554.64990234375,7557.60009765625
1783692300,7557.75,7558.68994140625,7551.580078125,7557.5
1783692600,7557.5498046875,7558.02001953125,7552.8701171875,7553.47998046875
1783692900,7553.2001953125,7555.77001953125,7549.83984375,7552.10986328125
1783693200,7552.3798828125,7553.68017578125,7547.18994140625,7551.3798828125
1783693500,7551.22998046875,7556.9599609375,7546.6298828125,7552.1201171875
1783693800,7552.3798828125,7556.60009765625,7508.16015625,7534.66015625
1783694100,7534.68994140625,7546.2099609375,7530.75,7543.0
1783694400,7543.2099609375,7548.2001953125,7539.91015625,7547.4501953125
1783694700,7547.64013671875,7550.06005859375,7543.06005859375,7549.77001953125
1783695000,7549.68017578125,7551.56005859375,7545.18994140625,7545.18994140625
1783695300,7545.31982421875,7545.89013671875,7536.81982421875,7538.1298828125
1783695600,7538.10986328125,7539.81982421875,7535.080078125,7535.5
1783695900,7535.77978515625,7542.919921875,7532.3701171875,7542.919921875
1783696200,7543.02978515625,7545.97021484375,7542.77001953125,7544.81982421875
1783696500,7544.83984375,7557.39013671875,7544.83984375,7553.259765625
1783696800,7553.2998046875,7556.7001953125,7551.10986328125,7556.7001953125
1783697100,7556.6298828125,7560.39990234375,7556.6298828125,7558.72998046875
1783697400,7558.77978515625,7559.9599609375,7555.77001953125,7556.41015625
1783697700,7556.64013671875,7556.83984375,7549.89013671875,7550.2001953125
1783698000,7550.330078125,7551.31005859375,7540.6201171875,7546.5498046875
1783698300,7546.7001953125,7552.830078125,7542.68017578125,7551.1201171875
1783698600,7551.330078125,7555.509765625,7549.6201171875,7554.4599609375
1783698900,7554.330078125,7555.31982421875,7551.7099609375,7554.27978515625
1783699200,7554.16015625,7559.14990234375,7554.16015625,7558.10009765625
1783699500,7557.91015625,7558.509765625,7555.06005859375,7555.77978515625
1783699800,7556.1201171875,7559.080078125,7555.35009765625,7558.31982421875
1783700100,7558.240234375,7563.419921875,7558.240234375,7562.02978515625
1783700400,7562.27978515625,7562.669921875,7558.06005859375,7560.25
1783700700,7560.2900390625,7560.9501953125,7558.18994140625,7558.240234375
1783701000,7558.27978515625,7562.52001953125,7558.27978515625,7561.5498046875
1783701300,7561.56982421875,7562.2001953125,7557.22021484375,7559.169921875
1783701600,7559.25,7562.60009765625,7559.18994140625,7562.43017578125
1783701900,7562.56005859375,7565.41015625,7562.43994140625,7564.7001953125
1783702200,7564.66015625,7566.580078125,7564.580078125,7566.33984375
1783702500,7566.39013671875,7567.7998046875,7564.77978515625,7566.3798828125
1783702800,7566.39990234375,7566.7001953125,7562.25,7563.27001953125
1783703100,7563.22021484375,7564.509765625,7562.47021484375,7562.56005859375
1783703400,7562.7001953125,7564.330078125,7561.419921875,7564.16015625
1783703700,7564.0400390625,7566.4501953125,7563.7998046875,7564.89013671875
1783704000,7564.81005859375,7566.35986328125,7564.64990234375,7565.669921875
1783704300,7565.7998046875,7567.08984375,7565.35986328125,7566.2900390625
1783704600,7566.35009765625,7567.759765625,7565.56005859375,7566.60986328125
1783704900,7566.64013671875,7570.43017578125,7566.1298828125,7568.89990234375
1783705200,7568.85986328125,7569.77001953125,7567.16015625,7567.93994140625
1783705500,7568.06982421875,7569.64013671875,7567.6201171875,7569.27001953125
1783705800,7569.2099609375,7570.330078125,7568.7001953125,7568.830078125
1783706100,7568.8798828125,7569.25,7565.93994140625,7566.43994140625
1783706400,7566.41015625,7568.35986328125,7566.10986328125,7566.740234375
1783706700,7566.91015625,7569.490234375,7566.830078125,7568.93017578125
1783707000,7569.009765625,7571.0498046875,7568.43017578125,7569.2998046875
1783707300,7569.18994140625,7569.830078125,7567.47998046875,7568.3798828125
1783707600,7568.330078125,7570.39990234375,7567.10986328125,7569.669921875
1783707900,7569.66015625,7571.9501953125,7569.3798828125,7570.3798828125
1783708200,7570.3798828125,7572.2001953125,7570.1298828125,7571.740234375
1783708500,7571.72998046875,7571.740234375,7569.58984375,7570.25
1783708800,7570.27001953125,7572.33984375,7570.18994140625,7571.10009765625
1783709100,7571.14990234375,7572.22998046875,7570.919921875,7570.97021484375
1783709400,7570.97998046875,7572.52978515625,7570.4501953125,7571.77978515625
1783709700,7571.85009765625,7572.93994140625,7570.8798828125,7571.259765625
1783710000,7571.169921875,7576.47998046875,7571.0,7575.83984375
1783710300,7575.8701171875,7577.25,7574.990234375,7575.330078125
1783710600,7575.33984375,7577.669921875,7575.33984375,7577.43994140625
1783710900,7577.43017578125,7577.669921875,7575.4599609375,7576.47021484375
1783711200,7576.509765625,7576.669921875,7574.77001953125,7575.60986328125
1783711500,7575.7099609375,7576.89013671875,7575.3798828125,7575.64013671875
1783711800,7575.64013671875,7576.58984375,7574.14990234375,7575.7998046875
1783712100,7575.8701171875,7577.66015625,7575.10009765625,7576.85986328125
1783712400,7576.83984375,7578.68017578125,7576.5400390625,7576.5400390625
1783712700,7576.490234375,7577.7001953125,7575.759765625,7577.39013671875
1783713000,7577.31982421875,7579.93017578125,7576.490234375,7577.31982421875
1783713300,7576.919921875,7578.02001953125,7572.35986328125,7575.3798828125
1783949400,7547.52978515625,7565.3701171875,7547.52978515625,7559.7998046875
1783949700,7559.5498046875,7563.39013671875,7555.85009765625,7558.06982421875
1783950000,7557.8798828125,7557.8798828125,7550.259765625,7555.60009765625
1783950300,7555.60986328125,7556.41015625,7548.14013671875,7554.5400390625
1783950600,7554.6298828125,7554.830078125,7544.18017578125,7551.68017578125
1783950900,7551.27001953125,7562.9501953125,7549.56982421875,7561.759765625
1783951200,7561.39013671875,7564.919921875,7552.830078125,7553.240234375
1783951500,7553.22021484375,7555.27978515625,7548.66015625,7553.43017578125
1783951800,7553.7998046875,7559.66015625,7552.52978515625,7558.89990234375
1783952100,7558.97021484375,7559.830078125,7529.330078125,7543.81982421875
1783952400,7544.18017578125,7554.27001953125,7541.240234375,7553.7099609375
1783952700,7553.43017578125,7557.47998046875,7551.6201171875,7556.91015625
1783953000,7557.08984375,7558.580078125,7551.8701171875,7551.919921875
1783953300,7552.31982421875,7552.75,7545.64990234375,7548.4501953125
1783953600,7548.509765625,7548.5498046875,7539.06005859375,7541.259765625
1783953900,7541.009765625,7550.18017578125,7536.2001953125,7550.0
1783954200,7550.18017578125,7550.47998046875,7542.1201171875,7543.25
1783954500,7543.35009765625,7554.08984375,7542.08984375,7553.77001953125
1783954800,7553.68017578125,7556.81005859375,7549.47021484375,7549.93994140625
1783955100,7549.93994140625,7552.0,7547.6201171875,7548.31005859375
1783955400,7548.3798828125,7551.77001953125,7545.259765625,7546.990234375
1783955700,7546.97021484375,7549.669921875,7545.3798828125,7548.93017578125
1783956000,7548.72998046875,7551.6201171875,7547.81005859375,7550.64013671875
1783956300,7550.4501953125,7551.10986328125,7545.77978515625,7549.85009765625
1783956600,7550.080078125,7551.5,7546.72021484375,7548.14013671875
1783956900,7548.009765625,7548.9501953125,7545.10986328125,7547.2998046875
1783957200,7547.4599609375,7547.8798828125,7543.419921875,7543.9599609375
1783957500,7543.77978515625,7544.06005859375,7541.3798828125,7543.169921875
1783957800,7543.5,7543.7998046875,7537.8798828125,7542.22998046875
1783958100,7542.169921875,7542.330078125,7537.27978515625,7538.2900390625
1783958400,7538.240234375,7540.759765625,7536.02001953125,7537.1201171875
1783958700,7537.169921875,7540.89013671875,7536.43994140625,7540.89013671875
1783959000,7540.81005859375,7543.72021484375,7538.97021484375,7540.56005859375
1783959300,7540.4501953125,7540.740234375,7532.68017578125,7534.77001953125
1783959600,7534.7900390625,7534.7900390625,7531.9501953125,7532.7001953125
1783959900,7532.64013671875,7532.81982421875,7525.9501953125,7528.7001953125
1783960200,7528.77978515625,7528.77978515625,7521.7998046875,7522.06982421875
1783960500,7521.9599609375,7527.81005859375,7514.66015625,7525.02001953125
1783960800,7525.14990234375,7530.43994140625,7521.31005859375,7528.490234375
1783961100,7528.830078125,7531.97998046875,7525.2900390625,7525.3798828125
1783961400,7525.39990234375,7525.77978515625,7518.490234375,7520.259765625
1783961700,7520.22021484375,7526.2998046875,7518.77978515625,7524.35986328125
1783962000,7524.39990234375,7528.2001953125,7523.60986328125,7524.47998046875
1783962300,7524.169921875,7530.490234375,7523.5,7529.60986328125
1783962600,7529.7001953125,7531.91015625,7525.10009765625,7526.39013671875
1783962900,7526.35986328125,7528.6298828125,7522.4599609375,7527.919921875
1783963200,7527.5,7529.39013671875,7522.5498046875,7522.64013671875
1783963500,7522.64013671875,7525.10986328125,7520.97021484375,7523.5400390625
1783963800,7523.6298828125,7526.2900390625,7522.16015625,7524.83984375
1783964100,7524.830078125,7524.830078125,7520.43994140625,7522.31982421875
1783964400,7522.2900390625,7526.56005859375,7520.39013671875,7525.27001953125
1783964700,7525.330078125,7527.75,7521.8798828125,7522.06005859375
1783965000,7522.0400390625,7522.43017578125,7517.9501953125,7519.740234375
1783965300,7519.85009765625,7520.97998046875,7517.7099609375,7518.06982421875
1783965600,7518.10009765625,7524.14013671875,7517.77978515625,7522.1201171875
1783965900,7522.16015625,7527.47998046875,7522.0,7522.2900390625
1783966200,7522.25,7523.89990234375,7517.2900390625,7523.68017578125
1783966500,7523.740234375,7524.240234375,7516.509765625,7517.56005859375
1783966800,7517.91015625,7521.0,7516.60009765625,7520.990234375
1783967100,7520.990234375,7521.2099609375,7517.9501953125,7518.1298828125
1783967400,7518.18017578125,7521.39013671875,7515.47998046875,7518.31982421875
1783967700,7518.18994140625,7523.22998046875,7517.93017578125,7522.66015625
1783968000,7522.68017578125,7526.330078125,7521.85009765625,7524.1201171875
1783968300,7524.16015625,7524.77978515625,7521.22998046875,7523.35986328125
1783968600,7523.3701171875,7526.080078125,7521.33984375,7523.85986328125
1783968900,7523.81005859375,7524.64990234375,7520.06005859375,7521.56005859375
1783969200,7521.56982421875,7524.77001953125,7518.22021484375,7524.02978515625
1783969500,7524.169921875,7525.419921875,7520.47021484375,7520.490234375
1783969800,7520.43017578125,7520.740234375,7516.39990234375,7518.14013671875
1783970100,7518.10986328125,7519.8701171875,7516.68994140625,7517.85986328125
1783970400,7517.8701171875,7518.02978515625,7512.68994140625,7515.009765625
1783970700,7514.97021484375,7515.0,7508.330078125,7509.22998046875
1783971000,7509.39990234375,7513.919921875,7508.68994140625,7511.490234375
1783971300,7511.7099609375,7511.7099609375,7506.41015625,7507.7998046875
1783971600,7507.97021484375,7514.85009765625,7507.330078125,7514.3798828125
1783971900,7514.64990234375,7515.7001953125,7511.240234375,7513.97998046875
1783972200,7513.93994140625,7519.580078125,7513.93994140625,7516.419921875
1783972500,7515.81005859375,7521.31982421875,7514.77978515625,7515.89990234375
1784035800,7536.7001953125,7538.830078125,7522.66015625,7522.66015625
1784036100,7523.0,7539.35009765625,7520.7900390625,7538.68994140625
1784036400,7538.18017578125,7540.3701171875,7532.43017578125,7539.7900390625
1784036700,7539.35986328125,7544.4501953125,7533.81982421875,7535.97021484375
1784037000,7536.0400390625,7542.16015625,7533.43017578125,7538.2900390625
1784037300,7537.58984375,7542.25,7534.0498046875,7539.81982421875
1784037600,7539.9599609375,7540.64013671875,7528.490234375,7531.2099609375
1784037900,7530.89990234375,7533.1298828125,7524.8701171875,7528.830078125
1784038200,7528.43017578125,7530.419921875,7523.89013671875,7530.16015625
1784038500,7530.06982421875,7530.06982421875,7513.22998046875,7524.66015625
1784038800,7524.89013671875,7533.68994140625,7524.5400390625,7527.5498046875
1784039100,7527.419921875,7537.83984375,7526.14013671875,7533.85986328125
1784039400,7533.7001953125,7557.43994140625,7531.7001953125,7547.06005859375
1784039700,7547.08984375,7547.7900390625,7542.41015625,7545.75
1784040000,7545.7099609375,7548.490234375,7536.5498046875,7538.0498046875
1784040300,7538.14990234375,7540.2099609375,7533.72021484375,7534.490234375
1784040600,7534.43994140625,7542.10009765625,7531.06982421875,7542.10009765625
1784040900,7542.1201171875,7545.16015625,7541.580078125,7543.06005859375
1784041200,7543.10009765625,7554.72021484375,7538.919921875,7550.52978515625
1784041500,7550.2099609375,7556.75,7548.77001953125,7555.02001953125
1784041800,7554.830078125,7555.919921875,7549.89990234375,7552.08984375
1784042100,7552.02001953125,7553.080078125,7544.0400390625,7546.009765625
1784042400,7546.10009765625,7551.31005859375,7543.39990234375,7551.31005859375
1784042700,7551.419921875,7553.4501953125,7549.60986328125,7552.93994140625
1784043000,7553.06005859375,7554.669921875,7545.7900390625,7546.6298828125
1784043300,7546.759765625,7546.89990234375,7542.41015625,7545.0400390625
1784043600,7545.1298828125,7545.1298828125,7534.47021484375,7542.3701171875
1784043900,7542.509765625,7545.8701171875,7542.14990234375,7542.8798828125
1784044200,7542.64013671875,7543.47998046875,7536.06982421875,7536.77001953125
1784044500,7536.7998046875,7537.7900390625,7533.0,7536.60009765625
1784044800,7536.5400390625,7536.89990234375,7527.06982421875,7529.31005859375
1784045100,7529.68017578125,7533.2900390625,7526.830078125,7531.16015625
1784045400,7531.08984375,7532.77978515625,7527.16015625,7531.75
1784045700,7531.7001953125,7532.0,7526.990234375,7530.75
1784046000,7530.919921875,7532.2900390625,7526.85009765625,7529.97998046875
1784046300,7529.89013671875,7535.10009765625,7529.27978515625,7534.4599609375
1784046600,7534.3701171875,7537.25,7532.22021484375,7537.25
1784046900,7537.2998046875,7539.64013671875,7536.10986328125,7539.10986328125
1784047200,7539.16015625,7543.7998046875,7538.14013671875,7541.18017578125
1784047500,7541.1201171875,7543.60986328125,7536.14990234375,7540.0
1784047800,7540.10009765625,7542.740234375,7539.1201171875,7541.16015625
1784048100,7541.080078125,7544.77001953125,7541.0498046875,7544.77001953125
1784048400,7544.91015625,7547.2998046875,7543.2998046875,7543.77978515625
1784048700,7543.77001953125,7547.5498046875,7542.60986328125,7547.39990234375
1784049000,7547.39990234375,7548.5400390625,7544.77978515625,7544.77978515625
1784049300,7544.830078125,7547.41015625,7543.14013671875,7547.22998046875
1784049600,7547.169921875,7551.93017578125,7547.169921875,7550.990234375
1784049900,7550.91015625,7551.77001953125,7548.81982421875,7549.580078125
1784050200,7549.52001953125,7551.35986328125,7546.93017578125,7546.93017578125
1784050500,7546.7001953125,7547.81982421875,7544.580078125,7547.43994140625
1784050800,7547.39990234375,7547.9501953125,7545.6201171875,7546.68994140625
1784051100,7546.830078125,7548.68017578125,7544.39013671875,7547.3701171875
1784051400,7547.2998046875,7549.27978515625,7547.259765625,7548.58984375
1784051700,7548.60986328125,7549.35986328125,7547.7099609375,7548.81982421875
1784052000,7548.77978515625,7550.759765625,7545.68994140625,7550.75
1784052300,7550.740234375,7551.47998046875,7549.18017578125,7550.75
1784052600,7550.81005859375,7552.56005859375,7549.9599609375,7552.330078125
1784052900,7552.31982421875,7554.02001953125,7551.18994140625,7552.2998046875
1784053200,7552.330078125,7554.169921875,7550.259765625,7550.5400390625
1784053500,7550.56005859375,7552.5,7549.4501953125,7551.18017578125
1784053800,7551.14990234375,7551.72998046875,7549.83984375,7551.10009765625
1784054100,7551.18994140625,7552.18017578125,7548.10009765625,7550.10986328125
1784054400,7550.06982421875,7550.08984375,7545.080078125,7546.81982421875
1784054700,7546.72998046875,7548.35009765625,7545.7900390625,7546.31982421875
1784055000,7546.27001953125,7549.77001953125,7545.43017578125,7549.10009765625
1784055300,7549.1201171875,7549.22998046875,7547.52001953125,7548.39990234375
1784055600,7548.3701171875,7548.8798828125,7545.25,7545.81982421875
1784055900,7545.85009765625,7547.580078125,7544.7900390625,7545.85009765625
1784056200,7545.41015625,7547.9501953125,7544.2099609375,7547.18017578125
1784056500,7547.169921875,7548.7900390625,7546.89013671875,7547.669921875
1784056800,7547.66015625,7550.5498046875,7547.259765625,7550.52978515625
1784057100,7550.47998046875,7551.02978515625,7547.68017578125,7547.68017578125
1784057400,7547.6298828125,7547.6298828125,7544.08984375,7546.52001953125
1784057700,7546.47021484375,7549.02001953125,7544.8701171875,7545.419921875
1784058000,7545.41015625,7549.259765625,7544.8798828125,7548.81982421875
1784058300,7548.77001953125,7551.25,7548.3701171875,7551.169921875
1784058600,7551.06982421875,7551.06982421875,7546.52001953125,7546.52001953125
1784058900,7546.43994140625,7550.35009765625,7543.35009765625,7544.2900390625
1784122200,7571.72021484375,7579.97021484375,7569.58984375,7579.169921875
1784122500,7579.56005859375,7580.759765625,7572.0,7574.27001953125
1784122800,7574.64013671875,7574.81982421875,7569.43017578125,7570.2900390625
1784123100,7570.240234375,7571.47021484375,7559.7099609375,7561.2900390625
1784123400,7561.75,7567.06005859375,7557.33984375,7567.06005859375
1784123700,7566.89013671875,7571.10986328125,7565.52001953125,7570.08984375
1784124000,7571.2099609375,7577.7998046875,7571.2099609375,7573.97021484375
1784124300,7573.9599609375,7579.47021484375,7572.009765625,7577.02978515625
1784124600,7576.68017578125,7578.43994140625,7572.52001953125,7572.990234375
1784124900,7573.25,7581.5,7572.75,7578.91015625
1784125200,7578.68017578125,7579.080078125,7559.02001953125,7562.35986328125
1784125500,7562.47998046875,7572.43017578125,7559.02978515625,7571.85009765625
1784125800,7571.52978515625,7573.58984375,7564.47998046875,7571.14990234375
1784126100,7571.2900390625,7573.419921875,7560.47998046875,7561.9501953125
1784126400,7561.72021484375,7564.919921875,7553.8701171875,7560.1201171875
1784126700,7560.169921875,7563.5400390625,7554.85986328125,7563.330078125
1784127000,7563.14990234375,7563.64990234375,7552.9599609375,7555.77978515625
1784127300,7556.259765625,7560.7099609375,7553.7900390625,7560.3798828125
1784127600,7560.4501953125,7562.16015625,7556.18017578125,7557.419921875
1784127900,7557.41015625,7567.06005859375,7555.35986328125,7566.58984375
1784128200,7566.58984375,7567.5498046875,7556.419921875,7556.89013671875
1784128500,7556.830078125,7558.81005859375,7548.06982421875,7558.22998046875
1784128800,7558.490234375,7558.490234375,7550.419921875,7554.009765625
1784129100,7554.93994140625,7561.990234375,7554.02978515625,7561.990234375
1784129400,7561.85986328125,7564.56005859375,7557.72021484375,7561.18017578125
1784129700,7561.35986328125,7562.85986328125,7556.97021484375,7561.9501953125
1784130000,7562.41015625,7563.08984375,7556.080078125,7556.7001953125
1784130300,7556.85986328125,7557.7900390625,7553.4599609375,7554.009765625
1784130600,7554.0498046875,7554.0498046875,7549.08984375,7552.1298828125
1784130900,7552.080078125,7553.83984375,7548.85009765625,7552.2900390625
1784131200,7552.3798828125,7553.93017578125,7543.52978515625,7546.10986328125
1784131500,7546.16015625,7546.259765625,7539.6298828125,7544.9501953125
1784131800,7544.7900390625,7546.33984375,7536.97998046875,7537.33984375
1784132100,7537.47021484375,7538.919921875,7534.93994140625,7535.10009765625
1784132400,7535.35009765625,7536.740234375,7529.4599609375,7530.490234375
1784132700,7530.64990234375,7534.0,7529.4599609375,7533.68994140625
1784133000,7533.669921875,7536.77001953125,7529.39990234375,7530.22021484375
1784133300,7530.240234375,7531.35986328125,7527.25,7529.7099609375
1784133600,7529.72021484375,7534.080078125,7526.9501953125,7533.81005859375
1784133900,7533.77001953125,7546.66015625,7532.18017578125,7539.08984375
1784134200,7538.75,7543.85009765625,7538.75,7540.02001953125
1784134500,7539.990234375,7542.10009765625,7535.47998046875,7542.10009765625
1784134800,7542.14990234375,7546.0,7541.7001953125,7544.52001953125
1784135100,7544.47021484375,7549.91015625,7543.89990234375,7546.4599609375
1784135400,7546.3701171875,7547.97021484375,7543.33984375,7543.39990234375
1784135700,7543.509765625,7550.06005859375,7543.16015625,7549.490234375
1784136000,7549.68994140625,7551.43994140625,7547.52978515625,7550.47998046875
1784136300,7550.2900390625,7553.919921875,7549.1298828125,7553.919921875
1784136600,7553.919921875,7557.6298828125,7553.75,7556.18994140625
1784136900,7556.66015625,7560.3701171875,7555.7001953125,7559.759765625
1784137200,7559.85986328125,7560.14990234375,7557.81005859375,7558.89990234375
1784137500,7559.02001953125,7566.5498046875,7558.43994140625,7566.08984375
1784137800,7565.97021484375,7570.56005859375,7564.68994140625,7570.080078125
1784138100,7570.0498046875,7570.31005859375,7567.06982421875,7567.56982421875
1784138400,7567.759765625,7571.41015625,7567.3701171875,7569.1298828125
1784138700,7569.259765625,7572.14990234375,7568.43994140625,7571.1298828125
1784139000,7571.1298828125,7573.14990234375,7570.85986328125,7571.169921875
1784139300,7571.14013671875,7571.14013671875,7567.93994140625,7569.22021484375
1784139600,7569.25,7574.10986328125,7568.97021484375,7573.0
1784139900,7573.0400390625,7573.7001953125,7571.83984375,7572.27001953125
1784140200,7572.259765625,7574.83984375,7571.740234375,7574.0498046875
1784140500,7573.93994140625,7573.93994140625,7570.02001953125,7570.330078125
1784140800,7570.33984375,7571.64013671875,7566.06982421875,7566.3798828125
1784141100,7566.41015625,7566.43994140625,7560.68017578125,7562.60009765625
1784141400,7562.2099609375,7562.7900390625,7557.2001953125,7558.7998046875
1784141700,7558.8798828125,7560.41015625,7556.47998046875,7556.830078125
1784142000,7557.02978515625,7563.06982421875,7556.169921875,7562.4599609375
1784142300,7562.47998046875,7564.259765625,7560.6298828125,7561.080078125
1784142600,7561.10009765625,7564.5400390625,7560.47021484375,7563.259765625
1784142900,7563.4599609375,7563.75,7560.4599609375,7560.4599609375
1784143200,7560.52001953125,7560.6298828125,7557.0,7558.31982421875
1784143500,7558.39013671875,7562.52001953125,7557.2001953125,7561.25
1784143800,7561.5400390625,7564.75,7557.0498046875,7558.080078125
1784144100,7558.0498046875,7563.72998046875,7556.7099609375,7563.2099609375
1784144400,7563.52001953125,7567.22998046875,7563.2001953125,7566.33984375
1784144700,7566.27978515625,7566.7099609375,7560.27978515625,7561.31982421875
1784145000,7561.2998046875,7566.89990234375,7561.2998046875,7566.8701171875
1784145300,7566.93017578125,7573.3798828125,7566.93017578125,7572.2001953125
1784208600,7558.7998046875,7560.669921875,7544.68017578125,7546.66015625
1784208900,7546.240234375,7550.830078125,7540.7001953125,7541.39013671875
1784209200,7541.64990234375,7547.72021484375,7535.330078125,7537.35986328125
1784209500,7537.35986328125,7541.5400390625,7531.72021484375,7535.2099609375
1784209800,7534.5,7547.60009765625,7534.41015625,7539.89013671875
1784210100,7539.85009765625,7546.490234375,7536.580078125,7545.009765625
1784210400,7545.7099609375,7554.52978515625,7543.0400390625,7552.97998046875
1784210700,7553.27978515625,7561.759765625,7552.080078125,7560.330078125
1784211000,7560.2900390625,7562.7099609375,7558.64013671875,7560.06982421875
1784211300,7560.009765625,7565.18017578125,7558.7900390625,7564.66015625
1784211600,7564.7099609375,7565.41015625,7557.02001953125,7563.0
1784211900,7562.6201171875,7570.35986328125,7559.0400390625,7570.02001953125
1784212200,7570.169921875,7570.740234375,7566.240234375,7568.06982421875
1784212500,7568.10009765625,7570.4599609375,7564.02978515625,7564.7099609375
1784212800,7564.72998046875,7569.85986328125,7562.93994140625,7569.43994140625
1784213100,7569.64990234375,7570.58984375,7566.8798828125,7567.5
1784213400,7567.39013671875,7567.39013671875,7560.740234375,7561.60986328125
1784213700,7561.77001953125,7566.93994140625,7558.43017578125,7566.93994140625
1784214000,7567.27001953125,7569.419921875,7561.66015625,7562.14990234375
1784214300,7562.009765625,7563.22998046875,7556.509765625,7560.68017578125
1784214600,7560.93017578125,7562.85986328125,7556.2998046875,7558.830078125
1784214900,7558.81982421875,7562.0,7555.31982421875,7561.68994140625
1784215200,7561.8798828125,7562.06982421875,7555.5,7561.5400390625
1784215500,7561.56005859375,7570.22998046875,7561.52978515625,7563.990234375
1784215800,7564.0400390625,7567.77001953125,7558.52978515625,7567.77001953125
1784216100,7567.990234375,7569.68017578125,7563.97021484375,7569.2998046875
1784216400,7569.22021484375,7569.7998046875,7560.830078125,7562.52978515625
1784216700,7562.35009765625,7562.39013671875,7556.1298828125,7560.81005859375
1784217000,7560.68017578125,7566.7900390625,7560.68017578125,7564.02001953125
1784217300,7564.1298828125,7564.1298828125,7558.7998046875,7561.509765625
1784217600,7561.5498046875,7561.75,7553.6201171875,7553.6201171875
1784217900,7553.56005859375,7555.8798828125,7549.169921875,7555.0498046875
1784218200,7554.75,7554.75,7545.27978515625,7545.77001953125
1784218500,7545.60009765625,7550.7998046875,7544.2998046875,7547.66015625
1784218800,7547.64013671875,7547.64013671875,7540.830078125,7541.35986328125
1784219100,7541.22998046875,7546.490234375,7539.740234375,7544.39990234375
1784219400,7544.47021484375,7550.81982421875,7544.47021484375,7547.35986328125
1784219700,7547.2001953125,7548.56005859375,7544.33984375,7544.39990234375
1784220000,7544.4501953125,7547.52001953125,7543.169921875,7544.990234375
1784220300,7544.85009765625,7547.1201171875,7542.4501953125,7545.7099609375
1784220600,7545.9599609375,7551.8798828125,7544.56005859375,7551.8798828125
1784220900,7551.77978515625,7555.22998046875,7551.4501953125,7554.169921875
1784221200,7554.18994140625,7554.52978515625,7547.919921875,7551.97021484375
1784221500,7551.7998046875,7553.81982421875,7547.91015625,7552.39013671875
1784221800,7552.47998046875,7553.16015625,7547.5,7547.56982421875
1784222100,7547.7998046875,7550.60986328125,7547.1201171875,7549.77978515625
1784222400,7549.91015625,7550.759765625,7546.419921875,7547.0
1784222700,7546.2998046875,7554.2998046875,7545.89990234375,7552.85009765625
1784223000,7552.81982421875,7553.81005859375,7546.1298828125,7546.72998046875
1784223300,7546.77978515625,7547.22998046875,7541.39990234375,7542.18994140625
1784223600,7541.85986328125,7541.85986328125,7536.89013671875,7539.1298828125
1784223900,7539.080078125,7544.080078125,7536.0,7542.080078125
1784224200,7542.169921875,7543.6298828125,7539.14013671875,7541.22021484375
1784224500,7541.080078125,7541.1298828125,7535.72021484375,7538.10986328125
1784224800,7537.9599609375,7540.009765625,7534.02978515625,7534.169921875
1784225100,7534.14013671875,7534.75,7529.64990234375,7532.33984375
1784225400,7531.8701171875,7539.56982421875,7531.8701171875,7532.22021484375
1784225700,7532.330078125,7538.7998046875,7529.9599609375,7537.10986328125
1784226000,7537.1298828125,7542.52978515625,7536.740234375,7537.8701171875
1784226300,7537.93017578125,7540.22998046875,7534.16015625,7534.16015625
1784226600,7534.75,7534.75,7530.43017578125,7532.2998046875
1784226900,7532.10986328125,7532.10986328125,7528.919921875,7528.93017578125
1784227200,7528.85986328125,7532.0,7525.2001953125,7530.2099609375
1784227500,7530.259765625,7534.06982421875,7528.4599609375,7532.72021484375
1784227800,7532.97998046875,7534.7099609375,7528.18017578125,7528.419921875
1784228100,7528.2998046875,7530.22998046875,7526.7998046875,7527.75
1784228400,7527.509765625,7532.9599609375,7526.68017578125,7530.5498046875
1784228700,7531.02001953125,7532.6298828125,7522.3701171875,7522.3701171875
1784229000,7522.47998046875,7523.31005859375,7520.9599609375,7522.5
1784229300,7522.31005859375,7523.39990234375,7519.18017578125,7522.60986328125
1784229600,7522.5,7524.91015625,7519.97021484375,7520.5
1784229900,7520.4501953125,7521.35986328125,7514.06982421875,7516.27001953125
1784230200,7516.02001953125,7517.14990234375,7510.2099609375,7513.080078125
1784230500,7512.91015625,7517.0400390625,7509.56005859375,7515.91015625
1784230800,7515.77978515625,7517.02001953125,7510.2099609375,7510.330078125
1784231100,7510.240234375,7510.990234375,7504.02001953125,7506.9501953125
1784231400,7507.10986328125,7524.72998046875,7507.10986328125,7524.419921875
1784231700,7524.47998046875,7534.68017578125,7524.47998046875,7534.6201171875
1784295000,7447.52001953125,7448.47998046875,7433.2998046875,7433.6298828125
1784295300,7433.8701171875,7439.47021484375,7431.259765625,7437.91015625
1784295600,7438.2001953125,7449.7998046875,7433.0,7434.080078125
1784295900,7434.080078125,7455.8701171875,7434.06005859375,7454.91015625
1784296200,7454.85986328125,7467.509765625,7454.35986328125,7464.97021484375
1784296500,7464.64990234375,7473.669921875,7461.759765625,7473.10986328125
1784296800,7473.58984375,7482.47998046875,7472.4501953125,7477.56005859375
1784297100,7477.97021484375,7489.35009765625,7477.97021484375,7488.31005859375
1784297400,7487.75,7492.31005859375,7485.18017578125,7489.02001953125
1784297700,7488.60009765625,7498.43017578125,7486.81005859375,7491.52001953125
1784298000,7491.43017578125,7496.18994140625,7487.41015625,7493.93017578125
1784298300,7494.22998046875,7497.08984375,7487.509765625,7488.85009765625
1784298600,7488.8701171875,7490.89013671875,7481.0498046875,7485.66015625
1784298900,7485.16015625,7493.39013671875,7483.6201171875,7492.419921875
1784299200,7493.10986328125,7493.31982421875,7483.39013671875,7484.18994140625
1784299500,7484.43017578125,7490.9599609375,7478.85986328125,7482.509765625
1784299800,7482.27978515625,7483.27001953125,7477.31005859375,7478.3701171875
1784300100,7478.7099609375,7486.009765625,7473.580078125,7475.39013671875
1784300400,7475.27978515625,7477.16015625,7466.580078125,7467.41015625
1784300700,7467.27978515625,7474.89990234375,7466.8798828125,7473.22021484375
1784301000,7473.509765625,7476.8701171875,7466.7001953125,7468.5400390625
1784301300,7468.39990234375,7473.52001953125,7465.02978515625,7470.16015625
1784301600,7470.16015625,7473.64013671875,7464.10009765625,7467.77001953125
1784301900,7467.60986328125,7480.83984375,7467.60986328125,7479.72998046875
1784302200,7479.72998046875,7483.52001953125,7474.89990234375,7475.64990234375
1784302500,7475.7099609375,7482.8798828125,7470.33984375,7482.169921875
1784302800,7482.1298828125,7484.6201171875,7475.85009765625,7479.83984375
1784303100,7480.02978515625,7481.77001953125,7475.2099609375,7480.7900390625
1784303400,7480.97998046875,7486.31982421875,7477.83984375,7486.2900390625
1784303700,7486.43994140625,7495.89990234375,7485.990234375,7494.56005859375
1784304000,7494.75,7496.93017578125,7478.14013671875,7480.259765625
1784304300,7481.02001953125,7485.14990234375,7474.93017578125,7485.14990234375
1784304600,7485.52001953125,7488.97998046875,7483.02001953125,7488.8798828125
1784304900,7488.759765625,7491.6201171875,7486.16015625,7489.8701171875
1784305200,7489.64990234375,7490.64990234375,7478.10986328125,7478.490234375
1784305500,7478.31005859375,7489.91015625,7477.0498046875,7485.18994140625
1784305800,7485.009765625,7486.7900390625,7481.33984375,7481.93017578125
1784306100,7481.89990234375,7486.02001953125,7481.740234375,7484.490234375
1784306400,7484.5,7489.60009765625,7481.56982421875,7488.83984375
1784306700,7488.9501953125,7495.18017578125,7488.0,7494.18017578125
1784307000,7494.10986328125,7498.47021484375,7492.06982421875,7495.02978515625
1784307300,7494.72021484375,7495.41015625,7487.64013671875,7488.81005859375
1784307600,7489.009765625,7496.64013671875,7488.669921875,7492.56005859375
1784307900,7492.490234375,7496.02001953125,7490.669921875,7495.75
1784308200,7495.7998046875,7496.7998046875,7489.9599609375,7489.9599609375
1784308500,7490.02978515625,7495.52001953125,7488.52978515625,7489.41015625
1784308800,7489.14990234375,7490.009765625,7485.97998046875,7488.68017578125
1784309100,7488.919921875,7496.02001953125,7488.52001953125,7494.5
1784309400,7494.83984375,7495.7998046875,7491.72998046875,7492.2099609375
1784309700,7492.16015625,7492.5,7485.169921875,7486.5498046875
1784310000,7486.35009765625,7486.35009765625,7481.08984375,7481.81005859375
1784310300,7481.72998046875,7484.330078125,7480.10986328125,7480.75
1784310600,7481.169921875,7481.64990234375,7473.419921875,7475.2998046875
1784310900,7475.2001953125,7475.35986328125,7469.31982421875,7471.22998046875
1784311200,7471.25,7477.0498046875,7469.60009765625,7472.2998046875
1784311500,7472.33984375,7472.33984375,7467.31005859375,7468.490234375
1784311800,7468.64013671875,7470.68017578125,7466.14990234375,7466.669921875
1784312100,7466.60986328125,7467.10009765625,7461.85009765625,7463.75
1784312400,7463.66015625,7466.81005859375,7461.56982421875,7462.93017578125
1784312700,7462.89990234375,7462.9501953125,7458.4501953125,7462.240234375
1784313000,7462.2998046875,7468.7900390625,7460.08984375,7462.35986328125
1784313300,7462.2900390625,7464.66015625,7460.77978515625,7462.759765625
1784313600,7462.81005859375,7463.43017578125,7456.64013671875,7458.43994140625
1784313900,7458.3701171875,7467.89013671875,7456.8701171875,7464.5498046875
1784314200,7464.669921875,7470.9501953125,7462.3701171875,7470.9501953125
1784314500,7471.0498046875,7471.6298828125,7467.3798828125,7469.81005859375
1784314800,7469.06005859375,7469.4599609375,7462.81982421875,7464.009765625
1784315100,7463.97021484375,7464.81005859375,7459.18994140625,7459.4501953125
1784315400,7459.43017578125,7460.14990234375,7452.4599609375,7452.4599609375
1784315700,7452.4599609375,7454.47021484375,7450.509765625,7454.259765625
1784316000,7454.18017578125,7454.18017578125,7448.64990234375,7448.64990234375
1784316300,7448.5,7458.31982421875,7446.27001953125,7456.6298828125
1784316600,7456.68994140625,7461.25,7453.64013671875,7455.35986328125
1784316900,7455.6201171875,7460.2998046875,7452.9501953125,7453.85986328125
1784317200,7453.830078125,7461.5,7451.91015625,7460.3701171875
1784317500,7460.47021484375,7465.5400390625,7459.39013671875,7465.43017578125
1784317800,7465.490234375,7467.83984375,7460.89990234375,7465.58984375
1784318100,7465.18994140625,7469.0,7455.4599609375,7457.77978515625
1784554200,7489.18017578125,7506.169921875,7489.18017578125,7505.60009765625
1784554500,7506.14013671875,7513.22998046875,7503.8701171875,7506.91015625
1784554800,7507.2001953125,7512.60986328125,7506.68994140625,7512.14013671875
1784555100,7512.2099609375,7513.0498046875,7501.72021484375,7502.2099609375
1784555400,7501.97021484375,7503.52978515625,7488.85986328125,7490.85009765625
1784555700,7490.60009765625,7491.16015625,7481.52001953125,7483.41015625
1784556000,7483.60009765625,7489.02001953125,7479.83984375,7484.830078125
1784556300,7484.7001953125,7486.7998046875,7478.81005859375,7479.7998046875
1784556600,7480.009765625,7480.009765625,7472.990234375,7475.08984375
1784556900,7475.10986328125,7479.6201171875,7471.7998046875,7474.39013671875
1784557200,7474.56005859375,7477.91015625,7468.60986328125,7475.919921875
1784557500,7475.85009765625,7482.85986328125,7475.31005859375,7482.85986328125
1784557800,7482.490234375,7484.16015625,7476.4599609375,7478.240234375
1784558100,7478.2001953125,7480.009765625,7474.77978515625,7478.7998046875
1784558400,7478.77978515625,7482.77978515625,7473.3798828125,7474.83984375
1784558700,7474.740234375,7481.56982421875,7470.8798828125,7471.64013671875
1784559000,7471.669921875,7474.419921875,7467.22021484375,7468.580078125
1784559300,7468.47021484375,7469.77978515625,7462.3701171875,7466.02001953125
1784559600,7465.9599609375,7474.2998046875,7463.43994140625,7471.47021484375
1784559900,7471.259765625,7479.4599609375,7463.97021484375,7479.27001953125
1784560200,7479.43017578125,7479.52978515625,7472.43017578125,7473.47998046875
1784560500,7473.47998046875,7480.39990234375,7471.60009765625,7478.2099609375
1784560800,7478.18017578125,7484.5400390625,7476.41015625,7482.669921875
1784561100,7482.669921875,7484.83984375,7478.0400390625,7484.35009765625
1784561400,7484.31982421875,7485.580078125,7483.43017578125,7484.14990234375
1784561700,7484.2099609375,7484.7998046875,7479.60009765625,7480.3701171875
1784562000,7480.22998046875,7484.60986328125,7478.7001953125,7484.60986328125
1784562300,7484.990234375,7485.47021484375,7476.60986328125,7478.259765625
1784562600,7478.330078125,7489.02001953125,7476.91015625,7488.06982421875
1784562900,7488.02978515625,7489.9501953125,7485.240234375,7485.56005859375
1784563200,7485.64990234375,7488.10986328125,7481.6201171875,7487.68017578125
1784563500,7487.64013671875,7493.89013671875,7487.60009765625,7493.64013671875
1784563800,7493.52978515625,7495.509765625,7492.3701171875,7493.72021484375
1784564100,7493.77001953125,7494.02978515625,7489.97998046875,7492.56982421875
1784564400,7492.6298828125,7494.60009765625,7492.080078125,7493.2900390625
1784564700,7493.419921875,7493.81982421875,7487.64990234375,7490.75
1784565000,7490.68017578125,7493.35986328125,7484.2099609375,7484.27978515625
1784565300,7484.2001953125,7489.27001953125,7483.89013671875,7489.2099609375
1784565600,7489.240234375,7490.35009765625,7473.2099609375,7479.52978515625
1784565900,7479.60986328125,7487.35986328125,7478.3798828125,7487.06005859375
1784566200,7487.2099609375,7487.2998046875,7475.10009765625,7475.58984375
1784566500,7475.56005859375,7476.8798828125,7473.22998046875,7475.2900390625
1784566800,7475.240234375,7477.14990234375,7470.93994140625,7470.9501953125
1784567100,7470.83984375,7471.93017578125,7467.3701171875,7471.18994140625
1784567400,7471.27978515625,7471.77001953125,7464.18017578125,7464.8798828125
1784567700,7464.830078125,7468.240234375,7461.3798828125,7467.10009765625
1784568000,7467.06982421875,7470.3701171875,7465.75,7466.66015625
1784568300,7466.68017578125,7468.919921875,7464.85009765625,7466.83984375
1784568600,7466.85986328125,7469.759765625,7465.3798828125,7468.60009765625
1784568900,7468.740234375,7471.02001953125,7465.81982421875,7465.919921875
1784569200,7466.0400390625,7466.06005859375,7461.75,7463.18994140625
1784569500,7463.18994140625,7468.8798828125,7462.89990234375,7467.9599609375
1784569800,7467.97998046875,7473.9501953125,7467.7998046875,7472.31982421875
1784570100,7472.39990234375,7472.39990234375,7467.9599609375,7471.10986328125
1784570400,7471.1201171875,7476.93994140625,7471.1201171875,7473.60986328125
1784570700,7473.830078125,7474.7099609375,7471.1201171875,7474.35009765625
1784571000,7474.419921875,7477.6298828125,7472.81005859375,7475.9501953125
1784571300,7476.080078125,7479.080078125,7474.6298828125,7477.740234375
1784571600,7477.759765625,7478.169921875,7468.2099609375,7468.419921875
1784571900,7468.3798828125,7472.9599609375,7466.93017578125,7470.5400390625
1784572200,7470.60009765625,7470.60009765625,7460.4599609375,7462.02001953125
1784572500,7461.8798828125,7467.83984375,7459.91015625,7460.31982421875
1784572800,7460.31982421875,7460.68017578125,7450.7998046875,7450.7998046875
1784573100,7450.509765625,7455.25,7449.5400390625,7452.9501953125
1784573400,7452.080078125,7456.9599609375,7451.14990234375,7455.91015625
1784573700,7455.91015625,7456.41015625,7450.41015625,7452.8701171875
1784574000,7452.7099609375,7457.02001953125,7449.7998046875,7451.2900390625
1784574300,7451.14013671875,7453.14990234375,7448.2001953125,7452.43017578125
1784574600,7452.0498046875,7455.89990234375,7442.830078125,7442.830078125
1784574900,7442.64990234375,7446.89990234375,7440.52978515625,7444.2998046875
1784575200,7444.330078125,7449.27978515625,7443.35986328125,7448.3701171875
1784575500,7448.419921875,7453.58984375,7443.7001953125,7452.14013671875
1784575800,7452.419921875,7457.06005859375,7449.2998046875,7455.240234375
1784576100,7455.27978515625,7455.8701171875,7450.18017578125,7454.25
1784576400,7454.2900390625,7458.509765625,7453.27001953125,7454.68994140625
1784576700,7454.7001953125,7457.0,7451.72021484375,7455.990234375
1784577000,7455.97021484375,7455.97021484375,7444.240234375,7446.740234375
1784577300,7446.93017578125,7446.93017578125,7441.33984375,7444.72998046875
1784640600,7489.9501953125,7492.5,7477.9501953125,7483.14013671875
1784640900,7482.7001953125,7488.85986328125,7479.6298828125,7480.259765625
1784641200,7479.72998046875,7479.89990234375,7469.0498046875,7470.75
1784641500,7471.240234375,7475.4501953125,7467.85986328125,7474.89990234375
1784641800,7475.1201171875,7478.93017578125,7468.18994140625,7476.490234375
1784642100,7476.009765625,7479.5,7471.8701171875,7478.6298828125
1784642400,7479.2099609375,7483.85009765625,7475.39990234375,7479.83984375
1784642700,7479.919921875,7482.31982421875,7476.4599609375,7477.5498046875
1784643000,7477.58984375,7482.6201171875,7474.4501953125,7482.14990234375
1784643300,7482.2001953125,7485.9501953125,7473.14990234375,7485.31005859375
1784643600,7485.2900390625,7487.330078125,7480.1298828125,7485.43017578125
1784643900,7485.56982421875,7494.77001953125,7484.5,7493.7998046875
1784644200,7494.22998046875,7496.91015625,7491.669921875,7493.52978515625
1784644500,7493.66015625,7495.08984375,7486.490234375,7488.10986328125
1784644800,7488.35986328125,7491.4501953125,7483.0498046875,7491.169921875
1784645100,7491.1201171875,7496.8701171875,7489.85986328125,7493.8798828125
1784645400,7494.06005859375,7494.669921875,7489.990234375,7491.43994140625
1784645700,7491.5,7492.72021484375,7488.419921875,7492.72021484375
1784646000,7492.7099609375,7494.3701171875,7483.02001953125,7485.22021484375
1784646300,7485.3701171875,7495.990234375,7483.6298828125,7495.58984375
1784646600,7495.68994140625,7500.33984375,7495.27978515625,7497.490234375
1784646900,7497.35986328125,7500.6298828125,7496.93994140625,7499.81982421875
1784647200,7499.52978515625,7504.35986328125,7498.77978515625,7501.83984375
1784647500,7501.7998046875,7505.14990234375,7501.47998046875,7504.72021484375
1784647800,7504.81982421875,7505.0498046875,7499.89990234375,7503.330078125
1784648100,7503.259765625,7504.919921875,7499.75,7500.97021484375
1784648400,7500.830078125,7503.66015625,7500.6201171875,7501.25
1784648700,7501.39013671875,7504.47998046875,7500.66015625,7503.93017578125
1784649000,7503.85009765625,7505.14013671875,7501.72021484375,7501.9599609375
1784649300,7502.06982421875,7504.08984375,7499.14013671875,7499.52001953125
1784649600,7499.56982421875,7506.759765625,7499.25,7506.759765625
1784649900,7506.759765625,7508.14990234375,7505.93994140625,7506.4599609375
1784650200,7506.580078125,7507.7900390625,7505.5,7507.39990234375
1784650500,7507.4599609375,7510.06005859375,7507.18994140625,7509.9599609375
1784650800,7509.89990234375,7512.64990234375,7509.56982421875,7510.93994140625
1784651100,7510.990234375,7512.60986328125,7509.91015625,7511.47021484375
1784651400,7511.43994140625,7512.81982421875,7510.27978515625,7512.68994140625
1784651700,7512.669921875,7512.669921875,7510.5498046875,7512.22998046875
1784652000,7512.31982421875,7513.169921875,7510.56982421875,7511.52001953125
1784652300,7511.43994140625,7511.8701171875,7509.5400390625,7510.2998046875
1784652600,7510.35986328125,7514.7998046875,7510.02001953125,7514.7998046875
1784652900,7514.72998046875,7515.31005859375,7511.7001953125,7511.77978515625
1784653200,7511.83984375,7513.2099609375,7510.93994140625,7511.22998046875
1784653500,7511.169921875,7513.7998046875,7510.89990234375,7512.52001953125
1784653800,7512.52978515625,7512.97021484375,7510.9501953125,7511.89013671875
1784654100,7511.89013671875,7512.0498046875,7508.7900390625,7508.830078125
1784654400,7508.85986328125,7510.47998046875,7508.0498046875,7509.66015625
1784654700,7509.759765625,7510.27001953125,7507.97998046875,7509.33984375
1784655000,7509.330078125,7511.08984375,7507.919921875,7508.97021484375
1784655300,7508.97998046875,7512.7099609375,7508.66015625,7512.58984375
1784655600,7512.5498046875,7512.72998046875,7510.6298828125,7511.97998046875
1784655900,7512.0,7513.85986328125,7510.72998046875,7513.669921875
1784656200,7513.5498046875,7514.52001953125,7512.1298828125,7512.16015625
1784656500,7512.25,7512.33984375,7510.47998046875,7511.52978515625
1784656800,7511.47021484375,7512.9501953125,7508.52001953125,7509.7900390625
1784657100,7508.830078125,7510.97998046875,7508.580078125,7510.10009765625
1784657400,7510.2001953125,7510.77001953125,7507.18994140625,7507.47021484375
1784657700,7507.33984375,7508.02001953125,7506.66015625,7507.25
1784658000,7507.3798828125,7509.75,7506.580078125,7508.72998046875
1784658300,7508.66015625,7508.66015625,7505.89990234375,7507.4501953125
1784658600,7507.5400390625,7508.02978515625,7504.6201171875,7505.27001953125
1784658900,7505.18994140625,7507.5498046875,7505.08984375,7507.0
1784659200,7506.91015625,7511.31982421875,7505.60986328125,7510.97021484375
1784659500,7510.89990234375,7511.919921875,7509.31005859375,7510.419921875
1784659800,7510.06982421875,7510.5,7507.89013671875,7507.91015625
1784660100,7507.83984375,7509.43017578125,7507.580078125,7509.0400390625
1784660400,7508.990234375,7509.8701171875,7506.740234375,7508.259765625
1784660700,7508.18994140625,7509.6201171875,7506.4599609375,7506.490234375
1784661000,7506.56005859375,7508.4599609375,7506.02001953125,7507.759765625
1784661300,7507.8798828125,7509.7099609375,7507.14013671875,7508.60986328125
1784661600,7508.52978515625,7508.85009765625,7506.85986328125,7508.3798828125
1784661900,7508.27001953125,7509.18017578125,7507.14013671875,7507.66015625
1784662200,7507.41015625,7508.7998046875,7506.5400390625,7506.66015625
1784662500,7506.740234375,7510.81982421875,7506.3798828125,7509.6201171875
1784662800,7509.66015625,7511.14990234375,7507.89990234375,7510.7099609375
1784663100,7510.5400390625,7511.419921875,7508.06982421875,7511.10986328125
1784663400,7511.06005859375,7512.06005859375,7508.7099609375,7509.2099609375
1784663700,7509.2998046875,7511.240234375,7507.169921875,7507.31982421875
1784727000,7497.47021484375,7500.81982421875,7485.85009765625,7497.7998046875
1784727300,7497.85986328125,7500.52978515625,7495.43994140625,7498.990234375
1784727600,7499.2001953125,7502.52001953125,7496.240234375,7501.2998046875
1784727900,7501.25,7506.27001953125,7501.25,7502.830078125
1784728200,7502.7099609375,7506.9599609375,7500.0,7506.9599609375
1784728500,7507.02978515625,7513.240234375,7505.509765625,7513.240234375
1784728800,7513.2099609375,7515.31005859375,7511.56982421875,7515.22998046875
1784729100,7515.18017578125,7519.22021484375,7509.91015625,7510.1298828125
1784729400,7510.0400390625,7513.240234375,7506.81005859375,7507.7900390625
1784729700,7507.97998046875,7508.52978515625,7503.22998046875,7506.66015625
1784730000,7506.7998046875,7509.2900390625,7499.52001953125,7501.3701171875
1784730300,7501.56982421875,7502.68017578125,7496.93994140625,7499.0
1784730600,7499.10009765625,7503.35986328125,7497.2998046875,7497.47998046875
1784730900,7497.64990234375,7499.740234375,7496.22998046875,7498.35986328125
1784731200,7498.4501953125,7499.740234375,7493.259765625,7493.330078125
1784731500,7493.33984375,7499.7099609375,7492.10986328125,7498.5498046875
1784731800,7498.509765625,7501.39990234375,7496.18994140625,7499.39990234375
1784732100,7499.1298828125,7505.5,7496.81005859375,7505.10009765625
1784732400,7504.85986328125,7509.47998046875,7504.2099609375,7508.68017578125
1784732700,7508.64013671875,7513.08984375,7507.6201171875,7511.7998046875
1784733000,7511.66015625,7515.669921875,7511.47998046875,7514.830078125
1784733300,7514.72998046875,7515.33984375,7510.64013671875,7514.16015625
1784733600,7514.2900390625,7518.740234375,7514.169921875,7518.39013671875
1784733900,7518.56005859375,7522.22021484375,7518.08984375,7519.7998046875
1784734200,7519.89013671875,7520.6201171875,7514.77001953125,7515.41015625
1784734500,7515.2099609375,7516.56982421875,7513.18994140625,7514.33984375
1784734800,7514.3701171875,7517.31005859375,7513.85986328125,7515.2998046875
1784735100,7515.35986328125,7519.1298828125,7515.35986328125,7519.06005859375
1784735400,7519.25,7521.68994140625,7517.81982421875,7518.39013671875
1784735700,7518.3701171875,7523.0498046875,7517.3701171875,7523.0
1784736000,7523.02978515625,7523.52978515625,7520.47998046875,7522.60986328125
1784736300,7522.68994140625,7524.77978515625,7521.35986328125,7522.9501953125
1784736600,7522.89013671875,7523.77001953125,7521.39013671875,7523.02001953125
1784736900,7522.81005859375,7525.330078125,7522.27001953125,7524.97021484375
1784737200,7524.93017578125,7524.9501953125,7523.1201171875,7524.25
1784737500,7524.31005859375,7524.7099609375,7522.52001953125,7524.1298828125
1784737800,7524.22021484375,7525.93994140625,7523.4501953125,7524.8701171875
1784738100,7524.85986328125,7525.14013671875,7523.2998046875,7524.009765625
1784738400,7524.10009765625,7524.27978515625,7521.81005859375,7522.9599609375
1784738700,7522.91015625,7524.2099609375,7520.9599609375,7521.56005859375
1784739000,7521.3798828125,7522.419921875,7520.5498046875,7520.85009765625
1784739300,7520.830078125,7525.14990234375,7520.56005859375,7523.8798828125
1784739600,7523.85986328125,7525.22998046875,7520.259765625,7520.81982421875
1784739900,7520.81005859375,7523.169921875,7520.60009765625,7521.8701171875
1784740200,7521.93017578125,7522.08984375,7518.43017578125,7518.990234375
1784740500,7518.830078125,7519.68017578125,7517.18994140625,7518.25
1784740800,7518.1298828125,7518.2099609375,7515.419921875,7517.419921875
1784741100,7517.47998046875,7518.47021484375,7515.5400390625,7516.18017578125
1784741400,7516.10009765625,7518.3798828125,7514.81982421875,7514.81982421875
1784741700,7514.83984375,7519.31982421875,7514.4501953125,7519.27978515625
1784742000,7519.240234375,7519.2998046875,7516.22021484375,7516.669921875
1784742300,7516.68017578125,7517.68994140625,7515.64990234375,7515.97021484375
1784742600,7515.89990234375,7516.81005859375,7512.35009765625,7512.3701171875
1784742900,7512.330078125,7512.330078125,7509.68017578125,7510.10009765625
1784743200,7510.14990234375,7511.97021484375,7507.3798828125,7509.5
1784743500,7509.58984375,7512.58984375,7508.60009765625,7508.6298828125
1784743800,7508.5498046875,7509.72021484375,7505.91015625,7506.25
1784744100,7505.97998046875,7509.72021484375,7505.830078125,7508.1298828125
1784744400,7508.18017578125,7510.7998046875,7507.41015625,7507.8701171875
1784744700,7507.81982421875,7511.0,7507.58984375,7510.25
1784745000,7510.25,7510.33984375,7505.77001953125,7507.169921875
1784745300,7507.10009765625,7509.77001953125,7506.64013671875,7508.990234375
1784745600,7509.14013671875,7509.7001953125,7507.66015625,7508.56982421875
1784745900,7508.5,7510.93994140625,7507.2001953125,7507.2001953125
1784746200,7507.31982421875,7510.419921875,7505.9501953125,7510.240234375
1784746500,7510.2998046875,7511.06982421875,7508.9501953125,7509.72998046875
1784746800,7509.68994140625,7510.02978515625,7507.06005859375,7508.240234375
1784747100,7508.02001953125,7508.60009765625,7507.080078125,7507.5400390625
1784747400,7507.47998046875,7507.47998046875,7503.5,7504.56005859375
1784747700,7504.3798828125,7507.33984375,7503.5498046875,7506.7099609375
1784748000,7506.669921875,7506.669921875,7503.259765625,7503.58984375
1784748300,7503.580078125,7505.8701171875,7501.35986328125,7504.83984375
1784748600,7504.97021484375,7505.0498046875,7501.47998046875,7501.68017578125
1784748900,7501.8798828125,7502.64013671875,7498.27001953125,7498.9501953125
1784749200,7498.97998046875,7503.85986328125,7498.9501953125,7502.39013671875
1784749500,7502.41015625,7505.35986328125,7502.31005859375,7504.5400390625
1784749800,7504.5400390625,7507.18994140625,7501.41015625,7503.06005859375
1784750100,7502.89013671875,7506.68017578125,7499.330078125,7499.43994140625
1784813400,7418.2900390625,7437.85986328125,7408.240234375,7437.7001953125
1784813700,7437.75,7442.85986328125,7433.5,7439.08984375
1784814000,7439.06982421875,7450.1201171875,7439.06982421875,7443.6298828125
1784814300,7443.5,7444.47998046875,7427.2998046875,7428.25
1784814600,7428.080078125,7434.22998046875,7422.3798828125,7434.10986328125
1784814900,7434.009765625,7438.1201171875,7418.85009765625,7421.41015625
1784815200,7421.52978515625,7430.830078125,7421.52978515625,7428.27978515625
1784815500,7428.72021484375,7434.080078125,7414.0498046875,7418.02001953125
1784815800,7418.419921875,7429.22021484375,7417.72998046875,7421.52978515625
1784816100,7421.08984375,7428.1201171875,7419.39990234375,7420.18994140625
1784816400,7420.259765625,7428.97021484375,7417.2900390625,7419.240234375
1784816700,7419.080078125,7422.9599609375,7415.490234375,7422.9599609375
1784817000,7422.1201171875,7423.89990234375,7410.72021484375,7414.08984375
1784817300,7413.83984375,7429.25,7410.56005859375,7427.080078125
1784817600,7427.6201171875,7430.39990234375,7411.47021484375,7412.9501953125
1784817900,7413.16015625,7418.31005859375,7411.1298828125,7412.240234375
1784818200,7412.1201171875,7414.6201171875,7404.06005859375,7405.31982421875
1784818500,7405.22021484375,7409.4599609375,7404.85009765625,7407.0400390625
1784818800,7407.009765625,7408.02978515625,7398.759765625,7400.0400390625
1784819100,7400.259765625,7400.5,7393.39990234375,7395.64013671875
1784819400,7395.52001953125,7397.22998046875,7388.27978515625,7390.02001953125
1784819700,7390.14990234375,7396.240234375,7389.89013671875,7395.93017578125
1784820000,7395.919921875,7400.43994140625,7383.919921875,7390.77978515625
1784820300,7390.490234375,7390.52001953125,7382.0,7383.22998046875
1784820600,7383.0498046875,7387.0400390625,7376.0,7386.77978515625
1784820900,7386.9501953125,7397.919921875,7386.9501953125,7397.27001953125
1784821200,7397.2998046875,7399.759765625,7390.330078125,7390.64013671875
1784821500,7390.4599609375,7393.06005859375,7387.580078125,7392.580078125
1784821800,7392.60986328125,7397.16015625,7390.25,7397.16015625
1784822100,7397.06982421875,7402.35009765625,7395.6298828125,7402.0400390625
1784822400,7402.08984375,7407.1298828125,7400.02001953125,7405.2900390625
1784822700,7405.14990234375,7408.4501953125,7399.9599609375,7408.35986328125
1784823000,7408.6298828125,7412.35009765625,7408.5400390625,7410.6201171875
1784823300,7410.3798828125,7412.47021484375,7407.02001953125,7410.10009765625
1784823600,7410.06005859375,7420.7099609375,7410.06005859375,7419.5400390625
1784823900,7419.64013671875,7420.25,7416.14990234375,7418.41015625
1784824200,7418.990234375,7419.10986328125,7415.5498046875,7415.77001953125
1784824500,7415.56982421875,7421.31005859375,7414.43994140625,7420.8701171875
1784824800,7420.830078125,7421.22021484375,7414.47021484375,7414.68994140625
1784825100,7414.490234375,7414.490234375,7405.43994140625,7405.43994140625
1784825400,7405.35986328125,7407.4501953125,7402.77978515625,7404.240234375
1784825700,7404.080078125,7411.0,7404.080078125,7410.60986328125
1784826000,7410.47021484375,7413.91015625,7407.2001953125,7407.2001953125
1784826300,7407.22021484375,7409.35986328125,7403.2099609375,7409.2998046875
1784826600,7409.25,7413.22998046875,7409.25,7410.85986328125
1784826900,7410.72021484375,7413.080078125,7406.66015625,7409.43017578125
1784827200,7409.52978515625,7414.31982421875,7409.0498046875,7413.89013671875
1784827500,7413.89013671875,7415.64990234375,7412.43994140625,7412.43994140625
1784827800,7412.240234375,7412.240234375,7405.240234375,7405.77978515625
1784828100,7405.830078125,7405.9501953125,7399.56005859375,7400.2001953125
1784828400,7400.1298828125,7402.56005859375,7397.39990234375,7401.81005859375
1784828700,7401.81982421875,7406.9599609375,7399.97021484375,7406.4501953125
1784829000,7406.06982421875,7406.52001953125,7402.14990234375,7402.14990234375
1784829300,7401.91015625,7401.91015625,7395.919921875,7396.259765625
1784829600,7396.16015625,7397.22021484375,7393.31982421875,7394.02001953125
1784829900,7393.91015625,7395.18017578125,7392.10009765625,7393.08984375
1784830200,7393.10986328125,7397.77978515625,7393.0,7394.330078125
1784830500,7394.18017578125,7397.2900390625,7392.5498046875,7393.919921875
1784830800,7393.8701171875,7398.39990234375,7393.81982421875,7398.2998046875
1784831100,7398.3798828125,7398.56982421875,7394.68017578125,7398.2900390625
1784831400,7398.18994140625,7400.5498046875,7397.85986328125,7400.0400390625
1784831700,7400.10986328125,7400.669921875,7392.9501953125,7393.68994140625
1784832000,7393.83984375,7394.66015625,7390.259765625,7392.490234375
1784832300,7392.6298828125,7398.31982421875,7392.6298828125,7396.56005859375
1784832600,7396.93994140625,7397.60986328125,7391.0,7391.0
1784832900,7391.14990234375,7394.4599609375,7390.509765625,7394.4599609375
1784833200,7394.490234375,7397.52978515625,7392.0,7392.0
1784833500,7392.08984375,7393.419921875,7391.490234375,7391.5498046875
1784833800,7391.56982421875,7392.47998046875,7388.89990234375,7390.2099609375
1784834100,7390.0400390625,7395.330078125,7389.93017578125,7393.35009765625
1784834400,7393.4599609375,7399.77001953125,7393.4501953125,7399.77001953125
1784834700,7399.89013671875,7402.56005859375,7397.240234375,7398.85009765625
1784835000,7398.89990234375,7400.8798828125,7390.7099609375,7395.490234375
1784835300,7395.35009765625,7396.080078125,7392.1201171875,7393.22998046875
1784835600,7392.89990234375,7393.72998046875,7387.080078125,7387.080078125
1784835900,7386.8798828125,7387.93017578125,7381.64990234375,7383.5
1784836200,7383.5498046875,7392.43994140625,7383.5498046875,7390.3798828125
1784836500,7390.580078125,7410.06005859375,7390.580078125,7408.18017578125
1784899800,7406.2998046875,7419.669921875,7406.2998046875,7418.1298828125
1784900100,7417.81005859375,7421.14013671875,7412.35986328125,7414.6298828125
1784900400,7414.89013671875,7415.39990234375,7410.4501953125,7411.830078125
1784900700,7411.66015625,7423.009765625,7410.68994140625,7421.85986328125
1784901000,7421.64013671875,7421.64013671875,7400.58984375,7401.27978515625
1784901300,7401.6201171875,7405.81982421875,7397.85009765625,7399.52978515625
1784901600,7399.39013671875,7410.06982421875,7397.580078125,7400.97998046875
1784901900,7401.08984375,7417.83984375,7400.72998046875,7417.4599609375
1784902200,7416.759765625,7421.93017578125,7411.7099609375,7419.08984375
1784902500,7418.85986328125,7420.240234375,7403.39990234375,7408.419921875
1784902800,7408.35986328125,7422.14990234375,7404.919921875,7418.43994140625
1784903100,7418.64013671875,7420.169921875,7413.8701171875,7415.93994140625
1784903400,7415.7099609375,7415.77978515625,7407.4599609375,7407.5
1784903700,7407.02978515625,7411.1298828125,7402.419921875,7403.60986328125
1784904000,7403.56005859375,7406.35009765625,7401.7900390625,7402.22021484375
1784904300,7402.5498046875,7408.47021484375,7397.56982421875,7408.16015625
1784904600,7408.330078125,7416.490234375,7408.330078125,7413.169921875
1784904900,7413.330078125,7430.0,7413.330078125,7429.68994140625
1784905200,7429.740234375,7433.0,7425.39990234375,7425.39990234375
1784905500,7425.3701171875,7429.52978515625,7420.4501953125,7420.4501953125
1784905800,7420.39013671875,7444.56982421875,7419.5400390625,7442.81005859375
1784906100,7442.5498046875,7453.240234375,7437.89013671875,7438.22021484375
1784906400,7438.18994140625,7449.81005859375,7437.7998046875,7447.43994140625
1784906700,7447.3798828125,7454.509765625,7447.1201171875,7448.9599609375
1784907000,7449.16015625,7452.580078125,7444.759765625,7444.759765625
1784907300,7444.72998046875,7455.18017578125,7444.509765625,7454.66015625
1784907600,7454.77001953125,7456.56005859375,7444.85009765625,7446.6298828125
1784907900,7446.33984375,7449.52001953125,7444.14013671875,7444.4501953125
1784908200,7444.58984375,7451.31005859375,7444.58984375,7449.06982421875
1784908500,7449.10009765625,7454.22998046875,7448.91015625,7453.64990234375
1784908800,7453.72021484375,7456.7001953125,7450.259765625,7456.52001953125
1784909100,7456.5498046875,7459.08984375,7453.83984375,7456.7099609375
1784909400,7456.9501953125,7460.97998046875,7452.6201171875,7453.91015625
1784909700,7453.77978515625,7456.43994140625,7452.27978515625,7455.41015625
1784910000,7455.4599609375,7458.47998046875,7455.18017578125,7457.2998046875
1784910300,7457.22998046875,7458.990234375,7455.580078125,7455.580078125
1784910600,7455.5400390625,7455.66015625,7448.18017578125,7449.14013671875
1784910900,7449.14013671875,7451.14990234375,7446.3701171875,7446.580078125
1784911200,7446.6298828125,7446.6298828125,7440.7001953125,7440.7001953125
1784911500,7440.56982421875,7442.2099609375,7434.2001953125,7435.830078125
1784911800,7435.89013671875,7436.669921875,7431.990234375,7435.27001953125
1784912100,7435.0,7441.52001953125,7433.64013671875,7439.06005859375
1784912400,7438.8701171875,7439.759765625,7434.35986328125,7435.669921875
1784912700,7435.64990234375,7436.93017578125,7428.3701171875,7428.89990234375
1784913000,7428.43994140625,7434.39013671875,7427.06982421875,7433.240234375
1784913300,7433.2998046875,7438.47998046875,7430.89990234375,7437.8798828125
1784913600,7437.85009765625,7438.75,7433.22998046875,7436.22998046875
1784913900,7436.56982421875,7441.85986328125,7434.4501953125,7441.2099609375
1784914200,7441.259765625,7445.47998046875,7440.1201171875,7445.47998046875
1784914500,7445.5,7445.52001953125,7438.16015625,7439.06982421875
1784914800,7438.9501953125,7439.02001953125,7434.580078125,7434.580078125
1784915100,7434.64013671875,7437.39990234375,7433.22021484375,7436.52978515625
1784915400,7436.56982421875,7439.02978515625,7433.91015625,7436.330078125
1784915700,7436.27978515625,7437.52001953125,7433.91015625,7433.91015625
1784916000,7433.89990234375,7436.43994140625,7431.52001953125,7432.58984375
1784916300,7432.509765625,7436.43017578125,7431.56982421875,7433.56982421875
1784916600,7433.60009765625,7434.14990234375,7428.990234375,7429.56982421875
1784916900,7429.490234375,7430.080078125,7425.2001953125,7425.419921875
1784917200,7425.5,7425.52001953125,7420.93017578125,7421.56982421875
1784917500,7421.47998046875,7421.9501953125,7413.83984375,7413.97998046875
1784917800,7413.8701171875,7415.02978515625,7405.1201171875,7405.52001953125
1784918100,7405.5400390625,7409.2998046875,7402.3798828125,7406.27978515625
1784918400,7406.27001953125,7406.27001953125,7400.14013671875,7402.1298828125
1784918700,7402.06005859375,7410.27978515625,7401.3798828125,7406.60009765625
1784919000,7406.52978515625,7408.64013671875,7404.169921875,7405.39990234375
1784919300,7405.330078125,7410.259765625,7404.68017578125,7407.4599609375
1784919600,7407.27978515625,7412.02978515625,7405.64013671875,7406.169921875
1784919900,7406.080078125,7409.7900390625,7399.0498046875,7399.56982421875
1784920200,7399.56005859375,7405.0400390625,7398.39013671875,7399.33984375
1784920500,7399.31005859375,7401.2001953125,7397.830078125,7401.2001953125
1784920800,7401.35009765625,7403.2099609375,7396.8701171875,7397.6201171875
1784921100,7397.5498046875,7401.56982421875,7396.52978515625,7399.990234375
1784921400,7399.8701171875,7406.81982421875,7399.8701171875,7404.39990234375
1784921700,7404.1298828125,7409.4501953125,7403.2001953125,7404.10986328125
1784922000,7404.2900390625,7406.4501953125,7401.4599609375,7405.77001953125
1784922300,7406.02978515625,7407.43017578125,7400.8798828125,7406.47998046875
1784922600,7406.240234375,7408.66015625,7399.5400390625,7408.02001953125
1784922900,7407.9599609375,7414.0400390625,7403.8798828125,7412.8798828125
1785159000,7464.2001953125,7474.6298828125,7462.25,7471.27978515625
1785159300,7471.3798828125,7480.56982421875,7470.8798828125,7473.6298828125
1785159600,7474.16015625,7475.009765625,7458.89013671875,7459.06982421875
1785159900,7458.72021484375,7465.85009765625,7456.83984375,7463.6298828125
1785160200,7463.1298828125,7466.43017578125,7458.080078125,7459.5
1785160500,7459.3798828125,7459.5,7441.2001953125,7441.2001953125
1785160800,7441.16015625,7444.75,7436.9501953125,7440.89990234375
1785161100,7440.93017578125,7444.2998046875,7436.419921875,7441.990234375
1785161400,7441.60986328125,7441.60986328125,7428.89990234375,7433.5
1785161700,7433.3701171875,7439.3701171875,7429.4501953125,7434.35009765625
1785162000,7433.72998046875,7433.72998046875,7419.5498046875,7421.509765625
1785162300,7421.7099609375,7422.3701171875,7405.5,7406.14990234375
1785162600,7406.27001953125,7408.5498046875,7400.64013671875,7403.25
1785162900,7402.5498046875,7406.25,7395.080078125,7403.83984375
1785163200,7403.7900390625,7405.419921875,7388.330078125,7390.64990234375
1785163500,7390.68994140625,7404.68017578125,7390.68994140625,7403.5498046875
1785163800,7403.490234375,7411.58984375,7403.2900390625,7408.72998046875
1785164100,7409.0,7421.4501953125,7407.7900390625,7420.43994140625
1785164400,7420.16015625,7422.64013671875,7417.5400390625,7421.47998046875
1785164700,7421.39013671875,7426.97021484375,7416.22998046875,7416.509765625
1785165000,7416.3701171875,7422.91015625,7415.10009765625,7417.89990234375
1785165300,7417.81982421875,7418.64013671875,7403.43994140625,7411.18994140625
1785165600,7411.2900390625,7416.60009765625,7404.31005859375,7405.81005859375
1785165900,7405.7001953125,7408.64013671875,7402.580078125,7405.93994140625
1785166200,7405.83984375,7405.83984375,7396.72998046875,7397.16015625
1785166500,7397.31005859375,7397.81005859375,7386.5498046875,7391.81005859375
1785166800,7392.39013671875,7397.990234375,7389.3701171875,7397.0
1785167100,7397.06982421875,7398.33984375,7390.259765625,7391.9501953125
1785167400,7392.10986328125,7396.47021484375,7390.56982421875,7393.31982421875
1785167700,7393.41015625,7399.72021484375,7393.06005859375,7397.93994140625
1785168000,7397.830078125,7405.18017578125,7397.830078125,7405.10986328125
1785168300,7405.2001953125,7406.89013671875,7401.009765625,7406.4501953125
1785168600,7406.27978515625,7410.0,7397.77001953125,7397.9599609375
1785168900,7397.91015625,7398.22021484375,7392.18017578125,7396.41015625
1785169200,7396.2001953125,7401.9501953125,7394.47021484375,7401.43017578125
1785169500,7401.52978515625,7419.77978515625,7401.419921875,7410.9501953125
1785169800,7411.080078125,7416.93017578125,7408.43994140625,7412.259765625
1785170100,7412.31005859375,7417.080078125,7408.33984375,7412.85009765625
1785170400,7413.2998046875,7414.47021484375,7404.77978515625,7407.10986328125
1785170700,7407.06982421875,7411.740234375,7405.47998046875,7405.47998046875
1785171000,7405.3798828125,7405.3798828125,7394.0,7395.08984375
1785171300,7395.35986328125,7395.35986328125,7390.22998046875,7394.4599609375
1785171600,7394.3701171875,7394.72021484375,7385.259765625,7385.669921875
1785171900,7385.81005859375,7389.14990234375,7384.72998046875,7387.52978515625
1785172200,7387.33984375,7391.27978515625,7385.580078125,7390.22021484375
1785172500,7390.10986328125,7390.81982421875,7382.740234375,7385.1298828125
1785172800,7385.33984375,7390.759765625,7384.58984375,7387.10009765625
1785173100,7387.2001953125,7389.990234375,7385.5,7385.5
1785173400,7385.490234375,7395.330078125,7385.35009765625,7394.9501953125
1785173700,7395.02001953125,7395.97021484375,7389.89013671875,7391.41015625
1785174000,7391.25,7392.64990234375,7388.9501953125,7391.58984375
1785174300,7391.56005859375,7394.8798828125,7389.56982421875,7391.25
1785174600,7391.02001953125,7398.85986328125,7390.6201171875,7398.7998046875
1785174900,7398.8798828125,7401.66015625,7396.39990234375,7401.25
1785175200,7401.39013671875,7402.77978515625,7399.43017578125,7399.93994140625
1785175500,7399.919921875,7403.10986328125,7398.81982421875,7400.2001953125
1785175800,7400.06982421875,7402.52001953125,7399.7001953125,7401.35009765625
1785176100,7401.25,7401.35009765625,7393.85009765625,7396.0498046875
1785176400,7395.990234375,7400.22021484375,7395.0,7399.419921875
1785176700,7399.47021484375,7401.10986328125,7397.97021484375,7399.64013671875
1785177000,7399.85009765625,7399.85009765625,7392.81982421875,7392.9599609375
1785177300,7392.91015625,7394.240234375,7391.02978515625,7391.47021484375
1785177600,7391.60986328125,7399.68017578125,7390.27978515625,7398.47021484375
1785177900,7398.64990234375,7401.1201171875,7397.740234375,7397.740234375
1785178200,7397.68994140625,7410.240234375,7397.52978515625,7409.580078125
1785178500,7409.4599609375,7415.72998046875,7409.27001953125,7414.31982421875
1785178800,7414.27978515625,7415.490234375,7409.85986328125,7409.93994140625
1785179100,7409.7900390625,7417.66015625,7409.1201171875,7417.22998046875
1785179400,7417.02978515625,7419.52978515625,7413.2900390625,7414.330078125
1785179700,7414.43994140625,7418.58984375,7414.39990234375,7418.5498046875
1785180000,7418.77001953125,7421.2900390625,7417.490234375,7420.16015625
1785180300,7420.14013671875,7421.14013671875,7417.5400390625,7420.39990234375
1785180600,7420.56982421875,7422.06005859375,7418.97998046875,7419.7099609375
1785180900,7419.6298828125,7420.77978515625,7412.68017578125,7413.10009765625
1785181200,7413.14990234375,7415.35986328125,7411.8798828125,7413.0400390625
1785181500,7412.9599609375,7413.89990234375,7409.830078125,7413.85009765625
1785181800,7413.81005859375,7414.6201171875,7409.27001953125,7411.35009765625
1785182100,7411.2900390625,7414.16015625,7407.89013671875,7413.43017578125
1785245400,7395.5498046875,7413.10009765625,7395.5498046875,7403.16015625
1785245700,7402.89013671875,7412.93994140625,7399.490234375,7400.169921875
1785246000,7399.740234375,7405.580078125,7388.68994140625,7392.240234375
1785246300,7392.39990234375,7398.0400390625,7382.9501953125,7397.2001953125
1785246600,7398.06005859375,7403.97021484375,7390.1201171875,7392.990234375
1785246900,7392.91015625,7395.02001953125,7384.66015625,7387.81982421875
1785247200,7387.509765625,7400.39990234375,7387.509765625,7396.330078125
1785247500,7396.0400390625,7405.4599609375,7391.580078125,7394.39990234375
1785247800,7393.7900390625,7400.35986328125,7385.6298828125,7388.5
1785248100,7388.56005859375,7394.64990234375,7387.60009765625,7389.0
1785248400,7388.93017578125,7401.5498046875,7386.64990234375,7395.33984375
1785248700,7396.0,7399.97998046875,7394.66015625,7399.91015625
1785249000,7399.8701171875,7402.4599609375,7395.0498046875,7395.35986328125
1785249300,7395.58984375,7408.6298828125,7394.47021484375,7398.93994140625
1785249600,7398.919921875,7408.72021484375,7397.2900390625,7405.97021484375
1785249900,7405.740234375,7416.759765625,7402.330078125,7416.0400390625
1785250200,7416.02001953125,7420.81005859375,7414.580078125,7417.27978515625
1785250500,7417.39013671875,7420.97021484375,7408.9501953125,7409.9501953125
1785250800,7409.7099609375,7414.97021484375,7404.39990234375,7404.7998046875
1785251100,7404.56982421875,7411.64013671875,7403.169921875,7409.06982421875
1785251400,7410.7001953125,7420.31982421875,7407.990234375,7416.93994140625
1785251700,7416.89990234375,7428.7099609375,7415.1298828125,7428.580078125
1785252000,7428.8798828125,7437.02978515625,7428.8798828125,7436.91015625
1785252300,7437.10986328125,7443.10986328125,7433.85986328125,7435.22021484375
1785252600,7435.16015625,7438.66015625,7434.16015625,7436.919921875
1785252900,7436.740234375,7442.56005859375,7436.52001953125,7440.6298828125
1785253200,7440.64013671875,7444.509765625,7437.97998046875,7444.43994140625
1785253500,7444.35986328125,7448.52978515625,7443.72021484375,7446.97998046875
1785253800,7446.8701171875,7448.02001953125,7441.740234375,7444.43017578125
1785254100,7444.3798828125,7447.66015625,7441.7900390625,7446.06982421875
1785254400,7446.02001953125,7447.89990234375,7443.35986328125,7444.0
1785254700,7444.18994140625,7445.89013671875,7439.77978515625,7439.89990234375
1785255000,7439.58984375,7441.85986328125,7438.52978515625,7439.6298828125
1785255300,7439.919921875,7442.85986328125,7437.43994140625,7442.7998046875
1785255600,7442.85009765625,7444.64990234375,7437.0400390625,7438.39990234375
1785255900,7438.27978515625,7439.7001953125,7436.5,7436.5
1785256200,7436.35986328125,7437.52978515625,7432.81982421875,7434.669921875
1785256500,7434.77001953125,7441.419921875,7434.7001953125,7441.419921875
1785256800,7441.52978515625,7445.2099609375,7441.259765625,7443.419921875
1785257100,7443.35009765625,7444.2998046875,7437.9501953125,7441.41015625
1785257400,7441.419921875,7451.2001953125,7441.3798828125,7449.91015625
1785257700,7450.33984375,7452.08984375,7448.83984375,7450.02978515625
1785258000,7450.10009765625,7451.75,7445.0,7445.08984375
1785258300,7445.169921875,7446.81982421875,7438.85986328125,7439.25
1785258600,7439.22998046875,7441.83984375,7436.4599609375,7437.169921875
1785258900,7437.259765625,7439.08984375,7435.08984375,7437.5498046875
1785259200,7437.43017578125,7445.14990234375,7436.2998046875,7437.5400390625
1785259500,7437.43017578125,7440.58984375,7435.4501953125,7436.85986328125
1785259800,7436.759765625,7441.93017578125,7435.08984375,7440.7900390625
1785260100,7440.81005859375,7443.22998046875,7437.56005859375,7437.91015625
1785260400,7437.830078125,7439.60986328125,7430.7001953125,7431.509765625
1785260700,7431.5498046875,7437.16015625,7430.3701171875,7436.81005859375
1785261000,7436.77978515625,7436.77978515625,7430.60986328125,7431.080078125
1785261300,7431.1201171875,7435.81005859375,7429.18994140625,7435.68017578125
1785261600,7435.58984375,7438.740234375,7434.10009765625,7435.9599609375
1785261900,7435.830078125,7436.2099609375,7431.06005859375,7432.10986328125
1785262200,7431.9599609375,7432.66015625,7427.97998046875,7428.18994140625
1785262500,7428.14013671875,7431.7998046875,7427.9501953125,7430.89013671875
1785262800,7430.97021484375,7433.009765625,7428.72021484375,7428.93017578125
1785263100,7428.85009765625,7430.4501953125,7428.02001953125,7429.08984375
1785263400,7429.22998046875,7433.6298828125,7428.5,7432.47998046875
1785263700,7432.52001953125,7434.4501953125,7431.08984375,7431.60009765625
1785264000,7431.47998046875,7432.14013671875,7429.06005859375,7430.56982421875
1785264300,7430.97021484375,7437.4599609375,7430.41015625,7435.77978515625
1785264600,7435.7099609375,7438.60009765625,7434.9501953125,7435.83984375
1785264900,7435.759765625,7439.43017578125,7434.27001953125,7438.18994140625
1785265200,7438.10009765625,7443.06982421875,7438.0400390625,7442.77001953125
1785265500,7442.72998046875,7443.4599609375,7437.39990234375,7437.66015625
1785265800,7437.56005859375,7440.0400390625,7437.02978515625,7437.97021484375
1785266100,7437.81982421875,7440.759765625,7436.47998046875,7439.58984375
1785266400,7439.580078125,7441.9599609375,7438.7001953125,7441.77978515625
1785266700,7441.7099609375,7442.16015625,7436.85986328125,7440.2998046875
1785267000,7440.31005859375,7440.75,7438.06005859375,7438.89013671875
1785267300,7438.85986328125,7438.85986328125,7432.669921875,7433.509765625
1785267600,7433.509765625,7436.3701171875,7433.5,7436.3701171875
1785267900,7436.43017578125,7436.68017578125,7432.31982421875,7434.60986328125
1785268200,7434.68017578125,7439.68017578125,7431.919921875,7439.669921875
1785268500,7439.5400390625,7439.5400390625,7427.259765625,7427.259765625
1785331800,7418.16015625,7426.2900390625,7410.66015625,7423.669921875
1785332100,7423.4599609375,7426.3798828125,7415.60009765625,7423.22021484375
1785332400,7423.330078125,7424.85009765625,7417.39990234375,7421.330078125
1785332700,7421.31005859375,7426.02978515625,7412.85009765625,7415.85986328125
1785333000,7416.0,7416.16015625,7397.4501953125,7401.259765625
1785333300,7401.5498046875,7401.5498046875,7389.64990234375,7396.7998046875
1785333600,7397.39990234375,7403.93017578125,7397.39990234375,7400.75
1785333900,7400.85009765625,7406.080078125,7390.68994140625,7391.830078125
1785334200,7391.4501953125,7393.33984375,7374.25,7376.75
1785334500,7377.02978515625,7385.35009765625,7377.02978515625,7381.39990234375
1785334800,7381.7998046875,7387.3798828125,7376.52978515625,7377.740234375
1785335100,7377.52978515625,7377.9501953125,7366.240234375,7372.64013671875
1785335400,7372.85009765625,7380.93994140625,7371.8701171875,7376.08984375
1785335700,7376.3701171875,7377.25,7369.7998046875,7371.009765625
1785336000,7370.8798828125,7370.93994140625,7361.4599609375,7364.830078125
1785336300,7365.169921875,7370.490234375,7362.2900390625,7366.5498046875
1785336600,7366.83984375,7375.2001953125,7365.85986328125,7373.33984375
1785336900,7373.35009765625,7374.2001953125,7366.10009765625,7371.31005859375
1785337200,7371.2998046875,7378.1201171875,7367.8701171875,7376.06005859375
1785337500,7376.33984375,7378.47021484375,7369.85986328125,7378.27001953125
1785337800,7378.580078125,7379.31982421875,7368.43994140625,7369.35986328125
1785338100,7369.4501953125,7377.52978515625,7368.240234375,7368.56982421875
1785338400,7368.509765625,7373.35009765625,7367.25,7373.35009765625
1785338700,7373.22021484375,7374.7998046875,7366.2900390625,7366.9501953125
1785339000,7367.06005859375,7372.58984375,7366.08984375,7368.419921875
1785339300,7368.3798828125,7372.85986328125,7363.25,7363.25
1785339600,7363.169921875,7366.93017578125,7360.240234375,7363.009765625
1785339900,7362.830078125,7367.43017578125,7360.6201171875,7367.3701171875
1785340200,7367.35986328125,7367.990234375,7357.830078125,7357.91015625
1785340500,7357.60986328125,7361.18017578125,7353.60986328125,7360.6201171875
1785340800,7360.2998046875,7363.1201171875,7350.47998046875,7351.080078125
1785341100,7351.0400390625,7351.25,7345.6201171875,7349.990234375
1785341400,7350.16015625,7350.68994140625,7343.52978515625,7343.52978515625
1785341700,7343.39013671875,7346.27978515625,7341.25,7345.2001953125
1785342000,7345.18017578125,7358.5,7344.18994140625,7356.60986328125
1785342300,7356.60986328125,7361.89990234375,7356.0,7361.35986328125
1785342600,7361.33984375,7365.9501953125,7357.64990234375,7357.9501953125
1785342900,7357.83984375,7359.43994140625,7353.33984375,7358.64013671875
1785343200,7358.77001953125,7359.8798828125,7351.9599609375,7354.91015625
1785343500,7355.14990234375,7362.16015625,7353.72021484375,7361.990234375
1785343800,7361.93994140625,7367.81982421875,7360.52001953125,7365.6201171875
1785344100,7365.5498046875,7371.43017578125,7364.75,7371.39013671875
1785344400,7371.4599609375,7382.72021484375,7370.759765625,7381.7900390625
1785344700,7381.919921875,7382.10009765625,7376.9599609375,7377.31982421875
1785345000,7377.35009765625,7388.97021484375,7376.919921875,7388.97021484375
1785345300,7389.33984375,7391.2998046875,7386.35009765625,7390.02001953125
1785345600,7390.2998046875,7395.64013671875,7386.25,7386.25
1785345900,7386.330078125,7387.580078125,7381.33984375,7381.4599609375
1785346200,7381.16015625,7386.02001953125,7376.10009765625,7381.7099609375
1785346500,7381.60009765625,7382.31005859375,7376.7001953125,7379.3701171875
1785346800,7379.3701171875,7381.85986328125,7377.47998046875,7380.64990234375
1785347100,7380.64990234375,7383.16015625,7376.990234375,7382.85986328125
1785347400,7382.77001953125,7386.89013671875,7382.60009765625,7385.0
1785347700,7385.169921875,7387.31005859375,7380.3798828125,7387.240234375
1785348000,7387.22998046875,7418.66015625,7387.22998046875,7405.02001953125
1785348300,7405.06982421875,7413.64013671875,7401.10986328125,7402.97998046875
1785348600,7404.0400390625,7407.169921875,7393.830078125,7397.06982421875
1785348900,7396.85986328125,7405.64013671875,7392.2998046875,7393.47021484375
1785349200,7393.490234375,7394.330078125,7387.39013671875,7390.3798828125
1785349500,7390.259765625,7396.72021484375,7388.5400390625,7396.60009765625
1785349800,7396.66015625,7403.81005859375,7384.7900390625,7392.31982421875
1785350100,7392.419921875,7415.47021484375,7388.1201171875,7413.25
1785350400,7413.18017578125,7432.83984375,7412.740234375,7431.64013671875
1785350700,7431.580078125,7444.97021484375,7429.4501953125,7443.31982421875
1785351000,7443.4501953125,7450.14013671875,7437.35986328125,7449.97998046875
1785351300,7450.009765625,7450.83984375,7440.16015625,7442.97021484375
1785351600,7443.3701171875,7449.83984375,7425.68994140625,7429.0498046875
1785351900,7429.14990234375,7429.43017578125,7408.580078125,7408.580078125
1785352200,7408.22021484375,7416.2001953125,7403.68017578125,7412.39013671875
1785352500,7412.64990234375,7420.43994140625,7397.64990234375,7398.77978515625
1785352800,7398.89990234375,7398.93017578125,7377.7998046875,7377.7998046875
1785353100,7377.85986328125,7379.9501953125,7366.990234375,7375.169921875
1785353400,7375.080078125,7380.6298828125,7351.14013671875,7358.83984375
1785353700,7358.72021484375,7362.5498046875,7339.10986328125,7339.4599609375
1785354000,7339.240234375,7344.7001953125,7332.89990234375,7335.2998046875
1785354300,7335.47998046875,7342.89013671875,7327.2001953125,7341.47021484375
1785354600,7341.68017578125,7341.68017578125,7325.2900390625,7331.4501953125
1785354900,7331.2900390625,7331.2900390625,7313.919921875,7320.22998046875
1785418200,7390.4501953125,7390.4501953125,7376.0498046875,7380.33984375
1785418500,7380.35009765625,7384.52001953125,7375.22998046875,7377.6201171875
1785418800,7377.81005859375,7392.6298828125,7371.669921875,7390.08984375
1785419100,7389.25,7399.740234375,7389.25,7398.669921875
1785419400,7398.52978515625,7408.89013671875,7395.81982421875,7404.25
1785419700,7404.02978515625,7411.669921875,7401.669921875,7410.97998046875
1785420000,7412.2001953125,7414.72021484375,7406.35009765625,7411.27001953125
1785420300,7411.330078125,7412.85986328125,7400.64990234375,7402.2998046875
1785420600,7402.6201171875,7406.0498046875,7399.18017578125,7404.14013671875
1785420900,7404.52978515625,7409.240234375,7398.3701171875,7402.259765625
1785421200,7402.6298828125,7410.08984375,7401.240234375,7404.490234375
1785421500,7404.52978515625,7417.35986328125,7402.6298828125,7410.8798828125
1785421800,7411.1298828125,7413.47998046875,7405.81005859375,7408.509765625
1785422100,7408.2900390625,7413.990234375,7405.06005859375,7411.56005859375
1785422400,7411.5498046875,7415.85986328125,7401.56005859375,7403.14013671875
1785422700,7403.10009765625,7405.77001953125,7393.06005859375,7396.52978515625
1785423000,7396.58984375,7397.52001953125,7385.919921875,7386.97998046875
1785423300,7386.93994140625,7390.1298828125,7381.259765625,7386.740234375
1785423600,7386.93994140625,7389.9501953125,7377.27001953125,7387.740234375
1785423900,7387.47998046875,7392.43017578125,7378.8798828125,7392.43017578125
1785424200,7392.47998046875,7392.52978515625,7373.33984375,7374.06005859375
1785424500,7374.02001953125,7381.02978515625,7371.0,7378.91015625
1785424800,7379.4501953125,7385.81005859375,7377.080078125,7378.22021484375
1785425100,7378.64013671875,7382.6298828125,7370.97998046875,7373.080078125
1785425400,7372.93994140625,7384.25,7371.6298828125,7384.25
1785425700,7384.4599609375,7389.240234375,7380.06005859375,7383.93017578125
1785426000,7383.9501953125,7394.06982421875,7383.009765625,7391.02978515625
1785426300,7391.1298828125,7396.740234375,7391.1298828125,7395.18994140625
1785426600,7395.2900390625,7396.81005859375,7388.22021484375,7396.740234375
1785426900,7396.830078125,7400.97021484375,7395.2900390625,7395.740234375
1785427200,7395.669921875,7407.759765625,7393.56982421875,7407.4501953125
1785427500,7407.47021484375,7408.68017578125,7403.7099609375,7406.75
1785427800,7406.509765625,7414.2001953125,7406.5,7413.18994140625
1785428100,7413.14013671875,7416.35986328125,7412.580078125,7413.72998046875
1785428400,7413.669921875,7415.75,7410.27978515625,7410.91015625
1785428700,7410.97021484375,7413.91015625,7410.0498046875,7411.93994140625
1785429000,7411.93994140625,7412.85009765625,7408.31982421875,7412.080078125
1785429300,7411.89013671875,7414.7998046875,7409.22021484375,7409.7900390625
1785429600,7409.64990234375,7409.72998046875,7401.93994140625,7404.31005859375
1785429900,7404.2998046875,7411.5,7404.10009765625,7409.60009765625
1785430200,7409.6298828125,7415.43017578125,7407.27001953125,7413.72021484375
1785430500,7413.68994140625,7415.64990234375,7412.31982421875,7413.9599609375
1785430800,7414.02978515625,7424.580078125,7414.02978515625,7423.52978515625
1785431100,7423.60986328125,7425.25,7420.580078125,7421.91015625
1785431400,7421.9501953125,7424.02978515625,7420.080078125,7421.75
1785431700,7421.68994140625,7426.0400390625,7420.669921875,7425.990234375
1785432000,7425.7900390625,7425.8798828125,7421.85009765625,7423.93994140625
1785432300,7423.81005859375,7423.9501953125,7420.47021484375,7421.14990234375
1785432600,7421.27001953125,7423.8701171875,7418.330078125,7419.27001953125
1785432900,7419.27978515625,7423.080078125,7416.47021484375,7417.02978515625
1785433200,7417.06982421875,7425.5,7417.06982421875,7423.330078125
1785433500,7423.3798828125,7426.06005859375,7423.10986328125,7423.56982421875
1785433800,7423.3798828125,7427.72998046875,7422.8701171875,7423.6201171875
1785434100,7423.240234375,7424.27978515625,7421.06982421875,7421.91015625
1785434400,7422.009765625,7426.5498046875,7421.64013671875,7421.669921875
1785434700,7421.7998046875,7426.3701171875,7421.52978515625,7425.4501953125
1785435000,7425.31005859375,7426.6201171875,7424.33984375,7426.18017578125
1785435300,7426.1201171875,7427.08984375,7424.85009765625,7425.3701171875
1785435600,7425.490234375,7428.1201171875,7424.68994140625,7427.18017578125
1785435900,7427.080078125,7427.97998046875,7425.169921875,7427.7998046875
1785436200,7427.85009765625,7429.68017578125,7425.990234375,7427.14013671875
1785436500,7427.2001953125,7427.43017578125,7424.14990234375,7424.93017578125
1785436800,7424.990234375,7427.419921875,7424.64990234375,7427.2001953125
1785437100,7427.31982421875,7429.47998046875,7426.89013671875,7428.97021484375
1785437400,7428.9599609375,7430.22998046875,7427.740234375,7429.0
1785437700,7429.0400390625,7431.7001953125,7427.72998046875,7431.22998046875
1785438000,7431.22998046875,7437.10009765625,7431.1298828125,7435.9501953125
1785438300,7436.02001953125,7441.72998046875,7435.18017578125,7441.43994140625
1785438600,7441.5400390625,7446.85986328125,7441.5400390625,7445.06005859375
1785438900,7445.02001953125,7448.75,7442.72998046875,7447.169921875
1785439200,7447.18994140625,7447.31005859375,7443.52978515625,7444.4599609375
1785439500,7444.259765625,7445.669921875,7441.39013671875,7441.77978515625
1785439800,7441.7900390625,7443.6201171875,7440.39013671875,7441.43017578125
1785440100,7441.35986328125,7442.47021484375,7438.31005859375,7440.93017578125
1785440400,7440.81005859375,7442.4599609375,7438.990234375,7441.6298828125
1785440700,7441.52001953125,7442.27001953125,7436.89990234375,7439.52978515625
1785441000,7439.52001953125,7439.52001953125,7435.25,7437.68017578125
1785441300,7437.5400390625,7443.91015625,7433.419921875,7437.52978515625
1785504600,7462.1298828125,7489.52001953125,7462.1298828125,7487.7099609375
1785504900,7487.0,7488.85986328125,7466.669921875,7467.10009765625
1785505200,7467.31982421875,7467.31982421875,7453.2099609375,7454.740234375
1785505500,7455.2001953125,7459.4501953125,7443.97021484375,7448.2900390625
1785505800,7447.580078125,7451.240234375,7439.64013671875,7442.990234375
1785506100,7443.509765625,7452.52001953125,7441.39990234375,7443.41015625
1785506400,7443.7099609375,7447.2998046875,7427.0,7427.0
1785506700,7426.85986328125,7431.1201171875,7407.52978515625,7414.009765625
1785507000,7414.31982421875,7416.759765625,7403.47021484375,7407.58984375
1785507300,7407.60986328125,7418.990234375,7399.830078125,7410.06005859375
1785507600,7410.2001953125,7424.0498046875,7408.33984375,7417.89990234375
1785507900,7418.33984375,7429.009765625,7416.06005859375,7428.2998046875
1785508200,7428.2900390625,7434.31005859375,7425.43994140625,7429.02978515625
1785508500,7428.7998046875,7436.919921875,7428.509765625,7435.72021484375
1785508800,7435.43017578125,7439.5498046875,7429.81982421875,7439.080078125
1785509100,7439.490234375,7448.97998046875,7438.33984375,7447.8701171875
1785509400,7448.10986328125,7452.18994140625,7444.919921875,7445.41015625
1785509700,7445.64990234375,7450.3798828125,7439.33984375,7448.81982421875
1785510000,7448.64013671875,7450.85009765625,7442.10009765625,7448.64990234375
1785510300,7448.64013671875,7451.7998046875,7438.47021484375,7441.85986328125
1785510600,7441.83984375,7448.25,7434.3798828125,7445.39013671875
1785510900,7445.240234375,7453.7099609375,7439.419921875,7442.60009765625
1785511200,7442.4599609375,7444.14990234375,7433.72021484375,7433.97021484375
1785511500,7433.89013671875,7434.66015625,7423.7900390625,7425.2099609375
1785511800,7425.4599609375,7429.43994140625,7421.77978515625,7429.43994140625
1785512100,7429.91015625,7446.41015625,7429.77978515625,7443.740234375
1785512400,7443.8701171875,7446.2001953125,7433.2900390625,7440.64013671875
1785512700,7440.83984375,7442.56005859375,7434.77978515625,7436.7998046875
1785513000,7436.81982421875,7452.5498046875,7436.6298828125,7451.52001953125
1785513300,7451.64013671875,7455.77978515625,7449.43017578125,7454.06982421875
1785513600,7454.06982421875,7458.419921875,7452.77001953125,7455.47998046875
1785513900,7455.52001953125,7456.9599609375,7448.759765625,7453.83984375
1785514200,7453.8798828125,7459.7001953125,7453.72021484375,7458.169921875
1785514500,7458.33984375,7459.2099609375,7451.93017578125,7456.2099609375
1785514800,7456.10009765625,7467.3701171875,7455.6298828125,7466.68994140625
1785515100,7466.740234375,7467.2099609375,7461.81005859375,7467.18994140625
1785515400,7467.43994140625,7471.240234375,7466.830078125,7471.0400390625
1785515700,7471.08984375,7472.669921875,7467.490234375,7468.330078125
1785516000,7468.509765625,7470.66015625,7464.56005859375,7465.0400390625
1785516300,7465.080078125,7469.240234375,7463.56982421875,7468.8701171875
1785516600,7468.89013671875,7473.6298828125,7468.2998046875,7469.7001953125
1785516900,7469.72021484375,7472.47998046875,7469.39013671875,7470.259765625
1785517200,7470.1201171875,7476.85986328125,7468.97998046875,7474.3798828125
1785517500,7474.4501953125,7476.18994140625,7469.5400390625,7471.41015625
1785517800,7471.3798828125,7476.33984375,7469.9501953125,7475.85986328125
1785518100,7475.83984375,7478.91015625,7474.39990234375,7478.18017578125
1785518400,7478.18994140625,7484.2900390625,7475.5,7483.740234375
1785518700,7483.919921875,7487.4501953125,7483.509765625,7486.7900390625
1785519000,7486.77001953125,7488.22021484375,7484.7900390625,7487.2099609375
1785519300,7487.25,7489.02978515625,7481.9599609375,7481.990234375
1785519600,7481.8798828125,7484.10009765625,7480.33984375,7482.52001953125
1785519900,7482.419921875,7485.0498046875,7476.2001953125,7476.33984375
1785520200,7476.4599609375,7481.58984375,7475.759765625,7479.64990234375
1785520500,7479.4501953125,7481.18017578125,7477.740234375,7477.830078125
1785520800,7477.91015625,7483.39990234375,7476.6298828125,7480.33984375
1785521100,7480.27978515625,7483.27001953125,7478.259765625,7482.3798828125
1785521400,7482.35986328125,7483.35009765625,7478.7099609375,7480.580078125
1785521700,7480.259765625,7486.10009765625,7479.89990234375,7484.5
1785522000,7484.4501953125,7487.81982421875,7483.6201171875,7486.89990234375
1785522300,7486.97998046875,7487.009765625,7482.60986328125,7483.4501953125
1785522600,7483.3701171875,7485.97998046875,7483.3701171875,7484.22998046875
1785522900,7484.259765625,7484.259765625,7481.1201171875,7481.47021484375
1785523200,7481.47021484375,7484.91015625,7480.169921875,7483.97998046875
1785523500,7483.9599609375,7486.89013671875,7482.75,7486.83984375
1785523800,7486.77001953125,7488.43994140625,7485.7099609375,7486.009765625
1785524100,7485.990234375,7486.7900390625,7483.1201171875,7485.080078125
1785524400,7484.8701171875,7488.740234375,7482.5498046875,7482.580078125
1785524700,7482.75,7485.97021484375,7481.7001953125,7485.27001953125
1785525000,7485.35009765625,7488.47998046875,7484.60009765625,7486.6201171875
1785525300,7486.77001953125,7498.8798828125,7486.6201171875,7498.830078125
1785525600,7498.7001953125,7502.509765625,7497.56005859375,7498.47021484375
1785525900,7498.39990234375,7500.02001953125,7497.0400390625,7498.18017578125
1785526200,7498.06005859375,7498.259765625,7492.509765625,7495.14013671875
1785526500,7495.1201171875,7499.4599609375,7495.08984375,7499.1298828125
1785526800,7498.990234375,7504.47998046875,7496.3701171875,7504.06982421875
1785527100,7504.25,7508.6298828125,7504.10009765625,7508.60986328125
1785527400,7508.56005859375,7512.0400390625,7502.16015625,7510.2099609375
1785527700,7510.25,7510.25,7488.0400390625,7489.52001953125
1785763800,7504.77978515625,7537.3701171875,7504.77978515625,7531.58984375
1785764100,7531.7099609375,7544.06005859375,7531.31005859375,7543.39013671875
1785764400,7542.22998046875,7543.5400390625,7533.81982421875,7540.39013671875
1785764700,7539.89013671875,7547.83984375,7537.080078125,7542.39990234375
1785765000,7542.58984375,7554.009765625,7540.10986328125,7551.919921875
1785765300,7552.60986328125,7561.14013671875,7551.2998046875,7561.14013671875
1785765600,7560.97021484375,7563.43994140625,7555.169921875,7558.5498046875
1785765900,7558.5400390625,7561.5,7555.75,7560.7998046875
1785766200,7560.81005859375,7565.39013671875,7560.22021484375,7563.66015625
1785766500,7563.580078125,7569.9501953125,7563.06982421875,7566.56005859375
1785766800,7566.5498046875,7572.31982421875,7565.9599609375,7570.7099609375
1785767100,7570.64013671875,7572.4501953125,7567.83984375,7569.759765625
1785767400,7569.97998046875,7571.02978515625,7568.080078125,7569.64013671875
1785767700,7570.14990234375,7574.2900390625,7569.52001953125,7573.009765625
1785768000,7572.72998046875,7576.4599609375,7572.3701171875,7573.16015625
1785768300,7573.06005859375,7574.85009765625,7571.72021484375,7573.10986328125
1785768600,7572.89990234375,7575.64990234375,7572.25,7573.56982421875
1785768900,7573.60009765625,7578.7900390625,7573.60009765625,7578.7001953125
1785769200,7578.509765625,7579.009765625,7575.81005859375,7577.33984375
1785769500,7577.33984375,7577.56982421875,7572.5400390625,7573.990234375
1785769800,7573.9599609375,7576.509765625,7572.419921875,7574.5
1785770100,7574.64990234375,7578.669921875,7574.64990234375,7578.25
1785770400,7578.35986328125,7581.740234375,7578.10009765625,7580.60009765625
1785770700,7580.490234375,7581.64990234375,7574.52978515625,7575.39013671875
1785771000,7575.10986328125,7579.6201171875,7575.06005859375,7577.89013671875
1785771300,7577.68994140625,7581.22998046875,7576.7900390625,7580.18017578125
1785771600,7580.35009765625,7582.7998046875,7580.169921875,7581.22021484375
1785771900,7581.06005859375,7585.3701171875,7581.06005859375,7584.7001953125
1785772200,7584.85009765625,7586.7099609375,7583.91015625,7586.68017578125
1785772500,7586.64013671875,7586.64013671875,7582.91015625,7584.39990234375
1785772800,7584.33984375,7585.97021484375,7583.89013671875,7584.7001953125
1785773100,7584.64990234375,7585.669921875,7582.919921875,7584.72998046875
1785773400,7584.68994140625,7585.27001953125,7582.47021484375,7584.43994140625
1785773700,7584.419921875,7587.52978515625,7584.14013671875,7587.31005859375
1785774000,7587.31005859375,7587.7099609375,7585.6201171875,7587.10009765625
1785774300,7587.10986328125,7590.3701171875,7586.83984375,7590.31982421875
1785774600,7590.43017578125,7590.56982421875,7588.18017578125,7589.02978515625
1785774900,7588.91015625,7588.93017578125,7586.89013671875,7587.41015625
1785775200,7587.33984375,7589.7099609375,7586.56982421875,7589.39990234375
1785775500,7589.35009765625,7589.60986328125,7587.77001953125,7588.10986328125
1785775800,7587.7998046875,7588.52001953125,7584.8701171875,7585.0498046875
1785776100,7585.080078125,7588.0,7584.419921875,7586.47021484375
1785776400,7586.85009765625,7587.5,7584.9599609375,7586.6298828125
1785776700,7586.7099609375,7587.72998046875,7584.75,7586.85986328125
1785777000,7586.91015625,7590.6298828125,7586.91015625,7589.68017578125
1785777300,7589.58984375,7592.3798828125,7589.5,7592.2001953125
1785777600,7592.2900390625,7594.89013671875,7591.2900390625,7594.31005859375
1785777900,7594.33984375,7596.169921875,7593.240234375,7595.14013671875
1785778200,7595.14013671875,7597.990234375,7594.490234375,7597.8701171875
1785778500,7597.81982421875,7598.3798828125,7595.419921875,7596.330078125
1785778800,7596.330078125,7597.60009765625,7595.97998046875,7597.39990234375
1785779100,7597.56982421875,7599.43017578125,7597.35009765625,7598.75
1785779400,7598.64013671875,7600.10009765625,7598.41015625,7600.06982421875
1785779700,7600.10986328125,7602.43017578125,7600.10986328125,7601.18994140625
1785780000,7600.97998046875,7605.60986328125,7600.89013671875,7605.56005859375
1785780300,7605.66015625,7607.43994140625,7605.39990234375,7607.43017578125
1785780600,7607.3701171875,7607.990234375,7603.39013671875,7604.8701171875
1785780900,7604.490234375,7607.5498046875,7603.4599609375,7604.419921875
1785781200,7604.10009765625,7606.06982421875,7602.43994140625,7604.009765625
1785781500,7604.10009765625,7604.97998046875,7599.22021484375,7600.0498046875
1785781800,7600.14013671875,7602.64990234375,7598.0,7599.330078125
1785782100,7599.41015625,7602.60009765625,7599.39990234375,7600.85986328125
1785782400,7601.0400390625,7605.64013671875,7600.330078125,7605.4501953125
1785782700,7605.5,7606.56005859375,7601.83984375,7605.43017578125
1785783000,7605.5,7607.02978515625,7603.66015625,7605.419921875
1785783300,7605.47998046875,7606.419921875,7603.60009765625,7603.60009765625
1785783600,7603.580078125,7610.0400390625,7603.580078125,7609.10009765625
1785783900,7609.18994140625,7609.3798828125,7605.419921875,7606.25
1785784200,7606.06005859375,7608.14990234375,7605.22998046875,7605.990234375
1785784500,7606.080078125,7608.60009765625,7606.06982421875,7607.77978515625
1785784800,7607.77978515625,7608.66015625,7606.58984375,7608.39013671875
1785785100,7608.3701171875,7609.47021484375,7607.1201171875,7607.43017578125
1785785400,7607.47998046875,7609.1298828125,7606.31005859375,7607.52978515625
1785785700,7607.41015625,7608.91015625,7603.75,7604.02978515625
1785786000,7604.02001953125,7605.81982421875,7603.14013671875,7604.97021484375
1785786300,7604.91015625,7606.56982421875,7603.4599609375,7605.9599609375
1785786600,7606.0,7608.2001953125,7600.56982421875,7601.7900390625
1785786900,7601.740234375,7603.009765625,7598.72021484375,7599.97021484375
1785850200,7630.6201171875,7644.830078125,7629.10009765625,7643.81982421875
1785850500,7644.259765625,7647.85986328125,7639.39013671875,7644.3798828125
1785850800,7644.580078125,7646.60009765625,7641.259765625,7642.77978515625
1785851100,7642.85986328125,7650.47021484375,7642.85986328125,7649.52001953125
1785851400,7650.14013671875,7658.990234375,7649.06982421875,7658.2001953125
1785851700,7658.39013671875,7658.990234375,7651.240234375,7658.22021484375
1785852000,7659.08984375,7666.080078125,7655.740234375,7664.009765625
1785852300,7663.60986328125,7670.52001953125,7663.60986328125,7668.68017578125
1785852600,7668.81982421875,7672.72021484375,7667.3701171875,7672.72021484375
1785852900,7672.64013671875,7678.27001953125,7671.8798828125,7677.009765625
1785853200,7677.18994140625,7677.18994140625,7666.56005859375,7667.97998046875
1785853500,7668.14990234375,7672.72021484375,7667.91015625,7669.85986328125
1785853800,7669.91015625,7674.580078125,7666.080078125,7674.14990234375
1785854100,7674.10986328125,7680.35009765625,7672.47998046875,7675.669921875
1785854400,7676.16015625,7682.31982421875,7675.60009765625,7682.2900390625
1785854700,7682.740234375,7683.47998046875,7680.72021484375,7683.2001953125
1785855000,7683.22998046875,7684.1298828125,7681.0,7682.740234375
1785855300,7683.35009765625,7688.72998046875,7682.27001953125,7687.91015625
1785855600,7687.97021484375,7693.169921875,7686.60986328125,7692.990234375
1785855900,7693.06982421875,7693.3798828125,7689.14990234375,7692.509765625
1785856200,7692.509765625,7695.2900390625,7691.72998046875,7693.35986328125
1785856500,7693.2001953125,7697.759765625,7692.97021484375,7697.43994140625
1785856800,7697.4501953125,7701.9599609375,7697.0,7701.9599609375
1785857100,7701.9599609375,7703.14990234375,7697.75,7698.35986328125
1785857400,7698.41015625,7699.8798828125,7695.47021484375,7696.64013671875
1785857700,7696.81005859375,7704.6201171875,7696.52978515625,7701.56005859375
1785858000,7701.9599609375,7707.330078125,7701.60986328125,7706.60009765625
1785858300,7706.68994140625,7711.31982421875,7706.68994140625,7710.830078125
1785858600,7710.7099609375,7713.22998046875,7706.85986328125,7707.509765625
1785858900,7707.3701171875,7710.64990234375,7706.89013671875,7708.85986328125
1785859200,7708.8798828125,7713.16015625,7708.759765625,7711.8798828125
1785859500,7712.0498046875,7713.6201171875,7708.14990234375,7708.6201171875
1785859800,7708.52978515625,7709.509765625,7706.4599609375,7707.22998046875
1785860100,7707.2998046875,7712.5498046875,7707.2998046875,7712.14990234375
1785860400,7712.22021484375,7717.009765625,7711.7900390625,7716.72998046875
1785860700,7716.7001953125,7717.22021484375,7714.81005859375,7716.1298828125
1785861000,7716.18994140625,7720.0400390625,7714.64013671875,7718.919921875
1785861300,7718.97021484375,7720.7001953125,7716.75,7718.7998046875
1785861600,7718.72998046875,7723.8798828125,7717.97021484375,7723.509765625
1785861900,7723.66015625,7725.7900390625,7723.47021484375,7725.580078125
1785862200,7725.5498046875,7726.77978515625,7724.81982421875,7725.93994140625
1785862500,7725.89013671875,7726.22998046875,7724.64990234375,7726.0400390625
1785862800,7726.0498046875,7734.47021484375,7725.6298828125,7734.14013671875
1785863100,7734.27978515625,7736.75,7731.83984375,7734.14013671875
1785863400,7734.14990234375,7735.9501953125,7733.39013671875,7735.89990234375
1785863700,7735.77978515625,7739.64990234375,7735.77978515625,7737.18017578125
1785864000,7737.27978515625,7737.85009765625,7733.8798828125,7735.9599609375
1785864300,7735.8798828125,7738.58984375,7735.25,7736.6201171875
1785864600,7736.68017578125,7737.43994140625,7733.990234375,7737.2099609375
1785864900,7737.2001953125,7742.7001953125,7737.2001953125,7742.7001953125
1785865200,7742.60986328125,7746.91015625,7742.56005859375,7746.7998046875
1785865500,7746.919921875,7754.490234375,7746.919921875,7751.259765625
1785865800,7751.35009765625,7751.35009765625,7741.259765625,7743.3701171875
1785866100,7743.259765625,7745.5,7740.490234375,7740.60009765625
1785866400,7740.35009765625,7743.6298828125,7735.6201171875,7737.5498046875
1785866700,7737.64013671875,7744.009765625,7736.8798828125,7742.81005859375
1785867000,7742.89990234375,7745.990234375,7741.64013671875,7745.990234375
1785867300,7746.0498046875,7747.68017578125,7744.0498046875,7746.009765625
1785867600,7746.0400390625,7748.18017578125,7745.18017578125,7745.68994140625
1785867900,7745.830078125,7747.93017578125,7744.56982421875,7747.6298828125
1785868200,7747.81005859375,7748.81982421875,7745.56005859375,7745.81005859375
1785868500,7746.02001953125,7747.1201171875,7742.6201171875,7743.080078125
1785868800,7743.169921875,7743.169921875,7738.97021484375,7741.740234375
1785869100,7741.740234375,7747.18017578125,7741.740234375,7745.52001953125
1785869400,7745.56982421875,7747.22021484375,7743.990234375,7744.58984375
1785869700,7744.7001953125,7745.56005859375,7743.8798828125,7744.89990234375
1785870000,7744.89013671875,7753.3798828125,7744.89013671875,7751.759765625
1785870300,7751.740234375,7754.669921875,7750.259765625,7754.6201171875
1785870600,7754.669921875,7754.89990234375,7752.16015625,7753.35009765625
1785870900,7753.39013671875,7755.31982421875,7752.52978515625,7753.990234375
1785871200,7754.330078125,7755.56005859375,7751.830078125,7752.85986328125
1785871500,7752.7998046875,7753.75,7746.009765625,7747.2900390625
1785871800,7747.669921875,7750.93017578125,7746.330078125,7750.3701171875
1785872100,7750.47998046875,7753.7900390625,7748.18017578125,7752.169921875
1785872400,7752.35986328125,7757.72998046875,7752.35986328125,7757.14013671875
1785872700,7757.27978515625,7758.2099609375,7752.6201171875,7753.89990234375
1785873000,7754.0498046875,7754.0498046875,7742.31005859375,7742.97998046875
1785873300,7742.60009765625,7746.5498046875,7734.9599609375,7735.60009765625
1785936600,7771.6201171875,7793.68017578125,7771.6201171875,7786.68017578125
1785936900,7786.22021484375,7790.4599609375,7776.8798828125,7789.830078125
1785937200,7789.27001953125,7792.7998046875,7783.75,7789.759765625
1785937500,7789.31005859375,7790.47998046875,7779.10986328125,7779.2900390625
1785937800,7779.169921875,7781.93017578125,7768.85009765625,7781.93017578125
1785938100,7782.3701171875,7791.18017578125,7778.25,7791.1298828125
1785938400,7791.009765625,7791.009765625,7774.669921875,7781.3701171875
1785938700,7781.81982421875,7788.97998046875,7781.52978515625,7784.85009765625
1785939000,7785.33984375,7788.8701171875,7782.06005859375,7786.18994140625
1785939300,7785.97021484375,7789.06982421875,7781.85986328125,7781.85986328125
1785939600,7781.580078125,7781.759765625,7772.7099609375,7781.259765625
1785939900,7781.490234375,7785.81005859375,7771.6298828125,7772.0
1785940200,7772.0498046875,7774.35986328125,7766.5,7770.43994140625
1785940500,7770.0498046875,7772.740234375,7762.5498046875,7763.81982421875
1785940800,7763.35009765625,7768.14990234375,7761.35009765625,7764.93017578125
1785941100,7764.81982421875,7770.9501953125,7762.740234375,7769.66015625
1785941400,7769.490234375,7771.83984375,7751.740234375,7755.3701171875
1785941700,7755.7998046875,7761.18017578125,7751.72998046875,7758.740234375
1785942000,7758.60986328125,7763.2900390625,7757.6298828125,7759.5
1785942300,7759.89013671875,7762.7998046875,7756.27001953125,7760.830078125
1785942600,7760.77978515625,7763.240234375,7754.10986328125,7754.669921875
1785942900,7754.75,7756.1201171875,7735.89990234375,7746.830078125
1785943200,7747.68017578125,7750.52001953125,7745.009765625,7746.9501953125
1785943500,7746.27001953125,7746.43994140625,7739.43017578125,7741.3701171875
1785943800,7741.27978515625,7749.3701171875,7741.08984375,7742.18994140625
1785944100,7742.4501953125,7746.6298828125,7742.4501953125,7745.43017578125
1785944400,7745.43017578125,7746.56005859375,7741.22021484375,7743.47021484375
1785944700,7743.52001953125,7743.580078125,7737.06982421875,7737.64990234375
1785945000,7737.47998046875,7738.97021484375,7735.08984375,7736.18017578125
1785945300,7736.169921875,7736.169921875,7727.080078125,7730.31005859375
1785945600,7730.08984375,7733.60986328125,7723.990234375,7732.31982421875
1785945900,7732.330078125,7732.52001953125,7722.35986328125,7725.33984375
1785946200,7725.39013671875,7727.7900390625,7722.52978515625,7727.7900390625
1785946500,7727.64013671875,7734.77001953125,7726.35986328125,7729.68017578125
1785946800,7729.97998046875,7740.669921875,7729.6201171875,7734.52001953125
1785947100,7734.68994140625,7744.89990234375,7734.68994140625,7744.72021484375
1785947400,7744.740234375,7745.93994140625,7736.259765625,7740.6298828125
1785947700,7740.7001953125,7741.8701171875,7736.9599609375,7739.10986328125
1785948000,7739.240234375,7743.490234375,7738.2001953125,7739.5
1785948300,7739.5400390625,7740.990234375,7737.16015625,7738.009765625
1785948600,7737.9501953125,7744.22998046875,7737.77978515625,7743.81982421875
1785948900,7743.6201171875,7745.18994140625,7741.169921875,7742.08984375
1785949200,7742.14013671875,7745.0498046875,7736.85986328125,7737.2900390625
1785949500,7737.3701171875,7739.08984375,7734.81982421875,7736.81005859375
1785949800,7736.8701171875,7741.14990234375,7734.7001953125,7738.89013671875
1785950100,7738.7001953125,7741.64013671875,7736.31982421875,7737.64990234375
1785950400,7737.56005859375,7737.81005859375,7734.35009765625,7737.580078125
1785950700,7737.58984375,7741.7001953125,7736.4599609375,7736.97998046875
1785951000,7737.009765625,7740.81005859375,7734.43017578125,7738.89013671875
1785951300,7738.9599609375,7741.27001953125,7738.56005859375,7740.10009765625
1785951600,7740.06982421875,7743.490234375,7739.9599609375,7740.77001953125
1785951900,7740.7099609375,7742.7001953125,7737.22998046875,7741.89990234375
1785952200,7741.83984375,7743.3701171875,7740.02001953125,7740.27978515625
1785952500,7740.16015625,7741.83984375,7738.60009765625,7739.2900390625
1785952800,7739.31982421875,7745.39990234375,7739.16015625,7745.3701171875
1785953100,7745.4501953125,7745.85009765625,7741.27001953125,7743.10986328125
1785953400,7742.97021484375,7744.85009765625,7741.64990234375,7741.64990234375
1785953700,7741.64013671875,7744.7001953125,7740.93017578125,7744.240234375
1785954000,7744.2998046875,7744.330078125,7741.27978515625,7742.47998046875
1785954300,7742.490234375,7744.81005859375,7742.02001953125,7742.72021484375
1785954600,7742.8701171875,7743.009765625,7735.77978515625,7737.14013671875
1785954900,7737.10009765625,7740.3701171875,7737.0,7738.47998046875
1785955200,7738.35986328125,7740.22021484375,7737.83984375,7739.56005859375
1785955500,7739.56005859375,7743.14013671875,7738.8701171875,7741.89013671875
1785955800,7741.85009765625,7743.35986328125,7739.9599609375,7740.64990234375
1785956100,7740.669921875,7741.2001953125,7737.4501953125,7737.7001953125
1785956400,7737.740234375,7739.8701171875,7736.77001953125,7739.72998046875
1785956700,7739.91015625,7742.33984375,7739.2998046875,7741.0400390625
1785957000,7741.02978515625,7741.85009765625,7739.759765625,7741.39013671875
1785957300,7741.47021484375,7743.169921875,7740.93017578125,7742.1201171875
1785957600,7742.33984375,7744.08984375,7740.58984375,7742.7099609375
1785957900,7742.77001953125,7743.85009765625,7741.580078125,7741.6298828125
1785958200,7741.740234375,7742.68017578125,7737.22998046875,7739.2001953125
1785958500,7739.259765625,7739.259765625,7736.16015625,7736.68994140625
1785958800,7736.77001953125,7740.08984375,7736.77001953125,7738.33984375
1785959100,7738.56005859375,7739.9599609375,7735.669921875,7738.47021484375
1785959400,7738.43994140625,7740.1298828125,7737.4501953125,7738.93994140625
1785959700,7738.83984375,7739.41015625,7720.169921875,7722.1201171875
1786023000,7713.7900390625,7731.5498046875,7713.7900390625,7723.97998046875
1786023300,7723.89990234375,7733.52978515625,7720.5400390625,7722.06982421875
1786023600,7721.72998046875,7732.27978515625,7719.41015625,7728.77978515625
1786023900,7729.2998046875,7738.97998046875,7729.10986328125,7737.68017578125
1786024200,7737.47998046875,7738.85009765625,7732.1298828125,7732.6201171875
1786024500,7733.1201171875,7736.509765625,7729.509765625,7732.009765625
1786024800,7731.669921875,7737.02978515625,7730.8701171875,7735.18994140625
1786025100,7735.35986328125,7739.52001953125,7733.5400390625,7738.509765625
1786025400,7738.66015625,7742.259765625,7738.66015625,7739.5
1786025700,7739.580078125,7742.81005859375,7736.02001953125,7741.35009765625
1786026000,7741.27978515625,7742.85009765625,7736.0,7736.10986328125
1786026300,7736.22021484375,7736.8701171875,7725.0400390625,7727.41015625
1786026600,7727.97998046875,7732.5498046875,7726.47021484375,7732.0498046875
1786026900,7731.990234375,7733.490234375,7721.580078125,7721.580078125
1786027200,7721.490234375,7731.06005859375,7720.93994140625,7725.89990234375
1786027500,7725.7998046875,7725.89013671875,7720.18994140625,7720.72998046875
1786027800,7720.64013671875,7728.75,7719.5400390625,7728.75
1786028100,7728.89013671875,7734.39990234375,7727.509765625,7733.52001953125
1786028400,7733.6201171875,7735.64990234375,7724.7900390625,7726.490234375
1786028700,7726.330078125,7731.9501953125,7726.330078125,7729.5
1786029000,7729.5400390625,7730.9599609375,7723.080078125,7723.080078125
1786029300,7723.06982421875,7724.740234375,7713.85986328125,7714.009765625
1786029600,7713.81005859375,7715.93994140625,7709.89990234375,7713.47021484375
1786029900,7713.1298828125,7716.60009765625,7711.02001953125,7715.6298828125
1786030200,7716.10009765625,7718.2099609375,7709.3798828125,7709.58984375
1786030500,7709.39990234375,7712.89013671875,7706.919921875,7711.240234375
1786030800,7711.0,7712.8701171875,7706.72021484375,7706.83984375
1786031100,7706.7099609375,7719.06005859375,7706.41015625,7715.85009765625
1786031400,7716.02001953125,7721.10986328125,7705.10986328125,7705.56982421875
1786031700,7705.5400390625,7709.16015625,7703.6201171875,7704.6298828125
1786032000,7704.7900390625,7706.2099609375,7701.39013671875,7703.68017578125
1786032300,7703.72998046875,7708.5400390625,7703.22998046875,7707.3798828125
1786032600,7707.47998046875,7709.22998046875,7701.64013671875,7702.97021484375
1786032900,7702.91015625,7706.419921875,7698.14990234375,7705.7998046875
1786033200,7705.72998046875,7706.3701171875,7702.2001953125,7705.990234375
1786033500,7706.3798828125,7707.8798828125,7703.66015625,7705.75
1786033800,7705.72998046875,7711.419921875,7705.31005859375,7706.52978515625
1786034100,7706.56005859375,7712.14990234375,7705.52978515625,7712.0400390625
1786034400,7712.1201171875,7712.509765625,7704.18994140625,7704.18994140625
1786034700,7704.18994140625,7707.33984375,7702.75,7707.33984375
1786035000,7707.41015625,7709.93994140625,7706.31005859375,7707.22998046875
1786035300,7707.2001953125,7713.830078125,7706.97998046875,7713.3701171875
1786035600,7713.52001953125,7715.66015625,7710.58984375,7711.14013671875
1786035900,7711.2001953125,7714.9599609375,7707.009765625,7707.60986328125
1786036200,7707.509765625,7709.27978515625,7704.669921875,7705.39013671875
1786036500,7705.08984375,7707.919921875,7703.8701171875,7707.16015625
1786036800,7707.2001953125,7707.4501953125,7702.97021484375,7703.18994140625
1786037100,7703.10986328125,7706.3798828125,7701.509765625,7701.509765625
1786037400,7701.64990234375,7705.5,7700.97998046875,7704.56982421875
1786037700,7704.72021484375,7706.06982421875,7703.5,7703.85009765625
1786038000,7703.85986328125,7704.77001953125,7701.83984375,7704.77001953125
1786038300,7704.83984375,7707.06005859375,7703.85986328125,7703.91015625
1786038600,7703.58984375,7708.64013671875,7703.41015625,7707.8798828125
1786038900,7707.93017578125,7710.06005859375,7706.3798828125,7710.0400390625
1786039200,7710.10986328125,7712.7099609375,7708.7998046875,7712.7099609375
1786039500,7712.64990234375,7713.3798828125,7710.66015625,7712.02978515625
1786039800,7711.97998046875,7715.8798828125,7710.7001953125,7715.18994140625
1786040100,7715.27978515625,7720.5400390625,7709.43994140625,7716.6298828125
1786040400,7716.5498046875,7719.91015625,7716.5498046875,7719.1201171875
1786040700,7719.1298828125,7719.6201171875,7715.91015625,7717.77978515625
1786041000,7717.72021484375,7718.0498046875,7714.2900390625,7714.5400390625
1786041300,7714.47998046875,7716.3798828125,7711.52978515625,7711.64990234375
1786041600,7711.669921875,7712.97998046875,7709.27978515625,7711.27001953125
1786041900,7711.27978515625,7714.72998046875,7710.83984375,7712.16015625
1786042200,7712.10986328125,7713.5,7710.85009765625,7712.35986328125
1786042500,7712.31982421875,7714.169921875,7711.8701171875,7712.93994140625
1786042800,7713.02978515625,7719.3701171875,7713.02978515625,7719.2001953125
1786043100,7719.27001953125,7720.5400390625,7716.22998046875,7720.27001953125
1786043400,7720.419921875,7721.4501953125,7716.60009765625,7716.72998046875
1786043700,7716.85009765625,7716.9501953125,7714.080078125,7714.85009765625
1786044000,7715.080078125,7718.27001953125,7712.14013671875,7712.14013671875
1786044300,7712.18994140625,7713.27978515625,7709.4599609375,7709.85986328125
1786044600,7710.14013671875,7713.18017578125,7707.8701171875,7712.97021484375
1786044900,7713.02001953125,7713.169921875,7708.85009765625,7708.9599609375
1786045200,7708.89013671875,7709.5,7704.72998046875,7706.08984375
1786045500,7706.60009765625,7708.5498046875,7703.1298828125,7707.89990234375
1786045800,7707.8798828125,7710.89990234375,7700.64013671875,7709.8798828125
1786046100,7709.77978515625,7712.18994140625,7705.8701171875,7711.3798828125
1786109400,7735.18017578125,7742.6298828125,7733.419921875,7739.52001953125
1786109700,7739.52001953125,7740.0400390625,7731.5,7736.27978515625
1786110000,7736.06982421875,7745.240234375,7732.89990234375,7744.97998046875
1786110300,7744.6298828125,7747.6298828125,7736.080078125,7740.85009765625
1786110600,7741.1298828125,7746.2099609375,7740.0498046875,7743.7001953125
1786110900,7743.75,7744.68994140625,7728.169921875,7734.009765625
1786111200,7733.52978515625,7739.31005859375,7728.14990234375,7728.2001953125
1786111500,7727.6298828125,7733.9599609375,7727.35009765625,7728.1298828125
1786111800,7728.27001953125,7731.0400390625,7719.18994140625,7721.7099609375
1786112100,7721.43994140625,7741.5498046875,7720.22998046875,7741.5498046875
1786112400,7741.60986328125,7746.9599609375,7739.1298828125,7744.240234375
1786112700,7744.3798828125,7756.080078125,7744.31982421875,7754.5400390625
1786113000,7755.10986328125,7756.91015625,7747.2001953125,7749.16015625
1786113300,7749.35986328125,7751.240234375,7741.10009765625,7742.3798828125
1786113600,7742.27001953125,7747.75,7741.10009765625,7741.669921875
1786113900,7743.14990234375,7750.58984375,7742.8798828125,7747.77001953125
1786114200,7747.56982421875,7749.10009765625,7742.27001953125,7745.02978515625
1786114500,7745.31982421875,7753.68994140625,7745.2998046875,7751.990234375
1786114800,7752.02001953125,7752.169921875,7747.919921875,7751.419921875
1786115100,7751.5,7754.0,7751.22998046875,7753.27001953125
1786115400,7753.169921875,7757.14990234375,7750.43994140625,7754.47998046875
1786115700,7754.31982421875,7755.4599609375,7751.89990234375,7752.3798828125
1786116000,7752.4501953125,7759.330078125,7752.08984375,7759.10986328125
1786116300,7759.02001953125,7762.4501953125,7758.5,7760.0
1786116600,7760.0,7763.080078125,7758.52978515625,7758.52978515625
1786116900,7758.580078125,7759.9501953125,7756.240234375,7758.39013671875
1786117200,7758.2998046875,7760.16015625,7753.6298828125,7755.72021484375
1786117500,7755.89013671875,7759.83984375,7754.759765625,7759.81005859375
1786117800,7759.47998046875,7760.509765625,7754.85986328125,7757.10986328125
1786118100,7757.18994140625,7757.18994140625,7752.990234375,7754.89990234375
1786118400,7755.02978515625,7755.41015625,7752.2900390625,7755.259765625
1786118700,7755.31982421875,7757.75,7754.58984375,7755.759765625
1786119000,7755.7099609375,7757.41015625,7754.33984375,7754.33984375
1786119300,7754.08984375,7756.10986328125,7752.89013671875,7753.2099609375
1786119600,7753.2001953125,7756.43994140625,7746.93994140625,7747.0
1786119900,7747.06982421875,7747.06982421875,7737.6298828125,7740.669921875
1786120200,7740.72998046875,7743.52978515625,7734.6298828125,7743.35009765625
1786120500,7743.419921875,7747.10009765625,7741.580078125,7746.919921875
1786120800,7746.85986328125,7749.85009765625,7746.35009765625,7749.75
1786121100,7749.72998046875,7751.3798828125,7748.75,7750.39990234375
1786121400,7750.4501953125,7752.27001953125,7745.02001953125,7745.990234375
1786121700,7745.97998046875,7747.97998046875,7743.72998046875,7743.72998046875
1786122000,7743.58984375,7746.2998046875,7742.240234375,7744.41015625
1786122300,7744.4599609375,7746.93017578125,7744.2998046875,7746.669921875
1786122600,7746.7900390625,7747.669921875,7743.919921875,7744.14013671875
1786122900,7744.22998046875,7747.0400390625,7743.7900390625,7746.85986328125
1786123200,7746.77001953125,7747.6201171875,7742.7900390625,7742.830078125
1786123500,7742.7998046875,7746.2900390625,7741.740234375,7745.2900390625
1786123800,7745.31005859375,7746.47998046875,7741.6298828125,7742.830078125
1786124100,7743.02978515625,7747.5400390625,7742.91015625,7747.4501953125
1786124400,7747.4599609375,7747.759765625,7745.27001953125,7745.27001953125
1786124700,7745.2900390625,7747.7900390625,7744.64013671875,7746.5498046875
1786125000,7746.47021484375,7748.22021484375,7744.0498046875,7746.7900390625
1786125300,7746.81005859375,7747.7001953125,7745.35009765625,7745.35009765625
1786125600,7745.35009765625,7746.3701171875,7745.009765625,7745.6298828125
1786125900,7745.64013671875,7745.830078125,7742.9599609375,7744.60986328125
1786126200,7744.60986328125,7745.0,7739.02978515625,7739.2099609375
1786126500,7739.77978515625,7741.77001953125,7738.77001953125,7741.02978515625
1786126800,7740.990234375,7741.72998046875,7739.240234375,7740.02978515625
1786127100,7740.06005859375,7741.06005859375,7738.22998046875,7738.5498046875
1786127400,7738.4501953125,7739.9501953125,7736.990234375,7737.419921875
1786127700,7737.3798828125,7738.330078125,7735.89990234375,7736.60009765625
1786128000,7736.56005859375,7737.1201171875,7732.93994140625,7733.0
1786128300,7733.0498046875,7736.5,7732.919921875,7736.25
1786128600,7736.25,7738.41015625,7736.14013671875,7736.83984375
1786128900,7736.9501953125,7740.68994140625,7735.64990234375,7740.68994140625
1786129200,7740.77001953125,7748.08984375,7740.77001953125,7744.39013671875
1786129500,7744.330078125,7750.35986328125,7744.2998046875,7750.35986328125
1786129800,7750.4599609375,7754.14013671875,7750.4599609375,7753.0400390625
1786130100,7753.14990234375,7757.68994140625,7752.47021484375,7752.72021484375
1786130400,7752.72021484375,7755.8701171875,7752.72021484375,7752.81982421875
1786130700,7752.97021484375,7754.93994140625,7752.81982421875,7754.93994140625
1786131000,7754.93994140625,7754.93994140625,7750.89990234375,7750.990234375
1786131300,7751.02001953125,7754.509765625,7749.9501953125,7752.60009765625
1786131600,7752.5498046875,7752.93994140625,7748.89013671875,7749.35009765625
1786131900,7749.41015625,7753.330078125,7749.31005859375,7752.14990234375
1786132200,7752.22021484375,7754.2099609375,7750.2900390625,7752.6201171875
1786132500,7752.47021484375,7761.8798828125,7752.4599609375,7755.60986328125
1786368600,7751.740234375,7761.43994140625,7748.419921875,7748.740234375
1786368900,7749.47998046875,7755.31005859375,7748.669921875,7751.080078125
1786369200,7751.72021484375,7754.93994140625,7748.89013671875,7751.66015625
1786369500,7751.5,7756.27978515625,7751.08984375,7755.56982421875
1786369800,7755.93994140625,7757.72998046875,7748.97021484375,7754.89013671875
1786370100,7754.9501953125,7759.2001953125,7753.27001953125,7758.02978515625
1786370400,7758.330078125,7762.0,7757.990234375,7761.0498046875
1786370700,7760.759765625,7764.080078125,7760.2998046875,7763.83984375
1786371000,7763.72998046875,7766.419921875,7762.83984375,7765.740234375
1786371300,7765.77001953125,7767.31982421875,7763.2998046875,7766.759765625
1786371600,7766.669921875,7767.669921875,7762.02978515625,7762.89013671875
1786371900,7762.759765625,7768.2099609375,7761.56005859375,7767.68994140625
1786372200,7767.64013671875,7770.740234375,7766.68994140625,7767.4599609375
1786372500,7767.43994140625,7770.14990234375,7765.52978515625,7767.5498046875
1786372800,7767.27978515625,7770.06982421875,7766.64013671875,7769.68994140625
1786373100,7769.509765625,7773.759765625,7769.509765625,7772.259765625
1786373400,7772.39013671875,7773.2099609375,7760.6201171875,7761.89013671875
1786373700,7761.75,7764.259765625,7758.66015625,7758.66015625
1786374000,7758.72998046875,7763.47021484375,7756.2900390625,7760.64013671875
1786374300,7760.56982421875,7764.2001953125,7759.52978515625,7759.60986328125
1786374600,7759.419921875,7762.0498046875,7758.419921875,7761.35009765625
1786374900,7761.5400390625,7764.990234375,7761.2099609375,7763.06982421875
1786375200,7762.7900390625,7764.56005859375,7761.509765625,7762.669921875
1786375500,7762.68994140625,7762.759765625,7757.52978515625,7760.43017578125
1786375800,7760.490234375,7761.43017578125,7757.22998046875,7757.2998046875
1786376100,7757.27001953125,7759.1201171875,7756.02978515625,7756.27978515625
1786376400,7756.14990234375,7761.35986328125,7755.080078125,7761.35986328125
1786376700,7761.22998046875,7762.25,7758.419921875,7759.2099609375
1786377000,7759.2001953125,7766.47998046875,7758.64013671875,7765.93994140625
1786377300,7765.89990234375,7767.25,7764.41015625,7766.669921875
1786377600,7766.81005859375,7768.080078125,7763.93994140625,7765.0
1786377900,7765.080078125,7765.10986328125,7761.91015625,7763.10986328125
1786378200,7763.1298828125,7764.2099609375,7761.2099609375,7761.31982421875
1786378500,7761.2998046875,7761.2998046875,7757.9599609375,7760.3798828125
1786378800,7760.39013671875,7762.14013671875,7758.39013671875,7760.66015625
1786379100,7760.490234375,7762.47021484375,7756.5400390625,7756.5498046875
1786379400,7756.5,7757.7099609375,7743.31005859375,7749.7099609375
1786379700,7749.83984375,7752.68994140625,7748.25,7748.33984375
1786380000,7748.4599609375,7749.43994140625,7743.10986328125,7744.580078125
1786380300,7744.77001953125,7749.06005859375,7743.2998046875,7749.02978515625
1786380600,7748.93994140625,7749.1201171875,7745.72998046875,7747.72998046875
1786380900,7747.7998046875,7752.9501953125,7747.7998046875,7752.9501953125
1786381200,7752.85009765625,7753.4599609375,7748.27001953125,7749.56005859375
1786381500,7749.60009765625,7753.93017578125,7749.02001953125,7753.52001953125
1786381800,7753.60986328125,7755.169921875,7752.240234375,7754.080078125
1786382100,7754.08984375,7755.6298828125,7753.22021484375,7754.14990234375
1786382400,7754.27978515625,7755.25,7753.22998046875,7754.16015625
1786382700,7754.18017578125,7754.75,7751.8798828125,7754.18017578125
1786383000,7754.1201171875,7755.93017578125,7753.77001953125,7754.169921875
1786383300,7754.10986328125,7754.43017578125,7750.669921875,7752.10009765625
1786383600,7752.06982421875,7752.830078125,7749.509765625,7749.72021484375
1786383900,7749.72021484375,7750.490234375,7748.8798828125,7750.009765625
1786384200,7750.0498046875,7750.3798828125,7748.10986328125,7749.1298828125
1786384500,7749.14990234375,7751.1298828125,7748.3798828125,7750.14013671875
1786384800,7750.2001953125,7751.52001953125,7749.68017578125,7750.169921875
1786385100,7750.2099609375,7753.169921875,7749.6201171875,7752.2998046875
1786385400,7752.22021484375,7753.43017578125,7749.7900390625,7750.080078125
1786385700,7750.0,7750.77001953125,7748.919921875,7749.39013671875
1786386000,7749.35986328125,7750.60986328125,7748.580078125,7749.02978515625
1786386300,7748.97021484375,7750.10986328125,7748.64990234375,7748.64990234375
1786386600,7748.75,7749.93017578125,7747.1201171875,7749.08984375
1786386900,7749.02978515625,7750.5,7746.77978515625,7748.4599609375
1786387200,7748.56005859375,7752.3798828125,7748.56005859375,7752.08984375
1786387500,7752.08984375,7752.64013671875,7751.18994140625,7751.669921875
1786387800,7751.68017578125,7754.33984375,7751.68017578125,7753.8701171875
1786388100,7753.8701171875,7755.9501953125,7753.08984375,7754.919921875
1786388400,7754.77001953125,7756.009765625,7753.93017578125,7755.22021484375
1786388700,7755.22021484375,7756.830078125,7754.52978515625,7756.580078125
1786389000,7756.64990234375,7756.7900390625,7755.27001953125,7755.89990234375
1786389300,7755.85009765625,7757.02001953125,7754.8701171875,7755.81982421875
1786389600,7755.64013671875,7756.8798828125,7754.91015625,7756.77978515625
1786389900,7756.85009765625,7756.85009765625,7751.9501953125,7752.080078125
1786390200,7752.1201171875,7752.72998046875,7750.31005859375,7751.7099609375
1786390500,7751.68994140625,7755.31005859375,7750.7099609375,7754.5400390625
1786390800,7754.419921875,7754.64990234375,7752.31982421875,7753.77978515625
1786391100,7753.77001953125,7755.0498046875,7751.85009765625,7754.6298828125
1786391400,7754.5400390625,7754.5400390625,7746.06005859375,7746.66015625
1786391700,7746.60986328125,7753.64013671875,7745.85009765625,7753.14990234375
1786455000,7767.509765625,7767.509765625,7755.7900390625,7759.240234375
1786455300,7758.919921875,7759.06982421875,7752.22998046875,7754.419921875
1786455600,7754.81005859375,7760.8798828125,7754.43994140625,7757.27001953125
1786455900,7756.89990234375,7757.72998046875,7749.10986328125,7752.14990234375
1786456200,7751.58984375,7754.14990234375,7748.83984375,7752.75
1786456500,7752.77978515625,7759.56005859375,7751.33984375,7759.56005859375
1786456800,7759.18017578125,7763.97021484375,7758.080078125,7761.91015625
1786457100,7761.97021484375,7763.25,7758.64013671875,7760.72021484375
1786457400,7760.7900390625,7763.02001953125,7758.759765625,7760.1298828125
1786457700,7760.14013671875,7762.509765625,7756.83984375,7758.93994140625
1786458000,7758.81982421875,7761.58984375,7756.5400390625,7756.740234375
1786458300,7756.89990234375,7762.4501953125,7755.990234375,7762.18017578125
1786458600,7762.080078125,7762.7900390625,7757.27001953125,7759.18994140625
1786458900,7759.60986328125,7761.080078125,7754.81982421875,7756.75
1786459200,7756.83984375,7758.93017578125,7755.669921875,7756.25
1786459500,7756.33984375,7762.5498046875,7756.33984375,7761.9501953125
1786459800,7761.9501953125,7763.4501953125,7758.259765625,7762.1298828125
1786460100,7762.22998046875,7763.58984375,7759.02001953125,7759.330078125
1786460400,7759.35009765625,7761.27978515625,7757.0400390625,7757.83984375
1786460700,7758.02978515625,7758.2001953125,7750.490234375,7751.1298828125
1786461000,7750.89990234375,7751.9599609375,7748.6201171875,7749.72021484375
1786461300,7749.72021484375,7749.85986328125,7745.33984375,7747.5498046875
1786461600,7747.56982421875,7751.669921875,7747.27001953125,7748.52001953125
1786461900,7748.60986328125,7750.1201171875,7747.39990234375,7747.58984375
1786462200,7747.5498046875,7748.8798828125,7741.64990234375,7742.16015625
1786462500,7742.31982421875,7743.89990234375,7740.8798828125,7741.66015625
1786462800,7741.6298828125,7745.47998046875,7741.0498046875,7744.97998046875
1786463100,7744.919921875,7744.93017578125,7741.9599609375,7743.39013671875
1786463400,7743.39013671875,7745.60986328125,7741.0498046875,7741.5498046875
1786463700,7741.60009765625,7744.169921875,7741.08984375,7743.39013671875
1786464000,7743.31982421875,7745.81982421875,7742.97021484375,7743.27001953125
1786464300,7743.18017578125,7747.14013671875,7743.0,7746.2001953125
1786464600,7746.39013671875,7746.60986328125,7743.0498046875,7743.14990234375
1786464900,7742.93994140625,7747.02978515625,7742.93994140625,7743.75
1786465200,7743.77001953125,7745.2001953125,7740.18017578125,7740.25
1786465500,7740.2998046875,7741.5400390625,7737.4501953125,7741.14013671875
1786465800,7741.10009765625,7741.7900390625,7738.10009765625,7738.66015625
1786466100,7738.5400390625,7743.1298828125,7738.1201171875,7741.91015625
1786466400,7741.83984375,7741.85009765625,7738.33984375,7738.56982421875
1786466700,7738.5498046875,7738.68994140625,7735.580078125,7737.1298828125
1786467000,7737.18017578125,7738.22998046875,7736.0498046875,7736.759765625
1786467300,7736.77978515625,7736.8798828125,7733.85009765625,7734.22998046875
1786467600,7734.3701171875,7735.3798828125,7731.2099609375,7731.22021484375
1786467900,7731.1201171875,7733.68017578125,7730.830078125,7731.85009765625
1786468200,7731.89013671875,7731.89013671875,7726.10009765625,7726.169921875
1786468500,7726.27001953125,7730.97998046875,7725.7998046875,7730.330078125
1786468800,7730.39013671875,7732.60009765625,7729.14013671875,7731.08984375
1786469100,7731.35986328125,7732.990234375,7729.81005859375,7732.10009765625
1786469400,7731.93017578125,7732.2001953125,7730.47998046875,7732.16015625
1786469700,7732.27978515625,7734.509765625,7731.06005859375,7731.97021484375
1786470000,7732.0,7736.0400390625,7731.68994140625,7735.5498046875
1786470300,7735.64013671875,7736.580078125,7734.47021484375,7735.080078125
1786470600,7735.080078125,7736.27001953125,7734.7099609375,7735.919921875
1786470900,7735.93994140625,7736.06005859375,7734.259765625,7735.080078125
1786471200,7735.18017578125,7735.22998046875,7732.43017578125,7733.7900390625
1786471500,7733.740234375,7734.25,7729.97998046875,7730.10986328125
1786471800,7730.1201171875,7731.740234375,7729.41015625,7731.10986328125
1786472100,7731.1298828125,7732.02978515625,7729.43994140625,7730.27001953125
1786472400,7730.31982421875,7730.31982421875,7725.5,7727.35009765625
1786472700,7727.31005859375,7727.990234375,7717.25,7717.68017578125
1786473000,7717.72021484375,7723.06982421875,7717.72021484375,7722.52978515625
1786473300,7722.66015625,7724.47998046875,7721.91015625,7722.52978515625
1786473600,7722.47021484375,7722.509765625,7719.490234375,7720.66015625
1786473900,7720.58984375,7725.97998046875,7720.58984375,7725.759765625
1786474200,7725.77978515625,7727.14013671875,7724.56005859375,7726.419921875
1786474500,7726.47021484375,7726.52978515625,7723.56982421875,7723.56982421875
1786474800,7723.56005859375,7724.7099609375,7722.3798828125,7723.81982421875
1786475100,7723.7900390625,7724.18017578125,7721.169921875,7723.240234375
1786475400,7723.31005859375,7726.77978515625,7722.83984375,7725.5498046875
1786475700,7725.56982421875,7727.419921875,7724.97021484375,7726.93994140625
1786476000,7726.93994140625,7729.58984375,7726.68994140625,7729.2099609375
1786476300,7729.22021484375,7729.830078125,7727.75,7728.990234375
1786476600,7729.080078125,7731.33984375,7728.77001953125,7730.740234375
1786476900,7730.740234375,7733.7900390625,7730.06982421875,7733.27978515625
1786477200,7733.5400390625,7733.60986328125,7730.1298828125,7730.22021484375
1786477500,7730.35986328125,7730.35986328125,7726.009765625,7727.22998046875
1786477800,7727.1201171875,7727.52001953125,7720.7099609375,7727.4501953125
1786478100,7727.419921875,7727.91015625,7722.22021484375,7727.41015625
1786541400,7765.4599609375,7766.009765625,7750.31005859375,7753.77001953125
1786541700,7752.85009765625,7758.5498046875,7751.41015625,7752.43994140625
1786542000,7752.39990234375,7754.6298828125,7748.3701171875,7751.72998046875
1786542300,7751.91015625,7759.22021484375,7747.60009765625,7758.669921875
1786542600,7758.75,7758.9501953125,7749.35986328125,7749.35986328125
1786542900,7749.47998046875,7751.31005859375,7744.02978515625,7749.89990234375
1786543200,7749.64013671875,7751.10986328125,7742.5400390625,7742.5400390625
1786543500,7742.31005859375,7748.25,7741.72021484375,7745.919921875
1786543800,7747.14013671875,7749.89013671875,7744.10986328125,7746.43994140625
1786544100,7746.39013671875,7752.7998046875,7745.330078125,7747.66015625
1786544400,7747.5498046875,7752.919921875,7745.0,7752.66015625
1786544700,7752.60009765625,7755.7099609375,7749.240234375,7750.47021484375
1786545000,7750.580078125,7752.10009765625,7737.9501953125,7743.169921875
1786545300,7743.22998046875,7750.490234375,7741.83984375,7749.169921875
1786545600,7749.60009765625,7753.27978515625,7749.56005859375,7752.60009765625
1786545900,7752.75,7753.93994140625,7746.9599609375,7748.77978515625
1786546200,7749.0,7749.18017578125,7742.81005859375,7743.330078125
1786546500,7743.27001953125,7745.5400390625,7740.9599609375,7744.93017578125
1786546800,7744.7900390625,7745.52001953125,7740.080078125,7741.18017578125
1786547100,7741.27978515625,7744.509765625,7740.0,7743.77001953125
1786547400,7743.60009765625,7746.14990234375,7740.66015625,7744.27978515625
1786547700,7744.2001953125,7745.47021484375,7742.47021484375,7743.35986328125
1786548000,7743.56005859375,7744.35986328125,7740.080078125,7741.85986328125
1786548300,7741.47021484375,7745.66015625,7740.97998046875,7745.66015625
1786548600,7745.81005859375,7746.740234375,7739.5,7741.5498046875
1786548900,7741.52978515625,7744.4501953125,7739.580078125,7739.7001953125
1786549200,7739.64013671875,7742.0400390625,7738.080078125,7740.7998046875
1786549500,7740.7900390625,7743.85009765625,7740.25,7743.85009765625
1786549800,7744.0498046875,7744.47998046875,7741.06005859375,7742.490234375
1786550100,7742.31005859375,7743.2001953125,7741.240234375,7742.60986328125
1786550400,7742.5,7746.52001953125,7742.41015625,7744.56982421875
1786550700,7744.52978515625,7746.10986328125,7743.16015625,7746.10986328125
1786551000,7746.10009765625,7748.43994140625,7744.31005859375,7747.81982421875
1786551300,7747.740234375,7748.43994140625,7746.47021484375,7746.72021484375
1786551600,7746.81005859375,7748.830078125,7746.02978515625,7747.83984375
1786551900,7747.93994140625,7749.1201171875,7746.83984375,7747.31982421875
1786552200,7747.2998046875,7748.10986328125,7744.68994140625,7744.7099609375
1786552500,7744.72021484375,7750.5,7744.72021484375,7750.5
1786552800,7750.52001953125,7751.3701171875,7749.56005859375,7749.919921875
1786553100,7750.0498046875,7751.35986328125,7748.64990234375,7751.16015625
1786553400,7751.10986328125,7754.85986328125,7751.06005859375,7753.4599609375
1786553700,7753.4501953125,7753.60009765625,7751.41015625,7752.33984375
1786554000,7752.33984375,7753.9599609375,7751.68017578125,7753.43994140625
1786554300,7753.39013671875,7755.6201171875,7752.9501953125,7753.22998046875
1786554600,7753.2001953125,7753.72998046875,7751.1201171875,7753.330078125
1786554900,7753.31982421875,7753.35986328125,7749.1201171875,7750.39013671875
1786555200,7750.509765625,7751.60986328125,7749.60986328125,7750.35009765625
1786555500,7750.419921875,7752.66015625,7750.259765625,7751.080078125
1786555800,7751.2099609375,7753.02978515625,7750.419921875,7752.22998046875
1786556100,7752.27001953125,7752.83984375,7750.669921875,7751.52001953125
1786556400,7751.6201171875,7752.64013671875,7750.64990234375,7751.68994140625
1786556700,7751.52001953125,7752.240234375,7750.330078125,7750.33984375
1786557000,7750.3798828125,7752.64013671875,7749.9501953125,7750.56982421875
1786557300,7750.56982421875,7751.75,7749.58984375,7751.27978515625
1786557600,7751.2099609375,7752.02001953125,7750.27978515625,7751.72021484375
1786557900,7751.68994140625,7752.14013671875,7750.91015625,7751.31982421875
1786558200,7751.330078125,7754.5498046875,7751.330078125,7753.830078125
1786558500,7753.81005859375,7754.0,7752.22021484375,7753.77978515625
1786558800,7753.83984375,7754.77001953125,7752.22998046875,7754.77001953125
1786559100,7754.740234375,7755.39990234375,7753.31982421875,7753.419921875
1786559400,7753.4501953125,7756.93017578125,7753.33984375,7756.02978515625
1786559700,7756.009765625,7757.259765625,7755.89013671875,7756.58984375
1786560000,7756.64013671875,7758.9501953125,7756.60986328125,7758.009765625
1786560300,7758.0400390625,7758.10009765625,7756.4599609375,7757.81982421875
1786560600,7757.8798828125,7758.93017578125,7756.97021484375,7757.0400390625
1786560900,7757.009765625,7757.009765625,7753.41015625,7753.43017578125
1786561200,7753.27001953125,7755.60009765625,7753.27001953125,7755.169921875
1786561500,7754.9501953125,7756.43994140625,7754.60986328125,7754.66015625
1786561800,7754.72021484375,7755.06005859375,7752.81005859375,7753.3798828125
1786562100,7753.2998046875,7754.68994140625,7752.97021484375,7754.10986328125
1786562400,7754.06005859375,7754.27978515625,7750.669921875,7751.2001953125
1786562700,7751.1201171875,7752.35009765625,7750.72021484375,7752.06005859375
1786563000,7752.10009765625,7752.4501953125,7750.18994140625,7751.06982421875
1786563300,7751.14013671875,7752.3701171875,7750.759765625,7751.10009765625
1786563600,7751.2001953125,7751.419921875,7747.97998046875,7750.93994140625
1786563900,7750.93017578125,7752.68994140625,7749.41015625,7751.5
1786564200,7751.68994140625,7751.68994140625,7745.10986328125,7745.75
1786564500,7745.4501953125,7749.43994140625,7742.919921875,7748.7099609375
1786627800,7763.18017578125,7777.330078125,7763.18017578125,7776.43994140625
1786628100,7776.5400390625,7787.16015625,7776.41015625,7786.89013671875
1786628400,7787.06982421875,7787.14013671875,7779.14990234375,7779.919921875
1786628700,7779.919921875,7793.18994140625,7779.47021484375,7793.10009765625
1786629000,7792.39990234375,7794.81982421875,7789.91015625,7794.60986328125
1786629300,7794.52001953125,7800.169921875,7792.39990234375,7799.7099609375
1786629600,7799.47998046875,7805.41015625,7797.6201171875,7805.3798828125
1786629900,7805.47998046875,7806.85986328125,7802.669921875,7804.52001953125
1786630200,7804.56005859375,7809.31982421875,7804.56005859375,7808.60986328125
1786630500,7808.64990234375,7809.60986328125,7803.7001953125,7808.9599609375
1786630800,7808.97021484375,7814.509765625,7807.35009765625,7813.14990234375
1786631100,7813.06005859375,7815.5400390625,7812.259765625,7815.08984375
1786631400,7814.8798828125,7816.7001953125,7813.1298828125,7815.22998046875
1786631700,7815.3798828125,7816.68994140625,7811.5498046875,7813.85986328125
1786632000,7813.8798828125,7814.35986328125,7808.8701171875,7808.919921875
1786632300,7808.7900390625,7808.7900390625,7799.330078125,7799.58984375
1786632600,7799.72021484375,7801.830078125,7799.02978515625,7801.580078125
1786632900,7801.77001953125,7802.35986328125,7797.3701171875,7800.91015625
1786633200,7800.89990234375,7805.08984375,7797.2001953125,7797.39013671875
1786633500,7797.33984375,7799.41015625,7793.5498046875,7795.7900390625
1786633800,7795.669921875,7796.58984375,7793.6201171875,7794.52978515625
1786634100,7794.85009765625,7795.27001953125,7790.4501953125,7794.81982421875
1786634400,7794.85986328125,7795.6298828125,7791.72021484375,7792.64013671875
1786634700,7792.43017578125,7792.56005859375,7782.35009765625,7784.2001953125
1786635000,7784.18017578125,7785.75,7780.02978515625,7780.06005859375
1786635300,7780.10009765625,7783.5498046875,7779.14990234375,7782.22998046875
1786635600,7782.43994140625,7786.35986328125,7779.56982421875,7783.31005859375
1786635900,7783.18994140625,7783.8701171875,7780.22998046875,7782.33984375
1786636200,7782.39990234375,7782.4501953125,7778.47998046875,7779.1201171875
1786636500,7779.25,7781.7001953125,7776.919921875,7777.8701171875
1786636800,7777.85986328125,7783.5400390625,7777.72021484375,7781.509765625
1786637100,7781.56982421875,7785.4599609375,7781.56982421875,7782.75
1786637400,7782.81005859375,7784.10986328125,7779.68994140625,7779.9501953125
1786637700,7780.0498046875,7781.33984375,7779.3701171875,7781.330078125
1786638000,7781.2900390625,7783.58984375,7780.43994140625,7783.58984375
1786638300,7783.52001953125,7787.830078125,7783.2998046875,7787.830078125
1786638600,7787.7998046875,7789.669921875,7787.31982421875,7789.39990234375
1786638900,7789.18017578125,7789.52978515625,7785.27001953125,7785.91015625
1786639200,7785.919921875,7788.0400390625,7785.02978515625,7787.740234375
1786639500,7787.6298828125,7788.7900390625,7787.43994140625,7788.0400390625
1786639800,7787.97998046875,7789.81005859375,7787.77001953125,7789.58984375
1786640100,7789.6201171875,7790.7998046875,7788.77978515625,7790.1298828125
1786640400,7789.93994140625,7792.81005859375,7789.490234375,7792.68017578125
1786640700,7792.740234375,7796.41015625,7792.08984375,7794.97021484375
1786641000,7794.91015625,7795.7900390625,7793.5400390625,7794.41015625
1786641300,7794.27978515625,7796.669921875,7794.27978515625,7796.669921875
1786641600,7796.68994140625,7797.4501953125,7794.60009765625,7795.2900390625
1786641900,7795.330078125,7795.7001953125,7793.919921875,7794.02978515625
1786642200,7794.10009765625,7795.27001953125,7791.759765625,7792.43017578125
1786642500,7792.419921875,7792.4599609375,7789.83984375,7790.7099609375
1786642800,7790.77001953125,7792.02978515625,7789.7099609375,7789.75
1786643100,7789.60986328125,7792.080078125,7789.60986328125,7791.31982421875
1786643400,7791.35986328125,7792.18017578125,7790.3701171875,7790.52001953125
1786643700,7790.5400390625,7792.35986328125,7789.72998046875,7790.27001953125
1786644000,7790.2099609375,7792.009765625,7790.18994140625,7791.7099609375
1786644300,7791.669921875,7792.9501953125,7790.669921875,7791.10986328125
1786644600,7791.06982421875,7793.75,7789.990234375,7793.56005859375
1786644900,7793.58984375,7794.27001953125,7791.68994140625,7791.93017578125
1786645200,7791.97998046875,7792.490234375,7789.83984375,7789.97998046875
1786645500,7790.02001953125,7792.85009765625,7790.02001953125,7792.35009765625
1786645800,7792.35986328125,7795.4599609375,7792.35986328125,7795.06982421875
1786646100,7795.169921875,7796.77001953125,7794.9501953125,7796.64013671875
1786646400,7796.7099609375,7800.27978515625,7796.56982421875,7799.41015625
1786646700,7799.43994140625,7801.06005859375,7799.10986328125,7800.7900390625
1786647000,7800.759765625,7802.2900390625,7799.580078125,7801.60009765625
1786647300,7801.5498046875,7802.080078125,7800.06005859375,7800.43017578125
1786647600,7800.39013671875,7802.2099609375,7800.08984375,7801.81005859375
1786647900,7801.93017578125,7806.919921875,7801.14990234375,7806.02001953125
1786648200,7806.10009765625,7806.22021484375,7801.240234375,7801.85986328125
1786648500,7801.89013671875,7804.14990234375,7800.7001953125,7804.009765625
1786648800,7804.169921875,7805.81982421875,7804.0400390625,7805.47021484375
1786649100,7805.41015625,7806.009765625,7802.31005859375,7802.56982421875
1786649400,7802.7001953125,7804.85986328125,7801.759765625,7802.52978515625
1786649700,7802.81005859375,7803.2998046875,7799.7001953125,7801.66015625
1786650000,7801.81005859375,7802.52001953125,7799.52001953125,7799.6298828125
1786650300,7799.7998046875,7800.81982421875,7798.7099609375,7800.1298828125
1786650600,7800.330078125,7800.330078125,7796.2998046875,7798.10986328125
1786650900,7797.81982421875,7801.39013671875,7796.259765625,7798.85986328125
1786714200,7806.60009765625,7807.7099609375,7801.4599609375,7803.2099609375
1786714500,7802.8798828125,7804.43994140625,7797.81005859375,7803.0498046875
1786714800,7802.91015625,7807.10009765625,7799.7900390625,7805.7001953125
1786715100,7805.7900390625,7808.1201171875,7800.60986328125,7801.419921875
1786715400,7801.240234375,7808.43994140625,7800.240234375,7807.259765625
1786715700,7807.27978515625,7807.27978515625,7803.3701171875,7806.27978515625
1786716000,7807.0400390625,7808.22998046875,7804.740234375,7808.14990234375
1786716300,7807.91015625,7810.009765625,7806.43994140625,7807.08984375
1786716600,7807.009765625,7808.490234375,7804.83984375,7804.8701171875
1786716900,7804.52978515625,7804.77001953125,7800.08984375,7800.14013671875
1786717200,7799.68017578125,7800.9599609375,7796.06005859375,7796.72998046875
1786717500,7796.8798828125,7797.66015625,7792.41015625,7795.330078125
1786717800,7795.490234375,7796.08984375,7789.77978515625,7790.75
1786718100,7790.56005859375,7795.89013671875,7790.41015625,7795.75
1786718400,7795.3798828125,7795.3798828125,7791.77978515625,7792.9501953125
1786718700,7792.77978515625,7795.6201171875,7791.7998046875,7793.990234375
1786719000,7793.830078125,7795.68994140625,7791.759765625,7791.81982421875
1786719300,7791.64013671875,7793.16015625,7789.31982421875,7789.31982421875
1786719600,7789.18017578125,7792.27978515625,7788.77001953125,7790.89990234375
1786719900,7791.10986328125,7792.02001953125,7787.68994140625,7787.9501953125
1786720200,7787.8798828125,7789.06982421875,7786.0400390625,7786.080078125
1786720500,7786.0400390625,7788.35009765625,7785.740234375,7787.18994140625
1786720800,7787.10986328125,7788.14013671875,7781.35986328125,7781.35986328125
1786721100,7781.43017578125,7784.56005859375,7780.080078125,7784.39990234375
1786721400,7784.2998046875,7785.06005859375,7781.75,7783.009765625
1786721700,7783.02001953125,7786.330078125,7782.25,7782.5
1786722000,7782.60009765625,7782.740234375,7779.990234375,7781.81982421875
1786722300,7781.990234375,7784.9501953125,7780.22998046875,7780.52978515625
1786722600,7780.56005859375,7783.64013671875,7779.89990234375,7783.14013671875
1786722900,7783.0498046875,7784.97998046875,7781.4501953125,7783.64990234375
1786723200,7783.7998046875,7787.08984375,7783.7998046875,7785.93994140625
1786723500,7785.85009765625,7786.52978515625,7782.6298828125,7783.669921875
1786723800,7783.72021484375,7787.16015625,7783.27978515625,7787.16015625
1786724100,7787.1298828125,7789.02001953125,7786.919921875,7787.52001953125
1786724400,7787.56005859375,7788.68994140625,7786.2900390625,7788.080078125
1786724700,7788.0498046875,7789.6201171875,7787.93017578125,7788.6298828125
1786725000,7788.64013671875,7788.7099609375,7784.58984375,7785.64013671875
1786725300,7785.56982421875,7787.68017578125,7785.2900390625,7786.4501953125
1786725600,7786.56005859375,7786.56005859375,7783.10986328125,7783.10986328125
1786725900,7783.18994140625,7783.47021484375,7781.580078125,7782.919921875
1786726200,7782.89013671875,7782.89013671875,7779.759765625,7780.6298828125
1786726500,7780.580078125,7781.68017578125,7778.10009765625,7778.39013671875
1786726800,7778.419921875,7780.080078125,7778.35986328125,7779.580078125
1786727100,7779.56982421875,7781.02001953125,7779.5,7780.1201171875
1786727400,7780.14990234375,7782.259765625,7779.85009765625,7781.4501953125
1786728000,7781.4501953125,7782.3701171875,7779.580078125,7781.31005859375
1786728300,7781.25,7782.56005859375,7778.02978515625,7779.08984375
1786728600,7779.02001953125,7781.1298828125,7778.93017578125,7779.759765625
1786728900,7779.759765625,7779.7900390625,7776.31005859375,7777.43994140625
1786729200,7777.47998046875,7778.259765625,7776.490234375,7777.5498046875
1786729500,7777.669921875,7778.830078125,7777.419921875,7777.5400390625
1786729800,7777.72021484375,7779.68017578125,7776.33984375,7779.27001953125
1786730100,7779.31005859375,7780.75,7778.31982421875,7779.9501953125
1786730400,7780.0400390625,7782.39990234375,7778.8798828125,7782.0498046875
1786730700,7782.06005859375,7783.0,7781.10986328125,7782.8701171875
1786731000,7782.83984375,7784.4599609375,7782.31982421875,7783.39013671875
1786731300,7783.39990234375,7784.669921875,7782.990234375,7783.5400390625
1786731600,7783.58984375,7784.43017578125,7782.5,7783.08984375
1786731900,7783.2099609375,7784.22998046875,7780.52001953125,7780.8798828125
1786732200,7780.8798828125,7782.47021484375,7779.97998046875,7780.35009765625
1786732500,7780.33984375,7781.8798828125,7779.89990234375,7781.56005859375
1786732800,7781.580078125,7784.06005859375,7781.259765625,7783.6201171875
1786733100,7783.6298828125,7783.85009765625,7781.8701171875,7783.85009765625
1786733400,7783.89013671875,7786.4501953125,7783.89013671875,7785.169921875
1786733700,7785.18994140625,7785.2998046875,7783.14990234375,7783.41015625
1786734000,7783.419921875,7783.7099609375,7781.2099609375,7781.419921875
1786734300,7781.41015625,7783.43017578125,7781.16015625,7783.10986328125
1786734600,7783.0400390625,7783.18994140625,7781.85986328125,7781.990234375
1786734900,7781.97998046875,7782.830078125,7780.75,7781.740234375
1786735200,7781.830078125,7782.97021484375,7780.89013671875,7782.85986328125
1786735500,7782.85986328125,7785.18017578125,7782.85986328125,7783.330078125
1786735800,7783.35986328125,7784.43994140625,7782.93017578125,7783.91015625
1786736100,7784.06982421875,7784.60986328125,7781.5,7783.1298828125
1786736400,7783.10009765625,7784.5400390625,7782.66015625,7783.5400390625
1786736700,7783.52978515625,7784.0,7781.18017578125,7783.8701171875
1786737000,7783.89990234375,7786.06005859375,7783.16015625,7784.2001953125
1786737300,7783.990234375,7786.18017578125,7781.06005859375,7786.009765625
1786973400,7790.68017578125,7790.68017578125,7775.169921875,7775.60009765625
1786973700,7775.580078125,7779.8798828125,7774.27001953125,7774.89013671875
1786974000,7774.740234375,7777.89990234375,7774.1201171875,7775.93017578125
1786974300,7775.8798828125,7781.0,7772.58984375,7780.60986328125
1786974600,7780.39013671875,7781.0400390625,7775.93017578125,7779.490234375
1786974900,7779.5498046875,7779.56982421875,7772.89013671875,7774.0498046875
1786975200,7775.330078125,7776.5498046875,7771.330078125,7775.31005859375
1786975500,7775.35986328125,7776.1201171875,7772.0400390625,7775.60009765625
1786975800,7775.6298828125,7778.66015625,7775.02001953125,7777.85986328125
1786976100,7777.81005859375,7777.85009765625,7773.14013671875,7774.5400390625
1786976400,7774.08984375,7774.35986328125,7771.14013671875,7773.1201171875
1786976700,7773.08984375,7774.47998046875,7771.009765625,7774.47998046875
1786977000,7774.580078125,7776.7099609375,7774.1298828125,7776.35986328125
1786977300,7776.14013671875,7776.169921875,7770.22021484375,7771.330078125
1786977600,7771.0498046875,7773.64013671875,7770.77001953125,7771.93994140625
1786977900,7771.8701171875,7774.14013671875,7771.8701171875,7773.41015625
1786978200,7773.2900390625,7774.85009765625,7770.0498046875,7770.18994140625
1786978500,7770.3798828125,7773.7998046875,7769.75,7773.7998046875
1786978800,7773.6201171875,7776.35009765625,7772.77978515625,7775.68994140625
1786979100,7775.669921875,7776.91015625,7773.740234375,7774.16015625
1786979400,7774.02001953125,7776.60986328125,7774.02001953125,7774.169921875
1786979700,7774.2998046875,7778.2900390625,7774.16015625,7777.93017578125
1786980000,7777.8701171875,7779.27978515625,7777.18994140625,7777.7099609375
1786980300,7777.77001953125,7778.7900390625,7776.39990234375,7777.919921875
1786980600,7777.97998046875,7778.60009765625,7773.10986328125,7773.14013671875
1786980900,7773.1201171875,7774.08984375,7770.22021484375,7770.3701171875
1786981200,7770.419921875,7771.81982421875,7768.22998046875,7771.68994140625
1786981500,7771.669921875,7773.080078125,7771.169921875,7772.02001953125
1786981800,7771.990234375,7775.22021484375,7771.5,7774.18017578125
1786982100,7774.1298828125,7775.47021484375,7773.77001953125,7774.22998046875
1786982400,7774.259765625,7774.669921875,7772.31005859375,7773.08984375
1786982700,7773.27001953125,7773.5498046875,7771.27978515625,7772.2001953125
1786983000,7772.02978515625,7775.10009765625,7772.02978515625,7774.14013671875
1786983300,7774.14990234375,7776.35009765625,7774.06982421875,7775.93017578125
1786983600,7775.8701171875,7776.52978515625,7774.2099609375,7774.2099609375
1786983900,7774.2998046875,7775.009765625,7772.60986328125,7773.56005859375
1786984200,7773.419921875,7774.39990234375,7771.259765625,7771.31982421875
1786984500,7771.419921875,7773.18017578125,7771.39013671875,7773.169921875
1786984800,7773.06982421875,7773.10009765625,7769.91015625,7770.009765625
1786985100,7769.9599609375,7771.06005859375,7769.06005859375,7770.990234375
1786985400,7770.75,7770.7900390625,7767.64990234375,7769.10009765625
1786985700,7769.1201171875,7769.68017578125,7767.0,7767.77001953125
1786986000,7767.83984375,7768.10986328125,7766.43994140625,7767.1201171875
1786986300,7767.2001953125,7767.2099609375,7765.509765625,7766.39013671875
1786986600,7766.39013671875,7766.7001953125,7763.91015625,7763.91015625
1786986900,7763.64990234375,7764.72998046875,7761.56982421875,7762.68994140625
1786987200,7762.68017578125,7763.72021484375,7757.77978515625,7758.3798828125
1786987500,7758.5,7758.72021484375,7755.509765625,7756.39990234375
1786987800,7756.27978515625,7758.990234375,7755.4501953125,7755.56005859375
1786988100,7755.27978515625,7755.77978515625,7752.509765625,7752.509765625
1786988400,7752.25,7758.4599609375,7751.830078125,7758.2001953125
1786988700,7758.22021484375,7758.68994140625,7755.490234375,7755.490234375
1786989000,7755.64990234375,7756.89013671875,7754.6298828125,7755.9501953125
1786989300,7756.06982421875,7756.27001953125,7753.93017578125,7754.7099609375
1786989600,7754.58984375,7756.06982421875,7753.6298828125,7754.72998046875
1786989900,7754.81982421875,7756.43017578125,7753.7099609375,7753.990234375
1786990200,7754.1201171875,7757.7998046875,7753.93994140625,7757.16015625
1786990500,7757.10986328125,7758.18017578125,7755.740234375,7756.43994140625
1786990800,7756.3798828125,7757.85009765625,7754.7001953125,7757.41015625
1786991100,7757.47021484375,7758.5498046875,7754.72998046875,7756.47998046875
1786991400,7756.47021484375,7756.9501953125,7753.14990234375,7753.31005859375
1786991700,7753.31982421875,7755.7998046875,7753.31982421875,7755.759765625
1786992000,7755.759765625,7757.6298828125,7755.2900390625,7757.16015625
1786992300,7757.16015625,7758.3798828125,7756.2998046875,7757.85986328125
1786992600,7757.83984375,7758.81982421875,7756.4599609375,7756.81005859375
1786992900,7756.7998046875,7756.97021484375,7755.56982421875,7755.830078125
1786993200,7755.93017578125,7756.240234375,7753.68017578125,7753.830078125
1786993500,7753.83984375,7754.81982421875,7752.93994140625,7753.39013671875
1786993800,7753.4599609375,7754.35986328125,7752.22021484375,7752.60009765625
1786994100,7752.580078125,7755.60009765625,7752.27001953125,7754.22021484375
1786994400,7754.35986328125,7754.8701171875,7753.240234375,7753.41015625
1786994700,7753.22998046875,7754.83984375,7751.60986328125,7751.72998046875
1786995000,7751.60986328125,7751.97021484375,7748.009765625,7749.85986328125
1786995300,7749.72998046875,7751.22998046875,7749.27978515625,7750.33984375
1786995600,7750.41015625,7750.91015625,7748.25,7750.0400390625
1786995900,7749.89013671875,7753.14013671875,7749.89013671875,7753.10009765625
1786996200,7753.14013671875,7753.14013671875,7746.330078125,7747.4599609375
1786996500,7747.580078125,7749.33984375,7744.8798828125,7746.14013671875
1787059800,7700.0400390625,7712.85986328125,7698.759765625,7704.52978515625
1787060100,7704.1201171875,7711.43994140625,7703.43994140625,7710.22021484375
1787060400,7710.259765625,7713.9501953125,7706.39013671875,7707.0400390625
1787060700,7706.7001953125,7709.77978515625,7703.02978515625,7704.5400390625
1787061000,7704.31005859375,7707.35986328125,7702.259765625,7705.2099609375
1787061300,7705.39990234375,7708.10009765625,7701.0,7704.7998046875
1787061600,7704.0400390625,7712.330078125,7701.1298828125,7708.97021484375
1787061900,7709.25,7711.330078125,7704.3798828125,7705.7900390625
1787062200,7705.6201171875,7705.6201171875,7696.16015625,7700.58984375
1787062500,7700.43017578125,7707.8798828125,7699.41015625,7705.77978515625
1787062800,7705.35986328125,7709.02978515625,7701.2900390625,7707.89990234375
1787063100,7708.0,7711.08984375,7705.58984375,7706.97021484375
1787063400,7706.66015625,7712.10009765625,7706.1298828125,7708.18994140625
1787063700,7708.08984375,7711.1201171875,7707.5498046875,7710.43017578125
1787064000,7710.419921875,7711.33984375,7703.6201171875,7703.7998046875
1787064300,7703.7900390625,7705.169921875,7701.64013671875,7704.259765625
1787064600,7704.33984375,7707.47998046875,7699.06005859375,7699.419921875
1787064900,7699.330078125,7700.7900390625,7696.85986328125,7698.9501953125
1787065200,7699.2900390625,7702.5,7694.18017578125,7702.0
1787065500,7701.83984375,7703.240234375,7696.990234375,7697.47021484375
1787065800,7697.240234375,7699.169921875,7696.1298828125,7696.77978515625
1787066100,7697.22021484375,7698.68017578125,7694.7998046875,7694.990234375
1787066400,7694.7099609375,7697.43017578125,7693.89013671875,7696.259765625
1787066700,7695.919921875,7700.27978515625,7694.669921875,7698.93017578125
1787067000,7698.77978515625,7701.9501953125,7697.85986328125,7698.7998046875
1787067300,7698.68994140625,7698.93017578125,7695.91015625,7698.14013671875
1787067600,7698.18994140625,7702.43017578125,7697.080078125,7700.7099609375
1787067900,7700.75,7705.47021484375,7700.75,7703.97021484375
1787068200,7704.0,7706.16015625,7700.83984375,7705.3701171875
1787068500,7705.31005859375,7705.43017578125,7700.97021484375,7703.66015625
1787068800,7703.7099609375,7706.39013671875,7703.1201171875,7705.72021484375
1787069100,7705.81005859375,7706.740234375,7702.4599609375,7703.93017578125
1787069400,7703.89990234375,7707.43017578125,7703.89990234375,7705.4501953125
1787069700,7705.43017578125,7706.31005859375,7702.31005859375,7703.2998046875
1787070000,7703.22998046875,7708.47998046875,7703.22998046875,7706.75
1787070300,7706.60009765625,7706.9599609375,7701.6298828125,7702.22998046875
1787070600,7702.2001953125,7704.259765625,7701.22021484375,7703.35986328125
1787070900,7703.419921875,7705.75,7701.89013671875,7705.16015625
1787071200,7705.10986328125,7706.27001953125,7702.330078125,7703.89013671875
1787071500,7704.06982421875,7708.56005859375,7702.240234375,7708.3798828125
1787071800,7708.39990234375,7708.990234375,7706.93017578125,7708.490234375
1787072100,7708.43994140625,7708.5400390625,7706.39990234375,7706.72021484375
1787072400,7706.5400390625,7707.2099609375,7704.10009765625,7706.240234375
1787072700,7705.9599609375,7707.080078125,7704.43994140625,7706.990234375
1787073000,7707.4599609375,7707.83984375,7704.9599609375,7706.06982421875
1787073300,7706.3798828125,7706.3798828125,7703.0,7703.2001953125
1787073600,7703.0498046875,7705.2900390625,7702.43994140625,7702.58984375
1787073900,7702.64013671875,7703.240234375,7700.77001953125,7702.990234375
1787074200,7703.10986328125,7703.83984375,7701.31982421875,7701.97998046875
1787074500,7701.919921875,7703.740234375,7700.1298828125,7702.490234375
1787074800,7702.509765625,7703.3798828125,7700.7998046875,7701.009765625
1787075100,7700.93017578125,7702.14990234375,7699.85009765625,7700.08984375
1787075400,7700.06005859375,7701.759765625,7699.6298828125,7700.64013671875
1787075700,7700.6201171875,7700.6298828125,7695.990234375,7695.990234375
1787076000,7695.85986328125,7696.990234375,7695.27978515625,7696.10009765625
1787076300,7696.08984375,7697.2099609375,7694.27978515625,7694.58984375
1787076600,7694.740234375,7700.580078125,7694.490234375,7700.3798828125
1787076900,7700.47998046875,7704.10986328125,7700.169921875,7704.10986328125
1787077200,7704.0400390625,7705.419921875,7702.02978515625,7702.52001953125
1787077500,7702.669921875,7704.0,7700.85986328125,7703.72998046875
1787077800,7703.72998046875,7703.89013671875,7701.2900390625,7702.7900390625
1787078100,7702.93994140625,7704.06005859375,7702.830078125,7703.18017578125
1787078400,7703.1298828125,7703.31982421875,7700.68017578125,7701.10009765625
1787078700,7700.93017578125,7701.6298828125,7700.08984375,7700.2099609375
1787079000,7700.27001953125,7700.66015625,7697.89013671875,7697.9501953125
1787079300,7697.7998046875,7698.7998046875,7696.97021484375,7697.0
1787079600,7696.89013671875,7698.39013671875,7696.0400390625,7697.16015625
1787079900,7697.10009765625,7699.10986328125,7696.39990234375,7697.77978515625
1787080200,7697.919921875,7698.89990234375,7695.740234375,7696.1298828125
1787080500,7696.14013671875,7698.419921875,7695.990234375,7698.27978515625
1787080800,7698.2998046875,7701.3798828125,7697.35009765625,7701.3798828125
1787081100,7701.33984375,7701.5400390625,7699.919921875,7699.919921875
1787081400,7699.919921875,7701.740234375,7698.18994140625,7698.72021484375
1787081700,7698.68994140625,7700.4599609375,7698.18017578125,7699.2998046875
1787082000,7699.22021484375,7699.4501953125,7697.06982421875,7698.740234375
1787082300,7698.8701171875,7699.43017578125,7696.35986328125,7698.919921875
1787082600,7698.8701171875,7698.8701171875,7692.72998046875,7693.75
1787082900,7693.830078125,7696.27978515625,7688.6298828125,7693.259765625
1787146200,7716.740234375,7726.2900390625,7716.740234375,7720.10986328125
1787146500,7719.8798828125,7722.7998046875,7714.4501953125,7715.14990234375
1787146800,7714.81982421875,7722.4501953125,7711.6201171875,7720.47021484375
1787147100,7720.06005859375,7725.14990234375,7703.06005859375,7704.080078125
1787147400,7704.240234375,7715.85009765625,7700.06982421875,7715.85009765625
1787147700,7716.16015625,7722.75,7714.02978515625,7719.77978515625
1787148000,7719.5498046875,7721.56982421875,7714.919921875,7716.0498046875
1787148300,7715.89013671875,7719.02978515625,7714.4501953125,7717.1298828125
1787148600,7716.91015625,7718.5,7707.7900390625,7707.91015625
1787148900,7707.2900390625,7720.3701171875,7706.4501953125,7716.81005859375
1787149200,7716.77978515625,7721.0498046875,7713.16015625,7715.60986328125
1787149500,7715.39013671875,7720.02978515625,7711.16015625,7719.91015625
1787149800,7719.97998046875,7723.66015625,7718.169921875,7720.85009765625
1787150100,7720.97998046875,7732.259765625,7720.740234375,7730.330078125
1787150400,7730.43994140625,7732.33984375,7727.7998046875,7729.9501953125
1787150700,7729.89990234375,7732.02978515625,7726.47021484375,7726.72021484375
1787151000,7726.89013671875,7734.14990234375,7726.75,7733.7900390625
1787151300,7733.77978515625,7741.830078125,7733.10986328125,7741.5
1787151600,7741.330078125,7743.93017578125,7739.89990234375,7741.27978515625
1787151900,7741.27978515625,7741.9599609375,7734.89013671875,7735.2001953125
1787152200,7734.9599609375,7739.41015625,7734.72998046875,7738.02001953125
1787152500,7737.9501953125,7738.43994140625,7734.35009765625,7734.91015625
1787152800,7734.97998046875,7735.5498046875,7731.89990234375,7731.89990234375
1787153100,7731.60986328125,7732.1201171875,7729.2001953125,7730.31982421875
1787153400,7731.259765625,7731.3701171875,7727.06005859375,7727.5498046875
1787153700,7727.68017578125,7728.56982421875,7724.259765625,7725.35986328125
1787154000,7725.33984375,7725.33984375,7720.89990234375,7724.97998046875
1787154300,7724.919921875,7728.4501953125,7724.0,7724.81982421875
1787154600,7724.41015625,7725.22998046875,7721.10009765625,7721.47998046875
1787154900,7721.56005859375,7726.1298828125,7720.81005859375,7726.1298828125
1787155200,7726.06982421875,7732.75,7724.41015625,7732.740234375
1787155500,7733.0,7735.68994140625,7732.31982421875,7735.47021484375
1787155800,7735.43017578125,7736.47021484375,7734.89013671875,7735.6298828125
1787156100,7735.35009765625,7739.35986328125,7734.5498046875,7738.16015625
1787156400,7738.0498046875,7738.47998046875,7733.27978515625,7733.5
1787156700,7733.56982421875,7733.72021484375,7727.2900390625,7727.68994140625
1787157000,7727.10986328125,7727.10986328125,7724.509765625,7726.919921875
1787157300,7726.8701171875,7726.990234375,7723.0498046875,7724.68017578125
1787157600,7724.7998046875,7725.0400390625,7722.330078125,7723.93994140625
1787157900,7723.8798828125,7723.8798828125,7721.22998046875,7721.64990234375
1787158200,7721.72998046875,7721.72998046875,7717.56982421875,7718.52001953125
1787158500,7718.5,7718.5,7715.2001953125,7717.0498046875
1787158800,7716.8798828125,7720.33984375,7715.740234375,7718.419921875
1787159100,7718.509765625,7721.60986328125,7714.66015625,7714.66015625
1787159400,7714.7998046875,7719.97021484375,7714.7998046875,7717.72021484375
1787159700,7717.740234375,7719.10009765625,7714.43994140625,7714.43994140625
1787160000,7714.47021484375,7714.81982421875,7710.31005859375,7712.77978515625
1787160300,7712.759765625,7716.1298828125,7712.18017578125,7715.31982421875
1787160600,7715.33984375,7716.08984375,7711.97998046875,7712.419921875
1787160900,7712.33984375,7714.47021484375,7711.740234375,7712.22998046875
1787161200,7712.259765625,7717.14990234375,7712.14990234375,7715.39013671875
1787161500,7715.3798828125,7717.52001953125,7714.77978515625,7715.64013671875
1787161800,7715.509765625,7718.39013671875,7715.14013671875,7716.2099609375
1787162100,7716.18017578125,7716.18017578125,7714.0,7715.22021484375
1787162400,7715.240234375,7724.5,7714.2900390625,7720.60986328125
1787162700,7720.83984375,7722.0400390625,7709.830078125,7709.8701171875
1787163000,7709.669921875,7716.419921875,7709.5400390625,7713.830078125
1787163300,7713.919921875,7714.27978515625,7710.31982421875,7712.93017578125
1787163600,7712.580078125,7714.43994140625,7711.81982421875,7712.47021484375
1787163900,7712.52001953125,7715.7900390625,7712.22998046875,7715.39990234375
1787164200,7715.41015625,7719.97998046875,7715.41015625,7719.02978515625
1787164500,7719.14990234375,7719.27978515625,7716.56982421875,7717.56982421875
1787164800,7717.22021484375,7720.22998046875,7716.9501953125,7717.52001953125
1787165100,7717.56982421875,7718.14990234375,7715.64013671875,7717.64990234375
1787165400,7717.60986328125,7717.9501953125,7714.47998046875,7716.4501953125
1787165700,7716.52001953125,7716.89013671875,7714.43994140625,7714.56982421875
1787166000,7714.64990234375,7717.669921875,7713.93017578125,7715.490234375
1787166300,7715.64990234375,7719.1298828125,7714.8701171875,7718.669921875
1787166600,7718.580078125,7718.9501953125,7716.52001953125,7716.52001953125
1787166900,7716.72021484375,7719.58984375,7716.14990234375,7719.58984375
1787167200,7719.7099609375,7719.8798828125,7716.77001953125,7718.990234375
1787167500,7718.919921875,7719.72998046875,7715.64013671875,7716.14013671875
1787167800,7716.02978515625,7722.740234375,7715.68994140625,7721.27978515625
1787168100,7721.31982421875,7721.31982421875,7711.2099609375,7711.2099609375
1787168400,7711.2099609375,7713.0498046875,7709.419921875,7709.64990234375
1787168700,7709.72998046875,7710.419921875,7705.0400390625,7706.5400390625
1787169000,7706.97998046875,7707.6201171875,7702.43994140625,7706.6298828125
1787169300,7706.419921875,7709.25,7701.25,7708.02978515625
1787232600,7690.490234375,7690.89990234375,7679.10986328125,7690.06982421875
1787232900,7690.31005859375,7697.2001953125,7685.89990234375,7692.419921875
1787233200,7692.419921875,7697.14990234375,7686.330078125,7694.31005859375
1787233500,7694.0498046875,7694.8701171875,7685.72021484375,7690.0498046875
1787233800,7690.2001953125,7691.7900390625,7683.89013671875,7688.25
1787234100,7688.8701171875,7692.330078125,7681.919921875,7685.43994140625
1787234400,7684.8701171875,7688.47021484375,7679.72021484375,7680.009765625
1787234700,7679.35009765625,7685.43994140625,7677.85986328125,7685.31982421875
1787235000,7685.77001953125,7686.759765625,7678.56005859375,7679.06005859375
1787235300,7679.0,7680.0498046875,7673.2998046875,7673.2998046875
1787235600,7673.259765625,7687.75,7672.47021484375,7686.27001953125
1787235900,7686.31982421875,7686.77978515625,7679.0,7681.1298828125
1787236200,7681.0400390625,7686.81982421875,7679.75,7680.56982421875
1787236500,7680.5498046875,7690.1201171875,7678.580078125,7688.6201171875
1787236800,7688.52978515625,7691.85986328125,7685.14990234375,7690.7998046875
1787237100,7690.75,7693.64990234375,7685.52978515625,7686.3701171875
1787237400,7686.35009765625,7691.3701171875,7685.41015625,7686.5
1787237700,7686.47998046875,7691.35009765625,7684.72021484375,7691.0400390625
1787238000,7690.830078125,7699.9599609375,7690.68994140625,7697.85986328125
1787238300,7698.02978515625,7698.02978515625,7683.06005859375,7684.8701171875
1787238600,7684.7099609375,7688.5400390625,7679.83984375,7686.06982421875
1787238900,7686.27001953125,7689.77001953125,7683.22021484375,7687.3701171875
1787239200,7686.990234375,7687.06982421875,7679.1298828125,7681.85009765625
1787239500,7681.919921875,7686.06982421875,7679.22021484375,7685.72998046875
1787239800,7686.0,7687.06005859375,7677.64013671875,7678.97021484375
1787240100,7678.91015625,7679.47998046875,7674.419921875,7674.5
1787240400,7674.3701171875,7676.97021484375,7672.18017578125,7672.18017578125
1787240700,7672.2001953125,7675.66015625,7671.14013671875,7674.93017578125
1787241000,7674.75,7679.02978515625,7673.4501953125,7677.5400390625
1787241300,7677.64013671875,7678.85986328125,7675.89990234375,7677.419921875
1787241600,7677.33984375,7679.56005859375,7674.47021484375,7674.97998046875
1787241900,7675.14990234375,7678.830078125,7674.2998046875,7678.830078125
1787242200,7678.85009765625,7679.56005859375,7673.5,7673.75
1787242500,7673.8798828125,7674.990234375,7673.25,7674.72021484375
1787242800,7674.830078125,7678.85009765625,7673.4599609375,7678.33984375
1787243100,7678.2900390625,7678.7001953125,7675.7900390625,7676.39990234375
1787243400,7676.33984375,7680.08984375,7672.39013671875,7680.080078125
1787243700,7680.080078125,7682.43017578125,7679.02001953125,7681.93017578125
1787244000,7681.97021484375,7684.830078125,7681.9599609375,7684.830078125
1787244300,7684.85009765625,7684.89013671875,7682.35986328125,7682.81982421875
1787244600,7682.68994140625,7684.35009765625,7680.14990234375,7680.52978515625
1787244900,7680.56982421875,7683.509765625,7679.06982421875,7683.02978515625
1787245200,7682.8798828125,7682.97998046875,7678.2998046875,7678.9599609375
1787245500,7678.919921875,7679.009765625,7675.18994140625,7675.97021484375
1787245800,7675.8798828125,7676.759765625,7673.72998046875,7673.91015625
1787246100,7674.009765625,7674.25,7667.25,7667.25
1787246400,7667.2998046875,7670.77978515625,7666.52978515625,7669.419921875
1787246700,7669.16015625,7669.25,7665.8798828125,7666.06982421875
1787247000,7666.08984375,7667.490234375,7664.43994140625,7664.68994140625
1787247300,7664.64013671875,7666.06005859375,7662.4599609375,7663.64990234375
1787247600,7663.47998046875,7663.97021484375,7661.5400390625,7663.2001953125
1787247900,7663.06982421875,7666.47021484375,7662.8701171875,7665.5
1787248200,7665.58984375,7668.4599609375,7665.35009765625,7666.0
1787248500,7665.97021484375,7666.93017578125,7663.89990234375,7664.0
1787248800,7664.06982421875,7664.06982421875,7658.7099609375,7659.41015625
1787249100,7659.2900390625,7659.5498046875,7654.22998046875,7655.18994140625
1787249400,7655.14990234375,7655.8701171875,7652.080078125,7653.97021484375
1787249700,7653.990234375,7655.0498046875,7649.89990234375,7654.81005859375
1787250000,7654.85986328125,7657.43994140625,7654.58984375,7654.60009765625
1787250300,7654.64990234375,7655.14013671875,7652.83984375,7654.02001953125
1787250600,7653.97021484375,7654.330078125,7650.91015625,7651.31982421875
1787250900,7651.35986328125,7654.22021484375,7651.27978515625,7652.68017578125
1787251200,7652.56005859375,7654.18994140625,7650.56982421875,7653.72998046875
1787251500,7653.72021484375,7656.31005859375,7652.3798828125,7655.41015625
1787251800,7655.3798828125,7655.68017578125,7653.41015625,7654.2900390625
1787252100,7654.14990234375,7655.60009765625,7650.990234375,7650.990234375
1787252400,7650.81982421875,7652.3701171875,7650.3701171875,7652.240234375
1787252700,7652.2900390625,7655.25,7651.52001953125,7654.419921875
1787253000,7654.60986328125,7654.83984375,7652.39990234375,7653.7998046875
1787253300,7653.830078125,7656.18017578125,7651.25,7651.56982421875
1787253600,7651.5400390625,7655.60009765625,7650.580078125,7654.77978515625
1787253900,7654.9501953125,7655.81982421875,7652.990234375,7653.22998046875
1787254200,7653.18994140625,7653.3798828125,7649.10009765625,7650.16015625
1787254500,7650.16015625,7654.68017578125,7649.43017578125,7653.56005859375
1787254800,7653.47998046875,7653.8701171875,7648.25,7649.47998046875
1787255100,7649.5,7652.4599609375,7646.81982421875,7652.4599609375
1787255400,7652.2001953125,7652.330078125,7646.14013671875,7647.240234375
1787255700,7647.10986328125,7647.10986328125,7639.009765625,7642.2099609375
1787319000,7665.68017578125,7678.16015625,7665.68017578125,7668.0400390625
1787319300,7667.18017578125,7670.97021484375,7665.60009765625,7669.43994140625
1787319600,7669.56982421875,7671.9599609375,7666.31005859375,7670.2099609375
1787319900,7670.35986328125,7672.81005859375,7666.0400390625,7668.31005859375
1787320200,7668.5,7671.259765625,7660.830078125,7662.93994140625
1787320500,7663.0498046875,7666.56982421875,7661.47021484375,7664.240234375
1787320800,7663.830078125,7668.35009765625,7663.77001953125,7668.009765625
1787321100,7668.330078125,7673.9599609375,7668.27978515625,7671.5
1787321400,7671.39013671875,7673.14990234375,7664.56005859375,7665.64013671875
1787321700,7665.43017578125,7668.68017578125,7664.169921875,7664.56005859375
1787322000,7664.6201171875,7670.58984375,7662.740234375,7666.06982421875
1787322300,7665.990234375,7669.41015625,7664.7001953125,7665.10009765625
1787322600,7665.0400390625,7666.83984375,7663.22021484375,7663.22021484375
1787322900,7663.18994140625,7664.5,7660.3798828125,7661.89013671875
1787323200,7661.9501953125,7666.669921875,7660.06005859375,7664.7998046875
1787323500,7664.75,7668.60986328125,7664.1298828125,7668.39013671875
1787323800,7668.490234375,7671.22998046875,7667.22998046875,7668.490234375
1787324100,7668.56982421875,7676.7001953125,7668.080078125,7676.68994140625
1787324400,7676.669921875,7681.6298828125,7675.97998046875,7680.85986328125
1787324700,7680.81982421875,7682.06982421875,7676.2998046875,7676.2998046875
1787325000,7676.47998046875,7678.43017578125,7675.22021484375,7675.240234375
1787325300,7675.2099609375,7677.31005859375,7673.85009765625,7674.3701171875
1787325600,7674.35986328125,7677.27978515625,7673.35986328125,7673.85986328125
1787325900,7673.91015625,7678.740234375,7673.35986328125,7677.97021484375
1787326200,7677.97021484375,7683.669921875,7677.27978515625,7683.669921875
1787326500,7683.6201171875,7689.06982421875,7683.490234375,7689.009765625
1787326800,7689.0,7692.75,7688.509765625,7691.5400390625
1787327100,7691.6298828125,7693.06005859375,7688.31005859375,7688.85986328125
1787327400,7688.83984375,7697.10986328125,7688.83984375,7695.64990234375
1787327700,7695.64013671875,7695.77978515625,7689.81982421875,7690.7099609375
1787328000,7690.58984375,7691.39990234375,7685.43017578125,7685.91015625
1787328300,7685.740234375,7685.740234375,7681.5,7681.5498046875
1787328600,7681.5498046875,7683.89990234375,7681.490234375,7681.5498046875
1787328900,7681.5400390625,7683.97998046875,7678.419921875,7679.18017578125
1787329200,7679.22021484375,7687.3798828125,7677.72998046875,7680.60986328125
1787329500,7680.60986328125,7684.10986328125,7680.14990234375,7683.41015625
1787329800,7683.509765625,7683.7099609375,7679.18017578125,7679.18017578125
1787330100,7679.0498046875,7683.97998046875,7678.93017578125,7683.91015625
1787330400,7683.9599609375,7684.1298828125,7681.83984375,7682.66015625
1787330700,7682.6298828125,7682.6298828125,7680.0498046875,7680.85009765625
1787331000,7680.8798828125,7680.8798828125,7676.91015625,7678.89990234375
1787331300,7678.8798828125,7683.27978515625,7678.509765625,7682.52978515625
1787331600,7682.66015625,7683.330078125,7681.16015625,7681.52001953125
1787331900,7681.58984375,7683.64990234375,7680.5400390625,7682.41015625
1787332200,7682.35009765625,7682.35009765625,7680.0400390625,7680.41015625
1787332500,7680.68017578125,7681.5,7679.669921875,7680.490234375
1787332800,7680.5,7680.5498046875,7676.0498046875,7676.97021484375
1787333100,7676.97021484375,7678.580078125,7675.64013671875,7677.009765625
1787333400,7676.89013671875,7677.22021484375,7674.18994140625,7674.22021484375
1787333700,7674.2998046875,7676.64013671875,7673.66015625,7674.330078125
1787334000,7674.6201171875,7675.35009765625,7673.43994140625,7674.89990234375
1787334300,7675.14013671875,7676.990234375,7674.41015625,7675.490234375
1787334600,7675.56982421875,7675.97021484375,7673.759765625,7674.6201171875
1787334900,7674.52978515625,7674.580078125,7673.009765625,7673.009765625
1787335200,7672.990234375,7676.08984375,7672.580078125,7675.27001953125
1787335500,7675.27001953125,7675.39990234375,7672.10009765625,7672.259765625
1787335800,7672.25,7674.06005859375,7671.77978515625,7672.25
1787336100,7672.27978515625,7673.89013671875,7671.8798828125,7673.35009765625
1787336400,7673.35009765625,7674.77001953125,7673.14013671875,7673.72021484375
1787336700,7673.830078125,7674.16015625,7671.43994140625,7671.64990234375
1787337000,7671.64013671875,7672.06005859375,7669.52001953125,7670.16015625
1787337300,7670.18017578125,7671.490234375,7670.06005859375,7670.759765625
1787337600,7670.81005859375,7673.41015625,7670.43017578125,7672.2998046875
1787337900,7672.39013671875,7675.0498046875,7671.580078125,7675.0498046875
1787338200,7675.080078125,7677.9501953125,7675.080078125,7677.35986328125
1787338500,7677.43017578125,7680.47998046875,7676.509765625,7680.259765625
1787338800,7680.16015625,7682.14013671875,7678.5,7678.68017578125
1787339100,7678.66015625,7681.47021484375,7678.56005859375,7679.77001953125
1787339400,7679.6298828125,7679.6298828125,7677.080078125,7678.6298828125
1787339700,7678.60986328125,7679.8798828125,7677.25,7678.52001953125
1787340000,7678.56005859375,7680.81982421875,7677.759765625,7680.81982421875
1787340300,7680.81005859375,7680.83984375,7678.39013671875,7679.240234375
1787340600,7679.02978515625,7681.68994140625,7678.990234375,7679.43994140625
1787340900,7679.39013671875,7682.240234375,7678.580078125,7681.2900390625
1787341200,7681.22021484375,7683.25,7679.7099609375,7683.08984375
1787341500,7683.259765625,7686.27978515625,7682.66015625,7685.31982421875
1787341800,7685.31982421875,7685.31982421875,7676.83984375,7677.18994140625
1787342100,7677.10009765625,7680.14013671875,7672.509765625,7674.10009765625
1787578200,7663.3798828125,7663.4599609375,7649.7001953125,7652.18017578125
1787578500,7652.419921875,7656.0400390625,7648.35009765625,7650.68994140625
1787578800,7650.66015625,7654.93017578125,7639.68017578125,7639.68017578125
1787579100,7639.2001953125,7652.43017578125,7638.169921875,7647.89990234375
1787579400,7647.7099609375,7652.97998046875,7644.56005859375,7652.35009765625
1787579700,7652.47998046875,7654.3701171875,7649.97998046875,7651.759765625
1787580000,7652.3701171875,7657.5,7645.27001953125,7647.0
1787580300,7647.33984375,7649.7900390625,7643.72021484375,7646.7099609375
1787580600,7646.56005859375,7647.9501953125,7642.4501953125,7647.759765625
1787580900,7647.9599609375,7648.330078125,7644.2900390625,7646.35986328125
1787581200,7646.4599609375,7653.0400390625,7646.27978515625,7646.81005859375
1787581500,7646.75,7649.2998046875,7644.93994140625,7647.669921875
1787581800,7647.5498046875,7655.5400390625,7646.22021484375,7654.580078125
1787582100,7654.72021484375,7657.02978515625,7654.06005859375,7655.10009765625
1787582400,7655.16015625,7659.10986328125,7652.89013671875,7655.31005859375
1787582700,7655.27001953125,7656.4501953125,7653.3701171875,7656.39013671875
1787583000,7656.43994140625,7656.93017578125,7652.27978515625,7654.02001953125
1787583300,7654.0,7657.02978515625,7653.259765625,7654.5
1787583600,7654.35986328125,7656.6201171875,7648.47021484375,7648.919921875
1787583900,7648.85986328125,7649.5,7646.3798828125,7648.509765625
1787584200,7648.39013671875,7649.77001953125,7645.2001953125,7645.72021484375
1787584500,7645.31982421875,7646.419921875,7644.7099609375,7645.1298828125
1787584800,7645.18994140625,7649.7900390625,7642.18017578125,7649.3701171875
1787585100,7649.35009765625,7657.7998046875,7649.27978515625,7655.3798828125
1787585400,7655.35009765625,7657.56005859375,7652.81005859375,7656.6201171875
1787585700,7656.580078125,7659.39013671875,7655.39013671875,7658.759765625
1787586000,7658.740234375,7662.2001953125,7658.7001953125,7661.06982421875
1787586300,7661.02978515625,7665.2099609375,7660.93994140625,7661.35986328125
1787586600,7661.509765625,7664.0498046875,7661.31005859375,7661.39990234375
1787586900,7661.31982421875,7663.1201171875,7660.0400390625,7663.06982421875
1787587200,7663.18994140625,7669.14013671875,7662.7099609375,7667.58984375
1787587500,7667.60009765625,7668.0498046875,7663.22021484375,7663.22021484375
1787587800,7662.990234375,7664.85009765625,7662.97021484375,7664.85009765625
1787588100,7664.8701171875,7669.31005859375,7664.58984375,7668.60986328125
1787588400,7668.64013671875,7670.2998046875,7666.35009765625,7666.919921875
1787588700,7666.93017578125,7667.990234375,7666.259765625,7667.10009765625
1787589000,7667.16015625,7667.919921875,7663.60986328125,7664.0400390625
1787589300,7664.06005859375,7665.3798828125,7661.64990234375,7661.64990234375
1787589600,7661.7099609375,7662.080078125,7660.27978515625,7661.419921875
1787589900,7661.240234375,7662.1298828125,7659.6201171875,7661.93017578125
1787590200,7662.0400390625,7662.64990234375,7659.509765625,7660.2099609375
1787590500,7660.18994140625,7661.0400390625,7659.18994140625,7659.740234375
1787590800,7659.66015625,7659.89013671875,7657.10986328125,7657.830078125
1787591100,7657.85986328125,7663.81005859375,7657.5498046875,7662.3701171875
1787591400,7662.3798828125,7665.4501953125,7661.68994140625,7663.27001953125
1787591700,7663.2998046875,7663.35009765625,7659.06982421875,7659.5498046875
1787592000,7659.31005859375,7659.31005859375,7653.52001953125,7653.85986328125
1787592300,7653.7099609375,7654.97021484375,7651.5498046875,7652.02978515625
1787592600,7652.10986328125,7653.18017578125,7651.259765625,7651.66015625
1787592900,7651.58984375,7651.93994140625,7649.81982421875,7651.93994140625
1787593200,7651.97021484375,7652.66015625,7649.419921875,7649.419921875
1787593500,7649.419921875,7651.08984375,7648.83984375,7650.52001953125
1787593800,7650.75,7653.14990234375,7649.31982421875,7650.10009765625
1787594100,7650.10986328125,7651.5400390625,7649.43994140625,7651.02001953125
1787594400,7650.93017578125,7655.0,7650.89013671875,7653.9501953125
1787594700,7653.89013671875,7658.16015625,7653.66015625,7657.6201171875
1787595000,7657.56982421875,7660.64013671875,7656.77978515625,7660.52978515625
1787595300,7660.490234375,7662.47998046875,7659.77978515625,7660.490234375
1787595600,7660.56005859375,7665.18017578125,7660.3798828125,7664.66015625
1787595900,7664.64990234375,7666.509765625,7664.0,7666.39013671875
1787596200,7666.22998046875,7668.85986328125,7664.97998046875,7665.2001953125
1787596500,7665.14990234375,7665.7998046875,7659.509765625,7660.259765625
1787596800,7660.33984375,7661.93017578125,7659.68017578125,7661.5498046875
1787597100,7661.509765625,7662.009765625,7659.35009765625,7661.52001953125
1787597400,7661.35986328125,7662.2001953125,7658.89990234375,7659.5
1787597700,7659.509765625,7660.27978515625,7658.16015625,7658.2099609375
1787598000,7658.14013671875,7658.5400390625,7656.47021484375,7657.52978515625
1787598300,7657.5498046875,7658.919921875,7656.56005859375,7656.56005859375
1787598600,7656.89990234375,7660.1298828125,7656.60986328125,7658.740234375
1787598900,7658.83984375,7660.2001953125,7657.3798828125,7659.2001953125
1787599200,7659.10009765625,7659.77001953125,7657.7099609375,7658.56005859375
1787599500,7658.6201171875,7659.7998046875,7657.27001953125,7657.919921875
1787599800,7657.759765625,7660.64990234375,7656.14990234375,7656.27001953125
1787600100,7656.1201171875,7656.68994140625,7654.7900390625,7654.7900390625
1787600400,7654.6298828125,7655.52001953125,7653.64013671875,7654.8701171875
1787600700,7654.93994140625,7655.97998046875,7653.0,7655.85986328125
1787601000,7655.85009765625,7657.5400390625,7650.93017578125,7655.08984375
1787601300,7655.18017578125,7657.1201171875,7651.60009765625,7652.81982421875
1787664600,7676.66015625,7686.10986328125,7676.66015625,7686.02978515625
1787664900,7685.81982421875,7685.9501953125,7679.60009765625,7681.14990234375
1787665200,7680.77001953125,7685.2001953125,7677.60986328125,7681.06982421875
1787665500,7681.0498046875,7685.93017578125,7680.77001953125,7683.830078125
1787665800,7683.64990234375,7684.1298828125,7678.47998046875,7679.1201171875
1787666100,7678.97998046875,7679.2900390625,7673.7900390625,7676.47021484375
1787666400,7676.2001953125,7676.740234375,7670.60009765625,7672.66015625
1787666700,7672.759765625,7674.14990234375,7669.830078125,7672.0
1787667000,7671.93017578125,7673.81982421875,7669.2900390625,7670.06982421875
1787667300,7670.22021484375,7674.89990234375,7669.2099609375,7672.02001953125
1787667600,7672.169921875,7673.66015625,7667.0,7669.64990234375
1787667900,7669.5498046875,7670.33984375,7664.9599609375,7664.9599609375
1787668200,7664.93017578125,7666.5498046875,7650.919921875,7661.97998046875
1787668500,7661.81005859375,7668.83984375,7661.66015625,7668.27978515625
1787668800,7668.509765625,7668.7001953125,7660.52001953125,7661.93017578125
1787669100,7662.0,7663.0,7660.33984375,7660.6201171875
1787669400,7660.6201171875,7666.06005859375,7658.89013671875,7664.919921875
1787669700,7664.75,7666.02001953125,7662.60986328125,7664.72998046875
1787670000,7664.7900390625,7665.490234375,7661.18994140625,7662.06982421875
1787670300,7662.3798828125,7665.7099609375,7662.35009765625,7664.2900390625
1787670600,7664.27978515625,7665.9599609375,7661.93017578125,7664.22021484375
1787670900,7664.259765625,7667.43017578125,7663.39013671875,7667.3798828125
1787671200,7667.31982421875,7669.759765625,7665.18994140625,7666.06982421875
1787671500,7666.1298828125,7671.9501953125,7665.2001953125,7671.75
1787671800,7671.52001953125,7675.14013671875,7668.89990234375,7669.0498046875
1787672100,7669.1201171875,7674.39013671875,7669.009765625,7669.35986328125
1787672400,7669.419921875,7670.27001953125,7667.39990234375,7669.64013671875
1787672700,7669.759765625,7669.759765625,7663.830078125,7664.56005859375
1787673000,7664.4501953125,7670.9599609375,7664.2001953125,7670.52978515625
1787673300,7670.56005859375,7674.330078125,7670.5,7672.8701171875
1787673600,7672.72021484375,7676.35009765625,7672.490234375,7673.759765625
1787673900,7673.72998046875,7674.35986328125,7671.72021484375,7671.7900390625
1787674200,7671.7900390625,7673.509765625,7671.43017578125,7673.33984375
1787674500,7673.419921875,7674.080078125,7672.669921875,7672.919921875
1787674800,7673.06005859375,7674.56005859375,7672.06005859375,7674.419921875
1787675100,7674.39990234375,7675.75,7673.9599609375,7675.52978515625
1787675400,7675.47998046875,7676.75,7675.10986328125,7675.2099609375
1787675700,7675.27001953125,7677.7001953125,7673.990234375,7677.35009765625
1787676000,7677.25,7677.2900390625,7673.240234375,7673.830078125
1787676300,7673.89013671875,7675.91015625,7672.5498046875,7673.990234375
1787676600,7673.9501953125,7674.009765625,7671.419921875,7672.33984375
1787676900,7672.330078125,7676.6298828125,7671.9501953125,7675.89990234375
1787677200,7675.8798828125,7676.25,7671.58984375,7671.58984375
1787677500,7671.68017578125,7671.830078125,7667.669921875,7668.740234375
1787677800,7668.7900390625,7671.1298828125,7667.56982421875,7670.3701171875
1787678100,7670.43017578125,7671.97021484375,7669.759765625,7671.85009765625
1787678400,7671.85009765625,7671.89013671875,7668.14013671875,7668.14013671875
1787678700,7668.08984375,7668.08984375,7664.5,7665.7998046875
1787679000,7665.81005859375,7667.0400390625,7665.1201171875,7666.14013671875
1787679300,7666.08984375,7667.75,7665.669921875,7667.169921875
1787679600,7667.02001953125,7667.81005859375,7666.330078125,7666.830078125
1787679900,7666.77001953125,7668.2001953125,7666.3701171875,7667.08984375
1787680200,7667.08984375,7669.2900390625,7666.35986328125,7669.02001953125
1787680500,7669.06005859375,7669.4599609375,7667.4501953125,7668.25
1787680800,7668.22998046875,7668.2998046875,7665.89990234375,7666.35009765625
1787681100,7666.27001953125,7668.33984375,7665.9501953125,7667.25
1787681400,7667.22021484375,7668.7099609375,7666.18017578125,7666.18017578125
1787681700,7666.14013671875,7666.740234375,7665.18994140625,7666.7001953125
1787682000,7666.7099609375,7668.25,7666.60986328125,7667.33984375
1787682300,7667.41015625,7668.22998046875,7666.2900390625,7667.83984375
1787682600,7667.85009765625,7672.0498046875,7667.85009765625,7671.72998046875
1787682900,7671.7099609375,7672.08984375,7670.990234375,7671.35009765625
1787683200,7671.27978515625,7673.81982421875,7671.1298828125,7673.72998046875
1787683500,7673.7099609375,7676.6298828125,7673.68994140625,7676.240234375
1787683800,7676.2900390625,7676.60009765625,7674.77001953125,7675.3701171875
1787684100,7675.41015625,7676.14013671875,7673.41015625,7674.509765625
1787684400,7674.4501953125,7676.27978515625,7672.47021484375,7672.7099609375
1787684700,7672.66015625,7673.16015625,7670.81982421875,7671.89013671875
1787685000,7671.77978515625,7671.7900390625,7668.68994140625,7668.8701171875
1787685300,7668.93017578125,7669.56005859375,7667.18994140625,7668.2001953125
1787685600,7668.10986328125,7668.509765625,7666.89990234375,7668.509765625
1787685900,7668.58984375,7670.14013671875,7668.0400390625,7670.0400390625
1787686200,7669.990234375,7670.3798828125,7668.2001953125,7669.3798828125
1787686500,7669.56005859375,7671.419921875,7669.2001953125,7670.72021484375
1787686800,7670.66015625,7674.2900390625,7670.64013671875,7672.02978515625
1787687100,7671.990234375,7673.490234375,7670.91015625,7673.1298828125
1787687400,7672.97998046875,7679.6201171875,7670.91015625,7679.43994140625
1787687700,7679.419921875,7680.5400390625,7675.72998046875,7675.72998046875
1787751000,7666.8798828125,7676.0400390625,7662.89990234375,7675.080078125
1787751300,7674.89990234375,7676.83984375,7666.66015625,7673.830078125
1787751600,7673.419921875,7683.68994140625,7672.7001953125,7681.990234375
1787751900,7682.1201171875,7685.64013671875,7678.2001953125,7678.2001953125
1787752200,7678.0498046875,7684.64990234375,7674.89013671875,7684.64990234375
1787752500,7685.009765625,7686.97998046875,7683.3798828125,7686.93994140625
1787752800,7688.35986328125,7688.35986328125,7685.1298828125,7687.56005859375
1787753100,7687.5,7687.7099609375,7683.4501953125,7684.41015625
1787753400,7684.47998046875,7684.72021484375,7679.6298828125,7679.81982421875
1787753700,7679.85009765625,7681.56005859375,7677.39013671875,7677.97021484375
1787754000,7678.08984375,7678.919921875,7672.52978515625,7672.60986328125
1787754300,7672.5400390625,7672.85009765625,7666.31982421875,7669.4501953125
1787754600,7669.1201171875,7670.7998046875,7667.58984375,7669.6298828125
1787754900,7669.580078125,7674.56005859375,7668.72021484375,7671.02978515625
1787755200,7670.81982421875,7673.47998046875,7669.919921875,7672.259765625
1787755500,7672.14990234375,7673.31982421875,7669.0,7673.2998046875
1787755800,7673.3701171875,7677.47021484375,7673.3701171875,7674.58984375
1787756100,7674.52001953125,7677.0,7673.91015625,7676.740234375
1787756400,7676.64013671875,7682.2099609375,7676.419921875,7679.60986328125
1787756700,7679.740234375,7682.5498046875,7679.740234375,7681.72998046875
1787757000,7681.81982421875,7682.330078125,7679.169921875,7680.5498046875
1787757300,7680.52978515625,7680.6201171875,7673.39990234375,7675.1298828125
1787757600,7675.1298828125,7677.75,7675.06005859375,7675.68994140625
1787757900,7675.5498046875,7678.2998046875,7675.0,7676.60986328125
1787758200,7676.52001953125,7676.759765625,7670.06005859375,7670.3701171875
1787758500,7670.39013671875,7673.08984375,7670.39013671875,7672.6298828125
1787758800,7672.6201171875,7679.02001953125,7672.47021484375,7678.4599609375
1787759100,7678.3798828125,7680.93994140625,7677.7998046875,7680.93994140625
1787759400,7680.91015625,7681.0400390625,7671.6298828125,7671.9599609375
1787759700,7671.9501953125,7675.419921875,7670.990234375,7671.06982421875
1787760000,7671.2900390625,7671.39013671875,7666.759765625,7670.1201171875
1787760300,7670.169921875,7672.77001953125,7668.85986328125,7670.0400390625
1787760600,7669.919921875,7671.009765625,7668.0400390625,7668.43017578125
1787760900,7668.31982421875,7669.02978515625,7666.5,7668.0498046875
1787761200,7668.009765625,7669.009765625,7666.85986328125,7667.5400390625
1787761500,7667.5498046875,7667.7099609375,7665.58984375,7665.64013671875
1787761800,7665.759765625,7667.080078125,7665.41015625,7666.7001953125
1787762100,7666.6201171875,7666.6201171875,7659.919921875,7660.0498046875
1787762400,7659.85009765625,7661.97998046875,7657.41015625,7657.93994140625
1787762700,7657.990234375,7661.009765625,7657.6298828125,7658.3701171875
1787763000,7658.330078125,7660.56982421875,7657.9501953125,7659.5
1787763300,7659.47998046875,7666.06005859375,7659.419921875,7665.10009765625
1787763600,7665.08984375,7667.2900390625,7664.14990234375,7666.9501953125
1787763900,7666.919921875,7668.89990234375,7665.43994140625,7668.35986328125
1787764200,7668.22021484375,7669.259765625,7667.60009765625,7669.06005859375
1787764500,7668.97021484375,7672.7900390625,7668.97021484375,7671.43994140625
1787764800,7671.39013671875,7674.18017578125,7671.2900390625,7673.9599609375
1787765100,7674.0400390625,7674.6201171875,7672.33984375,7673.9501953125
1787765400,7673.93994140625,7675.35986328125,7673.39990234375,7675.27978515625
1787765700,7675.25,7676.009765625,7673.9599609375,7674.0
1787766000,7674.02001953125,7675.43017578125,7673.22021484375,7674.759765625
1787766300,7674.7998046875,7675.2099609375,7672.35986328125,7672.39013671875
1787766600,7672.2998046875,7675.58984375,7672.2998046875,7675.35009765625
1787766900,7675.39013671875,7676.2900390625,7674.2001953125,7674.240234375
1787767200,7674.25,7674.60986328125,7673.1201171875,7673.39013671875
1787767500,7673.31005859375,7676.2998046875,7673.16015625,7675.740234375
1787767800,7675.77001953125,7675.89013671875,7671.9501953125,7672.27978515625
1787768100,7672.31005859375,7675.68017578125,7671.60986328125,7675.490234375
1787768400,7675.5,7677.72998046875,7673.85986328125,7673.85986328125
1787768700,7673.8701171875,7675.68994140625,7673.14013671875,7674.3701171875
1787769000,7674.43994140625,7677.10986328125,7673.669921875,7675.919921875
1787769300,7675.8701171875,7676.35009765625,7674.6201171875,7675.419921875
1787769600,7675.31005859375,7676.7900390625,7674.56982421875,7676.5498046875
1787769900,7676.509765625,7682.330078125,7676.4599609375,7681.490234375
1787770200,7681.22998046875,7683.3701171875,7680.35986328125,7682.2998046875
1787770500,7682.27001953125,7683.7900390625,7681.31005859375,7683.14990234375
1787770800,7683.1298828125,7690.72021484375,7682.52978515625,7690.56005859375
1787771100,7690.64013671875,7690.72998046875,7687.080078125,7687.22021484375
1787771400,7687.2001953125,7688.64990234375,7686.4599609375,7687.240234375
1787771700,7687.35009765625,7690.1201171875,7687.240234375,7689.58984375
1787772000,7689.4599609375,7689.47021484375,7686.02001953125,7688.02978515625
1787772300,7687.89990234375,7688.8701171875,7686.22021484375,7686.47998046875
1787772600,7686.4501953125,7686.9599609375,7685.3798828125,7686.080078125
1787772900,7686.10986328125,7686.35009765625,7683.3798828125,7684.16015625
1787773200,7684.31005859375,7686.10009765625,7683.97998046875,7684.6298828125
1787773500,7684.64013671875,7688.7900390625,7684.18994140625,7688.7900390625
1787773800,7688.68017578125,7688.72998046875,7678.330078125,7679.85986328125
1787774100,7679.77001953125,7681.8701171875,7672.81982421875,7676.2900390625
1787837400,7710.33984375,7710.33984375,7690.5,7693.009765625
1787837700,7693.080078125,7701.1201171875,7689.89013671875,7700.35009765625
1787838000,7700.5498046875,7710.56982421875,7698.77978515625,7710.56982421875
1787838300,7710.68017578125,7715.06982421875,7695.3701171875,7697.9501953125
1787838600,7698.33984375,7711.89013671875,7698.33984375,7710.33984375
1787838900,7710.39013671875,7711.02978515625,7695.10986328125,7702.4599609375
1787839200,7702.7001953125,7708.18994140625,7701.14013671875,7706.490234375
1787839500,7706.5,7709.4599609375,7699.009765625,7702.60009765625
1787839800,7702.7998046875,7708.43017578125,7702.7998046875,7705.47998046875
1787840100,7705.2001953125,7711.85986328125,7705.2001953125,7709.52978515625
1787840400,7709.58984375,7713.43017578125,7709.3701171875,7712.60986328125
1787840700,7712.68994140625,7716.89013671875,7710.93017578125,7714.14990234375
1787841000,7714.4501953125,7715.06982421875,7708.31005859375,7711.18017578125
1787841300,7711.18017578125,7717.97998046875,7711.10009765625,7711.240234375
1787841600,7710.97021484375,7714.64990234375,7710.97021484375,7713.72998046875
1787841900,7713.91015625,7721.02978515625,7711.68994140625,7720.6201171875
1787842200,7720.47021484375,7722.22021484375,7717.35986328125,7719.68994140625
1787842500,7719.56982421875,7721.47021484375,7715.89990234375,7721.33984375
1787842800,7721.3798828125,7724.240234375,7720.2099609375,7724.08984375
1787843100,7724.18017578125,7724.5400390625,7721.06982421875,7723.4501953125
1787843400,7723.43994140625,7726.39013671875,7722.740234375,7726.330078125
1787843700,7726.47021484375,7728.97998046875,7726.08984375,7727.240234375
1787844000,7727.2001953125,7728.3798828125,7725.2099609375,7725.5498046875
1787844300,7725.60009765625,7725.68994140625,7720.25,7720.4501953125
1787844600,7720.89990234375,7723.93994140625,7718.4599609375,7719.91015625
1787844900,7720.14013671875,7721.10986328125,7716.7099609375,7717.5
1787845200,7717.4599609375,7721.43994140625,7714.16015625,7714.3798828125
1787845500,7714.35986328125,7714.75,7711.6201171875,7714.58984375
1787845800,7714.56005859375,7726.68017578125,7714.56005859375,7726.64990234375
1787846100,7726.60009765625,7726.60009765625,7723.22998046875,7723.91015625
1787846400,7723.9501953125,7727.16015625,7723.4501953125,7726.080078125
1787846700,7726.2001953125,7726.330078125,7722.43994140625,7723.14013671875
1787847000,7723.14013671875,7725.2900390625,7722.10009765625,7723.89990234375
1787847300,7723.89990234375,7725.68017578125,7723.43994140625,7724.64013671875
1787847600,7724.60986328125,7724.60986328125,7721.490234375,7723.56982421875
1787847900,7723.5498046875,7727.06982421875,7722.5,7727.009765625
1787848200,7726.9501953125,7729.35009765625,7726.39013671875,7729.18994140625
1787848500,7729.1201171875,7733.06005859375,7728.9599609375,7733.0400390625
1787848800,7733.10986328125,7735.43017578125,7733.0,7734.64990234375
1787849100,7734.830078125,7736.990234375,7734.39990234375,7735.10009765625
1787849400,7735.16015625,7737.9599609375,7734.1201171875,7737.0498046875
1787849700,7737.18017578125,7738.31005859375,7735.169921875,7737.97021484375
1787850000,7737.990234375,7739.47021484375,7737.58984375,7738.39013671875
1787850300,7738.31982421875,7740.330078125,7735.60009765625,7740.16015625
1787850600,7740.18994140625,7741.27001953125,7738.97021484375,7739.43994140625
1787850900,7739.4501953125,7740.240234375,7738.2001953125,7739.27978515625
1787851200,7739.330078125,7740.72998046875,7738.60009765625,7740.0498046875
1787851500,7739.97021484375,7739.97021484375,7734.8798828125,7735.14013671875
1787851800,7735.18017578125,7738.490234375,7734.85986328125,7735.39990234375
1787852100,7735.4501953125,7737.14013671875,7734.990234375,7735.2001953125
1787852400,7735.18994140625,7737.72998046875,7734.4501953125,7734.60009765625
1787852700,7734.7099609375,7734.85009765625,7730.93994140625,7731.75
1787853000,7731.83984375,7732.6201171875,7730.27978515625,7731.830078125
1787853300,7731.83984375,7732.85986328125,7729.89013671875,7730.60986328125
1787853600,7730.580078125,7731.83984375,7723.68017578125,7723.72021484375
1787853900,7723.669921875,7725.6201171875,7722.2001953125,7723.66015625
1787854200,7723.52001953125,7723.91015625,7718.56982421875,7720.72998046875
1787854500,7720.83984375,7722.89013671875,7719.25,7721.08984375
1787854800,7721.14990234375,7722.35986328125,7718.39990234375,7719.25
1787855100,7719.25,7719.47998046875,7711.3798828125,7712.3798828125
1787855400,7712.33984375,7717.240234375,7712.33984375,7713.759765625
1787855700,7713.81982421875,7718.39990234375,7713.14990234375,7718.39990234375
1787856000,7718.419921875,7719.64990234375,7716.669921875,7717.06982421875
1787856300,7717.10986328125,7718.75,7713.7099609375,7713.7099609375
1787856600,7713.47998046875,7714.419921875,7711.81982421875,7711.990234375
1787856900,7712.009765625,7716.35009765625,7710.169921875,7715.39990234375
1787857200,7715.27978515625,7718.4501953125,7713.91015625,7717.68017578125
1787857500,7717.7001953125,7720.52978515625,7715.56005859375,7719.91015625
1787857800,7719.91015625,7720.9501953125,7717.75,7717.93017578125
1787858100,7717.66015625,7720.5498046875,7717.66015625,7720.509765625
1787858400,7720.4501953125,7721.1201171875,7718.419921875,7718.56982421875
1787858700,7718.56982421875,7719.2998046875,7716.5400390625,7717.68994140625
1787859000,7717.669921875,7723.27978515625,7716.7001953125,7722.72021484375
1787859300,7722.85009765625,7724.4599609375,7722.47021484375,7724.27978515625
1787859600,7724.33984375,7724.9501953125,7722.56005859375,7724.9501953125
1787859900,7724.9501953125,7726.81005859375,7724.2001953125,7726.669921875
1787860200,7726.56005859375,7732.1201171875,7722.8701171875,7731.3798828125
1787860500,7731.33984375,7732.14013671875,7727.91015625,7730.10986328125
1787923800,7735.169921875,7739.18994140625,7733.990234375,7738.97998046875
1787924100,7739.10986328125,7743.10986328125,7735.27978515625,7740.509765625
1787924400,7740.41015625,7747.0400390625,7740.22998046875,7744.419921875
1787924700,7744.2900390625,7747.3701171875,7739.4501953125,7740.0400390625
1787925000,7739.39990234375,7739.419921875,7734.56005859375,7736.47021484375
1787925300,7735.97998046875,7741.81982421875,7734.97021484375,7736.93017578125
1787925600,7738.35986328125,7748.25,7731.5498046875,7735.91015625
1787925900,7735.81982421875,7735.81982421875,7725.0498046875,7729.18994140625
1787926200,7728.81982421875,7728.91015625,7715.8701171875,7719.25
1787926500,7720.0498046875,7735.0400390625,7719.64013671875,7732.75
1787926800,7732.39990234375,7740.43017578125,7728.919921875,7733.1298828125
1787927100,7733.25,7734.10009765625,7724.4501953125,7730.3701171875
1787927400,7730.419921875,7738.72021484375,7728.169921875,7738.080078125
1787927700,7738.490234375,7744.490234375,7737.669921875,7741.75
1787928000,7741.52978515625,7753.31005859375,7741.10986328125,7752.72998046875
1787928300,7752.68994140625,7756.22021484375,7750.259765625,7756.06005859375
1787928600,7756.169921875,7765.02978515625,7755.6298828125,7763.7001953125
1787928900,7763.4501953125,7768.3701171875,7762.9501953125,7767.85009765625
1787929200,7768.35986328125,7771.47998046875,7766.7099609375,7768.0400390625
1787929500,7767.990234375,7768.2900390625,7759.43017578125,7760.240234375
1787929800,7760.39990234375,7762.02001953125,7756.5498046875,7759.830078125
1787930100,7759.89013671875,7764.06005859375,7759.8701171875,7760.85986328125
1787930400,7760.81982421875,7767.080078125,7760.81982421875,7766.22021484375
1787930700,7766.169921875,7769.81005859375,7765.97021484375,7767.919921875
1787931000,7767.990234375,7768.18017578125,7762.9599609375,7762.990234375
1787931300,7762.89013671875,7763.58984375,7754.14013671875,7754.56005859375
1787931600,7754.58984375,7754.58984375,7745.18017578125,7745.580078125
1787931900,7745.669921875,7747.47021484375,7739.52001953125,7740.27001953125
1787932200,7740.419921875,7742.39013671875,7732.68017578125,7738.77001953125
1787932500,7738.77978515625,7739.0400390625,7726.419921875,7728.81982421875
1787932800,7728.490234375,7730.2099609375,7722.3798828125,7726.10009765625
1787933100,7725.7998046875,7734.31005859375,7725.27978515625,7733.5
1787933400,7733.64990234375,7733.990234375,7728.25,7728.2998046875
1787933700,7728.4501953125,7730.259765625,7716.2998046875,7720.02001953125
1787934000,7719.8798828125,7721.08984375,7709.7900390625,7712.9501953125
1787934300,7712.89990234375,7716.10986328125,7711.10986328125,7714.1201171875
1787934600,7713.7900390625,7722.7998046875,7713.669921875,7714.60986328125
1787934900,7714.56005859375,7723.60009765625,7714.39013671875,7720.85986328125
1787935200,7720.85986328125,7721.02001953125,7713.77001953125,7714.56005859375
1787935500,7714.56982421875,7723.77001953125,7714.56982421875,7721.56005859375
1787935800,7721.75,7724.52978515625,7716.97998046875,7717.2099609375
1787936100,7717.22021484375,7718.93994140625,7715.10009765625,7715.14990234375
1787936400,7715.06005859375,7715.06005859375,7704.97021484375,7708.259765625
1787936700,7708.27978515625,7708.27978515625,7703.25,7703.43017578125
1787937000,7703.0498046875,7711.009765625,7701.35009765625,7710.91015625
1787937300,7711.1298828125,7711.6298828125,7707.85986328125,7709.81005859375
1787937600,7709.7998046875,7710.22021484375,7704.31005859375,7706.990234375
1787937900,7707.27978515625,7711.330078125,7705.77978515625,7707.08984375
1787938200,7706.7998046875,7712.580078125,7705.81005859375,7711.52001953125
1787938500,7711.509765625,7712.8798828125,7704.759765625,7705.0
1787938800,7704.83984375,7709.22021484375,7704.77978515625,7708.4599609375
1787939100,7708.52978515625,7714.8798828125,7707.2998046875,7714.43017578125
1787939400,7714.3701171875,7715.1201171875,7712.64990234375,7713.2998046875
1787939700,7713.2099609375,7713.52001953125,7709.14990234375,7713.31982421875
1787940000,7713.39990234375,7715.39990234375,7711.27001953125,7713.14990234375
1787940300,7713.080078125,7714.93017578125,7711.81005859375,7713.169921875
1787940600,7713.31005859375,7715.31005859375,7710.22021484375,7710.259765625
1787940900,7710.240234375,7712.75,7710.0,7712.22998046875
1787941200,7712.18017578125,7713.43994140625,7707.2900390625,7708.52978515625
1787941500,7708.6298828125,7710.72021484375,7707.14990234375,7708.35986328125
1787941800,7708.41015625,7712.25,7707.759765625,7711.4501953125
1787942100,7711.419921875,7713.0498046875,7708.68017578125,7708.68994140625
1787942400,7708.6298828125,7711.2998046875,7707.97021484375,7710.47998046875
1787942700,7710.52978515625,7710.52978515625,7704.89990234375,7705.22021484375
1787943000,7705.169921875,7705.169921875,7700.91015625,7702.81005859375
1787943300,7702.8798828125,7705.6201171875,7701.3701171875,7704.31982421875
1787943600,7704.56982421875,7706.93994140625,7702.47021484375,7705.31005859375
1787943900,7705.27001953125,7710.93994140625,7704.93017578125,7710.93994140625
1787944200,7710.85986328125,7711.080078125,7707.2900390625,7709.83984375
1787944500,7709.8701171875,7710.1201171875,7707.60986328125,7709.97021484375
1787944800,7709.93994140625,7712.5,7709.31982421875,7710.43017578125
1787945100,7710.52978515625,7713.47021484375,7710.47021484375,7712.56005859375
1787945400,7712.7001953125,7712.7001953125,7710.1298828125,7711.72998046875
1787945700,7711.68017578125,7713.2001953125,7709.419921875,7712.89990234375
1787946000,7712.8701171875,7715.240234375,7712.72021484375,7713.740234375
1787946300,7713.77001953125,7714.64013671875,7707.740234375,7710.080078125
1787946600,7709.93994140625,7715.1201171875,7708.97998046875,7711.240234375
1787946900,7711.02001953125,7716.14013671875,7709.81982421875,7709.89990234375
1788183000,7697.52001953125,7697.52001953125,7681.0,7682.169921875
1788183300,7682.009765625,7682.7099609375,7675.5498046875,7680.8798828125
1788183600,7680.9599609375,7684.31982421875,7675.68994140625,7675.68994140625
1788183900,7676.0,7683.669921875,7673.33984375,7679.43017578125
1788184200,7679.14013671875,7682.18017578125,7676.4501953125,7682.169921875
1788184500,7682.27001953125,7683.9501953125,7678.1201171875,7679.31005859375
1788184800,7679.52001953125,7680.27001953125,7675.330078125,7675.759765625
1788185100,7675.77001953125,7678.419921875,7672.43017578125,7672.47998046875
1788185400,7672.419921875,7676.669921875,7671.669921875,7676.18994140625
1788185700,7676.27978515625,7678.35009765625,7673.81005859375,7677.25
1788186000,7677.25,7677.58984375,7668.10009765625,7668.10009765625
1788186300,7667.58984375,7668.27978515625,7665.06005859375,7667.009765625
1788186600,7666.990234375,7669.1201171875,7665.81005859375,7666.35009765625
1788186900,7666.52001953125,7675.60009765625,7665.89013671875,7673.5400390625
1788187200,7673.509765625,7678.0,7672.7900390625,7674.66015625
1788187500,7674.97021484375,7675.43994140625,7671.47998046875,7671.72998046875
1788187800,7671.759765625,7675.8798828125,7671.18017578125,7675.75
1788188100,7675.7099609375,7681.60986328125,7674.89013671875,7677.509765625
1788188400,7677.6201171875,7681.60986328125,7674.8701171875,7676.18994140625
1788188700,7676.10009765625,7679.77978515625,7674.18017578125,7674.52978515625
1788189000,7674.509765625,7676.91015625,7673.47021484375,7674.83984375
1788189300,7674.990234375,7676.47021484375,7671.919921875,7675.10986328125
1788189600,7675.41015625,7678.39013671875,7673.72021484375,7677.56982421875
1788189900,7677.68017578125,7679.47998046875,7676.18994140625,7677.0400390625
1788190200,7677.2099609375,7677.240234375,7671.77978515625,7674.8701171875
1788190500,7674.8701171875,7675.97998046875,7672.2099609375,7673.43017578125
1788190800,7673.56982421875,7676.240234375,7672.06982421875,7675.97998046875
1788191100,7676.10986328125,7677.52978515625,7674.81005859375,7676.419921875
1788191400,7676.43017578125,7680.58984375,7676.43017578125,7678.77978515625
1788191700,7678.75,7678.990234375,7671.240234375,7671.5
1788192000,7671.68017578125,7671.8701171875,7668.759765625,7669.27978515625
1788192300,7669.2099609375,7669.81982421875,7668.0400390625,7669.56005859375
1788192600,7669.39990234375,7675.1201171875,7668.68994140625,7674.7900390625
1788192900,7674.7998046875,7675.080078125,7670.77978515625,7673.4599609375
1788193200,7673.39990234375,7674.4501953125,7670.81982421875,7671.89013671875
1788193500,7671.8798828125,7676.7900390625,7671.8798828125,7676.68017578125
1788193800,7676.75,7676.7900390625,7673.77001953125,7675.43017578125
1788194100,7675.419921875,7676.259765625,7670.009765625,7670.009765625
1788194400,7669.91015625,7675.080078125,7669.580078125,7672.0400390625
1788194700,7672.02001953125,7676.1201171875,7671.89990234375,7675.3798828125
1788195000,7675.43017578125,7677.25,7674.7900390625,7675.66015625
1788195300,7675.5498046875,7677.3798828125,7675.5498046875,7676.72998046875
1788195600,7676.60009765625,7676.60009765625,7673.5400390625,7674.1201171875
1788195900,7674.2998046875,7675.8798828125,7673.18017578125,7673.77001953125
1788196200,7673.64990234375,7676.93994140625,7673.580078125,7676.93994140625
1788196500,7676.91015625,7678.06982421875,7674.89990234375,7676.35986328125
1788196800,7676.240234375,7676.89990234375,7675.2099609375,7675.85986328125
1788197100,7675.81005859375,7675.85009765625,7671.77978515625,7672.39013671875
1788197400,7672.35009765625,7673.0400390625,7669.77001953125,7670.93017578125
1788197700,7670.89990234375,7675.7900390625,7670.89990234375,7675.7900390625
1788198000,7675.81982421875,7679.919921875,7675.66015625,7679.7900390625
1788198300,7679.9599609375,7681.830078125,7679.43994140625,7680.77978515625
1788198600,7680.81005859375,7685.0498046875,7680.77001953125,7685.02001953125
1788198900,7685.0498046875,7685.33984375,7681.35986328125,7682.56982421875
1788199200,7682.6298828125,7684.2900390625,7678.7900390625,7683.7998046875
1788199500,7683.75,7684.89990234375,7681.97021484375,7684.16015625
1788199800,7684.240234375,7684.72021484375,7682.31982421875,7684.5400390625
1788200100,7684.56005859375,7685.509765625,7683.56005859375,7684.52978515625
1788200400,7684.52978515625,7685.72998046875,7682.93017578125,7684.08984375
1788200700,7684.10986328125,7684.10986328125,7680.5400390625,7680.7998046875
1788201000,7680.85986328125,7681.56982421875,7677.419921875,7677.509765625
1788201300,7677.60009765625,7678.080078125,7670.81982421875,7672.14013671875
1788201600,7672.0,7673.1298828125,7668.31982421875,7671.3701171875
1788201900,7671.43017578125,7672.14990234375,7669.580078125,7671.91015625
1788202200,7671.919921875,7674.3798828125,7670.25,7674.27001953125
1788202500,7674.31982421875,7675.97998046875,7673.10986328125,7674.10986328125
1788202800,7674.06982421875,7677.490234375,7674.06982421875,7675.5400390625
1788203100,7675.58984375,7677.5400390625,7674.35986328125,7677.3701171875
1788203400,7677.35986328125,7679.419921875,7676.77978515625,7679.10986328125
1788203700,7679.02001953125,7679.43994140625,7677.2900390625,7677.60986328125
1788204000,7677.509765625,7681.7998046875,7677.2001953125,7681.240234375
1788204300,7681.22998046875,7684.580078125,7680.2900390625,7683.60009765625
1788204600,7683.3798828125,7683.3798828125,7679.39013671875,7681.66015625
1788204900,7681.77001953125,7684.06005859375,7681.02001953125,7683.27978515625
1788205200,7683.2998046875,7688.7900390625,7683.2998046875,7687.43994140625
1788205500,7687.330078125,7688.5498046875,7683.18017578125,7685.4599609375
1788205800,7685.43994140625,7693.14990234375,7685.43994140625,7691.259765625
1788206100,7691.1298828125,7696.330078125,7684.3701171875,7684.3701171875
1788269400,7635.47021484375,7638.02978515625,7627.8701171875,7634.740234375
1788269700,7635.5498046875,7640.41015625,7632.8701171875,7634.2001953125
1788270000,7633.60986328125,7637.009765625,7629.990234375,7635.41015625
1788270300,7635.81005859375,7638.5498046875,7633.10986328125,7637.06982421875
1788270600,7637.669921875,7640.60009765625,7632.080078125,7633.56005859375
1788270900,7634.18017578125,7636.25,7631.2099609375,7636.08984375
1788271200,7635.75,7642.330078125,7634.0,7638.43017578125
1788271500,7638.1201171875,7645.490234375,7638.1201171875,7644.85009765625
1788271800,7644.9599609375,7646.85986328125,7641.06005859375,7646.4501953125
1788272100,7646.31005859375,7651.39013671875,7646.31005859375,7648.64990234375
1788272400,7648.83984375,7655.830078125,7648.83984375,7653.419921875
1788272700,7653.56982421875,7656.5,7652.9501953125,7653.7900390625
1788273000,7653.81005859375,7661.18017578125,7653.81005859375,7660.97021484375
1788273300,7660.81982421875,7661.68994140625,7657.52001953125,7658.7900390625
1788273600,7658.85986328125,7659.56005859375,7655.18994140625,7657.3798828125
1788273900,7657.7099609375,7659.89990234375,7655.9599609375,7655.9599609375
1788274200,7655.93017578125,7656.009765625,7651.02001953125,7651.7900390625
1788274500,7651.85009765625,7653.16015625,7649.9501953125,7651.68994140625
1788274800,7651.77978515625,7652.9599609375,7646.52978515625,7647.47021484375
1788275100,7647.5,7648.16015625,7643.2900390625,7644.4501953125
1788275400,7644.31982421875,7648.14013671875,7643.89990234375,7646.41015625
1788275700,7646.10986328125,7650.39990234375,7645.43017578125,7649.85986328125
1788276000,7649.97998046875,7651.8798828125,7647.60009765625,7651.72021484375
1788276300,7651.740234375,7652.75,7649.39990234375,7652.75
1788276600,7652.89013671875,7654.56982421875,7651.77001953125,7653.43017578125
1788276900,7653.47021484375,7657.89990234375,7652.419921875,7657.43994140625
1788277200,7657.72998046875,7659.509765625,7656.85009765625,7659.47021484375
1788277500,7659.27978515625,7663.169921875,7658.669921875,7662.83984375
1788277800,7662.77978515625,7663.6298828125,7660.22021484375,7662.169921875
1788278100,7662.22021484375,7662.56005859375,7658.740234375,7659.85009765625
1788278400,7659.75,7660.33984375,7657.66015625,7659.35986328125
1788278700,7659.330078125,7659.81005859375,7655.0498046875,7655.14013671875
1788279000,7655.22998046875,7657.4501953125,7652.22021484375,7652.31005859375
1788279300,7652.2099609375,7652.52001953125,7646.759765625,7646.759765625
1788279600,7646.9599609375,7647.31005859375,7640.97021484375,7645.43017578125
1788279900,7645.31005859375,7646.009765625,7639.60009765625,7641.8798828125
1788280200,7641.990234375,7642.85009765625,7632.93017578125,7633.33984375
1788280500,7633.3798828125,7638.830078125,7633.27978515625,7638.7900390625
1788280800,7638.81982421875,7639.93994140625,7633.2900390625,7633.2900390625
1788281100,7633.419921875,7636.919921875,7632.93017578125,7636.27001953125
1788281400,7636.27001953125,7636.93017578125,7634.35009765625,7635.52001953125
1788281700,7635.64013671875,7640.39013671875,7635.64013671875,7639.6201171875
1788282000,7639.56982421875,7639.56982421875,7633.830078125,7633.830078125
1788282300,7633.81982421875,7634.75,7631.580078125,7633.490234375
1788282600,7633.39013671875,7636.97021484375,7632.580078125,7635.85009765625
1788282900,7635.85009765625,7637.25,7631.85009765625,7632.3701171875
1788283200,7632.419921875,7633.85009765625,7631.60009765625,7632.41015625
1788283500,7632.419921875,7633.47021484375,7626.08984375,7633.16015625
1788283800,7633.14013671875,7637.0400390625,7632.81005859375,7636.7900390625
1788284100,7636.85986328125,7638.52978515625,7634.5400390625,7635.72021484375
1788284400,7635.66015625,7638.4599609375,7635.419921875,7637.3798828125
1788284700,7637.259765625,7638.080078125,7632.68017578125,7632.68017578125
1788285000,7632.60009765625,7634.740234375,7631.77001953125,7632.22021484375
1788285300,7632.58984375,7635.31982421875,7631.43994140625,7634.7099609375
1788285600,7634.8701171875,7636.60986328125,7632.60986328125,7632.93994140625
1788285900,7633.0498046875,7633.5400390625,7630.990234375,7633.39990234375
1788286200,7633.2900390625,7633.490234375,7629.5,7630.10009765625
1788286500,7630.14013671875,7634.580078125,7629.18017578125,7634.0400390625
1788286800,7633.97021484375,7634.39013671875,7631.60009765625,7633.14013671875
1788287100,7632.919921875,7632.919921875,7627.14013671875,7628.27978515625
1788287400,7628.3798828125,7628.85009765625,7623.02978515625,7623.919921875
1788287700,7623.8701171875,7625.31982421875,7621.39990234375,7621.72998046875
1788288000,7621.6201171875,7622.25,7613.77978515625,7613.77978515625
1788288300,7613.77978515625,7618.43994140625,7611.2001953125,7617.68994140625
1788288600,7617.93017578125,7619.7001953125,7616.52978515625,7618.669921875
1788288900,7618.64013671875,7625.1298828125,7618.06982421875,7623.52978515625
1788289200,7623.52001953125,7628.31982421875,7622.919921875,7627.68017578125
1788289500,7627.759765625,7628.18994140625,7625.06005859375,7627.10986328125
1788289800,7627.25,7630.89013671875,7626.89013671875,7630.8701171875
1788290100,7631.009765625,7632.1298828125,7629.3798828125,7630.56005859375
1788290400,7630.66015625,7631.4501953125,7627.68994140625,7629.68994140625
1788290700,7629.6298828125,7630.97998046875,7628.669921875,7630.2099609375
1788291000,7630.419921875,7630.490234375,7624.4501953125,7627.97998046875
1788291300,7628.10986328125,7629.43017578125,7624.93017578125,7624.9501953125
1788291600,7624.9501953125,7628.6201171875,7624.35009765625,7626.7001953125
1788291900,7626.75,7630.89990234375,7626.1298828125,7629.2099609375
1788292200,7629.10986328125,7629.10986328125,7621.7998046875,7625.64990234375
1788292500,7625.41015625,7632.60009765625,7622.6201171875,7632.60009765625
1788355800,7634.580078125,7642.35986328125,7633.6201171875,7641.18994140625
1788356100,7641.56005859375,7641.56005859375,7633.93994140625,7641.4599609375
1788356400,7641.52001953125,7644.10009765625,7640.1201171875,7644.02978515625
1788356700,7643.830078125,7646.43017578125,7637.02001953125,7637.56005859375
1788357000,7637.419921875,7642.0498046875,7636.5498046875,7640.22998046875
1788357300,7640.43994140625,7647.06005859375,7638.60986328125,7646.91015625
1788357600,7647.14013671875,7653.68994140625,7645.330078125,7653.66015625
1788357900,7653.669921875,7658.5498046875,7653.669921875,7654.419921875
1788358200,7654.259765625,7660.56982421875,7653.25,7660.56982421875
1788358500,7660.240234375,7667.02978515625,7657.60009765625,7666.16015625
1788358800,7665.89013671875,7670.27001953125,7664.64990234375,7668.97998046875
1788359100,7669.10009765625,7672.22998046875,7667.58984375,7669.85986328125
1788359400,7669.990234375,7672.10986328125,7666.5400390625,7672.0400390625
1788359700,7672.2001953125,7675.47021484375,7671.830078125,7675.47021484375
1788360000,7675.7001953125,7680.64990234375,7675.39013671875,7680.3701171875
1788360300,7680.4599609375,7681.0,7673.39990234375,7675.0
1788360600,7675.1201171875,7675.31982421875,7669.9599609375,7670.97021484375
1788360900,7671.0498046875,7672.93017578125,7669.02978515625,7669.97021484375
1788361200,7670.009765625,7673.6201171875,7668.93017578125,7670.990234375
1788361500,7671.4501953125,7673.10986328125,7669.6298828125,7671.3701171875
1788361800,7671.39990234375,7674.93994140625,7669.3701171875,7672.18994140625
1788362100,7672.08984375,7677.169921875,7670.89013671875,7676.97021484375
1788362400,7677.02978515625,7677.89990234375,7674.68017578125,7676.27001953125
1788362700,7676.3798828125,7680.35009765625,7676.169921875,7680.1201171875
1788363000,7680.08984375,7681.18994140625,7677.5498046875,7677.5498046875
1788363300,7677.52001953125,7678.0400390625,7674.9599609375,7675.509765625
1788363600,7675.56982421875,7676.52001953125,7674.009765625,7674.009765625
1788363900,7673.9599609375,7673.9599609375,7667.240234375,7667.27001953125
1788364200,7667.330078125,7672.6201171875,7666.43017578125,7669.7001953125
1788364500,7669.91015625,7676.0498046875,7668.2998046875,7675.56005859375
1788364800,7675.580078125,7676.2099609375,7672.4599609375,7675.08984375
1788365100,7675.18994140625,7676.080078125,7673.47998046875,7674.41015625
1788365400,7674.52001953125,7675.580078125,7673.31005859375,7674.10986328125
1788365700,7673.8701171875,7674.02978515625,7670.169921875,7671.3798828125
1788366000,7671.47021484375,7672.3701171875,7666.830078125,7666.89013671875
1788366300,7667.009765625,7667.91015625,7664.10009765625,7664.990234375
1788366600,7665.10986328125,7669.6201171875,7665.10986328125,7667.72021484375
1788366900,7667.7998046875,7669.35986328125,7666.85986328125,7667.5
1788367200,7667.2998046875,7667.31982421875,7663.91015625,7663.919921875
1788367500,7663.919921875,7666.18017578125,7663.85009765625,7665.06982421875
1788367800,7665.10986328125,7669.39990234375,7663.830078125,7668.0400390625
1788368100,7667.9501953125,7668.990234375,7665.68994140625,7665.93994140625
1788368400,7665.97998046875,7670.759765625,7665.97998046875,7670.7099609375
1788368700,7670.4501953125,7671.169921875,7662.240234375,7662.990234375
1788369000,7662.85986328125,7666.97998046875,7662.83984375,7665.72998046875
1788369300,7665.75,7665.77001953125,7661.509765625,7661.93017578125
1788369600,7661.89990234375,7663.72998046875,7660.93017578125,7662.919921875
1788369900,7662.83984375,7664.77001953125,7662.14013671875,7663.080078125
1788370200,7663.35009765625,7664.06982421875,7660.22021484375,7660.22021484375
1788370500,7660.22021484375,7661.93017578125,7660.08984375,7661.02978515625
1788370800,7661.06982421875,7665.4599609375,7660.0400390625,7665.35009765625
1788371100,7665.52978515625,7668.7900390625,7665.41015625,7666.0498046875
1788371400,7666.10986328125,7666.72998046875,7664.580078125,7666.02001953125
1788371700,7665.91015625,7668.83984375,7663.4501953125,7667.81982421875
1788372000,7667.8701171875,7669.43017578125,7663.89013671875,7669.35986328125
1788372300,7669.35986328125,7670.2099609375,7667.14990234375,7667.66015625
1788372600,7667.39990234375,7668.97998046875,7666.9599609375,7668.4501953125
1788372900,7668.4599609375,7676.740234375,7668.169921875,7672.02001953125
1788373200,7671.919921875,7673.22021484375,7670.43017578125,7671.10986328125
1788373500,7671.240234375,7671.64013671875,7668.72998046875,7669.6201171875
1788373800,7669.56005859375,7671.47998046875,7668.8798828125,7668.8798828125
1788374100,7669.02001953125,7669.75,7664.6298828125,7664.66015625
1788374400,7664.60986328125,7665.10986328125,7662.93017578125,7663.669921875
1788374700,7663.83984375,7666.0,7662.47998046875,7665.259765625
1788375000,7665.2001953125,7666.02001953125,7662.83984375,7664.330078125
1788375300,7664.31005859375,7666.31005859375,7663.43017578125,7664.08984375
1788375600,7664.1298828125,7666.14990234375,7663.47021484375,7665.39013671875
1788375900,7665.47021484375,7668.64990234375,7665.47021484375,7668.64990234375
1788376200,7668.5400390625,7670.97021484375,7668.31982421875,7670.06005859375
1788376500,7670.1201171875,7670.580078125,7668.64990234375,7670.5498046875
1788376800,7670.580078125,7670.580078125,7667.41015625,7668.81982421875
1788377100,7668.830078125,7671.330078125,7668.3798828125,7671.25
1788377400,7670.89013671875,7671.2900390625,7668.0400390625,7669.47998046875
1788377700,7669.5400390625,7669.759765625,7667.60986328125,7667.759765625
1788378000,7667.60009765625,7670.25,7667.02978515625,7669.7998046875
1788378300,7669.8701171875,7671.27001953125,7668.52978515625,7669.919921875
1788378600,7670.16015625,7670.39990234375,7666.0498046875,7668.43994140625
1788378900,7668.39013671875,7668.39013671875,7664.10986328125,7667.4501953125
1788442200,7686.7099609375,7710.68017578125,7686.7099609375,7707.1201171875
1788442500,7707.2099609375,7715.18994140625,7702.080078125,7715.18994140625
1788442800,7714.93017578125,7715.41015625,7709.85009765625,7714.1201171875
1788443100,7714.72998046875,7716.02001953125,7711.58984375,7712.8798828125
1788443400,7712.830078125,7716.68994140625,7709.64013671875,7712.52001953125
1788443700,7712.2099609375,7712.9599609375,7707.5,7711.25
1788444000,7713.4599609375,7713.4599609375,7697.16015625,7697.72021484375
1788444300,7697.52001953125,7700.06005859375,7693.1298828125,7694.56982421875
1788444600,7694.580078125,7700.06982421875,7691.39013671875,7700.06982421875
1788444900,7699.990234375,7705.259765625,7698.31005859375,7704.7099609375
1788445200,7704.6298828125,7706.72021484375,7701.97021484375,7704.9599609375
1788445500,7704.89013671875,7705.41015625,7701.7001953125,7703.52001953125
1788445800,7703.2998046875,7706.16015625,7694.83984375,7694.83984375
1788446100,7695.2998046875,7701.10986328125,7695.1298828125,7697.830078125
1788446400,7697.5400390625,7702.43017578125,7696.259765625,7697.5400390625
1788446700,7697.75,7703.8701171875,7697.2998046875,7703.830078125
1788447000,7703.6201171875,7703.85986328125,7698.27978515625,7702.2001953125
1788447300,7702.25,7709.240234375,7692.2099609375,7709.0400390625
1788447600,7708.990234375,7720.2099609375,7708.990234375,7720.2099609375
1788447900,7720.68994140625,7724.7001953125,7720.509765625,7723.47021484375
1788448200,7723.52978515625,7730.8798828125,7723.52978515625,7730.8798828125
1788448500,7731.43017578125,7736.080078125,7731.43017578125,7735.85009765625
1788448800,7735.919921875,7738.47998046875,7731.64013671875,7737.2900390625
1788449100,7736.85009765625,7745.83984375,7736.64990234375,7745.68994140625
1788449400,7745.6298828125,7748.22021484375,7743.33984375,7745.080078125
1788449700,7745.06982421875,7746.1201171875,7740.8701171875,7741.77978515625
1788450000,7741.7001953125,7744.52978515625,7739.39013671875,7741.89990234375
1788450300,7741.97998046875,7745.830078125,7741.97998046875,7745.77978515625
1788450600,7745.72021484375,7749.08984375,7745.33984375,7748.14990234375
1788450900,7748.2001953125,7749.4599609375,7746.41015625,7749.4599609375
1788451200,7749.68017578125,7749.68017578125,7744.7900390625,7745.06982421875
1788451500,7745.0,7745.9599609375,7741.81005859375,7742.6201171875
1788451800,7742.490234375,7743.64990234375,7740.77978515625,7743.47998046875
1788452100,7743.47998046875,7745.259765625,7742.490234375,7744.2099609375
1788452400,7744.10986328125,7744.47998046875,7741.41015625,7741.41015625
1788452700,7741.4501953125,7741.580078125,7738.91015625,7741.009765625
1788453000,7741.0498046875,7742.7900390625,7739.72998046875,7741.7099609375
1788453300,7741.64990234375,7747.06005859375,7740.509765625,7746.2099609375
1788453600,7746.35986328125,7748.64013671875,7746.0498046875,7747.7001953125
1788453900,7747.81982421875,7748.6298828125,7746.93017578125,7747.7099609375
1788454200,7747.64990234375,7747.97998046875,7743.8701171875,7744.77001953125
1788454500,7744.85009765625,7746.60009765625,7743.97021484375,7745.60986328125
1788454800,7745.68994140625,7746.27001953125,7742.93017578125,7744.22998046875
1788455100,7744.27001953125,7745.02001953125,7740.4599609375,7740.4599609375
1788455400,7740.4501953125,7741.68017578125,7739.740234375,7740.43017578125
1788455700,7740.41015625,7741.77001953125,7739.43994140625,7739.64990234375
1788456000,7739.56005859375,7739.56005859375,7737.6201171875,7738.740234375
1788456300,7738.75,7742.64013671875,7738.7001953125,7742.64013671875
1788456600,7742.6201171875,7745.52001953125,7742.56982421875,7744.830078125
1788456900,7745.2001953125,7747.6298828125,7744.72021484375,7746.58984375
1788457200,7746.56982421875,7748.5498046875,7746.56982421875,7747.22021484375
1788457500,7747.25,7748.14013671875,7745.2099609375,7746.41015625
1788457800,7746.27978515625,7751.080078125,7746.0498046875,7750.4501953125
1788458100,7750.43017578125,7751.27978515625,7748.259765625,7748.68994140625
1788458400,7748.68017578125,7755.52001953125,7748.68017578125,7753.81982421875
1788458700,7754.85986328125,7755.490234375,7753.22021484375,7753.39990234375
1788459000,7754.0498046875,7755.93017578125,7753.9599609375,7754.75
1788459300,7754.83984375,7756.759765625,7753.22998046875,7753.68994140625
1788459600,7753.919921875,7754.89990234375,7752.240234375,7753.830078125
1788459900,7753.8798828125,7755.1201171875,7753.08984375,7754.14013671875
1788460200,7754.0498046875,7755.5400390625,7752.27001953125,7755.22998046875
1788460500,7755.10986328125,7755.5400390625,7754.43017578125,7755.02978515625
1788460800,7754.919921875,7755.1298828125,7751.75,7752.10986328125
1788461100,7752.14990234375,7754.68017578125,7752.14990234375,7754.58984375
1788461400,7754.66015625,7755.02001953125,7751.85986328125,7752.6201171875
1788461700,7752.72998046875,7753.419921875,7750.89013671875,7753.39990234375
1788462000,7753.39013671875,7753.669921875,7751.0,7751.8798828125
1788462300,7751.9599609375,7753.27001953125,7751.39990234375,7752.10009765625
1788462600,7752.1298828125,7752.81982421875,7749.77978515625,7750.47021484375
1788462900,7750.4599609375,7752.25,7749.56005859375,7752.25
1788463200,7752.39990234375,7752.39990234375,7747.759765625,7747.89013671875
1788463500,7747.97021484375,7750.68017578125,7747.7099609375,7750.5498046875
1788463800,7750.509765625,7751.93017578125,7749.31982421875,7750.009765625
1788464100,7749.89990234375,7751.97998046875,7749.77978515625,7751.22021484375
1788464400,7751.1201171875,7752.0400390625,7749.0400390625,7749.2001953125
1788464700,7749.18994140625,7750.759765625,7747.6201171875,7749.02001953125
1788465000,7749.0,7750.169921875,7746.97021484375,7749.06005859375
1788465300,7748.83984375,7748.83984375,7744.25,7747.7998046875
1788528600,7750.18994140625,7750.18994140625,7734.8701171875,7743.85986328125
1788528900,7744.02001953125,7744.6201171875,7738.33984375,7740.85986328125
1788529200,7740.9501953125,7741.22998046875,7734.93994140625,7737.52978515625
1788529500,7737.22021484375,7742.22021484375,7733.93017578125,7741.56982421875
1788529800,7741.240234375,7741.240234375,7736.2001953125,7740.27001953125
1788530100,7740.33984375,7742.2001953125,7738.14990234375,7740.4501953125
1788530400,7741.56005859375,7741.56005859375,7734.7001953125,7736.0400390625
1788530700,7736.3701171875,7737.5400390625,7732.0498046875,7732.259765625
1788531000,7731.89013671875,7732.85986328125,7724.68017578125,7732.47021484375
1788531300,7732.3798828125,7732.58984375,7725.39990234375,7725.39990234375
1788531600,7725.31982421875,7728.14013671875,7724.16015625,7726.64013671875
1788531900,7726.8798828125,7729.25,7723.77978515625,7728.009765625
1788532200,7728.08984375,7728.47021484375,7723.14013671875,7724.02978515625
1788532500,7723.89990234375,7727.7001953125,7723.89990234375,7727.08984375
1788532800,7727.490234375,7727.490234375,7718.580078125,7718.89013671875
1788533100,7718.93994140625,7720.93994140625,7713.91015625,7713.91015625
1788533400,7713.8798828125,7717.3701171875,7712.02978515625,7712.02978515625
1788533700,7712.10986328125,7713.25,7709.259765625,7710.72998046875
1788534000,7710.9501953125,7711.9599609375,7706.18017578125,7710.68017578125
1788534300,7710.85986328125,7713.27978515625,7709.9501953125,7712.33984375
1788534600,7712.4501953125,7715.009765625,7710.47021484375,7715.009765625
1788534900,7715.0,7715.31005859375,7708.0400390625,7709.35009765625
1788535200,7709.5498046875,7710.77978515625,7707.18994140625,7709.16015625
1788535500,7709.169921875,7710.759765625,7707.47021484375,7710.43994140625
1788535800,7710.39013671875,7710.64990234375,7706.1201171875,7708.1201171875
1788536100,7708.22021484375,7711.10986328125,7708.10009765625,7710.91015625
1788536400,7710.93017578125,7716.2099609375,7710.89013671875,7715.27978515625
1788536700,7715.52978515625,7716.259765625,7712.240234375,7714.1201171875
1788537000,7714.02978515625,7715.89013671875,7713.06982421875,7714.97021484375
1788537300,7714.97998046875,7716.02978515625,7712.75,7715.330078125
1788537600,7715.18994140625,7716.60986328125,7714.10009765625,7716.41015625
1788537900,7716.43994140625,7720.009765625,7715.47021484375,7719.240234375
1788538200,7719.169921875,7722.91015625,7718.5498046875,7722.8798828125
1788538500,7722.8701171875,7723.97998046875,7721.25,7723.68017578125
1788538800,7723.66015625,7726.830078125,7723.66015625,7724.33984375
1788539100,7724.35009765625,7724.35009765625,7721.81982421875,7722.259765625
1788539400,7722.18994140625,7725.0,7721.31982421875,7724.990234375
1788539700,7724.9501953125,7724.9501953125,7722.81982421875,7723.68017578125
1788540000,7723.72021484375,7725.2099609375,7722.83984375,7724.6201171875
1788540300,7724.64990234375,7728.10009765625,7724.6298828125,7727.9501953125
1788540600,7727.93994140625,7728.759765625,7726.759765625,7726.77978515625
1788540900,7726.72998046875,7727.330078125,7724.85009765625,7724.85009765625
1788541200,7724.89013671875,7725.18017578125,7719.56982421875,7720.4599609375
1788541500,7720.4501953125,7722.10009765625,7719.18017578125,7719.27001953125
1788541800,7719.330078125,7720.6298828125,7718.9501953125,7719.6201171875
1788542100,7719.58984375,7720.39013671875,7717.89990234375,7718.2998046875
1788542400,7718.25,7719.47998046875,7716.35986328125,7716.3798828125
1788542700,7716.35009765625,7717.60009765625,7713.8798828125,7714.16015625
1788543000,7714.1298828125,7714.1298828125,7710.18994140625,7711.43017578125
1788543300,7711.509765625,7713.0400390625,7711.1201171875,7712.5498046875
1788543600,7712.5498046875,7712.5498046875,7708.85986328125,7708.93994140625
1788543900,7708.919921875,7710.39013671875,7706.990234375,7709.27978515625
1788544200,7709.2099609375,7710.2099609375,7708.419921875,7708.9599609375
1788544500,7709.06005859375,7710.66015625,7708.33984375,7709.7900390625
1788544800,7709.8701171875,7711.33984375,7707.93994140625,7708.759765625
1788545100,7708.81005859375,7711.490234375,7707.89013671875,7711.41015625
1788545400,7711.35986328125,7712.77001953125,7710.97998046875,7711.97021484375
1788545700,7712.06005859375,7713.7001953125,7711.6298828125,7713.0
1788546000,7713.18994140625,7715.31005859375,7712.990234375,7714.39990234375
1788546300,7714.419921875,7714.919921875,7713.16015625,7714.06005859375
1788546600,7714.14990234375,7715.77978515625,7714.02978515625,7715.52001953125
1788546900,7715.52978515625,7715.83984375,7713.60009765625,7714.5
1788547200,7714.56005859375,7717.14990234375,7713.9599609375,7717.009765625
1788547500,7716.93994140625,7717.830078125,7716.35986328125,7717.60986328125
1788547800,7717.52978515625,7718.27001953125,7716.7998046875,7717.490234375
1788548100,7717.5498046875,7719.1201171875,7717.02978515625,7718.1201171875
1788548400,7718.16015625,7719.35009765625,7712.580078125,7712.60009765625
1788548700,7712.64990234375,7713.68994140625,7711.81982421875,7712.43994140625
1788549000,7712.490234375,7713.72021484375,7711.64013671875,7711.77978515625
1788549300,7711.7998046875,7713.1201171875,7711.669921875,7712.4599609375
1788549600,7712.43017578125,7713.85009765625,7712.06982421875,7713.2998046875
1788549900,7713.2900390625,7716.080078125,7713.2900390625,7715.580078125
1788550200,7715.47998046875,7715.85009765625,7713.669921875,7715.41015625
1788550500,7715.35009765625,7715.759765625,7712.18994140625,7713.2998046875
1788550800,7713.330078125,7715.27001953125,7712.5498046875,7715.10009765625
1788551100,7715.10986328125,7717.60986328125,7714.77001953125,7717.02978515625
1788551400,7717.0498046875,7720.02978515625,7716.08984375,7719.77978515625
1788551700,7719.81005859375,7719.81005859375,7714.43017578125,7717.81005859375
1788874200,7717.81005859375,7717.81005859375,7702.2099609375,7705.240234375
1788874500,7705.4599609375,7705.4599609375,7696.41015625,7696.490234375
1788874800,7696.89013671875,7697.3798828125,7685.830078125,7687.52001953125
1788875100,7688.06005859375,7692.85986328125,7687.3701171875,7691.8701171875
1788875400,7692.25,7692.47998046875,7683.740234375,7688.47998046875
1788875700,7689.06982421875,7696.22021484375,7688.6201171875,7690.91015625
1788876000,7690.83984375,7692.4501953125,7680.990234375,7684.2099609375
1788876300,7684.580078125,7685.4599609375,7680.02001953125,7680.02978515625
1788876600,7680.10986328125,7682.7998046875,7675.68994140625,7679.5
1788876900,7679.330078125,7683.08984375,7677.72998046875,7681.31982421875
1788877200,7681.0498046875,7686.2001953125,7679.39990234375,7685.919921875
1788877500,7686.0400390625,7686.5498046875,7680.02001953125,7682.3701171875
1788877800,7682.330078125,7685.1201171875,7680.08984375,7685.1201171875
1788878100,7685.27001953125,7685.89013671875,7682.02001953125,7684.77978515625
1788878400,7684.4599609375,7687.2099609375,7683.35986328125,7686.419921875
1788878700,7686.47021484375,7687.60986328125,7682.490234375,7687.39990234375
1788879000,7687.4501953125,7692.009765625,7687.22998046875,7691.3701171875
1788879300,7691.56005859375,7694.2099609375,7688.91015625,7691.68994140625
1788879600,7692.0,7693.5400390625,7689.97998046875,7692.509765625
1788879900,7692.419921875,7693.4501953125,7690.39013671875,7691.41015625
1788880200,7692.009765625,7698.990234375,7691.97998046875,7696.740234375
1788880500,7696.35009765625,7699.31982421875,7694.990234375,7696.06005859375
1788880800,7696.47021484375,7696.60009765625,7689.35986328125,7695.5498046875
1788881100,7695.509765625,7698.4501953125,7693.72998046875,7693.8701171875
1788881400,7693.7998046875,7695.990234375,7691.91015625,7693.27001953125
1788881700,7693.31982421875,7693.419921875,7689.240234375,7690.3798828125
1788882000,7690.35009765625,7695.56982421875,7689.68994140625,7695.0400390625
1788882300,7695.06982421875,7695.7099609375,7690.31982421875,7691.10009765625
1788882600,7691.08984375,7692.60986328125,7690.47021484375,7691.1298828125
1788882900,7691.14990234375,7692.85986328125,7689.06982421875,7689.52001953125
1788883200,7689.52978515625,7691.7001953125,7687.5498046875,7691.490234375
1788883500,7691.740234375,7693.14990234375,7688.85986328125,7688.85986328125
1788883800,7688.8798828125,7688.89990234375,7686.02978515625,7687.5
1788884100,7687.39013671875,7687.66015625,7683.85009765625,7684.66015625
1788884400,7684.6201171875,7689.419921875,7683.56982421875,7689.330078125
1788884700,7689.39990234375,7691.6298828125,7686.2900390625,7686.60009765625
1788885000,7686.580078125,7688.31005859375,7685.64990234375,7687.43994140625
1788885300,7687.39013671875,7688.02001953125,7685.080078125,7685.080078125
1788885600,7685.27001953125,7686.8798828125,7683.7001953125,7685.58984375
1788885900,7685.43994140625,7688.39990234375,7684.52001953125,7687.68994140625
1788886200,7687.66015625,7690.7099609375,7686.60009765625,7687.509765625
1788886500,7687.5400390625,7688.02001953125,7681.27978515625,7684.39013671875
1788886800,7684.43017578125,7694.0498046875,7684.419921875,7694.0498046875
1788887100,7694.1201171875,7696.18017578125,7690.8701171875,7690.8701171875
1788887400,7690.97021484375,7692.2998046875,7690.830078125,7691.60986328125
1788887700,7691.75,7692.25,7690.72021484375,7691.89990234375
1788888000,7691.60986328125,7691.9501953125,7689.56982421875,7691.64990234375
1788888300,7691.18017578125,7691.18017578125,7687.52001953125,7689.919921875
1788888600,7689.97998046875,7693.22021484375,7689.8701171875,7692.509765625
1788888900,7692.35986328125,7694.080078125,7691.97998046875,7692.490234375
1788889200,7692.43017578125,7692.490234375,7688.7998046875,7689.0498046875
1788889500,7689.10009765625,7691.39013671875,7688.89990234375,7691.1201171875
1788889800,7691.1298828125,7693.9501953125,7690.10986328125,7693.1201171875
1788890100,7693.259765625,7693.2998046875,7690.39013671875,7690.39013671875
1788890400,7690.330078125,7691.81982421875,7690.330078125,7691.75
1788890700,7691.7998046875,7693.72021484375,7691.240234375,7693.25
1788891000,7693.27978515625,7694.22998046875,7692.39013671875,7693.080078125
1788891300,7693.10986328125,7694.02001953125,7691.97998046875,7693.2001953125
1788891600,7693.22998046875,7694.1298828125,7691.06982421875,7691.330078125
1788891900,7691.33984375,7693.490234375,7690.8701171875,7693.009765625
1788892200,7692.91015625,7693.08984375,7690.58984375,7690.60009765625
1788892500,7690.669921875,7690.669921875,7687.18994140625,7687.7001953125
1788892800,7687.56005859375,7690.4599609375,7686.22021484375,7690.4599609375
1788893100,7690.4599609375,7691.39013671875,7673.0498046875,7679.14013671875
1788893400,7678.72998046875,7685.509765625,7677.81982421875,7684.8798828125
1788893700,7684.93017578125,7686.02978515625,7682.93994140625,7682.93994140625
1788894000,7683.02001953125,7684.580078125,7680.5498046875,7681.47998046875
1788894300,7681.60009765625,7684.990234375,7681.16015625,7683.830078125
1788894600,7683.759765625,7685.990234375,7683.490234375,7684.72998046875
1788894900,7684.6201171875,7685.1298828125,7681.81005859375,7682.41015625
1788895200,7682.259765625,7683.85009765625,7679.89990234375,7680.06005859375
1788895500,7680.2001953125,7685.0,7679.97021484375,7684.39013671875
1788895800,7684.2998046875,7686.89013671875,7682.0400390625,7686.490234375
1788896100,7686.47021484375,7686.60009765625,7683.259765625,7685.0400390625
1788896400,7685.08984375,7686.259765625,7682.5,7683.31982421875
1788896700,7683.39013671875,7683.66015625,7679.02978515625,7680.5
1788897000,7680.419921875,7680.419921875,7670.08984375,7671.7099609375
1788897300,7671.759765625,7675.330078125,7666.990234375,7674.1298828125
1788960600,7660.68017578125,7660.68017578125,7646.91015625,7653.64990234375
1788960900,7654.6201171875,7656.27001953125,7650.52978515625,7652.6201171875
1788961200,7652.7998046875,7654.93994140625,7648.91015625,7651.1201171875
1788961500,7650.68017578125,7655.919921875,7649.56982421875,7653.1298828125
1788961800,7653.02001953125,7654.35986328125,7648.56005859375,7652.2099609375
1788962100,7652.240234375,7656.22021484375,7651.60009765625,7656.22021484375
1788962400,7654.60986328125,7656.47021484375,7649.1298828125,7653.080078125
1788962700,7653.2099609375,7655.990234375,7652.7001953125,7655.2900390625
1788963000,7655.2099609375,7655.68017578125,7650.52001953125,7653.43017578125
1788963300,7653.3701171875,7653.3701171875,7642.8701171875,7644.2900390625
1788963600,7644.5400390625,7645.47998046875,7640.7001953125,7640.93994140625
1788963900,7640.06982421875,7655.18994140625,7640.009765625,7654.35009765625
1788964200,7654.419921875,7654.66015625,7648.83984375,7648.97021484375
1788964500,7649.22021484375,7652.259765625,7646.97998046875,7650.25
1788964800,7650.27001953125,7652.60009765625,7649.25,7651.9501953125
1788965100,7652.14990234375,7652.14990234375,7648.85009765625,7651.97998046875
1788965400,7651.89990234375,7653.56982421875,7650.39013671875,7650.93017578125
1788965700,7651.06005859375,7653.43017578125,7649.10986328125,7651.93994140625
1788966000,7652.080078125,7658.2099609375,7641.7900390625,7642.97998046875
1788966300,7642.919921875,7644.2900390625,7635.9599609375,7636.2900390625
1788966600,7636.419921875,7636.72998046875,7628.52001953125,7630.75
1788966900,7630.7001953125,7635.7900390625,7629.58984375,7635.0498046875
1788967200,7634.9599609375,7635.72021484375,7624.16015625,7624.85009765625
1788967500,7624.93017578125,7629.60009765625,7624.2099609375,7629.60009765625
1788967800,7629.66015625,7635.10986328125,7629.580078125,7635.02978515625
1788968100,7635.419921875,7639.56982421875,7632.52001953125,7639.56982421875
1788968400,7643.31982421875,7644.740234375,7635.759765625,7637.1201171875
1788968700,7637.08984375,7637.33984375,7634.8798828125,7637.0
1788969000,7636.89013671875,7640.72021484375,7636.89013671875,7639.60009765625
1788969300,7639.5498046875,7639.56005859375,7633.3798828125,7636.6201171875
1788969600,7636.3798828125,7638.2998046875,7635.3798828125,7638.16015625
1788969900,7638.22998046875,7638.47998046875,7630.43017578125,7630.43017578125
1788970200,7629.91015625,7633.47998046875,7629.0498046875,7631.16015625
1788970500,7631.1298828125,7631.259765625,7628.419921875,7628.93017578125
1788970800,7628.8701171875,7631.080078125,7627.919921875,7630.8798828125
1788971100,7631.0400390625,7632.18017578125,7629.18017578125,7630.64013671875
1788971400,7630.68017578125,7636.47998046875,7630.5498046875,7635.5
1788971700,7635.419921875,7637.02978515625,7634.10009765625,7636.9599609375
1788972000,7636.97021484375,7638.9599609375,7635.85009765625,7638.9599609375
1788972300,7638.85986328125,7639.330078125,7636.669921875,7638.91015625
1788972600,7638.8798828125,7643.10986328125,7638.8798828125,7641.18994140625
1788972900,7641.10986328125,7641.93994140625,7640.16015625,7640.52978515625
1788973200,7640.5400390625,7643.9501953125,7638.259765625,7638.31005859375
1788973500,7638.3701171875,7641.85986328125,7638.3701171875,7640.85009765625
1788973800,7640.68994140625,7646.1201171875,7639.77978515625,7645.77978515625
1788974100,7645.77978515625,7647.0,7642.9599609375,7643.06982421875
1788974400,7643.0400390625,7646.5,7642.330078125,7646.5
1788974700,7646.5400390625,7646.64013671875,7642.509765625,7643.759765625
1788975000,7643.8701171875,7645.6298828125,7641.080078125,7642.580078125
1788975300,7642.66015625,7643.47998046875,7639.0498046875,7639.27978515625
1788975600,7639.27001953125,7644.10986328125,7639.2001953125,7643.85986328125
1788975900,7643.81005859375,7645.81982421875,7643.43017578125,7645.16015625
1788976200,7645.0498046875,7648.169921875,7644.22021484375,7646.77001953125
1788976500,7646.91015625,7648.2099609375,7644.52978515625,7644.52978515625
1788976800,7644.64990234375,7646.18017578125,7644.22998046875,7645.0
1788977100,7645.22021484375,7645.25,7641.1298828125,7641.85009765625
1788977400,7641.9501953125,7642.27978515625,7638.5,7638.7998046875
1788977700,7637.990234375,7641.33984375,7637.27001953125,7640.10009765625
1788978000,7640.14013671875,7644.75,7640.14013671875,7644.080078125
1788978300,7644.1298828125,7644.75,7642.52978515625,7643.14990234375
1788978600,7643.18017578125,7643.3701171875,7640.8798828125,7642.0400390625
1788978900,7642.08984375,7644.669921875,7641.81982421875,7644.3701171875
1788979200,7644.31005859375,7647.419921875,7644.31005859375,7646.68994140625
1788979500,7646.580078125,7646.6201171875,7644.35986328125,7645.08984375
1788979800,7645.31005859375,7648.60986328125,7645.06982421875,7647.8798828125
1788980100,7647.919921875,7648.7001953125,7643.6201171875,7643.7900390625
1788980400,7643.66015625,7645.52001953125,7641.06005859375,7641.509765625
1788980700,7641.509765625,7645.2099609375,7641.02001953125,7645.0498046875
1788981000,7645.02001953125,7645.93994140625,7644.0400390625,7644.0400390625
1788981300,7643.9501953125,7647.89013671875,7643.9501953125,7647.27001953125
1788981600,7647.18994140625,7647.7099609375,7645.56005859375,7646.759765625
1788981900,7646.72998046875,7648.52001953125,7645.52978515625,7645.72021484375
1788982200,7645.5400390625,7646.27001953125,7643.2998046875,7644.14013671875
1788982500,7644.22998046875,7644.8701171875,7642.47021484375,7642.52001953125
1788982800,7642.43994140625,7642.6298828125,7640.43994140625,7642.22998046875
1788983100,7642.18017578125,7643.419921875,7640.81982421875,7642.419921875
1788983400,7642.5,7642.5,7636.18994140625,7638.47021484375
1788983700,7638.72998046875,7638.8798828125,7634.97998046875,7637.7001953125
1789047000,7594.740234375,7597.08984375,7588.9599609375,7591.4599609375
1789047300,7591.759765625,7599.10009765625,7590.509765625,7597.580078125
1789047600,7597.56982421875,7600.18994140625,7593.81982421875,7594.02001953125
1789047900,7594.02978515625,7603.33984375,7593.93017578125,7600.3701171875
1789048200,7600.16015625,7600.16015625,7586.240234375,7586.240234375
1789048500,7586.02001953125,7586.39990234375,7580.16015625,7580.91015625
1789048800,7580.06005859375,7590.580078125,7580.06005859375,7586.72998046875
1789049100,7586.2900390625,7587.06005859375,7580.169921875,7581.72998046875
1789049400,7581.85986328125,7590.77001953125,7580.7099609375,7587.64990234375
1789049700,7587.64013671875,7594.02001953125,7585.52978515625,7594.02001953125
1789050000,7593.85986328125,7612.740234375,7593.22998046875,7607.10986328125
1789050300,7607.5498046875,7611.58984375,7598.89013671875,7600.02001953125
1789050600,7600.18017578125,7604.6298828125,7600.06005859375,7602.47998046875
1789050900,7602.10009765625,7608.740234375,7602.10009765625,7606.169921875
1789051200,7606.52978515625,7606.919921875,7600.009765625,7601.490234375
1789051500,7601.47021484375,7603.27001953125,7598.0400390625,7600.72998046875
1789051800,7600.81005859375,7604.93994140625,7598.35009765625,7604.580078125
1789052100,7604.56005859375,7608.080078125,7602.33984375,7607.35986328125
1789052400,7607.4599609375,7607.60009765625,7598.8701171875,7601.39013671875
1789052700,7601.4599609375,7607.35009765625,7601.43994140625,7603.18017578125
1789053000,7603.22021484375,7607.56982421875,7602.7900390625,7603.9501953125
1789053300,7603.8798828125,7605.14013671875,7601.93017578125,7603.43017578125
1789053600,7603.81982421875,7606.52978515625,7599.7099609375,7606.39990234375
1789053900,7606.43017578125,7609.10986328125,7605.0498046875,7605.919921875
1789054200,7605.83984375,7608.7900390625,7603.77978515625,7607.72998046875
1789054500,7607.83984375,7612.85986328125,7604.52978515625,7606.0400390625
1789054800,7606.10986328125,7607.77978515625,7604.759765625,7607.33984375
1789055100,7607.3798828125,7607.93994140625,7601.0,7604.330078125
1789055400,7604.18017578125,7606.14013671875,7599.8701171875,7599.8701171875
1789055700,7599.830078125,7599.830078125,7595.8701171875,7598.509765625
1789056000,7598.509765625,7603.3798828125,7597.75,7599.0498046875
1789056300,7599.06982421875,7599.56982421875,7594.06982421875,7594.06982421875
1789056600,7594.080078125,7596.14990234375,7591.56005859375,7594.06982421875
1789056900,7594.2099609375,7597.4599609375,7592.43017578125,7593.3798828125
1789057200,7593.35009765625,7595.89990234375,7593.18994140625,7593.97021484375
1789057500,7593.97021484375,7594.240234375,7591.43017578125,7593.72998046875
1789057800,7593.97021484375,7597.0400390625,7590.06005859375,7590.18994140625
1789058100,7589.81005859375,7595.10986328125,7586.72021484375,7594.93994140625
1789058400,7594.9501953125,7602.06005859375,7594.68017578125,7601.41015625
1789058700,7601.43994140625,7606.490234375,7601.22998046875,7602.2998046875
1789059000,7601.9599609375,7604.8798828125,7600.60986328125,7604.5
1789059300,7604.77001953125,7606.330078125,7603.85009765625,7605.39990234375
1789059600,7605.2998046875,7610.81005859375,7601.56982421875,7602.97998046875
1789059900,7603.14990234375,7605.7001953125,7602.1298828125,7603.009765625
1789060200,7603.2001953125,7607.31005859375,7603.0400390625,7603.60986328125
1789060500,7603.5,7604.7900390625,7601.919921875,7603.10986328125
1789060800,7603.14990234375,7603.60009765625,7599.66015625,7600.009765625
1789061100,7600.18017578125,7600.330078125,7598.3701171875,7599.41015625
1789061400,7599.16015625,7600.64013671875,7596.72998046875,7598.93017578125
1789061700,7599.02001953125,7600.81005859375,7594.0498046875,7594.2099609375
1789062000,7594.080078125,7597.580078125,7594.080078125,7597.419921875
1789062300,7597.43017578125,7597.77978515625,7595.27978515625,7595.68994140625
1789062600,7595.75,7598.35986328125,7595.669921875,7596.85986328125
1789062900,7596.85986328125,7598.22998046875,7595.509765625,7596.14990234375
1789063200,7596.0400390625,7598.77001953125,7591.490234375,7592.2998046875
1789063500,7592.330078125,7594.68017578125,7590.0,7590.25
1789063800,7590.41015625,7591.93017578125,7588.52001953125,7590.47998046875
1789064100,7590.43994140625,7590.43994140625,7588.06982421875,7589.990234375
1789064400,7589.97998046875,7593.39013671875,7589.97998046875,7591.2001953125
1789064700,7591.080078125,7592.10009765625,7589.25,7590.27001953125
1789065000,7590.169921875,7590.169921875,7585.990234375,7589.02001953125
1789065300,7588.990234375,7591.60009765625,7588.43994140625,7591.580078125
1789065600,7591.580078125,7591.9599609375,7590.5,7591.4501953125
1789065900,7591.52978515625,7593.5400390625,7587.68017578125,7591.08984375
1789066200,7591.02001953125,7596.490234375,7589.259765625,7592.89990234375
1789066500,7592.8798828125,7594.06005859375,7590.2900390625,7591.08984375
1789066800,7590.85009765625,7590.85009765625,7586.52978515625,7586.5400390625
1789067100,7586.5498046875,7592.58984375,7586.35009765625,7592.58984375
1789067400,7592.75,7592.75,7588.58984375,7591.2001953125
1789067700,7591.22998046875,7592.66015625,7587.10009765625,7588.14013671875
1789068000,7588.41015625,7590.16015625,7586.81005859375,7589.9501953125
1789068300,7589.919921875,7590.830078125,7588.35009765625,7589.31005859375
1789068600,7589.22021484375,7592.919921875,7587.419921875,7592.39013671875
1789068900,7592.25,7594.2998046875,7589.81982421875,7593.02978515625
1789069200,7593.1298828125,7595.72998046875,7593.08984375,7593.2998046875
1789069500,7593.41015625,7595.18017578125,7590.740234375,7594.3798828125
1789069800,7594.259765625,7595.330078125,7589.259765625,7592.1201171875
1789070100,7592.0498046875,7592.919921875,7589.64990234375,7592.2998046875
1789133400,7636.75,7672.77001953125,7636.75,7672.47021484375
1789133700,7672.169921875,7673.43994140625,7667.6201171875,7667.72021484375
1789134000,7668.2900390625,7671.509765625,7660.580078125,7668.2099609375
1789134300,7668.56982421875,7672.7998046875,7661.9599609375,7663.06005859375
1789134600,7663.3701171875,7666.1298828125,7660.9599609375,7664.5498046875
1789134900,7664.580078125,7676.77978515625,7664.14990234375,7676.27001953125
1789135200,7677.02001953125,7677.02001953125,7667.7900390625,7668.1201171875
1789135500,7668.06005859375,7669.7099609375,7663.3798828125,7667.080078125
1789135800,7667.169921875,7670.33984375,7661.990234375,7662.419921875
1789136100,7662.490234375,7670.5400390625,7660.669921875,7670.43017578125
1789136400,7670.31005859375,7673.3798828125,7669.68994140625,7671.2900390625
1789136700,7671.47998046875,7674.06982421875,7669.85986328125,7671.27001953125
1789137000,7671.14013671875,7671.4599609375,7660.91015625,7660.97021484375
1789137300,7660.81005859375,7660.81005859375,7654.5498046875,7656.740234375
1789137600,7656.64013671875,7660.830078125,7652.60009765625,7653.93017578125
1789137900,7654.080078125,7660.740234375,7650.18994140625,7660.7001953125
1789138200,7660.75,7660.919921875,7654.259765625,7654.77978515625
1789138500,7654.85986328125,7655.490234375,7650.8701171875,7654.1298828125
1789138800,7654.0,7659.60986328125,7652.6201171875,7659.60009765625
1789139100,7659.77978515625,7665.6298828125,7659.75,7662.89990234375
1789139400,7662.830078125,7663.16015625,7655.64013671875,7659.89990234375
1789139700,7659.85986328125,7669.2001953125,7659.85986328125,7667.2099609375
1789140000,7667.41015625,7672.22021484375,7667.41015625,7672.18994140625
1789140300,7671.97998046875,7675.93994140625,7670.669921875,7673.89013671875
1789140600,7673.85986328125,7674.41015625,7671.5400390625,7672.60009765625
1789140900,7672.60986328125,7673.5,7669.77001953125,7672.7998046875
1789141200,7672.759765625,7675.7001953125,7672.080078125,7674.6298828125
1789141500,7674.47998046875,7674.47998046875,7671.1201171875,7671.91015625
1789141800,7672.0,7673.06005859375,7667.68017578125,7668.509765625
1789142100,7668.4599609375,7671.06982421875,7667.68017578125,7670.35986328125
1789142400,7670.330078125,7675.31982421875,7670.240234375,7675.2001953125
1789142700,7675.18017578125,7675.35009765625,7671.22021484375,7672.64990234375
1789143000,7672.81005859375,7673.33984375,7669.0,7669.35986328125
1789143300,7669.31982421875,7669.7998046875,7667.56982421875,7668.18994140625
1789143600,7668.25,7669.1298828125,7666.2998046875,7666.72021484375
1789143900,7666.81982421875,7668.7900390625,7662.759765625,7662.77001953125
1789144200,7662.9501953125,7670.6201171875,7662.39013671875,7669.740234375
1789144500,7669.509765625,7669.509765625,7662.47998046875,7662.47998046875
1789144800,7662.56005859375,7667.490234375,7661.68994140625,7667.4599609375
1789145100,7667.41015625,7668.990234375,7666.68017578125,7666.68017578125
1789145400,7666.7099609375,7668.56982421875,7666.35986328125,7667.64013671875
1789145700,7667.740234375,7669.97021484375,7667.35986328125,7669.52001953125
1789146000,7669.47998046875,7671.6298828125,7669.06005859375,7669.72998046875
1789146300,7669.60986328125,7673.93994140625,7669.5498046875,7670.9501953125
1789146600,7670.9501953125,7671.68017578125,7668.83984375,7669.009765625
1789146900,7668.93994140625,7672.35986328125,7668.93994140625,7672.31005859375
1789147200,7672.25,7675.47998046875,7672.25,7675.47998046875
1789147500,7675.47021484375,7676.22998046875,7673.06005859375,7673.419921875
1789147800,7673.43017578125,7675.47998046875,7673.080078125,7673.4501953125
1789148100,7673.39990234375,7674.0,7671.31005859375,7671.4599609375
1789148400,7671.31005859375,7673.35986328125,7671.31005859375,7671.740234375
1789148700,7671.740234375,7672.4599609375,7670.580078125,7672.14013671875
1789149000,7672.10986328125,7673.14990234375,7671.64990234375,7671.91015625
1789149300,7672.009765625,7672.18017578125,7670.1298828125,7670.81005859375
1789149600,7670.83984375,7673.1201171875,7670.60009765625,7672.35009765625
1789149900,7672.14013671875,7672.14013671875,7669.58984375,7670.52001953125
1789150200,7670.56982421875,7670.6201171875,7668.77978515625,7669.4599609375
1789150500,7669.509765625,7670.509765625,7668.68017578125,7669.330078125
1789150800,7669.47021484375,7669.68994140625,7665.740234375,7666.85986328125
1789151100,7666.93994140625,7668.47998046875,7665.759765625,7667.64013671875
1789151400,7667.6298828125,7668.97021484375,7665.2900390625,7667.919921875
1789151700,7667.990234375,7669.16015625,7666.33984375,7666.6298828125
1789152000,7666.6298828125,7667.52978515625,7664.58984375,7664.93994140625
1789152300,7665.06005859375,7666.2099609375,7663.39990234375,7664.169921875
1789152600,7664.1201171875,7665.5400390625,7663.77001953125,7663.91015625
1789152900,7664.10986328125,7666.14013671875,7663.31005859375,7663.93994140625
1789153200,7663.97021484375,7665.169921875,7663.77978515625,7664.91015625
1789153500,7664.91015625,7665.0,7661.22021484375,7661.39013671875
1789153800,7661.14013671875,7663.14990234375,7659.580078125,7662.580078125
1789154100,7662.60986328125,7664.6201171875,7662.58984375,7663.740234375
1789154400,7663.830078125,7665.5498046875,7662.8798828125,7665.43017578125
1789154700,7665.43017578125,7666.169921875,7663.81982421875,7663.8701171875
1789155000,7663.89013671875,7664.5400390625,7662.52001953125,7663.22998046875
1789155300,7663.25,7663.75,7662.47998046875,7662.93017578125
1789155600,7662.9501953125,7664.1201171875,7662.64990234375,7663.64990234375
1789155900,7663.85009765625,7663.85009765625,7661.0400390625,7661.330078125
1789156200,7661.330078125,7661.56982421875,7657.81005859375,7660.31982421875
1789156500,7660.259765625,7660.7900390625,7654.8798828125,7655.5
1789392600,7611.43994140625,7611.43994140625,7597.0498046875,7599.56982421875
1789392900,7599.2900390625,7601.2001953125,7596.330078125,7598.68017578125
1789393200,7598.47021484375,7607.93017578125,7597.9599609375,7607.5
1789393500,7607.77001953125,7619.02978515625,7607.27001953125,7616.31005859375
1789393800,7616.47998046875,7618.35009765625,7613.33984375,7615.16015625
1789394100,7614.8701171875,7615.97021484375,7611.27978515625,7612.759765625
1789394400,7612.919921875,7619.419921875,7612.47998046875,7617.52978515625
1789394700,7617.5,7624.06982421875,7616.68017578125,7621.97998046875
1789395000,7622.009765625,7623.41015625,7617.43017578125,7618.47021484375
1789395300,7618.41015625,7619.4599609375,7611.3798828125,7612.2001953125
1789395600,7612.330078125,7612.330078125,7601.89990234375,7601.89990234375
1789395900,7601.9501953125,7601.9501953125,7595.56982421875,7601.0498046875
1789396200,7601.06982421875,7603.83984375,7598.91015625,7603.68994140625
1789396500,7603.81005859375,7603.81005859375,7596.10009765625,7597.06982421875
1789396800,7597.419921875,7599.10986328125,7594.41015625,7599.10986328125
1789397100,7599.330078125,7602.830078125,7597.7099609375,7598.85009765625
1789397400,7599.1298828125,7599.1298828125,7593.830078125,7594.9501953125
1789397700,7594.85009765625,7598.83984375,7592.27978515625,7598.64013671875
1789398000,7599.02978515625,7599.02978515625,7594.83984375,7594.83984375
1789398300,7595.0400390625,7610.60986328125,7594.740234375,7604.3798828125
1789398600,7604.18994140625,7604.7099609375,7599.52978515625,7599.52978515625
1789398900,7599.52001953125,7604.43994140625,7598.509765625,7603.9501953125
1789399200,7603.81982421875,7608.14990234375,7602.8701171875,7607.990234375
1789399500,7607.990234375,7611.41015625,7606.5,7608.669921875
1789399800,7608.72998046875,7621.14013671875,7607.18017578125,7621.080078125
1789400100,7620.8798828125,7624.8798828125,7618.02001953125,7624.7900390625
1789400400,7624.7998046875,7634.31982421875,7623.97021484375,7633.89013671875
1789400700,7633.81005859375,7634.18017578125,7628.8701171875,7628.8701171875
1789401000,7628.72021484375,7631.52001953125,7626.89013671875,7631.27001953125
1789401300,7631.31005859375,7632.93017578125,7630.10009765625,7630.39990234375
1789401600,7630.3798828125,7631.97021484375,7626.43994140625,7626.43994140625
1789401900,7626.33984375,7627.740234375,7625.35009765625,7626.33984375
1789402200,7626.33984375,7629.47998046875,7626.2099609375,7628.1201171875
1789402500,7628.06982421875,7637.080078125,7628.06982421875,7636.56982421875
1789402800,7636.6298828125,7638.7099609375,7633.6201171875,7637.169921875
1789403100,7637.18017578125,7637.27001953125,7631.8701171875,7633.5498046875
1789403400,7633.3701171875,7636.16015625,7632.75,7633.330078125
1789403700,7633.419921875,7634.08984375,7631.7001953125,7633.43994140625
1789404000,7633.3701171875,7635.9501953125,7632.52001953125,7635.81982421875
1789404300,7636.06005859375,7647.47021484375,7634.06005859375,7645.9501953125
1789404600,7645.97021484375,7647.990234375,7644.02001953125,7644.02001953125
1789404900,7644.169921875,7644.72021484375,7639.4599609375,7641.7900390625
1789405200,7642.14013671875,7643.240234375,7638.91015625,7640.240234375
1789405500,7640.10009765625,7641.31982421875,7636.64013671875,7637.990234375
1789405800,7637.8798828125,7641.77978515625,7635.22021484375,7635.22021484375
1789406100,7635.080078125,7635.8701171875,7632.31005859375,7633.669921875
1789406400,7633.740234375,7637.0498046875,7633.740234375,7635.91015625
1789406700,7636.009765625,7639.81982421875,7635.18017578125,7639.7900390625
1789407000,7639.81005859375,7641.52001953125,7638.240234375,7639.259765625
1789407300,7639.2099609375,7641.6201171875,7638.64990234375,7641.509765625
1789407600,7641.52978515625,7641.68017578125,7638.72021484375,7638.8798828125
1789407900,7639.06982421875,7641.43994140625,7638.97998046875,7640.10009765625
1789408200,7639.9501953125,7641.47021484375,7639.10009765625,7641.0
1789408500,7640.89013671875,7641.240234375,7636.490234375,7636.5
1789408800,7636.56982421875,7640.14990234375,7635.14990234375,7635.7998046875
1789409100,7635.7998046875,7638.6201171875,7634.52978515625,7637.2900390625
1789409400,7637.33984375,7637.52978515625,7634.72021484375,7636.22021484375
1789409700,7636.2900390625,7637.35986328125,7634.89990234375,7635.7998046875
1789410000,7635.89013671875,7636.08984375,7634.009765625,7634.16015625
1789410300,7634.18017578125,7634.83984375,7632.16015625,7633.14990234375
1789410600,7633.080078125,7636.16015625,7632.27978515625,7635.27978515625
1789410900,7635.27978515625,7637.4599609375,7634.68994140625,7636.33984375
1789411200,7636.14990234375,7637.72998046875,7635.3701171875,7636.2001953125
1789411500,7636.33984375,7637.77978515625,7634.02001953125,7637.47021484375
1789411800,7637.5,7637.97998046875,7635.669921875,7636.169921875
1789412100,7636.0,7637.10009765625,7633.31005859375,7633.93017578125
1789412400,7633.91015625,7634.47021484375,7631.18994140625,7632.240234375
1789412700,7632.14013671875,7632.41015625,7628.97998046875,7631.06982421875
1789413000,7630.9501953125,7633.47021484375,7630.8798828125,7632.83984375
1789413300,7632.85009765625,7632.85009765625,7630.5400390625,7631.31005859375
1789413600,7631.25,7631.81005859375,7629.10986328125,7630.60009765625
1789413900,7630.5498046875,7631.18994140625,7629.60009765625,7630.16015625
1789414200,7629.85009765625,7631.91015625,7629.3701171875,7629.56005859375
1789414500,7629.68017578125,7629.9501953125,7628.18994140625,7628.56982421875
1789414800,7628.7099609375,7629.740234375,7628.10986328125,7628.39013671875
1789415100,7628.35009765625,7630.9599609375,7628.2998046875,7629.83984375
1789415400,7629.8701171875,7630.22021484375,7624.08984375,7625.35986328125
1789415700,7625.47021484375,7625.5400390625,7619.0,7620.3701171875
1789479000,7612.2998046875,7617.259765625,7600.35009765625,7601.41015625
1789479300,7601.41015625,7611.85009765625,7601.41015625,7610.81982421875
1789479600,7611.16015625,7613.259765625,7607.16015625,7612.02001953125
1789479900,7612.27001953125,7614.5400390625,7604.68017578125,7605.830078125
1789480200,7605.7900390625,7609.3798828125,7603.93994140625,7608.06982421875
1789480500,7607.9599609375,7608.35986328125,7605.9501953125,7607.56982421875
1789480800,7607.91015625,7607.91015625,7601.06982421875,7601.10009765625
1789481100,7600.81982421875,7602.02001953125,7596.39990234375,7596.66015625
1789481400,7596.56005859375,7596.56005859375,7590.58984375,7591.16015625
1789481700,7591.259765625,7594.93017578125,7590.81982421875,7592.93994140625
1789482000,7592.9501953125,7594.33984375,7583.06005859375,7587.4501953125
1789482300,7587.75,7588.56982421875,7586.16015625,7586.3701171875
1789482600,7586.3701171875,7587.43994140625,7582.68017578125,7583.89990234375
1789482900,7584.1298828125,7586.7998046875,7581.8798828125,7582.5
1789483200,7582.47021484375,7583.259765625,7580.27978515625,7582.7099609375
1789483500,7582.83984375,7584.64013671875,7580.68994140625,7580.68994140625
1789483800,7580.509765625,7580.509765625,7572.68994140625,7576.56982421875
1789484100,7576.52001953125,7579.4599609375,7574.72021484375,7575.580078125
1789484400,7575.6201171875,7582.72021484375,7575.6201171875,7582.56005859375
1789484700,7582.77978515625,7583.66015625,7579.43994140625,7579.8701171875
1789485000,7579.8798828125,7581.4501953125,7578.6298828125,7581.33984375
1789485300,7581.10986328125,7585.06982421875,7579.75,7583.93994140625
1789485600,7583.77001953125,7586.35009765625,7581.91015625,7585.97998046875
1789485900,7585.93017578125,7586.14990234375,7583.60986328125,7585.25
1789486200,7585.43994140625,7586.52001953125,7581.2099609375,7584.2001953125
1789486500,7584.16015625,7586.22998046875,7583.27978515625,7584.3798828125
1789486800,7584.31982421875,7588.56982421875,7584.27001953125,7586.68017578125
1789487100,7586.5,7586.81982421875,7580.919921875,7581.169921875
1789487400,7581.22998046875,7586.41015625,7581.22998046875,7582.9501953125
1789487700,7582.91015625,7586.93994140625,7581.68017578125,7582.58984375
1789488000,7582.509765625,7584.6201171875,7581.72021484375,7584.4599609375
1789488300,7584.4501953125,7584.4501953125,7577.9599609375,7578.509765625
1789488600,7578.43017578125,7579.56982421875,7578.14013671875,7578.81982421875
1789488900,7578.72998046875,7582.0400390625,7578.66015625,7581.7001953125
1789489200,7581.669921875,7587.990234375,7581.580078125,7587.8701171875
1789489500,7587.9599609375,7589.740234375,7586.6201171875,7587.06982421875
1789489800,7587.14013671875,7589.2998046875,7584.740234375,7588.08984375
1789490100,7588.18017578125,7588.3798828125,7586.41015625,7586.669921875
1789490400,7586.64013671875,7588.10986328125,7585.91015625,7587.06005859375
1789490700,7587.009765625,7588.39990234375,7584.580078125,7585.5498046875
1789491000,7585.52978515625,7591.1298828125,7585.2998046875,7590.830078125
1789491300,7590.7099609375,7591.56982421875,7587.02978515625,7588.43017578125
1789491600,7588.56982421875,7589.52978515625,7583.75,7583.85009765625
1789491900,7583.7001953125,7585.58984375,7582.330078125,7583.60009765625
1789492200,7583.5400390625,7586.47998046875,7582.47021484375,7582.490234375
1789492500,7582.52001953125,7582.52001953125,7580.2001953125,7581.0
1789492800,7581.080078125,7581.7001953125,7578.18994140625,7578.18994140625
1789493100,7577.89990234375,7580.2998046875,7577.72998046875,7579.66015625
1789493400,7579.6201171875,7583.2099609375,7579.6201171875,7582.169921875
1789493700,7581.85009765625,7583.14013671875,7581.43994140625,7582.490234375
1789494000,7582.4599609375,7583.91015625,7580.85009765625,7582.64013671875
1789494300,7582.68994140625,7583.81982421875,7581.06982421875,7581.16015625
1789494600,7581.08984375,7583.85986328125,7580.97021484375,7583.85986328125
1789494900,7583.97021484375,7585.41015625,7583.33984375,7584.10986328125
1789495200,7584.16015625,7586.56005859375,7583.33984375,7586.2900390625
1789495500,7586.4501953125,7588.1201171875,7585.68017578125,7588.1201171875
1789495800,7588.14990234375,7590.52978515625,7587.419921875,7589.240234375
1789496100,7589.2099609375,7589.68994140625,7586.35009765625,7586.93017578125
1789496400,7586.919921875,7587.64990234375,7585.6298828125,7585.740234375
1789496700,7585.85986328125,7588.18994140625,7585.22021484375,7588.02978515625
1789497000,7588.2099609375,7588.2099609375,7583.14990234375,7583.580078125
1789497300,7583.56982421875,7584.47021484375,7583.06982421875,7583.72998046875
1789497600,7583.75,7587.10986328125,7582.830078125,7583.10009765625
1789497900,7583.169921875,7583.41015625,7578.830078125,7579.66015625
1789498200,7579.60009765625,7583.02978515625,7579.60009765625,7582.3701171875
1789498500,7582.47021484375,7586.33984375,7581.85009765625,7586.2900390625
1789498800,7586.27001953125,7587.52978515625,7584.52978515625,7585.18994140625
1789499100,7585.18017578125,7585.490234375,7583.6298828125,7584.740234375
1789499400,7584.68017578125,7585.0,7582.39990234375,7583.0400390625
1789499700,7583.0400390625,7584.08984375,7582.240234375,7583.41015625
1789500000,7583.4501953125,7583.52001953125,7581.93017578125,7582.35009765625
1789500300,7582.31982421875,7582.52978515625,7580.60986328125,7581.22998046875
1789500600,7581.18017578125,7581.740234375,7580.259765625,7580.2998046875
1789500900,7580.41015625,7580.419921875,7577.240234375,7578.10009765625
1789501200,7578.10009765625,7579.2998046875,7576.7998046875,7578.41015625
1789501500,7578.39990234375,7581.10009765625,7577.72021484375,7580.830078125
1789501800,7580.83984375,7581.39990234375,7577.009765625,7581.35009765625
1789502100,7581.5498046875,7585.81982421875,7579.990234375,7585.509765625
1789565400,7601.25,7608.77001953125,7601.25,7603.81005859375
1789565700,7603.72021484375,7605.1201171875,7598.08984375,7598.41015625
1789566000,7598.6298828125,7602.330078125,7597.60986328125,7598.83984375
1789566300,7598.81005859375,7609.9501953125,7598.4599609375,7609.7001953125
1789566600,7609.7099609375,7614.97021484375,7609.7099609375,7613.39013671875
1789566900,7613.31982421875,7614.91015625,7611.02001953125,7614.0400390625
1789567200,7613.7998046875,7614.740234375,7608.31982421875,7608.740234375
1789567500,7608.85986328125,7609.58984375,7605.5400390625,7608.25
1789567800,7608.509765625,7609.18017578125,7602.580078125,7606.47998046875
1789568100,7606.669921875,7608.14013671875,7604.52001953125,7604.66015625
1789568400,7604.60009765625,7604.85009765625,7601.0400390625,7601.10009765625
1789568700,7601.10009765625,7601.47021484375,7598.81005859375,7600.64990234375
1789569000,7600.669921875,7602.7998046875,7599.419921875,7602.58984375
1789569300,7602.60986328125,7605.7998046875,7600.35986328125,7604.5498046875
1789569600,7604.6298828125,7609.77978515625,7604.47998046875,7609.77978515625
1789569900,7609.8798828125,7610.52001953125,7607.4599609375,7607.4599609375
1789570200,7607.2900390625,7609.68994140625,7607.2001953125,7608.1201171875
1789570500,7608.14990234375,7613.10009765625,7608.14990234375,7612.93017578125
1789570800,7613.2099609375,7616.68994140625,7612.5498046875,7616.169921875
1789571100,7616.2001953125,7620.89990234375,7613.97021484375,7620.35986328125
1789571400,7620.4599609375,7620.7998046875,7616.080078125,7618.60986328125
1789571700,7618.75,7619.080078125,7614.81005859375,7617.14013671875
1789572000,7617.02001953125,7617.06982421875,7614.83984375,7616.52978515625
1789572300,7616.52001953125,7619.02001953125,7614.31982421875,7615.0400390625
1789572600,7615.18017578125,7615.85986328125,7611.41015625,7612.89013671875
1789572900,7612.740234375,7616.39013671875,7612.64990234375,7615.10986328125
1789573200,7615.16015625,7617.16015625,7614.68017578125,7616.77001953125
1789573500,7616.919921875,7626.7900390625,7616.2900390625,7621.740234375
1789573800,7621.93994140625,7622.18017578125,7618.35986328125,7619.66015625
1789574100,7619.39990234375,7619.830078125,7618.25,7618.27978515625
1789574400,7619.06005859375,7619.06005859375,7614.6201171875,7614.66015625
1789574700,7614.72021484375,7616.080078125,7614.35009765625,7615.85986328125
1789575000,7615.8701171875,7616.14013671875,7613.18994140625,7614.60986328125
1789575300,7614.77001953125,7615.8701171875,7614.2001953125,7614.3798828125
1789575600,7614.25,7614.25,7610.64990234375,7611.52001953125
1789575900,7611.580078125,7612.830078125,7610.35986328125,7612.740234375
1789576200,7612.68994140625,7613.2001953125,7608.08984375,7608.240234375
1789576500,7608.22998046875,7610.509765625,7608.22998046875,7610.2998046875
1789576800,7610.31005859375,7611.39990234375,7609.52978515625,7610.39013671875
1789577100,7610.35986328125,7612.7900390625,7610.35986328125,7612.06982421875
1789577400,7612.14990234375,7612.3798828125,7608.56982421875,7609.830078125
1789577700,7609.85009765625,7610.9599609375,7609.31005859375,7609.31005859375
1789578000,7609.27978515625,7609.33984375,7604.10986328125,7605.27978515625
1789578300,7605.22998046875,7606.740234375,7605.22021484375,7606.740234375
1789578600,7606.72021484375,7609.06005859375,7605.56005859375,7608.52001953125
1789578900,7608.490234375,7609.31982421875,7607.990234375,7608.64013671875
1789579200,7608.5498046875,7610.16015625,7606.8701171875,7607.6298828125
1789579500,7607.68994140625,7610.52001953125,7607.58984375,7610.3798828125
1789579800,7610.39990234375,7611.60986328125,7608.18994140625,7609.18994140625
1789580100,7609.1298828125,7609.85986328125,7607.43017578125,7607.47998046875
1789580400,7607.2900390625,7607.330078125,7603.93017578125,7604.14990234375
1789580700,7604.10009765625,7608.490234375,7604.10009765625,7606.2900390625
1789581000,7606.2998046875,7609.08984375,7605.77001953125,7608.31982421875
1789581300,7608.330078125,7613.580078125,7607.85986328125,7613.31982421875
1789581600,7613.91015625,7618.3701171875,7598.77001953125,7613.2998046875
1789581900,7613.41015625,7622.77001953125,7613.31982421875,7617.77978515625
1789582200,7617.9599609375,7619.0400390625,7610.16015625,7611.10009765625
1789582500,7611.0498046875,7613.52978515625,7608.35009765625,7611.68017578125
1789582800,7611.52001953125,7613.56005859375,7608.39013671875,7610.2001953125
1789583100,7610.22021484375,7610.91015625,7600.2001953125,7608.669921875
1789583400,7608.18994140625,7609.85009765625,7587.7998046875,7589.06982421875
1789583700,7588.7001953125,7591.27001953125,7572.8798828125,7590.0
1789584000,7590.02978515625,7612.009765625,7589.72998046875,7602.31982421875
1789584300,7602.3701171875,7606.0400390625,7586.89990234375,7587.77001953125
1789584600,7587.56005859375,7589.14013671875,7563.240234375,7563.240234375
1789584900,7563.22998046875,7568.02978515625,7549.85986328125,7550.330078125
1789585200,7550.35009765625,7563.77001953125,7549.89013671875,7558.830078125
1789585500,7558.75,7558.75,7541.490234375,7543.91015625
1789585800,7543.4501953125,7544.18017578125,7523.419921875,7525.31005859375
1789586100,7524.990234375,7531.080078125,7516.2900390625,7519.72998046875
1789586400,7519.81982421875,7523.5,7512.919921875,7517.52001953125
1789586700,7517.419921875,7523.81005859375,7507.77001953125,7523.72998046875
1789587000,7523.18017578125,7536.85986328125,7522.27978515625,7536.81982421875
1789587300,7536.68017578125,7536.81982421875,7526.6201171875,7535.31005859375
1789587600,7535.35986328125,7539.08984375,7529.66015625,7533.52001953125
1789587900,7532.93017578125,7547.02978515625,7532.2900390625,7545.830078125
1789588200,7545.77978515625,7553.08984375,7545.16015625,7552.10986328125
1789588500,7552.10986328125,7554.68994140625,7549.35986328125,7553.330078125
1789651800,7631.43994140625,7646.60009765625,7625.669921875,7625.669921875
1789652100,7625.509765625,7627.85986328125,7622.4599609375,7623.81005859375
1789652400,7623.7001953125,7624.75,7619.759765625,7621.68994140625
1789652700,7621.72998046875,7626.60986328125,7619.16015625,7625.7900390625
1789653000,7625.830078125,7627.669921875,7622.31982421875,7622.31982421875
1789653300,7622.22021484375,7623.64013671875,7619.64990234375,7623.31982421875
1789653600,7623.47998046875,7623.47998046875,7614.580078125,7617.72021484375
1789653900,7617.93994140625,7617.93994140625,7611.83984375,7613.14013671875
1789654200,7613.16015625,7622.10009765625,7611.81005859375,7622.0498046875
1789654500,7622.31005859375,7625.509765625,7621.72021484375,7625.27978515625
1789654800,7625.5400390625,7631.509765625,7624.22998046875,7630.7001953125
1789655100,7630.8701171875,7633.52001953125,7627.669921875,7627.85009765625
1789655400,7627.7001953125,7631.3798828125,7627.14990234375,7631.080078125
1789655700,7631.22998046875,7631.6201171875,7628.22021484375,7628.27001953125
1789656000,7628.22998046875,7633.080078125,7627.740234375,7630.43994140625
1789656300,7630.1298828125,7630.27001953125,7622.68017578125,7624.2001953125
1789656600,7624.330078125,7624.330078125,7617.10986328125,7617.89990234375
1789656900,7617.7998046875,7621.75,7616.0498046875,7619.18017578125
1789657200,7619.41015625,7620.91015625,7617.5498046875,7617.68994140625
1789657500,7617.759765625,7620.080078125,7614.7099609375,7619.0498046875
1789657800,7619.27001953125,7623.33984375,7618.39013671875,7622.8798828125
1789658100,7622.93994140625,7626.58984375,7620.8701171875,7626.47021484375
1789658400,7626.41015625,7626.52001953125,7622.56982421875,7624.4599609375
1789658700,7624.4599609375,7628.3798828125,7624.4599609375,7627.27001953125
1789659000,7627.18017578125,7629.08984375,7626.77001953125,7629.08984375
1789659300,7628.93017578125,7631.7099609375,7628.7998046875,7631.56005859375
1789659600,7631.52001953125,7636.41015625,7631.47021484375,7634.490234375
1789659900,7634.4501953125,7635.33984375,7633.81982421875,7634.2099609375
1789660200,7634.81005859375,7635.93017578125,7632.89990234375,7635.60009765625
1789660500,7635.43017578125,7636.22998046875,7632.72021484375,7636.22998046875
1789660800,7637.080078125,7637.66015625,7635.240234375,7635.330078125
1789661100,7635.33984375,7636.68017578125,7632.259765625,7636.5498046875
1789661400,7636.4599609375,7636.740234375,7632.830078125,7634.08984375
1789661700,7634.39990234375,7635.759765625,7633.52001953125,7635.14990234375
1789662000,7635.10986328125,7637.259765625,7634.41015625,7636.43017578125
1789662300,7636.41015625,7637.64990234375,7635.85986328125,7636.919921875
1789662600,7636.93017578125,7638.0,7631.7001953125,7632.52978515625
1789662900,7632.47998046875,7634.31982421875,7631.97021484375,7633.18017578125
1789663200,7633.31005859375,7637.89013671875,7632.759765625,7637.89013671875
1789663500,7637.91015625,7638.169921875,7635.830078125,7636.39013671875
1789663800,7636.3701171875,7637.0,7635.64990234375,7635.7099609375
1789664100,7635.7900390625,7636.16015625,7628.41015625,7635.60009765625
1789664400,7635.60009765625,7638.43994140625,7635.14013671875,7637.759765625
1789664700,7637.81005859375,7639.4599609375,7635.56005859375,7635.7099609375
1789665000,7635.68017578125,7635.68017578125,7633.35009765625,7634.10009765625
1789665300,7634.02001953125,7634.75,7632.39013671875,7633.39013671875
1789665600,7633.330078125,7633.47021484375,7630.43017578125,7630.56982421875
1789665900,7630.5400390625,7631.97021484375,7629.75,7631.4599609375
1789666200,7631.580078125,7634.080078125,7630.27001953125,7634.080078125
1789666500,7634.0400390625,7634.72021484375,7632.9599609375,7633.77978515625
1789666800,7633.7998046875,7636.080078125,7633.7001953125,7635.89013671875
1789667100,7635.91015625,7637.490234375,7635.3701171875,7636.330078125
1789667400,7636.2900390625,7636.33984375,7634.5,7635.31982421875
1789667700,7635.33984375,7637.990234375,7635.2998046875,7637.990234375
1789668000,7637.81982421875,7639.0,7636.990234375,7638.81982421875
1789668300,7638.81005859375,7639.52001953125,7635.6201171875,7635.8798828125
1789668600,7636.1201171875,7638.77001953125,7635.7998046875,7638.56982421875
1789668900,7638.56982421875,7640.58984375,7637.64990234375,7639.759765625
1789669200,7639.85009765625,7640.25,7636.7998046875,7636.7998046875
1789669500,7636.9599609375,7639.1201171875,7636.60009765625,7638.4501953125
1789669800,7638.52001953125,7639.47021484375,7636.25,7636.27978515625
1789670100,7636.259765625,7636.3701171875,7633.08984375,7633.169921875
1789670400,7633.14990234375,7635.52001953125,7632.68994140625,7635.18994140625
1789670700,7635.169921875,7637.419921875,7634.68994140625,7636.39013671875
1789671000,7636.33984375,7636.7001953125,7633.6298828125,7634.6298828125
1789671300,7634.72021484375,7636.31005859375,7633.9599609375,7635.97021484375
1789671600,7636.08984375,7639.97021484375,7636.06005859375,7639.97021484375
1789671900,7639.9501953125,7641.75,7639.22021484375,7639.5
1789672200,7639.68994140625,7640.22998046875,7638.6201171875,7639.10986328125
1789672500,7639.18994140625,7640.5498046875,7638.8701171875,7640.31005859375
1789672800,7640.31982421875,7640.43994140625,7637.64990234375,7637.669921875
1789673100,7637.6201171875,7638.8701171875,7636.9599609375,7637.419921875
1789673400,7637.56982421875,7640.72021484375,7637.419921875,7639.7998046875
1789673700,7639.85009765625,7641.77978515625,7639.7998046875,7641.14990234375
1789674000,7641.2001953125,7642.580078125,7639.2001953125,7642.419921875
1789674300,7642.39013671875,7642.39013671875,7639.06982421875,7639.33984375
1789674600,7639.27978515625,7646.85986328125,7639.27978515625,7642.5400390625
1789674900,7642.2998046875,7643.52001953125,7636.1201171875,7637.0498046875
1789738200,7657.169921875,7657.169921875,7641.93017578125,7643.16015625
1789738500,7643.02001953125,7643.259765625,7638.2900390625,7640.81982421875
1789738800,7641.02978515625,7645.3701171875,7638.4501953125,7640.02978515625
1789739100,7640.41015625,7642.43994140625,7635.60009765625,7635.60009765625
1789739400,7635.60009765625,7636.22998046875,7630.33984375,7630.9501953125
1789739700,7630.759765625,7632.0,7626.759765625,7628.0498046875
1789740000,7627.3798828125,7630.64990234375,7620.5498046875,7621.56005859375
1789740300,7621.47021484375,7624.5,7619.740234375,7624.22998046875
1789740600,7624.31005859375,7629.33984375,7621.7900390625,7621.7900390625
1789740900,7621.7998046875,7623.56005859375,7618.43994140625,7623.330078125
1789741200,7623.47998046875,7626.83984375,7622.16015625,7622.2001953125
1789741500,7622.22021484375,7626.43994140625,7621.6298828125,7623.97998046875
1789741800,7623.85986328125,7624.5400390625,7621.33984375,7622.64990234375
1789742100,7622.6298828125,7627.06005859375,7620.39013671875,7625.3798828125
1789742400,7625.33984375,7625.3701171875,7619.2900390625,7620.47998046875
1789742700,7620.72998046875,7625.56005859375,7619.47998046875,7625.31982421875
1789743000,7625.39013671875,7629.7001953125,7624.419921875,7628.64990234375
1789743300,7628.669921875,7629.64013671875,7626.81982421875,7629.330078125
1789743600,7629.5498046875,7630.56005859375,7625.02001953125,7627.52001953125
1789743900,7627.60009765625,7630.83984375,7627.31005859375,7628.02978515625
1789744200,7627.830078125,7629.91015625,7625.18994140625,7625.830078125
1789744500,7625.83984375,7628.3798828125,7625.18017578125,7628.3798828125
1789744800,7628.35009765625,7629.18994140625,7627.22998046875,7628.7998046875
1789745100,7628.68994140625,7631.02978515625,7628.68994140625,7630.22998046875
1789745400,7630.2001953125,7631.27001953125,7625.81982421875,7627.919921875
1789745700,7627.85009765625,7628.91015625,7623.2998046875,7623.4501953125
1789746000,7623.33984375,7623.60986328125,7621.5498046875,7622.93994140625
1789746300,7623.080078125,7623.66015625,7621.1298828125,7621.669921875
1789746600,7621.68017578125,7623.2900390625,7619.85009765625,7620.33984375
1789746900,7620.330078125,7622.52978515625,7619.240234375,7620.7001953125
1789747200,7620.52001953125,7620.72021484375,7617.9599609375,7619.0
1789747500,7618.9599609375,7622.85986328125,7618.9599609375,7621.77001953125
1789747800,7621.8701171875,7622.31005859375,7620.4501953125,7621.240234375
1789748100,7620.9501953125,7622.22998046875,7619.72998046875,7621.5
1789748400,7621.56005859375,7621.68994140625,7613.2001953125,7613.31982421875
1789748700,7613.330078125,7618.93994140625,7610.52001953125,7618.1298828125
1789749000,7618.08984375,7622.68017578125,7616.52001953125,7621.60986328125
1789749300,7621.56982421875,7622.4501953125,7618.85009765625,7619.93017578125
1789749600,7619.97998046875,7622.35986328125,7618.91015625,7621.080078125
1789749900,7621.0498046875,7621.85986328125,7618.419921875,7621.85986328125
1789750200,7621.75,7625.39013671875,7621.72998046875,7624.91015625
1789750500,7624.8798828125,7625.72998046875,7623.4501953125,7624.06982421875
1789750800,7624.080078125,7624.60009765625,7622.330078125,7623.9599609375
1789751100,7623.81005859375,7625.85986328125,7623.52001953125,7623.75
1789751400,7623.77978515625,7623.97021484375,7621.33984375,7623.7001953125
1789751700,7623.77001953125,7625.18017578125,7623.16015625,7623.580078125
1789752000,7623.6298828125,7625.330078125,7623.1201171875,7625.240234375
1789752300,7625.31982421875,7626.18017578125,7624.60009765625,7624.64990234375
1789752600,7624.64013671875,7624.75,7622.7998046875,7624.31005859375
1789752900,7624.41015625,7627.43017578125,7624.41015625,7626.93017578125
1789753200,7626.97021484375,7628.0498046875,7626.240234375,7628.02978515625
1789753500,7628.06005859375,7628.5400390625,7626.66015625,7626.83984375
1789753800,7626.89013671875,7628.97021484375,7626.89013671875,7628.2001953125
1789754100,7628.14990234375,7628.9501953125,7627.75,7628.39013671875
1789754400,7628.3798828125,7630.1201171875,7627.06982421875,7629.419921875
1789754700,7629.25,7629.81005859375,7628.18994140625,7628.3701171875
1789755000,7628.41015625,7629.31005859375,7627.330078125,7628.740234375
1789755300,7628.66015625,7637.759765625,7628.66015625,7631.1298828125
1789755600,7631.16015625,7635.89013671875,7631.06982421875,7633.3798828125
1789755900,7633.3798828125,7634.60009765625,7632.740234375,7634.58984375
1789756200,7634.77978515625,7634.93994140625,7632.7998046875,7634.89013671875
1789756500,7635.08984375,7635.2900390625,7632.81005859375,7633.8798828125
1789756800,7633.85009765625,7635.4599609375,7633.10986328125,7635.4501953125
1789757100,7635.52001953125,7644.22021484375,7635.47021484375,7642.8798828125
1789757400,7642.75,7648.0498046875,7642.1201171875,7645.2001953125
1789757700,7645.08984375,7645.08984375,7641.60986328125,7642.080078125
1789758000,7642.2998046875,7644.0,7641.2001953125,7643.52978515625
1789758300,7643.4599609375,7644.31005859375,7640.77001953125,7642.06982421875
1789758600,7641.89990234375,7643.56005859375,7640.66015625,7641.6298828125
1789758900,7641.66015625,7642.080078125,7640.39990234375,7641.6201171875
1789759200,7641.56982421875,7642.419921875,7639.8798828125,7640.22998046875
1789759500,7640.43994140625,7640.91015625,7638.56982421875,7638.68017578125
1789759800,7638.669921875,7638.89013671875,7636.740234375,7637.0498046875
1789760100,7637.0400390625,7641.91015625,7636.89013671875,7641.33984375
1789760400,7641.3701171875,7643.93017578125,7640.3798828125,7643.93017578125
1789760700,7644.0498046875,7646.259765625,7643.02001953125,7646.02001953125
1789761000,7646.2099609375,7646.2099609375,7641.97021484375,7644.43994140625
1789761300,7644.43017578125,7651.39990234375,7644.43017578125,7646.0400390625
1789997400,7692.830078125,7698.93994140625,7691.18994140625,7695.06982421875
1789997700,7695.2001953125,7698.81982421875,7694.580078125,7697.490234375
1789998000,7697.41015625,7699.02001953125,7695.509765625,7698.66015625
1789998300,7699.10986328125,7702.080078125,7698.740234375,7700.22998046875
1789998600,7700.14013671875,7706.509765625,7699.7001953125,7705.919921875
1789998900,7706.06005859375,7708.31005859375,7703.3798828125,7708.31005859375
1789999200,7708.0,7708.60009765625,7704.7001953125,7705.8798828125
1789999500,7705.740234375,7705.81005859375,7701.330078125,7703.81982421875
1789999800,7703.89990234375,7709.580078125,7703.75,7708.509765625
1790000100,7708.7001953125,7715.27978515625,7708.7001953125,7714.6201171875
1790000400,7714.830078125,7721.64013671875,7713.3701171875,7720.60009765625
1790000700,7720.3798828125,7723.18017578125,7720.25,7720.72998046875
1790001000,7720.81005859375,7723.02978515625,7719.64013671875,7721.89990234375
1790001300,7721.89013671875,7725.6298828125,7721.3798828125,7723.22021484375
1790001600,7723.3798828125,7724.77978515625,7719.47998046875,7720.169921875
1790001900,7720.22021484375,7723.6298828125,7717.990234375,7720.759765625
1790002200,7720.7998046875,7722.6201171875,7719.240234375,7722.240234375
1790002500,7722.39013671875,7724.41015625,7720.68994140625,7722.77001953125
1790002800,7722.8701171875,7724.9501953125,7721.8701171875,7724.9501953125
1790003100,7725.0498046875,7726.1201171875,7724.1201171875,7725.4599609375
1790003400,7725.60009765625,7728.18017578125,7724.35986328125,7728.080078125
1790003700,7728.16015625,7732.0498046875,7728.16015625,7731.830078125
1790004000,7731.8798828125,7731.9599609375,7729.47021484375,7730.080078125
1790004300,7729.97998046875,7731.0400390625,7728.240234375,7728.81982421875
1790004600,7728.83984375,7730.39013671875,7727.97998046875,7728.93994140625
1790004900,7729.0,7735.759765625,7728.93017578125,7735.60986328125
1790005200,7735.330078125,7737.169921875,7733.77978515625,7737.169921875
1790005500,7737.240234375,7741.6298828125,7737.240234375,7739.7998046875
1790005800,7739.759765625,7743.0498046875,7737.0498046875,7737.0498046875
1790006100,7737.14013671875,7738.169921875,7735.6201171875,7737.6298828125
1790006400,7737.60986328125,7741.240234375,7735.7998046875,7741.0400390625
1790006700,7741.06005859375,7746.669921875,7739.52001953125,7746.35009765625
1790007000,7746.3701171875,7748.85009765625,7744.89013671875,7745.919921875
1790007300,7745.85986328125,7748.22998046875,7745.27001953125,7746.52001953125
1790007600,7746.4501953125,7747.7001953125,7745.31982421875,7746.66015625
1790007900,7747.08984375,7750.58984375,7746.89990234375,7748.91015625
1790008200,7748.85986328125,7756.56005859375,7748.72998046875,7754.10986328125
1790008500,7754.25,7755.490234375,7749.47021484375,7749.509765625
1790008800,7749.5,7752.2099609375,7748.8701171875,7750.41015625
1790009100,7750.5498046875,7753.33984375,7750.5498046875,7752.6298828125
1790009400,7752.77978515625,7753.68994140625,7750.56982421875,7751.759765625
1790009700,7751.72021484375,7753.5,7751.31005859375,7753.43017578125
1790010000,7753.47021484375,7755.06005859375,7752.68017578125,7753.31005859375
1790010300,7753.18017578125,7755.509765625,7753.18017578125,7754.33984375
1790010600,7754.47021484375,7758.97998046875,7753.9599609375,7758.5498046875
1790010900,7758.509765625,7759.2900390625,7756.9501953125,7758.85009765625
1790011200,7758.81005859375,7760.10009765625,7755.7001953125,7756.08984375
1790011500,7756.06005859375,7758.2099609375,7754.75,7758.1201171875
1790011800,7758.25,7758.7900390625,7753.759765625,7754.2099609375
1790012100,7754.33984375,7755.56005859375,7753.35986328125,7753.85009765625
1790012400,7753.759765625,7759.4599609375,7753.14013671875,7759.39013671875
1790012700,7759.31005859375,7761.85986328125,7757.759765625,7758.330078125
1790013000,7758.3701171875,7760.56005859375,7758.009765625,7759.77001953125
1790013300,7759.72998046875,7760.14990234375,7758.14013671875,7759.77001953125
1790013600,7759.759765625,7762.06005859375,7759.759765625,7761.58984375
1790013900,7761.759765625,7763.81982421875,7761.759765625,7762.43017578125
1790014200,7762.39990234375,7763.85986328125,7761.43017578125,7762.7998046875
1790014500,7762.8798828125,7764.72998046875,7762.330078125,7763.6201171875
1790014800,7763.740234375,7768.47021484375,7763.2998046875,7768.3798828125
1790015100,7768.39990234375,7769.64013671875,7767.3701171875,7768.77001953125
1790015400,7768.75,7769.35009765625,7766.2001953125,7767.27001953125
1790015700,7767.33984375,7769.5498046875,7766.47021484375,7769.080078125
1790016000,7769.18994140625,7770.97021484375,7768.77978515625,7770.830078125
1790016300,7770.85986328125,7773.31005859375,7770.85986328125,7773.259765625
1790016600,7773.2099609375,7775.81982421875,7773.2099609375,7774.77978515625
1790016900,7774.7099609375,7775.18017578125,7771.89013671875,7772.990234375
1790017200,7772.89990234375,7774.5498046875,7771.919921875,7772.009765625
1790017500,7771.68994140625,7772.25,7770.4501953125,7772.02001953125
1790017800,7772.10986328125,7774.72021484375,7770.10009765625,7774.7001953125
1790018100,7774.81982421875,7775.14013671875,7773.43994140625,7774.0
1790018400,7774.0400390625,7774.22998046875,7771.2099609375,7771.2099609375
1790018700,7771.25,7773.3701171875,7770.330078125,7771.27001953125
1790019000,7771.22998046875,7775.81005859375,7770.81005859375,7775.27978515625
1790019300,7775.169921875,7779.22021484375,7774.72021484375,7778.18017578125
1790019600,7778.14990234375,7778.3798828125,7773.4599609375,7774.830078125
1790019900,7774.8701171875,7775.31005859375,7771.85986328125,7772.72998046875
1790020200,7772.68994140625,7772.68994140625,7767.35009765625,7767.5
1790020500,7767.0400390625,7768.93017578125,7764.22021484375,7764.22021484375
1790083800,7770.81005859375,7781.72998046875,7769.60009765625,7779.14013671875
1790084100,7779.509765625,7782.18994140625,7778.68994140625,7781.8798828125
1790084400,7781.31005859375,7781.31005859375,7775.2001953125,7777.1298828125
1790084700,7776.9501953125,7777.2900390625,7770.4599609375,7773.72998046875
1790085000,7773.7001953125,7775.169921875,7770.2099609375,7771.18017578125
1790085300,7771.18017578125,7771.18994140625,7766.830078125,7768.580078125
1790085600,7770.35009765625,7772.830078125,7768.72021484375,7771.52001953125
1790085900,7771.64013671875,7772.31982421875,7768.60009765625,7768.60009765625
1790086200,7768.58984375,7777.3798828125,7768.58984375,7774.0498046875
1790086500,7774.330078125,7775.4599609375,7766.330078125,7769.56982421875
1790086800,7769.27978515625,7770.259765625,7766.509765625,7768.7001953125
1790087100,7768.7900390625,7769.9599609375,7766.0400390625,7766.4501953125
1790087400,7766.3701171875,7771.06982421875,7765.93017578125,7768.43994140625
1790087700,7768.5498046875,7772.81005859375,7762.97021484375,7765.919921875
1790088000,7765.9599609375,7766.06982421875,7760.81005859375,7764.009765625
1790088300,7764.14013671875,7767.5,7760.22021484375,7767.22998046875
1790088600,7767.39990234375,7769.419921875,7764.009765625,7765.6201171875
1790088900,7765.830078125,7768.0,7763.39013671875,7764.8701171875
1790089200,7764.919921875,7767.1298828125,7763.52978515625,7765.6201171875
1790089500,7765.64990234375,7767.759765625,7764.02001953125,7764.10009765625
1790089800,7764.2001953125,7766.5,7762.2998046875,7766.169921875
1790090100,7766.0400390625,7767.35986328125,7764.77978515625,7766.60009765625
1790090400,7766.43017578125,7766.9599609375,7764.669921875,7765.35986328125
1790090700,7765.2998046875,7767.6298828125,7763.4501953125,7763.81005859375
1790091000,7763.580078125,7763.580078125,7759.7900390625,7760.64990234375
1790091300,7760.43994140625,7760.52001953125,7756.7900390625,7757.68017578125
1790091600,7757.58984375,7759.3798828125,7756.259765625,7758.66015625
1790091900,7758.60986328125,7761.22998046875,7758.169921875,7760.10986328125
1790092200,7759.85009765625,7760.22021484375,7758.47021484375,7758.66015625
1790092500,7758.7900390625,7761.22998046875,7757.240234375,7760.9501953125
1790092800,7761.27978515625,7762.89990234375,7759.22021484375,7761.14990234375
1790093100,7761.0498046875,7764.56982421875,7759.52978515625,7763.22998046875
1790093400,7763.080078125,7764.330078125,7762.2099609375,7763.89013671875
1790093700,7763.9599609375,7763.9599609375,7761.14990234375,7761.43994140625
1790094000,7761.43994140625,7762.85986328125,7758.18017578125,7758.27001953125
1790094300,7758.16015625,7759.740234375,7757.580078125,7759.6298828125
1790094600,7759.56005859375,7762.740234375,7759.259765625,7762.740234375
1790094900,7762.6201171875,7762.7001953125,7759.009765625,7760.60986328125
1790095200,7760.6201171875,7761.3701171875,7758.3798828125,7760.919921875
1790095500,7761.0498046875,7767.08984375,7760.58984375,7766.7900390625
1790095800,7766.7998046875,7767.16015625,7764.85009765625,7765.2900390625
1790096100,7765.27001953125,7766.5498046875,7764.3798828125,7766.169921875
1790096400,7766.06005859375,7766.759765625,7763.91015625,7763.91015625
1790096700,7763.81005859375,7766.7001953125,7762.43017578125,7763.7099609375
1790097000,7763.72998046875,7764.509765625,7762.7001953125,7763.41015625
1790097300,7763.509765625,7763.52978515625,7761.97998046875,7762.919921875
1790097600,7763.14990234375,7763.169921875,7761.2099609375,7762.27978515625
1790097900,7762.1201171875,7765.91015625,7762.1201171875,7765.39013671875
1790098200,7765.41015625,7765.9599609375,7762.97021484375,7763.81005859375
1790098500,7763.6201171875,7763.919921875,7762.0400390625,7762.27001953125
1790098800,7762.25,7765.0,7761.1298828125,7765.0
1790099100,7765.0400390625,7766.10986328125,7763.72021484375,7764.58984375
1790099400,7764.64013671875,7771.9599609375,7763.68994140625,7770.68017578125
1790099700,7770.64990234375,7771.85009765625,7769.66015625,7771.259765625
1790100000,7771.35986328125,7771.669921875,7767.080078125,7768.68017578125
1790100300,7768.68017578125,7771.2998046875,7768.68017578125,7771.06982421875
1790100600,7771.10009765625,7771.64013671875,7769.25,7769.5498046875
1790100900,7769.58984375,7771.22021484375,7769.52001953125,7770.97998046875
1790101200,7770.93017578125,7773.85009765625,7770.72998046875,7773.2001953125
1790101500,7772.91015625,7773.2900390625,7771.509765625,7771.60986328125
1790101800,7771.580078125,7772.47998046875,7770.4501953125,7770.60986328125
1790102100,7770.68017578125,7771.0,7767.89990234375,7768.919921875
1790102400,7768.85009765625,7772.22021484375,7767.89013671875,7771.39013671875
1790102700,7771.3798828125,7772.1298828125,7770.759765625,7771.58984375
1790103000,7771.580078125,7771.919921875,7770.27001953125,7770.8701171875
1790103300,7770.830078125,7770.97998046875,7766.830078125,7767.43994140625
1790103600,7767.4501953125,7768.990234375,7767.39013671875,7768.97021484375
1790103900,7768.97998046875,7770.06982421875,7768.31982421875,7768.85986328125
1790104200,7768.7998046875,7771.16015625,7768.7998046875,7770.580078125
1790104500,7770.6201171875,7772.9501953125,7770.25,7772.64013671875
1790104800,7772.6201171875,7772.89013671875,7770.81982421875,7772.419921875
1790105100,7772.31982421875,7774.85986328125,7772.14013671875,7773.93017578125
1790105400,7773.97998046875,7778.4501953125,7773.52978515625,7778.419921875
1790105700,7778.39990234375,7779.2099609375,7777.18017578125,7778.47021484375
1790106000,7778.47998046875,7778.5400390625,7773.14990234375,7774.6298828125
1790106300,7774.68017578125,7777.35986328125,7774.68017578125,7777.35986328125
1790106600,7777.06982421875,7778.8798828125,7773.56005859375,7773.56005859375
1790106900,7773.5400390625,7773.5400390625,7763.830078125,7764.27001953125
1790170200,7761.93994140625,7761.93994140625,7754.47998046875,7754.56982421875
1790170500,7754.10009765625,7755.5498046875,7750.830078125,7752.60009765625
1790170800,7752.64990234375,7753.22021484375,7749.31982421875,7749.77978515625
1790171100,7749.18017578125,7749.9599609375,7740.22998046875,7742.18994140625
1790171400,7742.169921875,7742.7998046875,7736.93994140625,7738.2099609375
1790171700,7738.3701171875,7739.39013671875,7735.259765625,7737.47021484375
1790172000,7737.759765625,7741.0,7733.27978515625,7734.919921875
1790172300,7734.60009765625,7735.52001953125,7728.8701171875,7729.509765625
1790172600,7729.56982421875,7730.3701171875,7722.47021484375,7725.81982421875
1790172900,7725.60986328125,7728.419921875,7720.3798828125,7720.740234375
1790173200,7720.7099609375,7722.77978515625,7714.64990234375,7718.169921875
1790173500,7718.2998046875,7719.490234375,7713.2998046875,7718.14013671875
1790173800,7717.7900390625,7724.93017578125,7717.52978515625,7724.47998046875
1790174100,7724.43994140625,7728.14013671875,7719.240234375,7719.240234375
1790174400,7719.10009765625,7723.08984375,7717.490234375,7722.27001953125
1790174700,7721.990234375,7723.02001953125,7720.27001953125,7721.68017578125
1790175000,7721.72021484375,7735.0498046875,7718.02001953125,7733.3701171875
1790175300,7733.43017578125,7733.8798828125,7729.2099609375,7732.5400390625
1790175600,7732.580078125,7732.830078125,7725.85009765625,7727.8701171875
1790175900,7727.8798828125,7729.85986328125,7725.77978515625,7729.31982421875
1790176200,7729.2998046875,7729.75,7725.7998046875,7726.7001953125
1790176500,7726.490234375,7727.89990234375,7723.0498046875,7726.8798828125
1790176800,7726.7900390625,7729.7998046875,7725.169921875,7728.72021484375
1790177100,7728.89990234375,7730.18017578125,7719.75,7720.0498046875
1790177400,7720.259765625,7720.9501953125,7718.75,7719.85009765625
1790177700,7719.77978515625,7721.02978515625,7718.18017578125,7719.56005859375
1790178000,7719.419921875,7723.10986328125,7717.39990234375,7722.7001953125
1790178300,7722.669921875,7722.83984375,7715.2998046875,7715.3701171875
1790178600,7715.4501953125,7717.06982421875,7712.93017578125,7717.06982421875
1790178900,7717.14013671875,7718.509765625,7715.43994140625,7716.18994140625
1790179200,7716.31005859375,7716.39013671875,7713.14990234375,7714.02001953125
1790179500,7713.990234375,7716.3701171875,7712.93994140625,7715.3701171875
1790179800,7715.2998046875,7717.1298828125,7714.419921875,7716.2900390625
1790180100,7716.10009765625,7716.77001953125,7711.91015625,7713.39013671875
1790180400,7713.419921875,7714.0498046875,7711.47021484375,7713.22998046875
1790180700,7713.39990234375,7714.43017578125,7712.06005859375,7713.83984375
1790181000,7713.91015625,7716.7998046875,7713.47998046875,7714.08984375
1790181300,7714.06005859375,7715.080078125,7711.68994140625,7712.3798828125
1790181600,7712.58984375,7712.68017578125,7707.83984375,7707.83984375
1790181900,7707.68994140625,7709.97998046875,7704.81005859375,7705.41015625
1790182200,7705.39990234375,7705.39990234375,7700.0400390625,7700.419921875
1790182500,7700.2099609375,7704.60009765625,7700.0498046875,7703.64990234375
1790182800,7703.4599609375,7706.39013671875,7694.89013671875,7697.08984375
1790183100,7697.169921875,7701.1298828125,7696.31005859375,7701.10009765625
1790183400,7700.66015625,7701.64990234375,7697.9599609375,7700.7099609375
1790183700,7700.7900390625,7708.68017578125,7699.22021484375,7708.39990234375
1790184000,7708.47998046875,7708.669921875,7702.08984375,7702.08984375
1790184300,7702.08984375,7703.60009765625,7701.580078125,7702.8701171875
1790184600,7702.9599609375,7705.9501953125,7701.14990234375,7705.3798828125
1790184900,7705.43017578125,7705.85986328125,7702.72998046875,7703.2099609375
1790185200,7703.27978515625,7715.080078125,7701.8798828125,7714.2998046875
1790185500,7714.27978515625,7717.14013671875,7712.41015625,7714.330078125
1790185800,7714.240234375,7715.52978515625,7712.58984375,7714.39013671875
1790186100,7714.47998046875,7719.91015625,7713.64013671875,7719.52001953125
1790186400,7719.52001953125,7719.60009765625,7711.77001953125,7711.830078125
1790186700,7711.8701171875,7714.47021484375,7710.83984375,7714.18994140625
1790187000,7714.08984375,7715.1298828125,7713.25,7714.8798828125
1790187300,7714.89990234375,7716.759765625,7713.02978515625,7715.27001953125
1790187600,7715.2900390625,7715.2900390625,7713.22998046875,7714.8798828125
1790187900,7714.85009765625,7715.419921875,7711.7001953125,7712.7900390625
1790188200,7712.72021484375,7712.89013671875,7709.41015625,7710.91015625
1790188500,7710.830078125,7711.08984375,7706.06982421875,7706.75
1790188800,7706.7099609375,7709.8701171875,7706.7099609375,7708.39990234375
1790189100,7708.3701171875,7711.080078125,7707.6201171875,7710.6298828125
1790189400,7710.5400390625,7711.25,7707.89990234375,7708.72998046875
1790189700,7708.7900390625,7712.72998046875,7708.60986328125,7711.330078125
1790190000,7711.39013671875,7712.830078125,7707.58984375,7707.81005859375
1790190300,7707.77001953125,7712.5400390625,7707.2900390625,7710.60009765625
1790190600,7710.5498046875,7711.47998046875,7708.18994140625,7709.0400390625
1790190900,7709.02978515625,7709.330078125,7705.85986328125,7707.75
1790191200,7707.6201171875,7707.6201171875,7705.1201171875,7706.14013671875
1790191500,7706.2099609375,7707.43994140625,7704.16015625,7705.9599609375
1790191800,7706.02001953125,7710.240234375,7705.47021484375,7709.85986328125
1790192100,7709.8798828125,7709.8798828125,7708.0,7709.85986328125
1790192400,7709.8701171875,7710.990234375,7703.43017578125,7706.06005859375
1790192700,7705.919921875,7709.580078125,7705.5,7709.14013671875
1790193000,7709.169921875,7709.169921875,7695.5400390625,7697.85986328125
1790193300,7697.81005859375,7708.5498046875,7697.81005859375,7708.5498046875
1790256600,7666.990234375,7678.27001953125,7665.490234375,7676.72998046875
1790256900,7676.330078125,7680.66015625,7675.3798828125,7679.16015625
1790257200,7679.2998046875,7679.9501953125,7673.14990234375,7676.2900390625
1790257500,7676.2900390625,7683.22998046875,7674.27001953125,7678.39990234375
1790257800,7678.759765625,7682.10009765625,7677.22021484375,7678.31982421875
1790258100,7678.2900390625,7684.72021484375,7676.66015625,7683.669921875
1790258400,7683.5,7689.9501953125,7682.2099609375,7689.9501953125
1790258700,7690.06005859375,7694.60986328125,7689.39990234375,7692.5
1790259000,7692.22998046875,7692.47998046875,7688.259765625,7690.2998046875
1790259300,7690.509765625,7693.14990234375,7686.759765625,7692.31982421875
1790259600,7692.330078125,7692.60009765625,7688.27978515625,7688.47021484375
1790259900,7688.39013671875,7692.68994140625,7686.97021484375,7690.02001953125
1790260200,7690.2900390625,7690.64013671875,7685.08984375,7688.580078125
1790260500,7688.66015625,7691.22998046875,7687.009765625,7688.89990234375
1790260800,7688.9599609375,7689.9501953125,7681.52978515625,7682.080078125
1790261100,7682.1298828125,7684.93017578125,7680.02001953125,7682.89990234375
1790261400,7682.91015625,7686.08984375,7677.77978515625,7678.18017578125
1790261700,7678.2998046875,7678.56982421875,7672.1298828125,7674.6201171875
1790262000,7674.68017578125,7677.2998046875,7673.2099609375,7673.8798828125
1790262300,7673.8701171875,7674.1298828125,7669.89013671875,7670.740234375
1790262600,7670.669921875,7672.22021484375,7662.56982421875,7663.14990234375
1790262900,7663.27978515625,7671.14990234375,7662.83984375,7668.509765625
1790263200,7668.43994140625,7674.830078125,7666.68994140625,7674.669921875
1790263500,7674.4501953125,7674.4501953125,7665.509765625,7666.259765625
1790263800,7666.240234375,7666.93994140625,7664.18017578125,7665.0498046875
1790264100,7665.10009765625,7669.509765625,7665.080078125,7666.93017578125
1790264400,7666.97998046875,7671.22021484375,7665.81982421875,7670.47021484375
1790264700,7670.3798828125,7672.66015625,7664.58984375,7665.7998046875
1790265000,7665.669921875,7673.990234375,7665.2900390625,7672.31982421875
1790265300,7672.39013671875,7673.8798828125,7669.77978515625,7673.06005859375
1790265600,7673.02978515625,7673.169921875,7667.419921875,7670.47998046875
1790265900,7670.52978515625,7671.7900390625,7667.52001953125,7668.39013671875
1790266200,7668.47021484375,7671.43994140625,7666.3701171875,7671.43994140625
1790266500,7673.97998046875,7712.77001953125,7673.97998046875,7697.22021484375
1790266800,7697.81982421875,7702.27978515625,7696.47021484375,7699.7001953125
1790267100,7699.60009765625,7702.580078125,7693.2998046875,7701.0
1790267400,7701.1201171875,7701.85986328125,7694.22021484375,7698.75
1790267700,7698.68017578125,7707.509765625,7698.02978515625,7707.27978515625
1790268000,7707.2900390625,7718.27001953125,7706.3798828125,7706.64013671875
1790268300,7706.490234375,7715.6201171875,7702.7099609375,7715.6201171875
1790268600,7715.06005859375,7716.52001953125,7708.97021484375,7710.580078125
1790268900,7710.7001953125,7719.009765625,7710.490234375,7713.8798828125
1790269200,7713.509765625,7716.02978515625,7706.1298828125,7712.06982421875
1790269500,7712.5400390625,7715.6201171875,7711.31005859375,7712.5400390625
1790269800,7712.41015625,7714.52978515625,7707.22021484375,7714.08984375
1790270100,7714.10009765625,7714.10009765625,7705.77978515625,7705.77978515625
1790270400,7705.759765625,7708.3798828125,7703.1298828125,7704.43017578125
1790270700,7704.330078125,7704.330078125,7696.58984375,7702.52978515625
1790271000,7702.56005859375,7705.990234375,7698.58984375,7698.669921875
1790271300,7698.669921875,7699.81005859375,7695.64013671875,7699.6201171875
1790271600,7699.1298828125,7700.43017578125,7692.08984375,7692.43017578125
1790271900,7692.47021484375,7697.580078125,7691.0400390625,7696.830078125
1790272200,7696.75,7697.6298828125,7694.33984375,7695.43017578125
1790272500,7695.3701171875,7700.18994140625,7694.93017578125,7699.5498046875
1790272800,7699.56005859375,7699.6298828125,7686.77001953125,7687.10986328125
1790273100,7687.169921875,7699.06005859375,7687.169921875,7697.47998046875
1790273400,7697.259765625,7700.66015625,7696.56005859375,7700.22998046875
1790273700,7700.259765625,7704.9501953125,7699.18994140625,7703.0
1790274000,7702.9501953125,7703.10009765625,7698.58984375,7701.830078125
1790274300,7701.9501953125,7709.740234375,7701.83984375,7706.5
1790274600,7706.47021484375,7706.830078125,7701.4501953125,7701.4501953125
1790274900,7701.4599609375,7712.97021484375,7699.5,7707.64013671875
1790275200,7708.169921875,7708.169921875,7702.3701171875,7705.39013671875
1790275500,7705.43994140625,7706.66015625,7704.7998046875,7705.919921875
1790275800,7705.8798828125,7710.2099609375,7705.43994140625,7707.66015625
1790276100,7707.759765625,7712.85986328125,7707.56982421875,7709.64990234375
1790276400,7709.7001953125,7709.990234375,7701.10986328125,7701.75
1790276700,7701.89013671875,7705.77978515625,7701.89013671875,7704.5
1790277000,7704.60986328125,7706.0,7702.72998046875,7703.35009765625
1790277300,7703.419921875,7707.3701171875,7703.419921875,7706.9599609375
1790277600,7707.0498046875,7708.68994140625,7705.5,7708.10986328125
1790277900,7708.240234375,7708.97998046875,7705.33984375,7706.0400390625
1790278200,7706.1201171875,7707.47021484375,7704.72998046875,7707.4599609375
1790278500,7707.4599609375,7707.75,7704.64013671875,7707.68017578125
1790278800,7707.759765625,7708.75,7705.89013671875,7706.56005859375
1790279100,7706.509765625,7707.35009765625,7704.2099609375,7704.2900390625
1790279400,7704.16015625,7711.8798828125,7704.16015625,7710.06005859375
1790279700,7710.3701171875,7710.3701171875,7703.240234375,7703.830078125
1790343000,7709.85986328125,7727.240234375,7708.10009765625,7726.509765625
1790343300,7726.47021484375,7728.990234375,7723.27978515625,7727.7998046875
1790343600,7727.83984375,7730.64990234375,7724.02978515625,7725.77001953125
1790343900,7726.02001953125,7727.240234375,7720.669921875,7725.60986328125
1790344200,7725.77001953125,7732.52001953125,7724.75,7731.58984375
1790344500,7731.60009765625,7733.580078125,7726.10009765625,7727.47021484375
1790344800,7727.91015625,7728.1298828125,7706.06982421875,7706.25
1790345100,7706.2001953125,7707.56982421875,7695.7998046875,7706.58984375
1790345400,7706.72998046875,7709.27001953125,7698.10986328125,7698.81982421875
1790345700,7699.009765625,7702.35986328125,7693.080078125,7700.52001953125
1790346000,7700.52978515625,7706.68017578125,7699.10986328125,7705.18017578125
1790346300,7705.080078125,7709.97998046875,7702.64013671875,7704.14990234375
1790346600,7704.240234375,7709.4599609375,7702.66015625,7708.27978515625
1790346900,7708.43994140625,7714.8701171875,7707.22021484375,7712.740234375
1790347200,7712.7900390625,7713.18994140625,7705.47021484375,7708.97998046875
1790347500,7709.1201171875,7713.8798828125,7706.509765625,7713.240234375
1790347800,7713.10986328125,7713.47998046875,7705.68994140625,7711.990234375
1790348100,7711.77978515625,7718.240234375,7711.56982421875,7717.72998046875
1790348400,7717.7998046875,7725.77001953125,7716.81982421875,7724.2900390625
1790348700,7724.1201171875,7727.5,7721.52978515625,7721.81005859375
1790349000,7721.7099609375,7721.7099609375,7713.97998046875,7719.52001953125
1790349300,7719.330078125,7721.4599609375,7714.9599609375,7715.47998046875
1790349600,7715.47998046875,7722.56005859375,7714.68017578125,7716.5400390625
1790349900,7716.47998046875,7720.1298828125,7715.6201171875,7717.93017578125
1790350200,7717.7099609375,7727.3701171875,7717.5498046875,7720.83984375
1790350500,7720.830078125,7721.02978515625,7711.66015625,7712.83984375
1790350800,7712.33984375,7715.3798828125,7707.580078125,7708.0400390625
1790351100,7707.97021484375,7712.509765625,7705.3798828125,7712.509765625
1790351400,7712.64990234375,7715.18017578125,7705.77001953125,7714.5
1790351700,7714.52001953125,7728.9501953125,7714.33984375,7728.39990234375
1790352000,7728.68994140625,7743.5,7728.27001953125,7742.22998046875
1790352300,7742.27978515625,7747.06005859375,7741.47998046875,7745.10009765625
1790352600,7745.259765625,7749.2998046875,7743.22021484375,7745.33984375
1790352900,7745.41015625,7747.97021484375,7737.85986328125,7739.6201171875
1790353200,7739.72021484375,7740.72021484375,7730.60986328125,7733.81982421875
1790353500,7733.66015625,7745.41015625,7733.14013671875,7744.91015625
1790353800,7745.10009765625,7747.35009765625,7734.68994140625,7736.5
1790354100,7736.33984375,7742.919921875,7736.33984375,7739.93994140625
1790354400,7739.91015625,7744.0498046875,7737.41015625,7741.9501953125
1790354700,7741.8798828125,7741.8798828125,7733.330078125,7736.919921875
1790355000,7736.93017578125,7738.52978515625,7735.77978515625,7738.5
1790355300,7738.509765625,7739.77001953125,7731.89013671875,7734.990234375
1790355600,7734.93017578125,7741.68017578125,7733.66015625,7740.18017578125
1790355900,7740.22998046875,7741.3798828125,7735.85009765625,7740.7001953125
1790356200,7740.740234375,7742.669921875,7737.2998046875,7742.669921875
1790356500,7742.77978515625,7742.97021484375,7738.43994140625,7738.81982421875
1790356800,7738.919921875,7742.009765625,7738.47998046875,7741.85009765625
1790357100,7741.8798828125,7742.85986328125,7741.1201171875,7742.85986328125
1790357400,7742.7998046875,7743.39990234375,7736.31005859375,7737.919921875
1790357700,7737.91015625,7740.81005859375,7735.56005859375,7739.419921875
1790358000,7739.43994140625,7741.759765625,7739.18994140625,7739.6201171875
1790358300,7739.52001953125,7741.58984375,7738.47021484375,7741.06982421875
1790358600,7741.10009765625,7741.27001953125,7736.56005859375,7737.669921875
1790358900,7737.75,7741.77001953125,7737.35986328125,7741.77001953125
1790359200,7741.77001953125,7742.33984375,7740.830078125,7741.2099609375
1790359500,7741.22998046875,7741.60986328125,7738.8701171875,7741.419921875
1790359800,7741.39990234375,7744.8798828125,7739.93994140625,7744.8798828125
1790360100,7744.85986328125,7745.0,7742.93017578125,7743.14990234375
1790360400,7743.31005859375,7743.830078125,7741.2001953125,7743.1201171875
1790360700,7743.08984375,7743.8701171875,7735.02001953125,7738.6298828125
1790361000,7738.68994140625,7743.259765625,7738.68994140625,7742.240234375
1790361300,7742.10009765625,7742.10009765625,7736.18017578125,7736.58984375
1790361600,7736.47998046875,7740.2900390625,7735.31982421875,7740.2900390625
1790361900,7740.2998046875,7740.6201171875,7737.2001953125,7738.669921875
1790362200,7738.72021484375,7738.759765625,7736.39013671875,7736.39013671875
1790362500,7736.2900390625,7737.72998046875,7735.83984375,7736.35986328125
1790362800,7736.39013671875,7738.7900390625,7734.240234375,7735.4599609375
1790363100,7735.43994140625,7738.02001953125,7735.1201171875,7736.8798828125
1790363400,7736.77001953125,7740.759765625,7736.06005859375,7740.56982421875
1790363700,7740.58984375,7741.10986328125,7738.2099609375,7738.22998046875
1790364000,7738.1298828125,7738.5498046875,7734.740234375,7735.43017578125
1790364300,7735.3701171875,7735.3701171875,7731.85986328125,7732.7900390625
1790364600,7732.89990234375,7734.41015625,7731.81005859375,7732.27978515625
1790364900,7732.22021484375,7739.10009765625,7731.9501953125,7739.0498046875
1790365200,7739.08984375,7742.3701171875,7737.3701171875,7741.4599609375
1790365500,7741.43017578125,7748.77001953125,7741.43017578125,7746.39990234375
1790365800,7746.4501953125,7752.06982421875,7746.4501953125,7747.43017578125
1790366100,7747.35009765625,7748.02978515625,7741.7001953125,7742.31982421875
1790602200,7721.7001953125,7721.7001953125,7703.06005859375,7706.39013671875
1790602500,7705.93017578125,7705.93017578125,7697.56982421875,7703.10009765625
1790602800,7702.97021484375,7706.02978515625,7698.9599609375,7704.93994140625
1790603100,7705.02978515625,7712.740234375,7702.5,7709.9501953125
1790603400,7709.77978515625,7712.93994140625,7705.22998046875,7711.3701171875
1790603700,7711.31982421875,7712.35986328125,7705.2099609375,7712.35986328125
1790604000,7712.75,7713.06982421875,7706.169921875,7706.27978515625
1790604300,7706.3701171875,7708.8701171875,7703.66015625,7706.72021484375
1790604600,7706.3798828125,7706.6201171875,7699.33984375,7701.60986328125
1790604900,7701.58984375,7705.8701171875,7699.77978515625,7704.5
1790605200,7704.27978515625,7708.35009765625,7701.41015625,7706.2998046875
1790605500,7706.39013671875,7707.43994140625,7702.7900390625,7703.58984375
1790605800,7703.52001953125,7703.52001953125,7700.2998046875,7700.669921875
1790606100,7700.72021484375,7701.18017578125,7693.31005859375,7693.43994140625
1790606400,7693.72998046875,7694.5,7681.64013671875,7682.22021484375
1790606700,7682.18017578125,7682.3798828125,7668.27978515625,7671.43994140625
1790607000,7671.77001953125,7676.6298828125,7668.97021484375,7668.97021484375
1790607300,7668.91015625,7673.830078125,7666.60009765625,7671.0498046875
1790607600,7671.27001953125,7676.009765625,7670.83984375,7675.18994140625
1790607900,7675.02978515625,7685.18994140625,7673.080078125,7685.18994140625
1790608200,7685.2900390625,7686.35009765625,7679.68994140625,7680.330078125
1790608500,7680.3798828125,7681.27978515625,7676.81005859375,7680.52001953125
1790608800,7680.0498046875,7680.0498046875,7675.35986328125,7677.490234375
1790609100,7677.330078125,7681.02978515625,7675.43017578125,7679.27978515625
1790609400,7679.68994140625,7680.41015625,7676.52978515625,7679.740234375
1790609700,7679.66015625,7686.56982421875,7679.06005859375,7685.93994140625
1790610000,7686.009765625,7686.2900390625,7676.27978515625,7678.259765625
1790610300,7678.60009765625,7679.66015625,7677.18994140625,7678.52001953125
1790610600,7678.56982421875,7681.009765625,7677.580078125,7681.009765625
1790610900,7681.0400390625,7685.009765625,7681.0400390625,7684.5
1790611200,7684.2998046875,7685.35009765625,7680.990234375,7682.080078125
1790611500,7681.97021484375,7686.0498046875,7680.47021484375,7685.25
1790611800,7685.18994140625,7687.27001953125,7682.72998046875,7683.39013671875
1790612100,7683.35986328125,7696.97021484375,7683.0498046875,7694.39013671875
1790612400,7694.7099609375,7708.330078125,7693.6201171875,7706.990234375
1790612700,7707.2998046875,7724.14990234375,7707.2900390625,7716.91015625
1790613000,7716.93017578125,7717.490234375,7705.10986328125,7707.8798828125
1790613300,7707.83984375,7711.06982421875,7703.4501953125,7704.14990234375
1790613600,7704.14013671875,7705.41015625,7696.56982421875,7699.5400390625
1790613900,7699.4599609375,7702.2900390625,7696.669921875,7697.72998046875
1790614200,7697.85986328125,7701.97998046875,7696.47998046875,7701.25
1790614500,7701.27001953125,7702.0400390625,7700.1298828125,7701.240234375
1790614800,7701.16015625,7701.16015625,7696.02978515625,7697.580078125
1790615100,7697.64013671875,7698.22021484375,7694.27978515625,7695.8798828125
1790615400,7695.56982421875,7720.97021484375,7695.27978515625,7717.52978515625
1790615700,7717.4599609375,7717.4599609375,7702.75,7703.0498046875
1790616000,7703.02978515625,7703.81982421875,7700.33984375,7703.1298828125
1790616300,7702.91015625,7703.7998046875,7698.25,7699.669921875
1790616600,7699.509765625,7704.0400390625,7698.7001953125,7700.85009765625
1790616900,7700.91015625,7703.33984375,7698.06982421875,7700.9599609375
1790617200,7701.14990234375,7702.47998046875,7699.91015625,7701.0400390625
1790617500,7701.16015625,7703.43994140625,7700.2099609375,7702.89990234375
1790617800,7702.8701171875,7703.91015625,7700.85986328125,7703.509765625
1790618100,7703.5498046875,7703.75,7700.5,7702.35986328125
1790618400,7702.35986328125,7703.759765625,7698.740234375,7703.5498046875
1790618700,7703.56982421875,7703.85986328125,7700.85986328125,7702.18017578125
1790619000,7702.18017578125,7704.27001953125,7701.33984375,7703.740234375
1790619300,7703.7900390625,7704.64013671875,7699.75,7699.830078125
1790619600,7699.77001953125,7701.68994140625,7696.419921875,7697.47021484375
1790619900,7697.580078125,7699.66015625,7697.580078125,7698.5
1790620200,7698.490234375,7699.06005859375,7694.85009765625,7697.490234375
1790620500,7697.35986328125,7698.2099609375,7693.18017578125,7693.43994140625
1790620800,7693.47998046875,7700.52978515625,7693.169921875,7700.27001953125
1790621100,7700.419921875,7701.580078125,7697.64013671875,7701.009765625
1790621400,7700.93994140625,7701.52001953125,7697.6298828125,7699.89990234375
1790621700,7699.89013671875,7700.8798828125,7698.81005859375,7698.97998046875
1790622000,7699.43017578125,7699.6298828125,7692.5400390625,7695.27001953125
1790622300,7695.31005859375,7696.18994140625,7692.22998046875,7692.2900390625
1790622600,7692.259765625,7692.39013671875,7687.83984375,7688.240234375
1790622900,7688.330078125,7689.830078125,7685.7998046875,7688.47021484375
1790623200,7688.5400390625,7690.39013671875,7687.56982421875,7689.3701171875
1790623500,7689.6201171875,7691.330078125,7687.85009765625,7689.10986328125
1790623800,7689.22998046875,7689.72998046875,7685.8701171875,7688.2099609375
1790624100,7688.2099609375,7689.35009765625,7680.56005859375,7680.919921875
1790624400,7681.02001953125,7684.7900390625,7680.83984375,7683.52001953125
1790624700,7683.56005859375,7686.22021484375,7681.490234375,7681.85986328125
1790625000,7681.85009765625,7684.14013671875,7677.9599609375,7678.14990234375
1790625300,7678.25,7685.27001953125,7678.25,7684.5
1790625600,7683.68994140625,7683.68994140625,7683.68994140625,7683.68994140625
