ts,open,high,low,close
1783411200,749.39,751.28,748.5,749.61
1783411500,749.2,750.18,748.54,749.48
1783411800,749.48,750.06,749.4611,750.0029
1783412100,749.96,750.2,749.94,750.16
1783412400,750.1,750.34,750.01,750.34
1783412700,750.29,750.32,750.19,750.29
1783413000,750.37,750.43,750.2,750.27
1783413300,750.2896,750.35,750.19,750.32
1783413600,750.32,750.45,750.23,750.25
1783413900,750.25,750.33,750.25,750.33
1783414200,750.33,750.37,750.0,750.06
1783414500,750.0,750.17,749.96,750.01
1783414800,750.01,750.11,749.8,750.11
1783415100,750.0631,750.28,749.97,750.2069
1783415400,750.26,750.38,750.21,750.38
1783415700,750.32,750.48,750.31,750.3493
1783416000,750.35,750.3988,750.25,750.2992
1783416300,750.329,750.35,750.17,750.18
1783416600,750.1807,750.24,750.07,750.07
1783416900,750.05,750.26,749.95,750.26
1783417200,750.29,750.37,750.25,750.289
1783417500,750.33,750.33,750.189,750.231
1783417800,750.3,750.41,750.289,750.289
1783418100,750.3126,750.39,750.29,750.3027
1783418400,750.31,750.58,750.31,750.44
1783418700,750.49,750.5605,750.25,750.2629
1783419000,750.33,750.36,749.96,750.13
1783419300,750.06,750.5,750.06,750.43
1783419600,750.46,750.46,750.24,750.24
1783419900,750.3695,750.45,750.3,750.31
1783420200,750.32,750.32,750.13,750.13
1783420500,750.11,750.15,750.0112,750.07
1783420800,750.1088,750.11,750.01,750.06
1783421100,750.07,750.1365,749.9097,749.91
1783421400,749.9,749.9,749.52,749.71
1783421700,749.81,749.95,749.81,749.89
1783422000,749.96,751.28,749.4308,749.6039
1783422300,749.71,749.76,749.51,749.575
1783422600,749.5879,749.69,749.46,749.5884
1783422900,749.56,749.95,749.56,749.915
1783423200,749.93,749.96,749.86,749.91
1783423500,749.91,750.0,749.79,749.8
1783423800,749.78,749.8,749.55,749.56
1783424100,749.56,749.7,749.46,749.675
1783424400,749.67,749.75,749.5302,749.75
1783424700,749.77,749.96,749.74,749.96
1783425000,749.94,750.03,749.57,749.73
1783425300,749.72,750.13,749.72,750.085
1783425600,750.0907,750.2,750.059,750.1
1783425900,750.1,750.58,750.07,750.48
1783426200,750.45,750.73,750.45,750.5013
1783426500,750.49,750.52,750.16,750.27
1783426800,750.26,750.38,750.1,750.3317
1783427100,750.33,750.61,750.33,750.54
1783427400,750.55,750.59,750.31,750.36
1783427700,750.3889,750.6293,750.35,750.55
1783428000,750.6,750.89,750.54,750.755
1783428300,750.74,751.28,750.38,750.3939
1783428600,750.435,750.49,750.13,750.14
1783428900,750.16,750.31,750.105,750.26
1783429200,750.28,750.28,749.96,750.0003
1783429500,749.97,750.36,749.78,750.19
1783429800,750.18,750.34,750.02,750.29
1783431000,750.219970703125,750.9600219726562,749.3800048828125,749.47998046875
1783431300,749.4600219726562,749.9199829101562,749.1599731445312,749.510009765625
1783431600,749.47998046875,750.22998046875,749.1599731445312,750.1500854492188
1783431900,750.1599731445312,750.2100219726562,749.5,749.6199951171875
1783432200,749.5900268554688,749.9000244140625,748.739990234375,748.9400024414062
1783432500,748.9400024414062,749.0499877929688,748.25,748.8499755859375
1783432800,748.8504028320312,749.2000122070312,748.22998046875,748.5599975585938
1783433100,748.5900268554688,748.969970703125,748.1199951171875,748.280029296875
1783433400,748.27001953125,748.2899780273438,746.9600219726562,747.030029296875
1783433700,747.0108032226562,747.5050048828125,746.469970703125,747.5050048828125
1783434000,747.5,747.7100219726562,746.6199951171875,746.6400146484375
1783434300,746.6699829101562,746.719970703125,746.0900268554688,746.7000122070312
1783434600,746.6799926757812,747.010009765625,746.2899780273438,746.3800048828125
1783434900,746.3699951171875,746.5499877929688,745.8699951171875,745.8800048828125
1783435200,745.8800048828125,746.1400146484375,745.2100219726562,745.7899780273438
1783435500,745.7949829101562,746.4849853515625,745.7000122070312,746.1799926757812
1783435800,746.1900024414062,746.7650146484375,745.97998046875,746.6199951171875
1783436100,746.6199951171875,746.9199829101562,746.4299926757812,746.4450073242188
1783436400,746.4600219726562,746.5700073242188,745.9400024414062,746.3699951171875
1783436700,746.3699951171875,746.6699829101562,746.1799926757812,746.5650024414062
1783437000,746.5650024414062,746.6799926757812,746.0700073242188,746.0701293945312
1783437300,746.0700073242188,746.1099853515625,745.760009765625,745.9500122070312
1783437600,745.9500122070312,746.3300170898438,745.780029296875,745.8900146484375
1783437900,745.9199829101562,746.3690185546875,745.77001953125,746.3690185546875
1783438200,746.3599853515625,746.4400024414062,745.9299926757812,745.9299926757812
1783438500,745.9400024414062,746.219970703125,745.6400146484375,745.6649780273438
1783438800,745.6599731445312,746.4279174804688,745.4299926757812,746.4279174804688
1783439100,746.4199829101562,747.2100219726562,746.4000244140625,746.630126953125
1783439400,746.6300048828125,747.2999877929688,746.6199951171875,747.02001953125
1783439700,747.010009765625,747.4500122070312,746.780029296875,747.3599853515625
1783440000,747.3800048828125,747.7899780273438,747.2600708007812,747.6500244140625
1783440300,747.6699829101562,748.0700073242188,747.25,747.489990234375
1783440600,747.489990234375,748.1599731445312,747.489990234375,748.0399780273438
1783440900,748.0499877929688,748.2000122070312,747.8400268554688,748.0399780273438
1783441200,748.0399780273438,748.8400268554688,748.02001953125,748.5399169921875
1783441500,748.5349731445312,748.989990234375,748.47998046875,748.77001953125
1783441800,748.7650146484375,749.0198974609375,748.4299926757812,748.60498046875
1783442100,748.6099853515625,748.8400268554688,748.239990234375,748.8150024414062
1783442400,748.8200073242188,748.9400024414062,748.5700073242188,748.8699951171875
1783442700,748.8599853515625,749.1300048828125,748.8499755859375,749.0399780273438
1783443000,749.0599975585938,749.1199951171875,748.75,748.7899780273438
1783443300,748.8099975585938,748.9600219726562,748.5,748.9600219726562
1783443600,748.9600219726562,749.1699829101562,748.8599853515625,749.1699829101562
1783443900,749.1400146484375,749.3400268554688,749.0900268554688,749.1599731445312
1783444200,749.155029296875,749.1799926757812,748.740478515625,748.8099975585938
1783444500,748.8300170898438,748.8599853515625,748.4199829101562,748.6099853515625
1783444800,748.6300048828125,749.1502075195312,748.5499877929688,748.9990844726562
1783445100,748.989990234375,749.0800170898438,748.7999877929688,748.8400268554688
1783445400,748.8499755859375,749.1799926757812,748.8300170898438,749.0599975585938
1783445700,749.0399780273438,749.219970703125,748.7999877929688,749.10498046875
1783446000,749.1099853515625,749.27001953125,748.9400024414062,749.125
1783446300,749.1300048828125,749.1400146484375,748.739990234375,748.8800048828125
1783446600,748.9000244140625,749.030029296875,748.6500244140625,748.8073120117188
1783446900,748.7999877929688,749.1799926757812,748.72998046875,749.1799926757812
1783447200,749.1799926757812,749.27001953125,748.8900146484375,749.0900268554688
1783447500,749.094970703125,749.2000122070312,748.8300170898438,748.9400024414062
1783447800,748.969970703125,749.2000122070312,748.9000244140625,748.9949951171875
1783448100,749.010009765625,749.1900024414062,748.8900146484375,749.0499877929688
1783448400,749.0499877929688,749.2999877929688,748.9299926757812,749.1400146484375
1783448700,749.1500244140625,749.260009765625,748.8699951171875,748.989990234375
1783449000,749.0,749.0700073242188,748.5700073242188,748.7100219726562
1783449300,748.6900024414062,749.0399780273438,748.5399780273438,748.9099731445312
1783449600,748.9099731445312,748.9600219726562,748.4000244140625,748.7266235351562
1783449900,748.72998046875,748.8400268554688,747.6599731445312,748.155029296875
1783450200,748.1699829101562,748.239990234375,747.469970703125,747.7899780273438
1783450500,747.780029296875,747.9000244140625,747.4199829101562,747.510009765625
1783450800,747.5,747.7000122070312,746.8200073242188,747.2000122070312
1783451100,747.2100219726562,747.5700073242188,746.6699829101562,746.7794799804688
1783451400,746.780029296875,747.030029296875,746.5499877929688,746.8201293945312
1783451700,746.7999877929688,746.8699951171875,746.0,746.6900024414062
1783452000,746.665771484375,747.0599975585938,746.4299926757812,747.0399780273438
1783452300,747.0399780273438,747.0599975585938,746.5499877929688,746.7000122070312
1783452600,746.6699829101562,747.27001953125,746.6599731445312,747.1925048828125
1783452900,747.2000122070312,747.2000122070312,746.6699829101562,746.77001953125
1783453200,746.760009765625,746.8200073242188,746.3800048828125,746.52001953125
1783453500,746.530029296875,747.0599975585938,746.5,746.989990234375
1783453800,747.010009765625,747.77001953125,747.010009765625,747.7449951171875
1783454100,747.719970703125,747.969970703125,747.1400146484375,747.7000122070312
1783454400,747.66,747.74,747.27,747.5808
1783454700,747.6,747.7499,747.37,747.685
1783455000,747.66,751.0504,747.44,747.53
1783455300,747.71,751.0504,747.03,747.2768
1783455600,747.291,747.33,747.16,747.325
1783455900,747.33,747.45,747.22,747.3505
1783456200,747.38,747.47,747.35,747.44
1783456500,747.435,747.55,747.435,747.535
1783456800,747.53,747.58,747.49,747.51
1783457100,747.52,747.71,747.425,747.485
1783457400,747.48,747.71,747.42,747.585
1783457700,747.585,747.59,747.45,747.54
1783458000,747.54,747.71,747.35,747.4
1783458300,747.59,747.71,696.8186,747.465
1783458600,747.57,747.58,704.7337,747.205
1783458900,747.17,747.43,724.4953,746.755
1783459200,746.755,746.995,746.23,746.532
1783459500,746.5,746.6,746.0,746.24
1783459800,746.24,746.6,745.95,745.9987
1783460100,746.2806,746.3,745.95,746.15
1783460400,746.15,746.42,746.0101,746.29
1783460700,746.3003,746.63,746.3,746.49
1783461000,746.49,746.59,746.39,746.43
1783461300,746.4613,746.47,746.21,746.47
1783461600,746.47,747.71,746.1,746.68
1783461900,746.71,746.98,746.5404,746.7
1783462200,746.7,746.93,746.641,746.73
1783462500,746.85,746.98,746.82,746.93
1783462800,746.93,746.99,746.84,746.89
1783463100,746.935,746.935,746.695,746.83
1783463400,746.8,747.0,746.71,747.0
1783463700,746.9995,747.06,746.8715,746.92
1783464000,746.95,746.99,746.73,746.8
1783464300,746.79,747.0,746.68,746.94
1783464600,746.911,746.989,746.765,746.93
1783464900,746.91,747.08,746.89,746.985
1783465200,746.935,747.13,746.76,746.83
1783465500,746.8502,747.12,746.84,746.86
1783465800,746.915,746.99,746.72,746.931
1783466100,746.9308,747.5,746.91,747.4665
1783466400,747.48,747.48,747.24,747.31
1783466700,747.3294,747.405,747.261,747.405
1783467000,747.38,747.48,747.18,747.21
1783467300,747.24,747.24,746.75,746.855
1783467600,746.8621,746.9,746.63,746.685
1783467900,746.7,746.87,746.37,746.53
1783468200,746.6,746.6,746.26,746.3775
1783468500,746.34,746.38,746.11,746.155
1783497600,747.5,747.97,745.66,746.42
1783497900,745.83,747.6,745.63,746.64
1783498200,746.64,747.88,746.61,746.93
1783498500,747.03,747.03,744.0682,744.56
1783498800,744.61,744.86,742.98,743.0
1783499100,743.06,743.07,742.12,742.19
1783499400,742.1682,742.27,741.4,742.12
1783499700,742.17,742.26,740.57,740.63
1783500000,740.63,741.2223,740.3,741.17
1783500300,741.0715,741.6345,740.985,741.19
1783500600,741.19,741.92,741.04,741.44
1783500900,741.44,741.86,740.38,740.51
1783501200,740.6,740.77,740.12,740.33
1783501500,740.39,740.39,739.75,739.85
1783501800,739.82,740.25,739.34,739.45
1783502100,739.43,740.08,739.35,739.91
1783502400,740.05,740.25,739.78,739.78
1783502700,739.75,740.07,739.5646,740.07
1783503000,739.94,740.44,739.835,740.365
1783503300,740.37,740.84,740.13,740.33
1783503600,740.38,740.38,739.845,740.31
1783503900,740.37,740.4488,739.92,740.34
1783504200,740.2,740.46,740.01,740.3
1783504500,740.13,740.13,739.81,739.9017
1783504800,740.02,740.31,739.66,739.78
1783505100,739.77,739.97,739.45,739.77
1783505400,739.75,739.82,739.4,739.7954
1783505700,739.87,740.21,739.57,740.14
1783506000,740.2,740.44,740.02,740.18
1783506300,740.15,740.595,740.15,740.58
1783506600,740.55,741.1,740.25,740.8
1783506900,740.88,741.24,740.87,741.17
1783507200,741.18,741.33,741.08,741.235
1783507500,741.25,741.41,740.97,741.046
1783507800,741.119,741.36,741.11,741.17
1783508100,741.2157,741.48,740.98,741.1
1783508400,741.07,747.71,740.71,740.915
1783508700,740.89,741.36,740.84,740.942
1783509000,741.0247,741.07,740.65,740.99
1783509300,741.0309,741.15,740.77,741.0
1783509600,741.08,741.15,740.47,740.625
1783509900,740.6391,740.9599,740.6391,740.78
1783510200,740.745,741.32,740.6,741.3091
1783510500,741.34,741.6,740.94,741.13
1783510800,741.12,743.15,740.93,742.3299
1783511100,742.24,742.6,741.98,742.16
1783511400,742.14,742.5009,741.81,742.485
1783511700,742.5,742.9196,742.2,742.295
1783512000,742.25,742.57,741.8,742.55
1783512300,742.59,743.68,742.59,743.4988
1783512600,743.47,743.67,743.1997,743.241
1783512900,743.25,743.47,743.1277,743.4296
1783513200,743.35,743.45,742.95,742.999
1783513500,742.97,743.72,742.93,743.62
1783513800,743.66,743.9205,743.3,743.3987
1783514100,743.33,743.71,743.27,743.6
1783514400,743.575,743.6702,743.39,743.6468
1783514700,743.6741,743.71,743.405,743.53
1783515000,743.47,744.12,743.47,744.01
1783515300,743.99,744.3,742.92,742.99
1783515600,743.0,743.59,742.96,743.48
1783515900,743.46,743.59,742.97,743.46
1783516200,743.43,743.99,743.08,743.85
1783517400,743.1599731445312,744.0850219726562,742.6400146484375,743.6599731445312
1783517700,743.6599731445312,744.169921875,743.0399780273438,743.9749755859375
1783518000,743.9500122070312,744.75,743.8099975585938,744.3400268554688
1783518300,744.3099975585938,744.9249877929688,743.5,743.6400146484375
1783518600,743.6300048828125,744.4600219726562,743.3499755859375,743.6599731445312
1783518900,743.6599731445312,744.6300048828125,743.22998046875,744.02001953125
1783519200,744.030029296875,744.47998046875,743.5900268554688,743.8098754882812
1783519500,743.7899780273438,744.7000122070312,743.77001953125,744.260009765625
1783519800,744.239990234375,744.4299926757812,743.0599975585938,743.219970703125
1783520100,743.2000122070312,743.5999755859375,742.6799926757812,743.2000122070312
1783520400,743.1799926757812,744.5399780273438,742.9804077148438,743.7899780273438
1783520700,743.780029296875,744.4299926757812,742.760009765625,743.1099853515625
1783521000,743.0900268554688,743.6900024414062,742.72998046875,743.3099975585938
1783521300,743.2999877929688,743.2999877929688,742.2337036132812,742.3200073242188
1783521600,742.27001953125,742.72998046875,741.9500122070312,742.4400024414062
1783521900,742.4299926757812,742.47998046875,741.2899780273438,741.2899780273438
1783522200,741.2899780273438,742.8363037109375,740.9299926757812,742.1199951171875
1783522500,742.0999755859375,742.7100219726562,741.56201171875,741.8400268554688
1783522800,741.8300170898438,742.030029296875,741.4199829101562,741.5399780273438
1783523100,741.5349731445312,741.9299926757812,741.3900146484375,741.5050048828125
1783523400,741.5,741.8400268554688,740.9500122070312,741.1199951171875
1783523700,741.0999755859375,741.5125122070312,740.3800048828125,741.3200073242188
1783524000,741.2999877929688,741.5599975585938,740.0499877929688,740.1500244140625
1783524300,740.1400146484375,740.3300170898438,739.5499877929688,739.9400024414062
1783524600,739.9600219726562,740.7576293945312,739.510009765625,740.7399291992188
1783524900,740.7100219726562,741.27001953125,740.4099731445312,740.5900268554688
1783525200,740.5999755859375,741.1900024414062,740.5599975585938,740.739990234375
1783525500,740.719970703125,741.010009765625,740.3200073242188,740.5
1783525800,740.4949951171875,740.5900268554688,740.0198974609375,740.47998046875
1783526100,740.47998046875,740.7999877929688,740.1699829101562,740.6400146484375
1783526400,740.6799926757812,741.260009765625,740.6099853515625,741.25
1783526700,741.239990234375,741.75,741.0900268554688,741.6599731445312
1783527000,741.6599731445312,742.3499755859375,741.6400146484375,742.27001953125
1783527300,742.27001953125,742.684326171875,741.97998046875,742.5800170898438
1783527600,742.5800170898438,743.22998046875,742.5399780273438,742.72998046875
1783527900,742.739990234375,743.469970703125,742.6699829101562,743.0999755859375
1783528200,743.0900268554688,743.8270263671875,742.97998046875,743.0250244140625
1783528500,743.02001953125,743.5399780273438,742.4500122070312,743.219970703125
1783528800,743.1900024414062,744.2177124023438,742.8900146484375,743.9400024414062
1783529100,743.9299926757812,744.280029296875,743.5800170898438,744.27001953125
1783529400,744.2899780273438,744.6099853515625,744.0900268554688,744.4000244140625
1783529700,744.4000244140625,744.75,744.22998046875,744.6799926757812
1783530000,744.6599731445312,744.7000122070312,744.1099853515625,744.2899780273438
1783530300,744.2899780273438,744.75,744.1699829101562,744.280029296875
1783530600,744.2899780273438,744.6300048828125,743.9849853515625,744.280029296875
1783530900,744.2899780273438,744.989990234375,744.280029296875,744.9400024414062
1783531200,744.9299926757812,745.4600219726562,744.8699951171875,745.4400024414062
1783531500,745.4500122070312,745.780029296875,745.22998046875,745.719970703125
1783531800,745.72998046875,746.0900268554688,745.5499877929688,745.5499877929688
1783532100,745.5499877929688,745.719970703125,745.2550048828125,745.260009765625
1783532400,745.27001953125,745.3200073242188,744.7000122070312,744.9500122070312
1783532700,744.9400024414062,744.97998046875,744.260009765625,744.3599853515625
1783533000,744.3800048828125,744.8800048828125,744.2324829101562,744.4299926757812
1783533300,744.4299926757812,744.469970703125,743.9500122070312,744.3900146484375
1783533600,744.3800048828125,745.4500122070312,744.0,745.2899780273438
1783533900,745.239990234375,745.3800048828125,744.8699951171875,745.27001953125
1783534200,745.25,745.510009765625,744.9199829101562,745.280029296875
1783534500,745.2999877929688,745.4099731445312,744.7224731445312,745.1799926757812
1783534800,745.1599731445312,745.3099975585938,744.8800048828125,744.9099731445312
1783535100,744.9400024414062,745.22998046875,744.6699829101562,744.6699829101562
1783535400,744.6699829101562,744.7797241210938,744.260009765625,744.4400024414062
1783535700,744.4600219726562,745.25,744.3300170898438,745.1799926757812
1783536000,745.1699829101562,745.3099975585938,744.5698852539062,745.0399780273438
1783536300,745.0800170898438,745.3300170898438,744.7999877929688,745.27001953125
1783536600,745.260009765625,745.5,745.030029296875,745.1400146484375
1783536900,745.1500244140625,745.3300170898438,744.780029296875,745.3300170898438
1783537200,745.3400268554688,745.7249755859375,745.0499877929688,745.260009765625
1783537500,745.25,745.4099731445312,744.989990234375,745.2999877929688
1783537800,745.3200073242188,745.3400268554688,744.7999877929688,744.8900146484375
1783538100,744.8900146484375,745.1500244140625,744.6799926757812,744.8300170898438
1783538400,744.8400268554688,745.27001953125,744.8099975585938,745.030029296875
1783538700,745.030029296875,745.3599853515625,744.9400024414062,745.1900024414062
1783539000,745.2000122070312,745.3400268554688,744.8300170898438,744.9199829101562
1783539300,744.9249877929688,745.3900146484375,744.8350219726562,745.239990234375
1783539600,745.219970703125,745.3699951171875,744.8900146484375,745.3300170898438
1783539900,745.3300170898438,745.3699951171875,744.4099731445312,744.7999877929688
1783540200,744.780029296875,745.7000122070312,744.5999755859375,745.6599731445312
1783540500,745.739990234375,746.1500244140625,745.27001953125,745.2899780273438
1783540800,745.29,745.57,744.85,745.19
1783541100,745.19,745.28,744.98,745.19
1783541400,745.15,745.56,744.47,744.98
1783541700,745.4,747.7052,744.34,744.445
1783542000,744.46,744.48,744.31,744.36
1783542300,744.345,747.7052,744.21,744.345
1783542600,744.35,744.46,743.82,743.868
1783542900,743.92,747.7052,743.45,743.91
1783543200,743.935,747.7052,743.9,744.065
1783543500,744.05,745.4,744.01,744.14
1783543800,744.15,744.45,744.1006,744.1702
1783544100,744.24,744.45,743.89,744.13
1783544400,744.065,745.4,744.01,744.18
1783544700,744.14,744.2,743.95,744.03
1783545000,744.1485,745.4,744.03,744.078
1783545300,744.0896,744.15,744.03,744.04
1783545600,744.05,744.09,743.96,744.03
1783545900,744.09,744.09,743.96,744.0794
1783546200,744.08,744.35,744.05,744.35
1783546500,744.27,744.45,743.73,744.25
1783546800,744.28,744.44,744.2299,744.4088
1783547100,744.4,744.41,744.25,744.34
1783547400,744.35,744.3577,744.28,744.315
1783547700,744.31,744.44,744.27,744.42
1783548000,744.38,744.8575,744.31,744.75
1783548300,744.72,745.4,744.315,744.5527
1783548600,744.66,744.72,744.53,744.58
1783548900,744.58,744.81,744.43,744.595
1783549200,744.585,744.59,744.3704,744.49
1783549500,744.54,744.54,744.2722,744.4491
1783549800,744.59,744.83,744.265,744.72
1783550100,744.66,744.705,744.34,744.42
1783550400,744.385,744.44,744.26,744.35
1783550700,744.31,744.42,744.3,744.41
1783551000,744.3415,744.5,744.25,744.29
1783551300,744.2512,744.4955,744.25,744.475
1783551600,744.498,744.66,744.45,744.46
1783551900,744.5329,744.86,744.46,744.815
1783552200,744.755,744.83,744.72,744.8131
1783552500,744.8,744.82,744.37,744.37
1783552800,744.38,744.5285,744.25,744.52
1783553100,744.45,744.62,744.38,744.62
1783553400,744.6082,744.85,744.365,744.66
1783553700,744.68,745.05,744.62,744.69
1783554000,744.728,745.02,744.6309,745.02
1783554300,745.0277,745.21,744.9,745.0
1783554600,745.07,745.13,744.935,745.1015
1783554900,745.14,745.37,745.14,745.34
1783584000,747.51,748.36,745.4,748.19
1783584300,747.8,748.43,747.8,748.27
1783584600,748.19,748.2187,747.9854,748.0364
1783584900,747.9,748.32,747.6792,747.98
1783585200,747.97,747.97,747.8115,747.86
1783585500,747.95,748.0747,747.84,747.9228
1783585800,747.89,747.9755,747.36,747.36
1783586100,747.4,747.5,747.28,747.28
1783586400,747.27,747.4,747.2095,747.4
1783586700,747.3495,747.39,746.8623,746.92
1783587000,746.88,747.3166,746.88,747.31
1783587300,747.31,747.42,747.1117,747.1812
1783587600,747.29,747.29,746.91,747.0585
1783587900,747.17,747.18,746.79,746.91
1783588200,746.9235,746.98,746.7692,746.88
1783588500,746.84,746.99,746.75,746.8
1783588800,746.74,746.88,746.7,746.79
1783589100,746.8187,747.0,746.77,746.87
1783589400,746.77,746.9607,746.6,746.6097
1783589700,746.7,746.82,746.49,746.71
1783590000,746.7,746.71,746.03,746.18
1783590300,746.3333,746.59,746.3333,746.5085
1783590600,746.51,746.78,746.5,746.7322
1783590900,746.78,746.85,746.74,746.8
1783591200,746.8087,746.815,746.64,746.71
1783591500,746.77,746.8688,746.63,746.74
1783591800,746.79,746.93,746.7,746.8346
1783592100,746.83,747.04,746.8115,746.9987
1783592400,747.0,747.07,746.8992,746.8992
1783592700,746.8495,746.8495,746.57,746.6915
1783593000,746.67,746.7,746.3245,746.55
1783593300,746.57,746.81,746.52,746.71
1783593600,746.65,746.67,746.43,746.67
1783593900,746.71,746.75,746.04,746.04
1783594200,746.03,746.08,745.4,745.74
1783594500,745.72,746.2,745.5,746.0988
1783594800,746.11,746.52,745.4,746.46
1783595100,746.4636,746.495,745.8,745.9
1783595400,745.9318,746.409,745.85,746.385
1783595700,746.39,746.39,746.14,746.19
1783596000,746.22,746.6,746.17,746.26
1783596300,746.26,746.57,746.25,746.57
1783596600,746.56,746.84,746.3,746.7399
1783596900,746.69,746.74,746.4,746.61
1783597200,746.6115,746.86,746.47,746.79
1783597500,746.76,747.18,746.53,747.02
1783597800,747.02,747.3,746.88,747.0847
1783598100,747.05,747.1785,746.95,746.95
1783598400,747.01,747.25,746.88,747.2
1783598700,747.18,747.61,746.9665,747.52
1783599000,747.53,747.66,747.3,747.35
1783599300,747.32,747.55,745.98,747.3422
1783599600,747.35,747.48,747.22,747.43
1783599900,747.46,747.84,747.46,747.7566
1783600200,747.45,748.06,747.45,747.93
1783600500,747.94,748.08,747.87,747.99
1783600800,748.0,748.05,747.425,747.425
1783601100,747.44,747.44,745.4,747.26
1783601400,747.31,747.45,747.1978,747.3471
1783601700,747.34,747.37,747.0613,747.15
1783602000,747.14,747.53,747.09,747.49
1783602300,747.5,747.54,747.27,747.49
1783602600,747.465,747.49,747.28,747.39
1783603800,747.3499755859375,747.5,745.6799926757812,747.3499755859375
1783604100,747.3599853515625,748.3579711914062,747.0999755859375,748.1199951171875
1783604400,748.1500244140625,748.510009765625,747.489990234375,748.4000244140625
1783604700,748.4000244140625,748.760009765625,747.739990234375,748.1099853515625
1783605000,748.0999755859375,749.1099853515625,747.8150024414062,748.9500122070312
1783605300,748.97998046875,749.22998046875,748.5599975585938,748.6699829101562
1783605600,748.6900024414062,749.02001953125,748.5009765625,748.6900024414062
1783605900,748.6699829101562,748.8499755859375,747.969970703125,747.969970703125
1783606200,747.9600219726562,748.0,747.27001953125,747.5499877929688
1783606500,747.5599975585938,747.5599975585938,745.9299926757812,746.2586059570312
1783606800,746.260009765625,746.989990234375,745.5900268554688,746.9500122070312
1783607100,746.9299926757812,748.1900024414062,746.75,747.8798828125
1783607400,747.8599853515625,748.0650024414062,747.0999755859375,747.6500244140625
1783607700,747.6500244140625,748.47998046875,747.5499877929688,748.4000244140625
1783608000,748.4000244140625,748.47998046875,747.8099975585938,747.8800048828125
1783608300,747.9099731445312,748.3800048828125,747.8400268554688,748.0499877929688
1783608600,748.0599975585938,748.0599975585938,747.25,747.969970703125
1783608900,747.9600219726562,748.9199829101562,747.9600219726562,748.72998046875
1783609200,748.719970703125,748.9400024414062,748.5999755859375,748.860107421875
1783609500,748.8800048828125,749.5599975585938,748.8400268554688,749.489990234375
1783609800,749.5,749.5800170898438,749.0999755859375,749.2000122070312
1783610100,749.1900024414062,749.5900268554688,748.97998046875,749.219970703125
1783610400,749.239990234375,749.9600219726562,749.2100219726562,749.9000244140625
1783610700,749.9080200195312,749.97998046875,749.719970703125,749.7999877929688
1783611000,749.780029296875,749.7999877929688,749.4849853515625,749.5800170898438
1783611300,749.5499877929688,749.8800048828125,749.52001953125,749.8699951171875
1783611600,749.8699951171875,750.25,749.80078125,750.1099853515625
1783611900,750.0999755859375,750.25,749.9299926757812,750.1599731445312
1783612200,750.1699829101562,750.2000122070312,749.8699951171875,749.9199829101562
1783612500,749.9199829101562,750.0850219726562,749.7999877929688,749.8699951171875
1783612800,749.8800048828125,750.4400024414062,749.8699951171875,750.3300170898438
1783613100,750.3200073242188,750.5700073242188,750.3200073242188,750.4400024414062
1783613400,750.4600219726562,750.5499877929688,750.3499755859375,750.5250244140625
1783613700,750.510009765625,750.6699829101562,750.3800048828125,750.5593872070312
1783614000,750.5399780273438,750.8200073242188,750.4500122070312,750.7999877929688
1783614300,750.7899780273438,750.8099975585938,750.573974609375,750.6400146484375
1783614600,750.6400146484375,750.89990234375,750.47998046875,750.47998046875
1783614900,750.4749755859375,750.5900268554688,750.3300170898438,750.5800170898438
1783615200,750.5900268554688,750.7899780273438,750.5900268554688,750.6900024414062
1783615500,750.6900024414062,750.75,750.3699951171875,750.47998046875
1783615800,750.47998046875,750.60498046875,750.3599853515625,750.4199829101562
1783616100,750.4100952148438,750.4949951171875,750.239990234375,750.4400024414062
1783616400,750.4500122070312,750.8400268554688,750.4000244140625,750.719970703125
1783616700,750.7000122070312,751.2200927734375,750.6400146484375,751.125
1783617000,751.1199951171875,751.3900146484375,751.0800170898438,751.22998046875
1783617300,751.22998046875,751.5850219726562,751.219970703125,751.5399780273438
1783617600,751.5499877929688,751.6699829101562,751.3800048828125,751.4500122070312
1783617900,751.4550170898438,751.7899780273438,751.4500122070312,751.7550048828125
1783618200,751.760009765625,751.8300170898438,751.4500122070312,751.6300048828125
1783618500,751.6104736328125,751.9000244140625,751.5900268554688,751.7100219726562
1783618800,751.719970703125,751.7999877929688,751.510009765625,751.7000122070312
1783619100,751.7100219726562,751.969970703125,751.6900024414062,751.8400268554688
1783619400,751.8499755859375,751.9099731445312,751.6799926757812,751.72998046875
1783619700,751.719970703125,751.75,751.1799926757812,751.6300048828125
1783620000,751.625,751.72998046875,751.4400024414062,751.5250244140625
1783620300,751.5250244140625,751.8099975585938,751.510009765625,751.7000122070312
1783620600,751.7000122070312,751.8300170898438,751.6300048828125,751.739990234375
1783620900,751.739990234375,751.864990234375,751.5499877929688,751.6300048828125
1783621200,751.64501953125,751.64501953125,751.3400268554688,751.344970703125
1783621500,751.3499755859375,751.4505004882812,751.239990234375,751.4505004882812
1783621800,751.4500122070312,751.5894775390625,751.22998046875,751.27001953125
1783622100,751.260009765625,751.3499755859375,751.1027221679688,751.14501953125
1783622400,751.14501953125,751.3300170898438,751.0399780273438,751.2999877929688
1783622700,751.2899780273438,751.3400268554688,751.1099853515625,751.2899780273438
1783623000,751.2899780273438,751.3400268554688,751.1099853515625,751.1265869140625
1783623300,751.1099853515625,751.1300048828125,750.8599853515625,751.0499267578125
1783623600,751.0499877929688,751.0700073242188,750.72998046875,750.8300170898438
1783623900,750.8201293945312,751.010009765625,750.6600952148438,750.780029296875
1783624200,750.77001953125,751.030029296875,750.6699829101562,750.9000244140625
1783624500,750.9000244140625,751.469970703125,750.8400268554688,751.2999877929688
1783624800,751.2999877929688,751.4299926757812,751.1400146484375,751.1799926757812
1783625100,751.1900024414062,751.260009765625,751.0499877929688,751.0999755859375
1783625400,751.0900268554688,751.1199951171875,750.9299926757812,751.094970703125
1783625700,751.0999755859375,751.3699951171875,751.0900268554688,751.27001953125
1783626000,751.280029296875,751.47998046875,751.1400146484375,751.405029296875
1783626300,751.4000244140625,751.469970703125,751.25,751.25
1783626600,751.25,751.25,750.8300170898438,750.8300170898438
1783626900,750.8499755859375,751.6699829101562,750.8400268554688,751.6500244140625
1783627200,751.67,751.72,745.6231,751.41
1783627500,751.41,751.77,751.166,751.7392
1783627800,751.71,751.76,745.6231,751.66
1783628100,751.65,751.76,751.4841,751.54
1783628400,751.52,751.54,745.6231,751.3009
1783628700,751.335,751.37,745.6231,751.28
1783629000,751.26,751.57,751.21,751.535
1783629300,751.53,751.56,745.6231,751.5
1783629600,751.55,751.55,751.32,751.339
1783629900,751.32,751.71,751.3,751.3682
1783630200,751.3,751.31,751.16,751.19
1783630500,751.161,751.69,751.07,751.195
1783630800,751.69,751.69,751.15,751.39
1783631100,751.38,751.71,699.048,751.2
1783631400,751.25,751.71,751.1067,751.195
1783631700,751.24,751.3452,751.09,751.17
1783632000,751.14,751.29,751.04,751.15
1783632300,751.1577,751.1577,750.7,751.055
1783632600,751.055,751.21,751.01,751.105
1783632900,751.105,751.32,751.05,751.2657
1783633200,751.22,751.3175,751.15,751.27
1783633500,751.22,751.26,751.05,751.1
1783633800,751.14,751.15,751.05,751.1
1783634100,751.1,751.71,751.05,751.16
1783634400,751.25,751.3287,751.07,751.251
1783634700,751.28,751.45,751.1,751.1
1783635000,751.1217,751.1399,751.02,751.109
1783635300,751.12,751.21,750.95,751.09
1783635600,751.01,751.16,750.9,751.1187
1783635900,751.07,751.12,750.94,751.0
1783636200,750.995,751.11,750.96,751.059
1783636500,751.03,751.18,751.0186,751.11
1783636800,751.07,751.16,751.06,751.1321
1783637100,751.1595,751.26,751.1,751.2
1783637400,751.21,751.26,751.1445,751.165
1783637700,751.14,751.2582,751.14,751.225
1783638000,751.25,751.29,751.0552,751.27
1783638300,751.27,751.45,751.27,751.435
1783638600,751.45,751.49,751.38,751.4503
1783638900,751.451,751.52,751.3645,751.5
1783639200,751.4704,751.6785,751.43,751.64
1783639500,751.58,751.69,751.58,751.67
1783639800,751.635,751.67,751.53,751.55
1783640100,751.585,751.65,751.53,751.62
1783640400,751.605,751.63,751.48,751.525
1783640700,751.5782,751.5782,751.17,751.3099
1783641000,751.31,751.6,751.3015,751.55
1783641300,751.51,751.66,751.42,751.4386
1783670400,750.92,751.71,749.83,750.09
1783670700,750.0,750.4378,750.0,750.4378
1783671000,750.49,750.7,750.49,750.7
1783671300,750.6212,750.75,750.6212,750.67
1783671600,750.58,750.6185,750.33,750.4
1783671900,750.4813,750.505,750.4,750.41
1783672200,750.4099,750.41,750.19,750.3
1783672500,750.37,750.4605,750.3,750.37
1783672800,750.35,750.4,750.21,750.4
1783673100,750.401,750.44,750.36,750.43
1783673400,750.399,750.501,750.28,750.33
1783673700,750.3015,750.43,750.3,750.4
1783674000,750.4,750.5229,749.64,750.485
1783674300,750.52,750.655,750.459,750.65
1783674600,750.68,750.94,750.6309,750.8561
1783674900,750.95,751.07,750.9,751.07
1783675200,751.09,751.09,750.87,750.9287
1783675500,750.92,751.03,750.91,750.99
1783675800,750.96,751.13,750.95,751.095
1783676100,751.109,751.109,750.94,751.05
1783676400,751.1,751.1,750.8326,750.92
1783676700,750.93,751.06,750.9,750.95
1783677000,750.95,751.0511,750.93,750.93
1783677300,750.92,751.04,750.92,750.98
1783677600,751.01,751.33,751.01,751.3
1783677900,751.32,751.455,751.32,751.455
1783678200,751.41,751.44,751.35,751.3787
1783678500,751.39,751.41,751.29,751.3363
1783678800,751.39,751.52,751.025,751.37
1783679100,751.39,751.49,751.26,751.49
1783679400,751.5141,751.75,751.5141,751.71
1783679700,751.7,751.75,751.6,751.68
1783680000,751.73,751.87,751.61,751.87
1783680300,751.85,751.85,751.68,751.68
1783680600,751.71,751.71,751.6,751.63
1783680900,751.64,751.89,751.64,751.87
1783681200,751.841,752.05,751.71,751.9
1783681500,751.925,751.95,751.78,751.795
1783681800,751.8193,751.89,751.77,751.85
1783682100,751.84,751.99,751.84,751.93
1783682400,751.93,752.0,751.88,751.94
1783682700,751.97,751.99,751.52,751.5292
1783683000,751.53,751.53,751.1195,751.2
1783683300,751.26,751.26,750.9328,751.01
1783683600,751.03,751.277,751.01,751.275
1783683900,751.3,751.45,751.21,751.25
1783684200,751.23,751.43,751.2012,751.25
1783684500,751.25,751.35,751.0782,751.1873
1783684800,751.1542,751.21,750.75,750.789
1783685100,750.72,750.9,750.56,750.845
1783685400,750.8738,752.33,750.74,751.7435
1783685700,751.73,751.85,751.46,751.55
1783686000,751.55,751.71,751.38,751.655
1783686300,751.62,751.69,751.55,751.6
1783686600,751.6,751.63,751.37,751.49
1783686900,751.49,751.96,751.2831,751.9074
1783687200,751.94,752.1,751.67,751.68
1783687500,751.6949,752.04,751.6778,751.8
1783687800,751.765,751.83,743.985,751.7
1783688100,751.699,751.87,751.57,751.6369
1783688400,751.65,751.86,751.51,751.7
1783688700,751.71,751.93,751.7,751.73
1783689000,751.72,751.89,751.61,751.87
1783690200,752.0499877929688,752.8599853515625,752.010009765625,752.5900268554688
1783690500,752.5999755859375,753.219970703125,752.47998046875,752.6099853515625
1783690800,752.5900268554688,752.6400146484375,751.7999877929688,752.219970703125
1783691100,752.219970703125,753.1599731445312,752.0850219726562,753.030029296875
1783691400,753.0150146484375,753.1900024414062,752.6599731445312,752.885009765625
1783691700,752.8699951171875,753.2349853515625,752.6099853515625,752.9149780273438
1783692000,752.9199829101562,753.3499755859375,752.780029296875,753.1199951171875
1783692300,753.1199951171875,753.25,752.4909057617188,753.0700073242188
1783692600,753.0900268554688,753.1400146484375,752.6201171875,752.6849975585938
1783692900,752.697021484375,752.969970703125,752.3400268554688,752.6799926757812
1783693200,752.6699829101562,752.8300170898438,752.1099853515625,752.5399780273438
1783693500,752.530029296875,753.135009765625,752.1500244140625,752.586181640625
1783693800,752.5858764648438,753.25,748.0999755859375,750.9000244140625
1783694100,750.97998046875,752.0599975585938,750.4299926757812,751.6900024414062
1783694400,751.7000122070312,752.2899780273438,751.3099975585938,752.1099853515625
1783694700,752.0999755859375,752.469970703125,751.614990234375,752.4099731445312
1783695000,752.4099731445312,752.6199951171875,751.9199829101562,751.9500122070312
1783695300,751.9299926757812,752.03857421875,751.0800170898438,751.2199096679688
1783695600,751.1799926757812,751.4400024414062,750.8900146484375,750.97998046875
1783695900,751.0,751.760009765625,750.6519775390625,751.760009765625
1783696200,751.75,752.0297241210938,751.6199951171875,751.9400024414062
1783696500,751.9299926757812,753.1599731445312,751.9299926757812,752.6900024414062
1783696800,752.7000122070312,753.0850219726562,752.4199829101562,753.030029296875
1783697100,753.0499877929688,753.4199829101562,753.030029296875,753.25
1783697400,753.25,753.3900146484375,752.8800048828125,753.0
1783697700,753.0499877929688,753.0499877929688,752.3300170898438,752.4299926757812
1783698000,752.4398803710938,752.510009765625,751.3800048828125,752.030029296875
1783698300,752.0399780273438,752.6799926757812,751.5936889648438,752.469970703125
1783698600,752.4500122070312,752.9349975585938,752.364013671875,752.8499755859375
1783698900,752.8499755859375,752.9099731445312,752.510009765625,752.8175048828125
1783699200,752.8099975585938,753.3499755859375,752.8099975585938,753.1599731445312
1783699500,753.1799926757812,753.2100219726562,752.8499755859375,752.9600219726562
1783699800,752.969970703125,753.280029296875,752.8400268554688,753.2100219726562
1783700100,753.239990234375,753.6900024414062,753.22998046875,753.5800170898438
1783700400,753.5800170898438,753.6375122070312,753.1599731445312,753.3800048828125
1783700700,753.3900146484375,753.4299926757812,753.1699829101562,753.2100219726562
1783701000,753.2100219726562,753.590087890625,753.2100219726562,753.47998046875
1783701300,753.489990234375,753.5900268554688,753.030029296875,753.2899780273438
1783701600,753.2899780273438,753.6500244140625,753.25,753.6199951171875
1783701900,753.6099853515625,753.9299926757812,753.5900268554688,753.8200073242188
1783702200,753.8150024414062,754.0499877929688,753.780029296875,753.97998046875
1783702500,753.9702758789062,754.1400146484375,753.8499755859375,754.010009765625
1783702800,754.010009765625,754.030029296875,753.6099853515625,753.7100219726562
1783703100,753.719970703125,753.8300170898438,753.6300048828125,753.6400146484375
1783703400,753.6456298828125,753.8400268554688,753.47998046875,753.8040161132812
1783703700,753.780029296875,754.0399780273438,753.760009765625,753.8599853515625
1783704000,753.8599853515625,754.0,753.8400268554688,753.969970703125
1783704300,753.969970703125,754.0599975585938,753.8966064453125,754.010009765625
1783704600,754.02001953125,754.1649780273438,753.875,754.0198974609375
1783704900,754.0150146484375,754.4099731445312,753.97998046875,754.2459716796875
1783705200,754.22998046875,754.3200073242188,754.0800170898438,754.114990234375
1783705500,754.1199951171875,754.3300170898438,754.1099853515625,754.2899780273438
1783705800,754.2999877929688,754.3800048828125,754.239990234375,754.27001953125
1783706100,754.260009765625,754.2999877929688,753.9299926757812,753.989990234375
1783706400,754.0,754.1799926757812,753.9299926757812,754.0599975585938
1783706700,754.0599975585938,754.3200073242188,754.0599975585938,754.239990234375
1783707000,754.25,754.5999755859375,754.2100219726562,754.2899780273438
1783707300,754.280029296875,754.3400268554688,754.1199951171875,754.219970703125
1783707600,754.2100219726562,754.3900146484375,754.0800170898438,754.3150024414062
1783707900,754.3150024414062,754.719970703125,754.3150024414062,754.4299926757812
1783708200,754.4199829101562,754.5800170898438,754.3599853515625,754.510009765625
1783708500,754.52001953125,754.530029296875,754.3099975585938,754.4099731445312
1783708800,754.4199829101562,754.6199951171875,754.3699951171875,754.5075073242188
1783709100,754.489990234375,754.5999755859375,754.469970703125,754.510009765625
1783709400,754.5158081054688,754.6199951171875,754.4500122070312,754.5700073242188
1783709700,754.5499877929688,754.6599731445312,754.469970703125,754.4949951171875
1783710000,754.4949951171875,755.0499877929688,754.4550170898438,754.969970703125
1783710300,754.97998046875,755.1699829101562,754.8599853515625,754.9199829101562
1783710600,754.9199829101562,755.1500244140625,754.9099731445312,755.1199951171875
1783710900,755.1199951171875,755.1799926757812,754.9219970703125,755.02001953125
1783711200,755.02001953125,755.0599975585938,754.8800048828125,754.9450073242188
1783711500,754.9299926757812,755.1099853515625,754.9299926757812,754.9600219726562
1783711800,754.9600219726562,755.1699829101562,754.786376953125,754.9400024414062
1783712100,754.9500122070312,755.1400146484375,754.8599853515625,755.030029296875
1783712400,755.0399780273438,755.219970703125,755.02001953125,755.030029296875
1783712700,755.02001953125,755.1699829101562,754.9400024414062,755.0999755859375
1783713000,755.1099853515625,755.4199829101562,755.02001953125,755.0999755859375
1783713300,755.0800170898438,755.1900024414062,754.5700073242188,754.9000244140625
1783713600,754.87,755.23,751.762,755.02
1783713900,755.005,755.02,754.8495,754.97
1783714200,754.96,755.15,751.762,755.06
1783714500,755.06,755.14,754.95,755.0901
1783714800,755.095,755.11,754.95,755.055
1783715100,755.055,755.5,751.762,755.31
1783715400,755.27,755.43,755.25,755.295
1783715700,755.3,755.35,755.27,755.34
1783716000,755.345,755.44,755.27,755.4
1783716300,755.39,755.52,755.35,755.47
1783716600,755.45,755.58,754.95,755.5792
1783716900,755.58,755.6607,754.95,755.45
1783717200,755.41,755.52,754.88,755.44
1783717500,755.3591,755.6,754.95,755.4
1783717800,755.3707,755.3992,755.04,755.05
1783718100,755.1,755.15,755.0,755.035
1783718400,755.05,755.07,754.97,755.02
1783718700,755.0,755.11,755.0,755.06
1783719000,755.09,759.3482,755.0,755.25
1783719300,755.25,755.29,755.1025,755.15
1783719600,755.1103,755.35,754.95,755.16
1783719900,755.0355,755.2,755.03,755.15
1783720200,755.125,755.2,754.97,754.985
1783720500,755.0,755.0,754.97,754.98
1783720800,755.15,755.2,754.97,755.1
1783721100,755.2,755.2,754.82,754.83
1783721400,754.8395,754.85,754.76,754.85
1783721700,754.85,754.9,754.56,754.84
1783722000,754.78,754.99,754.78,754.95
1783722300,754.9529,754.9975,754.9,754.9025
1783722600,754.9001,755.0,754.9,754.975
1783722900,755.05,755.05,754.62,755.04
1783723200,755.03,755.03,754.78,754.9
1783723500,754.99,755.01,754.87,754.95
1783723800,754.9512,755.04,754.9512,754.97
1783724100,755.0,755.04,755.0,755.0
1783724400,755.04,755.1,754.96,755.1
1783724700,755.1,755.1,754.85,754.95
1783725000,755.0,755.0,754.91,754.965
1783725300,754.98,755.19,754.93,755.05
1783725600,755.05,755.14,754.96,755.055
1783725900,755.055,755.15,754.96,755.1272
1783726200,755.09,755.15,754.96,755.1442
1783726500,755.14,755.2,754.96,755.1
1783726800,755.1,755.1,755.08,755.1
1783727100,755.1,755.1,755.08,755.1
1783727400,755.1,755.1,755.08,755.1
1783727700,755.1,755.3,754.81,754.89
1783929600,752.5,752.5,749.6,751.9
1783929900,751.9185,752.3115,750.07,752.19
1783930200,752.2,752.5,752.12,752.474
1783930500,752.48,752.79,752.48,752.6
1783930800,752.53,752.69,752.499,752.499
1783931100,752.5069,752.67,752.4697,752.51
1783931400,752.55,752.67,752.36,752.36
1783931700,752.3987,752.49,752.26,752.39
1783932000,752.42,752.6,752.3615,752.59
1783932300,752.55,752.65,752.45,752.65
1783932600,752.69,752.87,752.655,752.77
1783932900,752.7858,752.83,752.64,752.7612
1783933200,752.8,752.8,752.4533,752.55
1783933500,752.5,752.61,752.4,752.57
1783933800,752.5575,752.605,752.42,752.571
1783934100,752.62,753.0,752.5808,752.885
1783934400,752.93,753.1,752.8614,753.0295
1783934700,753.06,753.215,753.06,753.2085
1783935000,753.1492,753.24,753.02,753.1373
1783935300,753.12,753.28,753.09,753.14
1783935600,753.1904,753.1904,753.06,753.18
1783935900,753.14,753.1691,753.0187,753.0438
1783936200,753.04,753.06,752.91,753.05
1783936500,753.06,753.09,752.95,753.0316
1783936800,753.06,753.13,752.82,752.93
1783937100,752.95,752.95,752.68,752.8
1783937400,752.7902,752.82,752.69,752.7868
1783937700,752.82,753.05,752.8,752.9685
1783938000,752.9608,753.01,752.82,752.82
1783938300,752.8172,752.8172,752.64,752.65
1783938600,752.66,752.79,752.61,752.6312
1783938900,752.65,752.81,752.65,752.8
1783939200,752.77,752.8295,752.58,752.6455
1783939500,752.64,752.9,752.5904,752.79
1783939800,752.77,752.81,752.7123,752.7592
1783940100,752.7592,752.7592,752.6107,752.68
1783940400,752.689,754.95,752.66,752.975
1783940700,752.97,753.29,752.92,752.92
1783941000,752.91,752.99,752.589,752.695
1783941300,752.74,752.8885,752.56,752.56
1783941600,752.5697,752.75,752.4302,752.6978
1783941900,752.75,753.0,752.68,752.9
1783942200,752.8995,753.0802,752.69,753.08
1783942500,753.11,753.13,752.81,752.92
1783942800,752.9458,752.97,752.73,752.755
1783943100,752.75,752.759,752.4,752.5987
1783943400,752.59,752.63,752.31,752.345
1783943700,752.335,752.45,752.12,752.35
1783944000,752.3603,752.48,752.1,752.24
1783944300,752.26,752.36,752.08,752.33
1783944600,752.35,752.71,751.66,752.13
1783944900,752.22,752.27,751.95,752.22
1783945200,752.21,752.2602,751.91,752.0
1783945500,752.05,752.1,751.85,751.91
1783945800,751.9,751.9,751.55,751.763
1783946100,751.8,751.85,751.56,751.84
1783946400,751.83,752.1,751.75,752.0575
1783946700,752.0555,754.95,752.01,752.37
1783947000,752.419,752.54,752.22,752.37
1783947300,752.39,752.67,752.34,752.59
1783947600,752.66,752.87,752.53,752.785
1783947900,752.74,752.86,752.5,752.551
1783948200,752.59,752.6,752.42,752.55
1783949400,752.469970703125,753.9099731445312,752.4000244140625,753.4249877929688
1783949700,753.4299926757812,753.780029296875,753.0399780273438,753.219970703125
1783950000,753.219970703125,753.219970703125,752.5399780273438,752.989990234375
1783950300,753.010009765625,753.1300048828125,752.280029296875,752.8699951171875
1783950600,752.9000244140625,752.9600219726562,751.9199829101562,752.6099853515625
1783950900,752.5900268554688,753.739990234375,752.4199829101562,753.6199951171875
1783951200,753.6300048828125,753.9105224609375,752.6599731445312,752.7899780273438
1783951500,752.77001953125,752.969970703125,752.27001953125,752.8200073242188
1783951800,752.8099975585938,753.3300170898438,752.6699829101562,753.27001953125
1783952100,753.27001953125,753.3699951171875,750.2999877929688,751.9299926757812
1783952400,751.9199829101562,752.9099731445312,751.4600219726562,752.780029296875
1783952700,752.7449951171875,753.1900024414062,752.530029296875,753.0900268554688
1783953000,753.0900268554688,753.2999877929688,752.5700073242188,752.6400146484375
1783953300,752.6500244140625,752.6849975585938,751.969970703125,752.1900024414062
1783953600,752.2000122070312,752.2100219726562,751.25,751.5
1783953900,751.510009765625,752.4550170898438,751.0,752.3800048828125
1783954200,752.380126953125,752.469970703125,751.530029296875,751.72998046875
1783954500,751.72998046875,752.7899780273438,751.56201171875,752.7401123046875
1783954800,752.739990234375,753.0549926757812,752.3078002929688,752.3319702148438
1783955100,752.3400268554688,752.5900268554688,752.1599731445312,752.25
1783955400,752.2550048828125,752.5549926757812,751.9199829101562,752.0850219726562
1783955700,752.0800170898438,752.3250122070312,751.8812255859375,752.25
1783956000,752.25,752.5679931640625,752.1099853515625,752.447509765625
1783956300,752.4400024414062,752.489990234375,751.9650268554688,752.3800048828125
1783956600,752.3900146484375,752.5250244140625,752.0,752.1500244140625
1783956900,752.1599731445312,752.2899780273438,751.8499755859375,752.1300048828125
1783957200,752.1099853515625,752.1699829101562,751.6900024414062,751.72998046875
1783957500,751.719970703125,751.7880249023438,751.489990234375,751.7150268554688
1783957800,751.7150268554688,751.760009765625,751.155029296875,751.5499877929688
1783958100,751.5599975585938,751.5700073242188,751.094482421875,751.2349853515625
1783958400,751.22998046875,751.469970703125,750.9500122070312,751.169921875
1783958700,751.1300048828125,751.5499877929688,751.0599975585938,751.47998046875
1783959000,751.47998046875,751.8099975585938,751.2537231445312,751.4299926757812
1783959300,751.4199829101562,751.4400024414062,750.6699829101562,750.85498046875
1783959600,750.8599853515625,750.8800048828125,750.5900268554688,750.6400146484375
1783959900,750.6300048828125,750.6799926757812,749.9299926757812,750.2899780273438
1783960200,750.27001953125,750.280029296875,749.5900268554688,749.6199951171875
1783960500,749.6300048828125,750.260009765625,748.9299926757812,749.993408203125
1783960800,749.969970703125,750.52001953125,749.5750122070312,750.3599853515625
1783961100,750.3900146484375,750.6599731445312,749.9600219726562,749.97998046875
1783961400,749.9600219726562,750.0399780273438,749.1799926757812,749.4500122070312
1783961700,749.4400024414062,750.1199951171875,749.2838745117188,749.8699951171875
1783962000,749.9000244140625,750.2899780273438,749.75,749.8400268554688
1783962300,749.8400268554688,750.5,749.7849731445312,750.4199829101562
1783962600,750.4199829101562,750.6400146484375,749.9301147460938,750.0599975585938
1783962900,750.0499877929688,750.2899780273438,749.6400146484375,750.1599731445312
1783963200,750.1400146484375,750.3499755859375,749.7000122070312,749.7100219726562
1783963500,749.719970703125,749.969970703125,749.530029296875,749.8099975585938
1783963800,749.8099975585938,750.1199951171875,749.6599731445312,749.9500122070312
1783964100,749.9199829101562,749.9199829101562,749.4609985351562,749.7083740234375
1783964400,749.7000122070312,750.1300048828125,749.489990234375,749.9849853515625
1783964700,750.0,750.260009765625,749.5999755859375,749.6300048828125
1783965000,749.6400146484375,749.7100219726562,749.219970703125,749.4600219726562
1783965300,749.4650268554688,749.5499877929688,749.2100219726562,749.2349853515625
1783965600,749.260009765625,749.8699951171875,749.1900024414062,749.6699829101562
1783965900,749.6599731445312,750.2100219726562,749.5919799804688,749.6400146484375
1783966200,749.6500244140625,749.8099975585938,749.1300048828125,749.760009765625
1783966500,749.75,749.8200073242188,749.0399780273438,749.2100219726562
1783966800,749.219970703125,749.5399780273438,749.0499877929688,749.5
1783967100,749.5,749.5599975585938,749.1599731445312,749.239990234375
1783967400,749.239990234375,749.530029296875,748.97021484375,749.219970703125
1783967700,749.219970703125,749.75,749.1900024414062,749.6799926757812
1783968000,749.6699829101562,750.0399780273438,749.5599975585938,749.8499755859375
1783968300,749.8499755859375,749.9199829101562,749.510009765625,749.760009765625
1783968600,749.75,750.0700073242188,749.5250244140625,749.7899780273438
1783968900,749.780029296875,749.9099731445312,749.4600219726562,749.5599975585938
1783969200,749.5800170898438,749.9000244140625,749.1799926757812,749.8499755859375
1783969500,749.8599853515625,749.969970703125,749.5,749.510009765625
1783969800,749.5,749.530029296875,749.0999755859375,749.2899780273438
1783970100,749.2899780273438,749.4400024414062,749.1300048828125,749.2550048828125
1783970400,749.260009765625,749.2999877929688,748.7000122070312,748.9149780273438
1783970700,748.9099731445312,748.9600219726562,748.1699829101562,748.3800048828125
1783971000,748.3900146484375,748.9000244140625,748.3099975585938,748.655029296875
1783971300,748.6500244140625,748.6500244140625,748.0,748.260009765625
1783971600,748.27001953125,749.0,748.1749877929688,748.9400024414062
1783971900,748.9400024414062,749.0499877929688,748.5700073242188,748.8800048828125
1783972200,748.8900146484375,749.4500122070312,748.8699951171875,749.030029296875
1783972500,749.0599975585938,749.6099853515625,748.9299926757812,749.0999755859375
1783972800,749.13,754.9269,748.73,748.95
1783973100,748.9692,754.9269,748.86,748.94
1783973400,748.97,754.9269,748.61,748.805
1783973700,748.78,749.27,747.59,748.15
1783974000,749.17,749.17,748.0,748.37
1783974300,748.4,748.53,748.29,748.455
1783974600,748.44,748.449,748.185,748.32
1783974900,748.32,748.36,748.27,748.335
1783975200,748.32,748.39,748.1999,748.31
1783975500,748.2466,749.17,748.13,748.14
1783975800,748.19,748.3,724.228,748.2695
1783976100,748.25,748.38,748.2,748.32
1783976400,748.365,749.17,748.28,748.47
1783976700,748.44,748.5,724.228,748.41
1783977000,748.385,751.83,748.2,748.245
1783977300,748.245,748.29,748.15,748.29
1783977600,748.23,748.29,748.1535,748.255
1783977900,748.255,748.29,748.205,748.2305
1783978200,748.24,748.26,748.205,748.26
1783978500,748.215,748.26,748.15,748.23
1783978800,748.23,748.29,748.17,748.28
1783979100,748.27,748.36,748.27,748.306
1783979400,748.31,748.36,748.31,748.34
1783979700,748.34,748.41,748.32,748.41
1783980000,748.41,749.08,748.41,748.65
1783980300,748.7813,749.0365,748.6,748.7
1783980600,748.66,748.729,748.48,748.535
1783980900,748.5709,748.69,748.54,748.6287
1783981200,748.6396,748.76,748.41,748.435
1783981500,748.46,748.54,748.2802,748.33
1783981800,748.37,748.4,748.27,748.34
1783982100,748.3683,748.4385,748.325,748.41
1783982400,748.42,748.559,748.38,748.5
1783982700,748.49,748.68,748.475,748.5201
1783983000,748.5592,748.5592,748.13,748.15
1783983300,748.13,748.13,747.94,748.0292
1783983600,748.01,748.0261,747.6,747.68
1783983900,747.6682,747.7799,747.61,747.72
1783984200,747.7,747.79,747.5,747.63
1783984500,747.64,747.73,747.55,747.68
1783984800,747.69,747.8899,747.6478,747.82
1783985100,747.89,747.9609,747.56,747.65
1783985400,747.62,747.62,747.4,747.45
1783985700,747.44,747.63,747.4,747.4
1783986000,747.435,747.47,747.11,747.11
1783986300,747.11,747.42,747.07,747.17
1783986600,747.15,747.85,747.13,747.725
1783986900,747.72,748.26,747.56,748.13
1784016000,747.89,750.47,746.9,748.83
1784016300,748.84,749.25,748.23,748.37
1784016600,748.34,748.78,748.34,748.67
1784016900,748.8,749.191,748.8,749.16
1784017200,749.1215,749.1579,748.97,748.98
1784017500,749.021,749.38,749.021,749.2882
1784017800,749.02,749.35,749.02,749.2207
1784018100,749.229,749.26,748.93,748.9954
1784018400,749.02,749.1,748.85,748.9848
1784018700,748.98,748.98,748.44,748.479
1784019000,748.4204,748.7132,748.27,748.7132
1784019300,748.75,748.75,748.41,748.41
1784019600,748.405,748.8,748.16,748.8
1784019900,748.7972,749.0782,748.5,748.9745
1784020200,748.99,749.32,748.96,749.21
1784020500,749.1902,749.29,748.812,748.92
1784020800,748.9782,748.98,748.7364,748.81
1784021100,748.81,748.81,748.41,748.41
1784021400,748.4,748.66,748.4,748.66
1784021700,748.66,748.7172,748.62,748.71
1784022000,748.7136,748.84,748.66,748.8064
1784022300,748.7763,749.08,748.68,749.0131
1784022600,749.02,749.06,748.77,748.82
1784022900,748.75,748.82,748.66,748.71
1784023200,748.7314,748.86,748.6112,748.75
1784023500,748.83,748.95,748.82,748.9495
1784023800,749.0,749.04,748.63,748.7204
1784024100,748.75,748.8187,748.6385,748.74
1784024400,748.78,748.81,748.67,748.761
1784024700,748.76,748.7787,748.52,748.7712
1784025000,748.83,749.15,748.4,748.61
1784025300,748.65,749.5412,748.59,749.12
1784025600,749.04,749.04,748.63,748.7
1784025900,748.64,748.8,748.6,748.8
1784026200,748.8469,748.9,748.61,748.61
1784026500,748.6,748.6582,748.35,748.64
1784026800,748.66,749.17,747.6,747.68
1784027100,747.75,747.955,747.45,747.56
1784027400,747.53,748.29,747.37,748.26
1784027700,748.26,748.64,748.26,748.63
1784028000,748.59,749.37,748.42,749.25
1784028300,749.14,749.4,748.78,748.86
1784028600,748.92,749.2199,748.65,748.65
1784028900,748.66,748.74,748.32,748.5415
1784029200,748.57,748.66,748.32,748.32
1784029500,748.39,748.96,748.35,748.7379
1784029800,748.72,748.83,748.62,748.62
1784030100,748.62,748.75,748.4,748.565
1784030400,748.56,748.57,747.855,747.9
1784030700,747.8999,747.97,747.6715,747.75
1784031000,747.8,747.8822,747.51,747.785
1784031300,747.8,748.12,747.55,748.0
1784031600,747.97,748.74,747.85,748.74
1784031900,748.75,749.18,748.63,749.06
1784032200,749.19,754.24,749.0,752.5989
1784032500,752.4854,752.78,751.2,751.64
1784032800,751.5922,752.04,751.23,751.85
1784033100,751.85,752.0,751.12,751.33
1784033400,751.32,751.32,750.69,750.905
1784033700,750.97,751.09,750.54,750.89
1784034000,750.98,751.34,750.69,750.91
1784034300,750.94,751.38,750.86,750.9899
1784034600,750.95,751.2,750.74,750.871
1784035800,750.9099731445312,751.0399780273438,749.5443115234375,749.6400146484375
1784036100,749.6799926757812,751.3599853515625,749.4400024414062,751.1699829101562
1784036400,751.1799926757812,751.52001953125,750.5700073242188,751.3099975585938
1784036700,751.3049926757812,751.7899780273438,750.5800170898438,750.989990234375
1784037000,750.969970703125,751.5999755859375,750.6300048828125,751.0900268554688
1784037300,751.1099853515625,751.5700073242188,750.719970703125,751.3099975585938
1784037600,751.3200073242188,751.47998046875,750.2100219726562,750.4400024414062
1784037900,750.4400024414062,750.6900024414062,749.8800048828125,750.239501953125
1784038200,750.219970703125,750.489990234375,749.7799072265625,750.4299926757812
1784038500,750.4199829101562,750.4199829101562,748.6599731445312,749.85498046875
1784038800,749.8483276367188,750.8800048828125,749.780029296875,750.1300048828125
1784039100,750.1099853515625,751.2999877929688,749.9600219726562,750.7100219726562
1784039400,750.7100219726562,753.3099975585938,750.47998046875,752.02001953125
1784039700,752.0399780273438,752.1500244140625,751.5399780273438,751.9299926757812
1784040000,751.9099731445312,752.2849731445312,750.9600219726562,751.094970703125
1784040300,751.1099243164062,751.4600219726562,750.77001953125,750.8900146484375
1784040600,750.8599853515625,751.594970703125,750.469970703125,751.5900268554688
1784040900,751.6099853515625,751.9600219726562,751.510009765625,751.7100219726562
1784041200,751.7100219726562,753.0700073242188,751.280029296875,752.3200073242188
1784041500,752.3300170898438,753.0499877929688,752.1400146484375,752.77001953125
1784041800,752.7999877929688,753.0,752.3599853515625,752.5499877929688
1784042100,752.5900268554688,752.64501953125,751.72998046875,751.9500122070312
1784042400,751.9400024414062,752.530029296875,751.6500244140625,752.52001953125
1784042700,752.52001953125,752.7100219726562,752.2999877929688,752.6599731445312
1784043000,752.6400146484375,752.9000244140625,751.8499755859375,751.97998046875
1784043300,751.969970703125,752.0449829101562,751.530029296875,751.8599853515625
1784043600,751.8499755859375,751.8499755859375,750.760009765625,751.5599975585938
1784043900,751.5599975585938,751.9500122070312,751.530029296875,751.6300048828125
1784044200,751.5900268554688,751.6699829101562,750.9099731445312,751.0
1784044500,751.010009765625,751.1699829101562,750.6199951171875,750.97998046875
1784044800,750.989990234375,751.0499877929688,750.0,750.3200073242188
1784045100,750.3400268554688,750.7000122070312,750.02001953125,750.4500122070312
1784045400,750.4600219726562,750.72998046875,750.02001953125,750.5399780273438
1784045700,750.530029296875,750.7100219726562,750.02001953125,750.4299926757812
1784046000,750.4299926757812,750.5612182617188,750.0,750.3300170898438
1784046300,750.3499755859375,750.9099731445312,750.239990234375,750.780029296875
1784046600,750.780029296875,751.1099853515625,750.6199951171875,751.0599975585938
1784046900,751.0499877929688,751.3300170898438,750.9506225585938,751.2349853515625
1784047200,751.2138061523438,751.739990234375,751.0700073242188,751.4650268554688
1784047500,751.4600219726562,751.739990234375,750.9600219726562,751.4000244140625
1784047800,751.3900146484375,751.6599731445312,751.280029296875,751.4758911132812
1784048100,751.47998046875,751.8499755859375,751.4400024414062,751.8499755859375
1784048400,751.8699951171875,752.0499877929688,751.6500244140625,751.7150268554688
1784048700,751.719970703125,752.2000122070312,751.5599975585938,752.119873046875
1784049000,752.0999755859375,752.2100219726562,751.8099975585938,751.8099975585938
1784049300,751.8099975585938,752.1300048828125,751.5,752.0700073242188
1784049600,752.0850219726562,752.6099853515625,752.0850219726562,752.4299926757812
1784049900,752.4400024414062,752.5599975585938,752.239990234375,752.2999877929688
1784050200,752.3200073242188,752.489990234375,752.0,752.010009765625
1784050500,752.0050048828125,752.1300048828125,751.7999877929688,752.1201171875
1784050800,752.135009765625,752.1900024414062,751.9000244140625,752.0399780273438
1784051100,752.0599975585938,752.25,751.760009765625,752.0800170898438
1784051400,752.0800170898438,752.3099975585938,752.0700073242188,752.2260131835938
1784051700,752.219970703125,752.3099975585938,752.1300048828125,752.2750244140625
1784052000,752.280029296875,752.47998046875,751.9299926757812,752.4400024414062
1784052300,752.4500122070312,752.5,752.260009765625,752.4000244140625
1784052600,752.4000244140625,752.6300048828125,752.3400268554688,752.5999755859375
1784052900,752.5994873046875,752.77001953125,752.4500122070312,752.6199951171875
1784053200,752.60498046875,752.760009765625,752.4099731445312,752.4400024414062
1784053500,752.4598999023438,752.6099853515625,752.2999877929688,752.5
1784053800,752.4849853515625,752.5595092773438,752.3300170898438,752.4600219726562
1784054100,752.469970703125,752.5999755859375,752.0,752.3499755859375
1784054400,752.3400268554688,752.3400268554688,751.6599731445312,752.010009765625
1784054700,752.010009765625,752.239990234375,751.9000244140625,751.9500122070312
1784055000,751.969970703125,752.3200073242188,751.8599853515625,752.239990234375
1784055300,752.2100219726562,752.27001953125,752.0800170898438,752.1704711914062
1784055600,752.1900024414062,752.27001953125,751.8699951171875,751.969970703125
1784055900,751.9500122070312,752.1099853515625,751.8400268554688,751.9025268554688
1784056200,751.8900146484375,752.1400146484375,751.77001953125,752.0599975585938
1784056500,752.0800170898438,752.25,751.7999877929688,752.0900268554688
1784056800,752.1099853515625,752.4400024414062,752.0588989257812,752.4149780273438
1784057100,752.4000244140625,752.4500122070312,752.1199951171875,752.1500244140625
1784057400,752.1599731445312,752.1699829101562,751.7100219726562,752.02001953125
1784057700,752.02001953125,752.3200073242188,751.8800048828125,751.9600219726562
1784058000,751.9600219726562,752.4000244140625,751.9099731445312,752.2899780273438
1784058300,752.280029296875,752.52001953125,752.25,752.4749755859375
1784058600,752.47998046875,752.52001953125,752.0900268554688,752.094970703125
1784058900,752.0999755859375,752.489990234375,751.7899780273438,751.8699951171875
1784059200,751.87,752.03,751.76,751.86
1784059500,751.84,752.18,751.82,751.91
1784059800,751.91,752.01,748.9439,751.91
1784060100,751.86,751.94,751.78,751.86
1784060400,751.83,751.87,751.52,751.7134
1784060700,751.6712,751.83,751.52,751.555
1784061000,751.53,751.7,751.49,751.65
1784061300,751.645,751.86,751.645,751.85
1784061600,751.84,752.23,751.78,751.8
1784061900,751.8,751.89,751.65,751.66
1784062200,751.65,751.91,751.6303,751.89
1784062500,751.911,752.0887,751.8896,752.02
1784062800,752.04,752.1,751.83,752.055
1784063100,752.0577,752.07,751.92,751.995
1784063400,751.93,752.03,751.9,751.9025
1784063700,751.95,752.05,751.9,751.94
1784064000,751.93,752.01,751.93,751.99
1784064300,751.96,751.99,751.74,751.98
1784064600,751.99,751.99,751.97,751.985
1784064900,752.0,752.01,751.97,752.005
1784065200,752.005,752.09,751.9116,751.949
1784065500,751.93,752.0,751.86,751.93
1784065800,752.0,752.0,751.86,751.93
1784066100,751.8635,752.09,751.85,752.0555
1784066400,751.92,752.07,751.86,751.9099
1784066700,751.85,751.865,751.632,751.725
1784067000,751.7,751.8,751.26,751.34
1784067300,751.4,751.8288,751.36,751.8288
1784067600,751.82,752.13,751.79,752.12
1784067900,752.045,752.07,751.95,752.0
1784068200,752.025,752.13,752.0,752.0585
1784068500,752.02,752.0897,752.0,752.0
1784068800,752.05,752.09,751.98,752.0399
1784069100,752.01,752.0385,751.89,751.91
1784069400,751.8997,751.99,751.79,751.83
1784069700,751.8115,751.87,751.76,751.8677
1784070000,751.84,751.97,751.71,751.94
1784070300,751.955,752.045,751.92,752.025
1784070600,752.025,752.18,752.0,752.1425
1784070900,752.12,752.15,752.01,752.12
1784071200,752.17,752.26,752.095,752.2315
1784071500,752.25,752.905,752.21,752.84
1784071800,752.9,753.12,752.8715,752.97
1784072100,752.98,753.09,752.95,752.95
1784072400,752.95,753.18,752.95,753.0
1784072700,752.97,753.195,752.97,753.15
1784073000,753.12,753.29,753.0658,753.25
1784073300,753.25,753.3,753.05,753.1
1784102400,753.5,754.36,751.83,752.8912
1784102700,752.96,753.68,752.79,752.9585
1784103000,752.9387,753.1415,752.789,753.01
1784103300,753.1,753.2845,752.96,753.15
1784103600,753.15,753.17,752.64,752.77
1784103900,752.81,753.19,752.77,753.15
1784104200,753.17,753.26,753.01,753.13
1784104500,753.2,753.4115,753.12,753.4115
1784104800,753.46,753.51,753.12,753.44
1784105100,753.451,753.7585,753.451,753.62
1784105400,753.62,753.62,753.45,753.45
1784105700,753.43,753.73,753.43,753.71
1784106000,753.69,753.8585,753.69,753.82
1784106300,753.86,753.98,753.82,753.98
1784106600,753.99,754.0987,753.93,753.97
1784106900,754.05,754.07,753.87,754.0642
1784107200,754.0312,754.08,753.95,753.99
1784107500,753.94,753.97,753.815,753.86
1784107800,753.811,753.8487,753.72,753.78
1784108100,753.79,753.96,753.74,753.89
1784108400,753.79,754.03,753.79,753.99
1784108700,753.9495,753.9495,753.689,753.73
1784109000,753.72,753.76,753.46,753.5285
1784109300,753.5004,753.51,753.38,753.49
1784109600,753.48,753.59,753.389,753.54
1784109900,753.53,753.6012,753.4411,753.4734
1784110200,753.47,753.602,753.44,753.6
1784110500,753.62,753.6787,753.5205,753.5205
1784110800,753.52,753.56,753.039,753.039
1784111100,753.0,753.05,752.69,752.84
1784111400,752.84,752.99,752.8135,752.8135
1784111700,752.87,753.21,752.87,753.13
1784112000,753.1195,753.1195,752.94,752.94
1784112300,752.96,753.16,752.96,753.16
1784112600,753.19,753.2,753.0212,753.11
1784112900,753.11,753.23,753.08,753.18
1784113200,753.16,753.38,751.83,753.305
1784113500,753.31,753.35,753.04,753.215
1784113800,753.23,753.23,752.95,752.99
1784114100,753.02,753.22,753.0,753.05
1784114400,753.055,753.18,753.02,753.07
1784114700,753.09,753.18,753.011,753.05
1784115000,753.06,753.1,752.8,753.1
1784115300,753.0662,753.24,753.04,753.21
1784115600,753.161,753.345,753.15,753.2
1784115900,753.1201,753.2,752.8887,752.93
1784116200,752.93,753.13,752.85,752.945
1784116500,752.88,753.3,752.8792,753.0585
1784116800,753.015,753.2,752.8,752.8
1784117100,752.8092,752.8092,752.51,752.73
1784117400,752.66,752.79,752.51,752.625
1784117700,752.65,752.8,752.6312,752.66
1784118000,752.6392,752.6392,752.29,752.47
1784118300,752.4755,752.66,752.37,752.6057
1784118600,752.46,753.7,752.2,753.51
1784118900,753.49,753.9,753.4728,753.67
1784119200,753.67,754.31,753.5731,754.06
1784119500,754.04,754.255,753.77,754.19
1784119800,754.19,754.42,754.18,754.31
1784120100,754.306,754.36,754.0797,754.115
1784120400,754.12,754.4,754.03,754.365
1784120700,754.38,754.5,754.0497,754.06
1784121000,754.06,754.06,753.6197,753.69
1784122200,754.239990234375,755.260009765625,754.2000122070312,755.1900024414062
1784122500,755.2000122070312,755.5800170898438,754.510009765625,754.8400268554688
1784122800,754.8599853515625,754.8599853515625,754.280029296875,754.3599853515625
1784123100,754.3599853515625,754.47998046875,753.3499755859375,753.5599975585938
1784123400,753.5800170898438,754.0800170898438,753.1799926757812,754.0800170898438
1784123700,754.0599975585938,754.6099853515625,753.9199829101562,754.4500122070312
1784124000,754.52001953125,755.1799926757812,754.5,754.77001953125
1784124300,754.8099975585938,755.3200073242188,754.6400146484375,755.0499877929688
1784124600,755.0599975585938,755.2150268554688,754.6400146484375,754.739990234375
1784124900,754.760009765625,755.5599975585938,754.7100219726562,755.3200073242188
1784125200,755.3300170898438,755.3699951171875,753.3499755859375,753.8049926757812
1784125500,753.7999877929688,754.7225952148438,753.3800048828125,754.6199951171875
1784125800,754.6400146484375,754.8699951171875,753.9500122070312,754.5999755859375
1784126100,754.6300048828125,754.7899780273438,753.5150146484375,753.669921875
1784126400,753.6699829101562,753.97998046875,752.8200073242188,753.5299072265625
1784126700,753.5050048828125,753.8300170898438,752.9099731445312,753.7899780273438
1784127000,753.7999877929688,753.8250122070312,752.7410278320312,753.0499877929688
1784127300,753.0800170898438,753.530029296875,752.8400268554688,753.460693359375
1784127600,753.47998046875,753.6799926757812,753.0599975585938,753.2100219726562
1784127900,753.2100219726562,754.1500244140625,752.989990234375,754.0349731445312
1784128200,754.030029296875,754.1599731445312,753.0800170898438,753.1400146484375
1784128500,753.135009765625,753.364990234375,752.2000122070312,753.280029296875
1784128800,753.27001953125,753.27001953125,752.469970703125,752.9199829101562
1784129100,752.9199829101562,753.6199951171875,752.780029296875,753.60498046875
1784129400,753.5999755859375,753.8400268554688,753.1500244140625,753.5700073242188
1784129700,753.530029296875,753.780029296875,753.030029296875,753.6799926757812
1784130000,753.6900024414062,753.760009765625,753.0399780273438,753.1500244140625
1784130300,753.1500244140625,753.239990234375,752.780029296875,752.8200073242188
1784130600,752.8099975585938,752.8300170898438,752.3300170898438,752.7100219726562
1784130900,752.6900024414062,752.780029296875,752.280029296875,752.6694946289062
1784131200,752.6400146484375,752.8280029296875,751.760009765625,752.0800170898438
1784131500,752.0900268554688,752.1099853515625,751.3900146484375,751.9500122070312
1784131800,751.9500122070312,752.0700073242188,751.1400146484375,751.219970703125
1784132100,751.2000122070312,751.3800048828125,750.9099731445312,751.0399780273438
1784132400,751.030029296875,751.1699829101562,750.4400024414062,750.5399780273438
1784132700,750.530029296875,750.8997192382812,750.4400024414062,750.8300170898438
1784133000,750.8099975585938,751.1900024414062,750.4500122070312,750.5499877929688
1784133300,750.5700073242188,750.6199951171875,750.219970703125,750.4400024414062
1784133600,750.4400024414062,750.9400024414062,750.2000122070312,750.9099731445312
1784133900,750.9199829101562,752.3200073242188,750.72998046875,751.3300170898438
1784134200,751.3300170898438,751.8400268554688,751.2899780273438,751.4299926757812
1784134500,751.4199829101562,751.6799926757812,750.9603271484375,751.6699829101562
1784134800,751.6799926757812,752.0700073242188,751.5800170898438,751.9199829101562
1784135100,751.9249877929688,752.4025268554688,751.8400268554688,752.0999755859375
1784135400,752.10498046875,752.260009765625,751.780029296875,751.7999877929688
1784135700,751.8099975585938,752.530029296875,751.760009765625,752.4000244140625
1784136000,752.405029296875,752.5900268554688,752.22998046875,752.4500122070312
1784136300,752.4500122070312,752.8499755859375,752.3499755859375,752.8099975585938
1784136600,752.8099975585938,753.2100219726562,752.8099975585938,753.0900268554688
1784136900,753.1090087890625,753.4500122070312,753.010009765625,753.3900146484375
1784137200,753.4000244140625,753.4400024414062,753.2000122070312,753.3300170898438
1784137500,753.3300170898438,754.0750122070312,753.25,754.0399780273438
1784137800,754.0349731445312,754.5499877929688,753.8499755859375,754.469970703125
1784138100,754.4600219726562,754.4600219726562,754.010009765625,754.1901245117188
1784138400,754.2000122070312,754.5499877929688,754.1400146484375,754.3400268554688
1784138700,754.3400268554688,754.6500244140625,754.280029296875,754.5499877929688
1784139000,754.5650024414062,754.75,754.5349731445312,754.5499877929688
1784139300,754.5549926757812,754.5599975585938,754.219970703125,754.3250122070312
1784139600,754.3250122070312,754.8400268554688,754.3150024414062,754.7000122070312
1784139900,754.7000122070312,754.7999877929688,754.5800170898438,754.635009765625
1784140200,754.635009765625,754.9199829101562,754.530029296875,754.8200073242188
1784140500,754.8099975585938,754.8200073242188,754.4400024414062,754.489990234375
1784140800,754.489990234375,754.5800170898438,754.0,754.02001953125
1784141100,754.030029296875,754.0399780273438,753.3800048828125,753.6300048828125
1784141400,753.6500244140625,753.7349853515625,753.1599731445312,753.3699951171875
1784141700,753.3400268554688,753.530029296875,753.0999755859375,753.1900024414062
1784142000,753.1900024414062,753.72998046875,753.0499877929688,753.6599731445312
1784142300,753.6699829101562,753.8300170898438,753.489990234375,753.5700073242188
1784142600,753.5399780273438,753.9299926757812,753.469970703125,753.780029296875
1784142900,753.780029296875,753.8400268554688,753.52001953125,753.530029296875
1784143200,753.530029296875,753.5599975585938,753.1699829101562,753.3400268554688
1784143500,753.3300170898438,753.77001953125,753.1699829101562,753.6300048828125
1784143800,753.6300048828125,753.9299926757812,753.0900268554688,753.260009765625
1784144100,753.280029296875,753.9000244140625,753.1300048828125,753.8499755859375
1784144400,753.8400268554688,754.2100219726562,753.77001953125,754.094970703125
1784144700,754.0800170898438,754.1500244140625,753.5,753.6300048828125
1784145000,753.6300048828125,754.1799926757812,753.6300048828125,754.1599731445312
1784145300,754.1599731445312,754.7999877929688,754.1599731445312,754.72998046875
1784145600,754.71,754.96,751.8085,754.78
1784145900,754.76,754.81,751.8085,754.3387
1784146200,754.33,754.81,751.8085,751.8085
1784146500,754.5043,754.81,751.8085,754.5439
1784146800,754.81,754.81,754.51,754.725
1784147100,754.735,754.8,751.8085,754.695
1784147400,754.7,754.7,751.8085,754.51
1784147700,754.51,754.6685,754.49,754.6139
1784148000,754.6,754.75,754.6,754.69
1784148300,754.7,754.8,754.6653,754.71
1784148600,754.68,754.73,754.57,754.6
1784148900,754.6,754.81,754.5326,754.58
1784149200,754.575,754.81,754.47,754.4707
1784149500,754.485,754.81,754.47,754.7
1784149800,754.65,754.9572,754.6,754.7
1784150100,754.77,754.92,754.7,754.785
1784150400,754.785,754.87,754.576,754.695
1784150700,754.7,754.7852,754.5,754.52
1784151000,754.77,754.77,754.5,754.625
1784151300,754.64,754.7,754.5,754.6
1784151600,754.65,754.77,754.6007,754.685
1784151900,754.69,754.7638,754.6101,754.68
1784152200,754.71,754.77,754.6,754.75
1784152500,754.72,754.75,754.61,754.635
1784152800,754.65,755.09,754.5,755.08
1784153100,755.06,755.1931,755.02,755.025
1784153400,754.9864,755.0323,754.85,754.9
1784153700,754.9,754.9187,754.79,754.85
1784154000,754.85,754.8887,754.68,754.68
1784154300,754.7295,754.75,754.65,754.67
1784154600,754.6805,754.78,754.64,754.6705
1784154900,754.73,754.75,754.53,754.5693
1784155200,754.5735,754.6287,754.53,754.62
1784155500,754.65,754.68,754.565,754.59
1784155800,754.58,754.9,754.47,754.61
1784156100,754.61,754.89,754.4495,754.85
1784156400,754.8395,754.94,754.75,754.915
1784156700,754.9,754.9065,754.7844,754.875
1784157000,754.8577,754.95,754.82,754.88
1784157300,754.84,754.89,754.76,754.8255
1784157600,754.7712,754.93,754.74,754.83
1784157900,754.88,755.03,754.78,755.03
1784158200,755.01,755.17,754.995,755.17
1784158500,755.15,755.2,754.9277,754.9277
1784158800,754.954,755.09,754.86,755.045
1784159100,755.0482,755.08,754.71,754.71
1784159400,754.709,754.88,754.67,754.69
1784159700,754.72,754.8,754.5701,754.68
1784188800,754.11,756.23,753.03,753.23
1784189100,753.2678,753.46,753.066,753.09
1784189400,753.09,753.09,752.51,752.51
1784189700,752.52,753.0,752.51,752.96
1784190000,753.0,753.5,752.94,753.1
1784190300,753.08,753.32,753.07,753.28
1784190600,753.3,753.5,753.25,753.4
1784190900,753.3912,753.7,753.39,753.64
1784191200,753.6346,753.7582,753.39,753.4931
1784191500,753.57,754.12,753.57,754.11
1784191800,754.0771,754.09,753.91,753.91
1784192100,753.9307,754.12,753.9307,754.12
1784192400,754.119,754.43,754.119,754.28
1784192700,754.329,754.3807,754.2092,754.229
1784193000,754.1887,754.465,754.1887,754.44
1784193300,754.5,754.65,754.3687,754.41
1784193600,754.389,754.521,754.3287,754.3887
1784193900,754.309,754.46,754.1887,754.2285
1784194200,754.1587,754.39,754.11,754.23
1784194500,754.24,754.24,754.03,754.0495
1784194800,754.0,754.19,753.9992,753.9992
1784195100,753.9885,753.9885,753.6692,753.6887
1784195400,753.63,753.7715,753.615,753.77
1784195700,753.8,754.11,753.62,753.65
1784196000,753.64,753.64,753.34,753.62
1784196300,753.6485,753.8666,753.57,753.85
1784196600,753.85,753.85,753.61,753.74
1784196900,753.7485,753.7485,753.51,753.5782
1784197200,753.53,753.62,753.25,753.3087
1784197500,753.31,753.49,753.29,753.49
1784197800,753.55,753.7585,753.55,753.73
1784198100,753.675,753.7,753.3292,753.3292
1784198400,753.3292,753.59,753.3292,753.46
1784198700,753.5115,753.55,753.29,753.29
1784199000,753.32,753.36,753.2297,753.2992
1784199300,753.3,753.5,753.2716,753.37
1784199600,753.43,754.81,752.73,753.02
1784199900,753.03,753.12,752.8393,752.95
1784200200,752.94,753.2,752.77,753.18
1784200500,753.2,753.71,752.57,752.86
1784200800,752.82,753.44,752.82,753.44
1784201100,753.415,753.4765,752.9985,753.0912
1784201400,753.05,753.0587,752.62,752.85
1784201700,752.85,753.039,752.64,752.89
1784202000,752.84,753.01,752.72,752.82
1784202300,752.87,752.92,751.24,751.5899
1784202600,751.55,752.61,751.48,752.495
1784202900,752.5466,752.87,752.485,752.8415
1784203200,752.84,752.98,752.6147,752.6187
1784203500,752.6627,752.685,752.155,752.3153
1784203800,752.335,752.335,751.94,752.23
1784204100,752.2,752.49,752.09,752.49
1784204400,752.4884,752.53,751.57,751.59
1784204700,751.61,751.95,751.53,751.88
1784205000,751.78,752.16,751.55,751.955
1784205300,751.98,751.98,751.2,751.48
1784205600,751.4511,751.6305,751.29,751.39
1784205900,751.41,754.81,751.31,751.73
1784206200,751.7354,752.09,751.655,751.98
1784206500,751.93,751.97,751.76,751.8352
1784206800,751.81,752.3893,751.69,752.31
1784207100,752.295,752.6,752.26,752.5
1784207400,752.48,752.75,752.331,752.665
1784208600,752.760009765625,753.52001953125,752.0900268554688,752.2000122070312
1784208900,752.2000122070312,752.52001953125,751.6400146484375,751.7100219726562
1784209200,751.719970703125,752.2899780273438,751.0900268554688,751.260009765625
1784209500,751.2999877929688,751.7000122070312,750.6699829101562,751.0499877929688
1784209800,751.0449829101562,752.260009765625,750.989990234375,751.47998046875
1784210100,751.47998046875,752.1199951171875,751.0,751.905029296875
1784210400,751.9000244140625,752.8201904296875,751.6400146484375,752.719970703125
1784210700,752.739990234375,753.5499877929688,752.5900268554688,753.3905029296875
1784211000,753.3900146484375,753.6099853515625,753.2000122070312,753.3599853515625
1784211300,753.3599853515625,753.9299926757812,753.2050170898438,753.8599853515625
1784211600,753.8599853515625,753.9299926757812,753.0700073242188,753.6699829101562
1784211900,753.6400146484375,754.3880004882812,753.2899780273438,754.3499755859375
1784212200,754.3400268554688,754.4400024414062,753.9849853515625,754.189208984375
1784212500,754.1699829101562,754.52001953125,753.8200073242188,753.9400024414062
1784212800,753.9299926757812,754.4298706054688,753.75,754.3699951171875
1784213100,754.3699951171875,754.5700073242188,754.1500244140625,754.1900024414062
1784213400,754.1699829101562,754.260009765625,753.530029296875,753.6790771484375
1784213700,753.6500244140625,754.2000122070312,753.3400268554688,754.1699829101562
1784214000,754.2000122070312,754.3800048828125,753.6099853515625,753.6599731445312
1784214300,753.6300048828125,753.7999877929688,753.0800170898438,753.530029296875
1784214600,753.52001953125,753.780029296875,753.0800170898438,753.3250122070312
1784214900,753.3300170898438,753.6397705078125,752.97998046875,753.6300048828125
1784215200,753.6199951171875,753.6500244140625,753.030029296875,753.6199951171875
1784215500,753.6199951171875,754.4400024414062,753.5599975585938,753.8001098632812
1784215800,753.8200073242188,754.22998046875,753.27001953125,754.2000122070312
1784216100,754.1900024414062,754.4000244140625,753.8300170898438,754.3200073242188
1784216400,754.3098754882812,754.405029296875,753.52001953125,753.6599731445312
1784216700,753.6599731445312,753.6599731445312,753.030029296875,753.5399780273438
1784217000,753.510009765625,754.0999755859375,753.510009765625,753.7899780273438
1784217300,753.780029296875,753.7899780273438,753.3099975585938,753.5700073242188
1784217600,753.5999755859375,753.5999755859375,752.72998046875,752.75
1784217900,752.7449951171875,753.0499877929688,752.3599853515625,752.8900146484375
1784218200,752.8900146484375,752.9000244140625,751.9600219726562,752.0399780273438
1784218500,752.030029296875,752.544921875,751.8900146484375,752.219970703125
1784218800,752.219970703125,752.219970703125,751.5399780273438,751.6599731445312
1784219100,751.6300048828125,752.1198120117188,751.4500122070312,751.9299926757812
1784219400,751.9400024414062,752.5399780273438,751.9099731445312,752.1900024414062
1784219700,752.1900024414062,752.3599853515625,751.8599853515625,751.9000244140625
1784220000,751.9000244140625,752.219970703125,751.780029296875,751.969970703125
1784220300,751.969970703125,752.2064819335938,751.5900268554688,752.010009765625
1784220600,752.010009765625,752.6699829101562,751.8699951171875,752.6099853515625
1784220900,752.5999755859375,752.969970703125,752.5999755859375,752.8599853515625
1784221200,752.8800048828125,752.9099731445312,752.2000122070312,752.5999755859375
1784221500,752.5800170898438,752.8200073242188,752.2000122070312,752.7000122070312
1784221800,752.6699829101562,752.780029296875,752.1300048828125,752.1900024414062
1784222100,752.1900024414062,752.530029296875,752.1099853515625,752.4199829101562
1784222400,752.4000244140625,752.52001953125,752.0399780273438,752.0399780273438
1784222700,752.0499877929688,752.8499755859375,752.030029296875,752.7050170898438
1784223000,752.7100219726562,752.8099975585938,752.0399169921875,752.1099853515625
1784223300,752.1199951171875,752.2001953125,751.5399780273438,751.6500244140625
1784223600,751.6400146484375,751.6400146484375,751.0999755859375,751.4199829101562
1784223900,751.4299926757812,751.8900146484375,751.0800170898438,751.6799926757812
1784224200,751.6950073242188,751.8900146484375,751.3699951171875,751.5800170898438
1784224500,751.5700073242188,751.5800170898438,751.0850219726562,751.3099975585938
1784224800,751.3300170898438,751.47998046875,750.8900146484375,750.8900146484375
1784225100,750.9000244140625,750.9450073242188,750.4600219726562,750.739990234375
1784225400,750.739990234375,751.4500122070312,750.7100219726562,750.72998046875
1784225700,750.7000122070312,751.3400268554688,750.4600219726562,751.2000122070312
1784226000,751.1900024414062,751.7100219726562,751.1400146484375,751.3400268554688
1784226300,751.3599853515625,751.5,750.8699951171875,750.9099731445312
1784226600,750.9199829101562,750.9299926757812,750.5499877929688,750.719970703125
1784226900,750.6799926757812,750.6799926757812,750.3499755859375,750.3599853515625
1784227200,750.3599853515625,750.7000122070312,749.9199829101562,750.52001953125
1784227500,750.5,750.9000244140625,750.2999877929688,750.77001953125
1784227800,750.760009765625,750.9299926757812,750.219970703125,750.219970703125
1784228100,750.219970703125,750.47998046875,750.1099853515625,750.22998046875
1784228400,750.219970703125,750.7000122070312,750.0900268554688,750.530029296875
1784228700,750.510009765625,750.6799926757812,749.760009765625,749.77001953125
1784229000,749.75,749.8499755859375,749.5800170898438,749.760009765625
1784229300,749.739990234375,749.8800048828125,749.4000854492188,749.760009765625
1784229600,749.760009765625,750.010009765625,749.5,749.510009765625
1784229900,749.5150146484375,749.6300048828125,748.8599853515625,749.0999755859375
1784230200,749.0800170898438,749.1599731445312,748.4299926757812,748.6900024414062
1784230500,748.6799926757812,749.1500244140625,748.4000244140625,749.030029296875
1784230800,749.02001953125,749.1599731445312,748.47998046875,748.52001953125
1784231100,748.510009765625,748.6300048828125,747.8800048828125,748.2100219726562
1784231400,748.2100219726562,750.0499877929688,748.1900024414062,749.97998046875
1784231700,749.989990234375,751.0399780273438,749.989990234375,750.760009765625
1784232000,750.79,750.87,750.19,750.34
1784232300,750.32,750.36,750.01,750.1549
1784232600,750.155,754.676,749.82,749.86
1784232900,750.72,750.72,749.75,750.119
1784233200,750.72,750.72,750.08,750.32
1784233500,750.32,750.32,749.95,749.97
1784233800,749.965,750.01,749.72,749.99
1784234100,750.01,750.16,749.99,750.13
1784234400,750.09,750.1,749.97,749.98
1784234700,749.96,750.12,749.92,749.92
1784235000,749.95,750.09,749.855,750.057
1784235300,750.04,750.72,749.92,750.11
1784235600,750.11,750.72,749.83,750.0
1784235900,749.86,750.07,701.6846,750.07
1784236200,750.07,750.07,749.9,750.06
1784236500,749.95,750.05,749.94,749.957
1784236800,750.0,750.72,749.94,750.05
1784237100,750.03,750.13,749.96,750.035
1784237400,750.035,750.09,749.98,750.045
1784237700,750.03,750.72,749.98,750.055
1784238000,750.13,750.18,749.98,750.1
1784238300,750.18,750.18,750.02,750.15
1784238600,750.15,750.23,750.12,750.1901
1784238900,750.2254,750.35,750.215,750.3155
1784239200,750.37,750.53,750.1985,750.4888
1784239500,750.465,750.47,750.26,750.265
1784239800,750.27,750.31,750.06,750.0716
1784240100,750.0977,750.12,749.83,749.85
1784240400,749.8495,750.06,749.78,749.98
1784240700,750.025,750.025,749.72,749.81
1784241000,749.83,749.89,749.63,749.7
1784241300,749.7,749.908,749.66,749.78
1784241600,749.835,749.84,749.62,749.81
1784241900,749.78,749.78,749.6017,749.625
1784242200,749.672,749.74,749.51,749.51
1784242500,749.535,749.7097,749.45,749.64
1784242800,749.73,749.79,749.45,749.6
1784243100,749.6,749.6,749.31,749.35
1784243400,749.36,749.641,749.23,749.555
1784243700,749.59,749.59,749.3,749.335
1784244000,749.3454,749.3454,749.04,749.08
1784244300,749.08,749.31,748.9835,749.2
1784244600,749.14,749.2119,748.91,749.1498
1784244900,749.04,749.28,748.77,749.23
1784245200,749.2493,749.4821,749.2493,749.271
1784245500,749.2787,749.3187,749.02,749.1
1784245800,749.13,749.4,749.11,749.28
1784246100,749.28,749.36,748.988,749.1675
1784275200,744.3,750.72,743.78,744.94
1784275500,744.92,745.27,744.35,744.5
1784275800,744.69,744.69,744.05,744.21
1784276100,744.15,744.1947,743.04,743.15
1784276400,743.14,743.54,742.99,743.28
1784276700,743.3,743.7865,743.09,743.5
1784277000,743.49,743.72,743.01,743.05
1784277300,743.01,743.11,742.67,742.74
1784277600,742.77,742.95,742.56,742.941
1784277900,742.89,743.25,742.89,743.06
1784278200,743.06,743.47,742.87,743.41
1784278500,743.416,743.91,743.3315,743.4
1784278800,743.32,743.52,743.17,743.5
1784279100,743.55,743.55,743.29,743.4568
1784279400,743.46,744.08,743.36,744.07
1784279700,743.96,744.02,743.66,743.835
1784280000,743.8048,744.23,743.77,744.21
1784280300,744.24,744.51,744.24,744.49
1784280600,744.4587,744.5,744.0,744.09
1784280900,743.99,744.28,743.9266,744.27
1784281200,744.2,744.23,743.7755,743.8268
1784281500,743.93,744.2,743.85,744.0
1784281800,743.99,744.5,743.9893,744.41
1784282100,744.35,744.54,744.24,744.51
1784282400,744.51,744.69,744.1967,744.48
1784282700,744.44,744.86,744.43,744.75
1784283000,744.8,745.19,744.62,745.15
1784283300,745.15,745.27,744.86,744.95
1784283600,744.95,745.05,744.6,744.85
1784283900,744.855,745.12,744.66,745.06
1784284200,745.06,745.4,745.035,745.4
1784284500,745.42,745.5207,745.3,745.5
1784284800,745.5265,745.68,745.35,745.359
1784285100,745.42,745.4819,745.29,745.29
1784285400,745.3,745.32,745.11,745.27
1784285700,745.24,745.5,745.11,745.23
1784286000,745.299,750.72,745.16,745.21
1784286300,745.24,745.41,744.89,744.89
1784286600,744.89,745.025,744.71,744.78
1784286900,744.7725,744.8799,744.61,744.7
1784287200,744.7,744.849,744.46,744.66
1784287500,744.75,745.22,744.69,745.17
1784287800,745.26,745.26,744.91,744.9993
1784288100,745.085,745.34,745.085,745.1887
1784288400,745.22,745.299,744.83,744.89
1784288700,744.86,745.21,744.7,745.05
1784289000,745.0015,750.72,744.845,745.47
1784289300,745.455,745.54,745.245,745.36
1784289600,745.36,745.45,744.74,744.8
1784289900,744.81,745.0,744.5,744.56
1784290200,744.5907,744.71,744.41,744.515
1784290500,744.52,744.65,744.32,744.32
1784290800,744.32,744.71,744.25,744.61
1784291100,744.55,744.63,744.27,744.49
1784291400,744.45,744.5,744.11,744.3
1784291700,744.27,744.42,744.12,744.42
1784292000,744.3792,744.59,744.01,744.3
1784292300,744.2985,750.72,743.88,743.9
1784292600,743.87,744.15,743.77,744.1
1784292900,744.11,744.3402,743.89,743.94
1784293200,743.95,743.95,743.3,743.4013
1784293500,743.449,743.5,742.9,743.01
1784293800,742.97,743.11,742.82,742.83
1784295000,742.0800170898438,742.6199951171875,741.010009765625,741.032470703125
1784295300,741.0399780273438,741.6599731445312,740.7999877929688,741.52001953125
1784295600,741.5,742.6699829101562,740.840087890625,741.0349731445312
1784295900,741.0499877929688,743.1400146484375,740.9500122070312,743.030029296875
1784296200,743.010009765625,744.2000122070312,743.0,743.88671875
1784296500,743.8800048828125,744.8300170898438,743.5999755859375,744.8101196289062
1784296800,744.8099975585938,745.7725219726562,744.6701049804688,745.3400268554688
1784297100,745.3200073242188,746.4600219726562,745.2999877929688,746.3200073242188
1784297400,746.3200073242188,746.7999877929688,745.9099731445312,746.280029296875
1784297700,746.2661743164062,747.2899780273438,746.1699829101562,746.5700073242188
1784298000,746.564208984375,747.0599975585938,746.2100219726562,746.8699951171875
1784298300,746.8699951171875,747.2100219726562,746.1699829101562,746.3350219726562
1784298600,746.3400268554688,746.5999755859375,745.5999755859375,745.989990234375
1784298900,745.9949951171875,746.7899780273438,745.7337036132812,746.72998046875
1784299200,746.719970703125,746.7750244140625,745.75,745.8800048828125
1784299500,745.8599853515625,746.5900268554688,745.260009765625,745.6849975585938
1784299800,745.6900024414062,745.8300170898438,745.2000122070312,745.4199829101562
1784300100,745.3900146484375,746.1900024414062,744.8499755859375,745.0499877929688
1784300400,745.0499877929688,745.2235107421875,744.1400146484375,744.22998046875
1784300700,744.22998046875,745.010009765625,744.1484985351562,744.8699951171875
1784301000,744.8800048828125,745.2100219726562,744.1099853515625,744.3200073242188
1784301300,744.3599853515625,744.8499755859375,743.97998046875,744.5399780273438
1784301600,744.5499877929688,744.9000244140625,743.9600219726562,744.2908935546875
1784301900,744.3099975585938,745.5700073242188,744.280029296875,745.4450073242188
1784302200,745.4400024414062,745.9000244140625,744.8599853515625,745.0399780273438
1784302500,745.010009765625,745.77001953125,744.4401245117188,745.6599731445312
1784302800,745.6400146484375,745.9000244140625,744.97998046875,745.5
1784303100,745.489990234375,745.6099853515625,744.8099975585938,745.5709838867188
1784303400,745.5800170898438,746.0908813476562,745.1699829101562,746.0908813476562
1784303700,746.0900268554688,747.0599975585938,746.0018920898438,746.8699951171875
1784304000,746.8800048828125,747.0999755859375,745.1799926757812,745.5499877929688
1784304300,745.5499877929688,745.9600219726562,744.8300170898438,745.9500122070312
1784304600,745.9450073242188,746.3699951171875,745.7000122070312,746.27001953125
1784304900,746.2899780273438,746.5700073242188,746.010009765625,746.364990234375
1784305200,746.3599853515625,746.52001953125,745.2100219726562,745.239990234375
1784305500,745.27001953125,746.5,745.1420288085938,745.9400024414062
1784305800,745.9500122070312,746.1760864257812,745.5399780273438,745.5599975585938
1784306100,745.60498046875,746.0499877929688,745.5599975585938,745.9099731445312
1784306400,745.9000244140625,746.4500122070312,745.5999755859375,746.4099731445312
1784306700,746.4299926757812,747.010009765625,746.22998046875,746.8685302734375
1784307000,746.8599853515625,747.27001953125,746.5800170898438,746.8510131835938
1784307300,746.8599853515625,746.9500122070312,746.1300048828125,746.3200073242188
1784307600,746.3699951171875,747.1699829101562,746.219970703125,746.6900024414062
1784307900,746.6599731445312,747.0,746.4500122070312,746.9600219726562
1784308200,746.969970703125,747.1199951171875,746.3900146484375,746.4199829101562
1784308500,746.4000244140625,746.97998046875,746.2338256835938,746.280029296875
1784308800,746.27001953125,746.4400024414062,745.969970703125,746.2899780273438
1784309100,746.2999877929688,747.02001953125,746.27001953125,746.8699951171875
1784309400,746.8800048828125,746.989990234375,746.5399780273438,746.6099853515625
1784309700,746.6199951171875,746.6799926757812,745.9099731445312,746.02001953125
1784310000,746.010009765625,746.0599975585938,745.510009765625,745.5999755859375
1784310300,745.5999755859375,745.8909301757812,745.4000244140625,745.5700073242188
1784310600,745.5700073242188,745.6400146484375,744.760009765625,744.9000244140625
1784310900,744.8905029296875,744.9995727539062,744.3800048828125,744.5800170898438
1784311200,744.5800170898438,745.1400146484375,744.3800048828125,744.6475219726562
1784311500,744.6400146484375,744.6400146484375,744.1599731445312,744.3300170898438
1784311800,744.3099975585938,744.489990234375,744.0900268554688,744.1099853515625
1784312100,744.1199951171875,744.2030029296875,743.5859985351562,743.8300170898438
1784312400,743.8499755859375,744.1699829101562,743.5499877929688,743.739990234375
1784312700,743.72998046875,743.75,743.239990234375,743.7100219726562
1784313000,743.6900024414062,744.3400268554688,743.4199829101562,743.6611938476562
1784313300,743.6699829101562,743.9500122070312,743.510009765625,743.72998046875
1784313600,743.75,743.7999877929688,743.0999755859375,743.260009765625
1784313900,743.239990234375,744.25,743.094970703125,743.8905029296875
1784314200,743.8995971679688,744.5798950195312,743.6799926757812,744.5599975585938
1784314500,744.5650024414062,744.6599731445312,744.1599731445312,744.3699951171875
1784314800,744.3900146484375,744.469970703125,743.739990234375,743.8599853515625
1784315100,743.8699951171875,743.989990234375,743.3800048828125,743.4099731445312
1784315400,743.4099731445312,743.47998046875,742.719970703125,742.760009765625
1784315700,742.739990234375,742.97998046875,742.5700073242188,742.9199829101562
1784316000,742.9000244140625,742.9000244140625,742.3400268554688,742.3599853515625
1784316300,742.330078125,743.280029296875,742.1300048828125,743.1599731445312
1784316600,743.1699829101562,743.6199951171875,742.77001953125,743.030029296875
1784316900,743.030029296875,743.530029296875,742.72998046875,742.8300170898438
1784317200,742.8300170898438,743.6199951171875,742.5999755859375,743.47998046875
1784317500,743.47998046875,744.0399780273438,743.3699951171875,744.0399780273438
1784317800,744.030029296875,744.2899780273438,743.47998046875,743.969970703125
1784318100,744.0,744.4000244140625,742.9199829101562,743.155029296875
1784318400,743.2,750.8307,742.25,742.53
1784318700,742.51,750.8307,742.25,742.42
1784319000,742.42,750.8307,742.0,742.36
1784319300,743.29,743.29,742.19,742.41
1784319600,742.42,742.77,742.42,742.77
1784319900,742.765,742.8794,742.75,742.81
1784320200,742.8193,743.055,742.781,743.02
1784320500,742.99,743.09,742.82,742.9599
1784320800,742.97,743.29,742.965,743.14
1784321100,743.15,743.29,742.91,742.98
1784321400,742.92,743.29,742.9,743.2
1784321700,743.2,743.26,743.035,743.035
1784322000,743.169,787.5169,742.89,742.99
1784322300,742.95,743.0,742.812,742.9
1784322600,742.9,743.0,742.75,742.82
1784322900,742.84,743.0,742.75,742.9
1784323200,742.9114,743.29,742.85,742.85
1784323500,742.81,743.14,742.78,742.97
1784323800,742.96,743.2,742.95,743.1317
1784324100,743.165,743.2,743.13,743.19
1784324400,743.19,743.34,743.185,743.245
1784324700,743.245,743.34,743.21,743.295
1784325000,743.34,743.34,743.16,743.3
1784325300,743.275,743.3,743.112,743.145
1784325600,743.19,743.19,743.02,743.15
1784325900,743.1,743.26,743.02,743.2582
1784326200,743.215,743.3,743.1,743.21
1784326500,743.21,743.4,743.1537,743.1772
1784326800,743.35,743.38,743.16,743.275
1784327100,743.21,743.38,743.16,743.25
1784327400,743.21,743.34,743.16,743.25
1784327700,743.18,743.4,743.16,743.4
1784328000,743.29,743.79,743.23,743.6
1784328300,743.52,743.66,743.26,743.46
1784328600,743.53,743.76,743.33,743.545
1784328900,743.64,743.76,743.34,743.3522
1784329200,743.435,743.55,743.33,743.4
1784329500,743.33,743.3842,743.16,743.255
1784329800,743.27,743.29,743.08,743.09
1784330100,743.0972,743.25,743.01,743.095
1784330400,743.0522,743.18,743.05,743.12
1784330700,743.12,743.28,743.06,743.2
1784331000,743.13,743.2,743.06,743.1
1784331300,743.1,743.17,742.97,742.97
1784331600,742.975,743.0,742.64,742.8
1784331900,742.7965,742.8962,742.69,742.7
1784332200,742.6999,742.78,742.53,742.59
1784332500,742.59,742.84,742.42,742.4861
1784534400,743.34,747.5,742.702,742.88
1784534700,742.86,745.51,742.86,745.1085
1784535000,745.06,745.57,745.03,745.56
1784535300,745.53,745.69,745.4412,745.4412
1784535600,745.4785,745.5282,745.25,745.39
1784535900,745.44,745.479,745.27,745.3115
1784536200,745.34,745.34,744.83,744.99
1784536500,745.0429,745.1485,744.88,745.1485
1784536800,745.0512,745.21,744.84,744.8485
1784537100,744.7715,745.13,744.7715,745.1061
1784537400,745.1,745.13,744.85,744.86
1784537700,744.89,745.07,744.8115,744.9607
1784538000,744.96,745.1007,744.83,744.83
1784538300,744.83,744.97,744.6,744.84
1784538600,744.8,744.98,744.71,744.8
1784538900,744.95,745.23,744.86,744.87
1784539200,744.85,745.35,744.85,745.26
1784539500,745.24,745.32,745.14,745.269
1784539800,745.239,745.43,745.13,745.289
1784540100,745.28,745.3915,745.2615,745.389
1784540400,745.4,745.63,745.3315,745.571
1784540700,745.6187,745.9187,745.59,745.8615
1784541000,745.8612,746.24,745.84,745.87
1784541300,745.88,745.88,745.5912,745.6417
1784541600,745.6615,745.795,745.5,745.61
1784541900,745.5473,745.63,745.39,745.5
1784542200,745.46,745.63,745.31,745.4
1784542500,745.3312,745.4,745.15,745.29
1784542800,745.3,745.63,745.3,745.5017
1784543100,745.53,745.6,745.3675,745.5987
1784543400,745.51,745.85,745.41,745.6
1784543700,745.52,745.5215,745.29,745.4299
1784544000,745.35,745.5307,745.28,745.53
1784544300,745.48,745.75,745.39,745.7088
1784544600,745.66,745.95,745.56,745.935
1784544900,745.91,745.92,745.6604,745.6712
1784545200,745.71,746.12,743.29,746.12
1784545500,746.105,746.31,746.06,746.2248
1784545800,746.24,746.47,746.185,746.27
1784546100,746.31,746.32,746.04,746.04
1784546400,746.04,746.16,745.89,745.965
1784546700,745.94,745.965,745.79,745.88
1784547000,745.9,748.01,745.87,747.6
1784547300,747.5165,747.88,747.31,747.3899
1784547600,747.3502,747.88,747.11,747.46
1784547900,747.46,747.6,746.91,747.02
1784548200,747.01,747.3099,746.66,747.2
1784548500,747.2,747.265,747.0,747.088
1784548800,747.055,747.134,745.66,746.01
1784549100,746.01,746.51,745.89,746.32
1784549400,746.308,746.434,745.93,746.1882
1784549700,746.159,746.36,745.92,746.19
1784550000,746.19,746.2,745.97,746.05
1784550300,746.04,746.61,745.92,746.575
1784550600,746.62,746.72,746.21,746.49
1784550900,746.48,746.66,746.41,746.44
1784551200,746.43,746.5,746.0,746.07
1784551500,746.11,746.62,743.29,746.48
1784551800,746.45,746.485,746.01,746.01
1784552100,746.03,746.33,745.86,746.33
1784552400,746.29,746.6,746.18,746.53
1784552700,746.56,746.5792,746.4047,746.43
1784553000,746.465,746.71,746.27,746.28
1784554200,747.0599975585938,748.0499877929688,746.7999877929688,748.0499877929688
1784554500,748.030029296875,748.7100219726562,747.72998046875,748.1699829101562
1784554800,748.1699829101562,748.5900268554688,748.0599975585938,748.5599975585938
1784555100,748.5700073242188,748.72998046875,747.530029296875,747.5800170898438
1784555400,747.5800170898438,747.8400268554688,746.25,746.4550170898438
1784555700,746.4500122070312,746.489990234375,745.52001953125,745.6900024414062
1784556000,745.6799926757812,746.3599853515625,745.3900146484375,745.885009765625
1784556300,745.9000244140625,746.1199951171875,745.27001953125,745.4000244140625
1784556600,745.3400268554688,745.3800048828125,744.7650146484375,744.989990234375
1784556900,745.02001953125,745.47998046875,744.6300048828125,744.9000244140625
1784557200,744.8499755859375,745.2100219726562,744.260009765625,744.969970703125
1784557500,744.969970703125,745.739990234375,744.9099731445312,745.6799926757812
1784557800,745.6900024414062,745.9600219726562,745.0399780273438,745.260009765625
1784558100,745.260009765625,745.530029296875,744.9598999023438,745.3300170898438
1784558400,745.3499755859375,745.7899780273438,744.7520141601562,744.8900146484375
1784558700,744.8800048828125,745.739990234375,744.4901123046875,744.6400146484375
1784559000,744.6199951171875,744.9400024414062,744.1500244140625,744.3250122070312
1784559300,744.3200073242188,744.489990234375,743.6900024414062,744.1099853515625
1784559600,744.1400146484375,744.8800048828125,743.8049926757812,744.5800170898438
1784559900,744.5599975585938,745.4849853515625,743.8499755859375,745.4099731445312
1784560200,745.4000244140625,745.4600219726562,744.6699829101562,744.7999877929688
1784560500,744.7999877929688,745.530029296875,744.6099853515625,745.27001953125
1784560800,745.260009765625,745.969970703125,745.0700073242188,745.75
1784561100,745.719970703125,745.969970703125,745.219970703125,745.8699951171875
1784561400,745.8900146484375,746.02001953125,745.77001953125,745.8800048828125
1784561700,745.9000244140625,745.9299926757812,745.3900146484375,745.4600219726562
1784562000,745.469970703125,745.969970703125,745.280029296875,745.969970703125
1784562300,745.97998046875,745.989990234375,745.0999755859375,745.2999877929688
1784562600,745.2899780273438,746.3599853515625,745.1300048828125,746.219970703125
1784562900,746.22998046875,746.4400024414062,745.9400024414062,745.989990234375
1784563200,746.0,746.25,745.5800170898438,746.1599731445312
1784563500,746.1599731445312,746.8350219726562,746.1599731445312,746.7999877929688
1784563800,746.780029296875,747.0050048828125,746.6400146484375,746.7899780273438
1784564100,746.8300170898438,746.844970703125,746.3099975585938,746.6799926757812
1784564400,746.7000122070312,746.8800048828125,746.6199951171875,746.780029296875
1784564700,746.780029296875,746.8300170898438,746.1699829101562,746.5
1784565000,746.489990234375,746.780029296875,745.7999877929688,745.8300170898438
1784565300,745.8200073242188,746.3699951171875,745.8099975585938,746.3499755859375
1784565600,746.3300170898438,746.52001953125,744.5,745.4299926757812
1784565900,745.4099731445312,746.1799926757812,745.2100219726562,746.1300048828125
1784566200,746.1199951171875,746.155029296875,744.9099731445312,744.969970703125
1784566500,744.969970703125,745.1900024414062,744.72998046875,745.0
1784566800,745.010009765625,745.2100219726562,744.5499877929688,744.552490234375
1784567100,744.5399780273438,744.6500244140625,744.1300048828125,744.5900268554688
1784567400,744.5900268554688,744.6400146484375,743.8400268554688,743.9000244140625
1784567700,743.8900146484375,744.260009765625,743.5599975585938,744.1199951171875
1784568000,744.114990234375,744.489990234375,743.969970703125,744.1099853515625
1784568300,744.0999755859375,744.3699951171875,743.8900146484375,744.1199951171875
1784568600,744.1300048828125,744.4201049804688,743.9500122070312,744.3250122070312
1784568900,744.2999877929688,744.5399780273438,743.989990234375,744.010009765625
1784569200,744.030029296875,744.0499877929688,743.5900268554688,743.760009765625
1784569500,743.77001953125,744.3499755859375,743.6300048828125,744.25
1784569800,744.219970703125,744.9199829101562,744.2100219726562,744.6500244140625
1784570100,744.6500244140625,744.6900024414062,744.2100830078125,744.5499877929688
1784570400,744.5499877929688,745.1699829101562,744.5499877929688,744.8499755859375
1784570700,744.8400268554688,744.9400024414062,744.530029296875,744.875
1784571000,744.9000244140625,745.219970703125,744.7100219726562,745.030029296875
1784571300,745.02001953125,745.3800048828125,744.8800048828125,745.239990234375
1784571600,745.219970703125,745.2899780273438,744.25,744.280029296875
1784571900,744.2899780273438,744.7999877929688,744.1300048828125,744.469970703125
1784572200,744.469970703125,744.489990234375,743.47998046875,743.6649780273438
1784572500,743.6599731445312,744.2949829101562,743.4400024414062,743.5750122070312
1784572800,743.5750122070312,743.6199951171875,742.530029296875,742.5449829101562
1784573100,742.5499877929688,743.0499877929688,742.4299926757812,742.7000122070312
1784573400,742.7100219726562,743.22998046875,742.5599975585938,743.0999755859375
1784573700,743.094970703125,743.1400146484375,742.47998046875,742.719970703125
1784574000,742.760009765625,743.1900024414062,742.4199829101562,742.5900268554688
1784574300,742.5900268554688,742.8209838867188,742.25,742.6950073242188
1784574600,742.6994018554688,743.0999755859375,741.7000122070312,741.7000122070312
1784574900,741.7100219726562,742.2100219726562,741.5103149414062,741.9199829101562
1784575200,741.9299926757812,742.4299926757812,741.7899780273438,742.2999877929688
1784575500,742.3200073242188,742.9199829101562,741.8599853515625,742.72998046875
1784575800,742.739990234375,743.2000122070312,742.3400268554688,742.97998046875
1784576100,742.9600219726562,743.1300048828125,742.510009765625,742.97998046875
1784576400,742.969970703125,743.3400268554688,742.7999877929688,742.989990234375
1784576700,743.0,743.25,742.7000122070312,743.0800170898438
1784577000,743.0700073242188,743.0700073242188,741.760009765625,742.2000122070312
1784577300,742.1799926757812,742.239990234375,741.6099853515625,742.1400146484375
1784577600,742.14,743.9288,742.09,742.28
1784577900,742.3,742.4,741.77,741.85
1784578200,741.85,742.09,741.72,741.8
1784578500,742.09,742.09,741.48,741.5961
1784578800,742.09,742.09,741.535,741.63
1784579100,741.63,741.73,741.31,741.52
1784579400,741.53,741.82,741.5,741.82
1784579700,741.8,741.96,741.755,741.94
1784580000,741.94,741.94,741.74,741.82
1784580300,741.85,742.01,741.81,741.9631
1784580600,741.98,741.98,695.0064,741.9685
1784580900,741.9626,742.02,741.91,742.0
1784581200,742.01,742.09,741.45,741.99
1784581500,741.99,742.05,741.76,741.855
1784581800,741.81,742.09,741.73,741.8985
1784582100,741.85,742.04,694.7129,741.9639
1784582400,742.0,742.04,741.95,741.9799
1784582700,741.975,741.98,741.95,741.9799
1784583000,741.98,741.98,741.93,741.93
1784583300,741.925,741.95,741.9,741.95
1784583600,741.925,741.95,741.9,741.9
1784583900,741.905,741.91,741.87,741.88
1784584200,741.88,741.95,741.86,741.95
1784584500,741.95,742.05,741.93,742.05
1784584800,742.05,742.17,741.35,741.41
1784585100,741.42,741.43,741.01,741.3
1784585400,741.297,741.3782,741.18,741.29
1784585700,741.245,741.32,741.18,741.26
1784586000,741.245,741.35,741.15,741.35
1784586300,741.3,741.37,741.15,741.19
1784586600,741.25,741.33,740.989,741.0
1784586900,741.02,741.25,740.96,741.1
1784587200,741.19,741.24,741.0501,741.225
1784587500,741.25,741.3585,741.07,741.12
1784587800,741.1,741.21,741.05,741.17
1784588100,741.17,741.24,741.15,741.15
1784588400,741.18,741.45,741.1387,741.372
1784588700,741.42,741.89,741.42,741.89
1784589000,741.89,741.96,741.82,741.9
1784589300,741.9,742.33,741.86,742.3293
1784589600,742.3297,742.55,742.25,742.485
1784589900,742.49,742.58,742.4,742.5699
1784590200,742.51,742.69,742.5099,742.63
1784590500,742.5577,742.61,742.45,742.46
1784590800,742.451,742.53,742.42,742.5215
1784591100,742.4787,742.6124,742.33,742.34
1784591400,742.3,742.3,741.72,742.01
1784591700,742.0008,742.4,741.91,742.155
1784620800,745.07,746.46,742.09,745.45
1784621100,745.5987,746.33,745.21,745.65
1784621400,745.64,745.95,745.5,745.95
1784621700,745.95,746.01,745.8117,745.93
1784622000,745.87,746.09,745.82,746.029
1784622300,746.03,746.1,745.89,746.04
1784622600,745.99,746.15,745.94,746.04
1784622900,746.0392,746.17,746.0,746.05
1784623200,746.01,746.2475,745.93,746.18
1784623500,746.18,746.18,745.87,745.96
1784623800,745.95,746.1,745.91,746.02
1784624100,745.98,746.07,745.94,746.01
1784624400,746.1,746.2487,746.1,746.24
1784624700,746.205,746.3,746.17,746.219
1784625000,746.27,746.29,746.17,746.195
1784625300,746.22,746.44,746.19,746.4
1784625600,746.349,746.47,746.26,746.27
1784625900,746.27,746.32,745.99,746.0
1784626200,746.0,746.23,745.86,746.15
1784626500,746.15,746.15,745.81,745.9512
1784626800,745.9324,746.0385,745.82,745.95
1784627100,745.92,746.4,745.92,746.33
1784627400,746.32,746.32,746.1,746.21
1784627700,746.2,746.26,745.87,745.9688
1784628000,745.93,746.32,745.85,745.99
1784628300,745.95,745.97,745.78,745.8
1784628600,745.77,746.45,745.73,745.99
1784628900,746.0,746.13,745.98,746.08
1784629200,746.13,746.31,746.13,746.2387
1784629500,746.2,746.24,745.965,746.11
1784629800,746.12,746.38,746.1,746.27
1784630100,746.225,746.72,746.12,746.12
1784630400,746.1,746.17,745.85,746.0029
1784630700,746.03,746.38,745.685,746.14
1784631000,746.15,746.195,745.8496,745.8496
1784631300,745.82,746.12,745.78,745.9
1784631600,745.96,746.05,742.09,745.4829
1784631900,745.4623,745.6,745.3596,745.4106
1784632200,745.401,745.67,745.3,745.65
1784632500,745.63,745.64,745.23,745.27
1784632800,745.2617,745.47,745.02,745.39
1784633100,745.4093,745.415,745.0,745.165
1784633400,745.19,745.4501,745.14,745.3887
1784633700,745.311,745.76,745.311,745.58
1784634000,745.58,745.59,745.35,745.42
1784634300,745.45,745.55,745.3891,745.4793
1784634600,745.49,745.6,745.1405,745.17
1784634900,745.16,745.25,745.1,745.181
1784635200,745.25,745.5,745.04,745.29
1784635500,745.3,745.69,745.265,745.5
1784635800,745.5,745.87,745.44,745.525
1784636100,745.52,745.5482,744.79,745.0
1784636400,745.05,745.1499,744.88,745.0885
1784636700,745.0615,745.09,744.79,744.8399
1784637000,744.84,744.99,744.8193,744.96
1784637300,744.91,744.925,744.63,744.83
1784637600,744.86,744.86,744.25,744.72
1784637900,744.7,745.3,742.09,745.16
1784638200,745.19,745.44,745.1,745.345
1784638500,745.3554,745.37,745.16,745.22
1784638800,745.26,745.33,744.97,745.04
1784639100,745.06,745.165,744.9,744.95
1784639400,744.99,745.189,744.94,745.12
1784640600,746.2899780273438,746.6799926757812,745.1199951171875,745.5999755859375
1784640900,745.6099853515625,746.231689453125,745.27001953125,745.280029296875
1784641200,745.260009765625,745.3099975585938,744.2708740234375,744.510009765625
1784641500,744.52001953125,745.0,744.1799926757812,744.9500122070312
1784641800,744.969970703125,745.3499755859375,744.260009765625,745.0700073242188
1784642100,745.0499877929688,745.364990234375,744.6099853515625,745.3599853515625
1784642400,745.3699951171875,745.869873046875,744.9600219726562,745.4199829101562
1784642700,745.4199829101562,745.77001953125,745.02001953125,745.1950073242188
1784643000,745.1900024414062,745.8599853515625,744.9500122070312,745.7449951171875
1784643300,745.719970703125,746.1699829101562,744.7899780273438,746.02001953125
1784643600,746.0150146484375,746.1900024414062,745.4550170898438,745.97998046875
1784643900,745.9600219726562,746.989990234375,745.9299926757812,746.8699951171875
1784644200,746.8499755859375,747.25,746.5800170898438,746.7999877929688
1784644500,746.7949829101562,747.02001953125,746.0900268554688,746.2999877929688
1784644800,746.2999877929688,746.635009765625,745.77001953125,746.5999755859375
1784645100,746.6099853515625,747.260009765625,746.4500122070312,746.9099731445312
1784645400,746.9099731445312,746.9600219726562,746.5,746.6900024414062
1784645700,746.6799926757812,746.7899780273438,746.260009765625,746.739990234375
1784646000,746.77001953125,746.8900146484375,745.8300170898438,746.0009765625
1784646300,746.0,747.0700073242188,745.8499755859375,746.97998046875
1784646600,746.97998046875,747.52001953125,746.9400024414062,747.2097778320312
1784646900,747.2100219726562,747.5499877929688,747.1588134765625,747.4099731445312
1784647200,747.4099731445312,747.97998046875,747.3200073242188,747.656005859375
1784647500,747.6544189453125,748.010009765625,747.6099853515625,748.0
1784647800,747.97998046875,748.0,747.4099731445312,747.7750244140625
1784648100,747.7899780273438,747.9299926757812,747.4299926757812,747.5800170898438
1784648400,747.5599975585938,747.8588256835938,747.5198974609375,747.594970703125
1784648700,747.580322265625,747.9199829101562,747.530029296875,747.8115234375
1784649000,747.8200073242188,747.97998046875,747.7000122070312,747.719970703125
1784649300,747.77001953125,747.9000244140625,747.469970703125,747.52001953125
1784649600,747.52001953125,748.22998046875,747.489990234375,748.219970703125
1784649900,748.2255249023438,748.3099975585938,748.0700073242188,748.1500244140625
1784650200,748.1497802734375,748.27001953125,748.0399780273438,748.22998046875
1784650500,748.239990234375,748.530029296875,748.219970703125,748.469970703125
1784650800,748.47998046875,748.75,748.4099731445312,748.5800170898438
1784651100,748.5800170898438,748.7000122070312,748.4400024414062,748.6599731445312
1784651400,748.6400146484375,748.780029296875,748.4801025390625,748.6849975585938
1784651700,748.680908203125,748.719970703125,748.489990234375,748.6699829101562
1784652000,748.6699829101562,748.739990234375,748.5,748.6099853515625
1784652300,748.6300048828125,748.6500244140625,748.4000244140625,748.489990234375
1784652600,748.489990234375,748.9949951171875,748.4500122070312,748.9598999023438
1784652900,748.9600219726562,749.0399780273438,748.6799926757812,748.6900024414062
1784653200,748.6884155273438,748.8300170898438,748.5805053710938,748.6199951171875
1784653500,748.6199951171875,748.85498046875,748.5800170898438,748.7100219726562
1784653800,748.719970703125,748.739990234375,748.530029296875,748.5999755859375
1784654100,748.6099853515625,748.6599731445312,748.3300170898438,748.35498046875
1784654400,748.3499755859375,748.47998046875,748.25,748.4000244140625
1784654700,748.4199829101562,748.47998046875,748.239990234375,748.3599853515625
1784655000,748.3599853515625,748.5700073242188,748.2150268554688,748.3599853515625
1784655300,748.3499755859375,748.7999877929688,748.3400268554688,748.7000122070312
1784655600,748.7000122070312,748.72998046875,748.510009765625,748.669921875
1784655900,748.6599731445312,748.8599853515625,748.5499877929688,748.8200073242188
1784656200,748.8400268554688,748.9299926757812,748.6599731445312,748.6799926757812
1784656500,748.6749877929688,748.719970703125,748.4400024414062,748.5900268554688
1784656800,748.5900268554688,748.77001953125,748.260009765625,748.3200073242188
1784657100,748.2999877929688,748.5499877929688,748.27001953125,748.4550170898438
1784657400,748.4400024414062,748.5490112304688,748.1199951171875,748.1599731445312
1784657700,748.1699829101562,748.27001953125,748.0900268554688,748.2100219726562
1784658000,748.1900024414062,748.4000244140625,748.1099853515625,748.2999877929688
1784658300,748.2899780273438,748.2999877929688,748.0650024414062,748.2100219726562
1784658600,748.219970703125,748.260009765625,747.9400024414062,747.969970703125
1784658900,747.969970703125,748.27001953125,747.9600219726562,748.1500244140625
1784659200,748.1500244140625,748.6099853515625,748.02001953125,748.5399780273438
1784659500,748.530029296875,748.6400146484375,748.3800048828125,748.4500122070312
1784659800,748.469970703125,748.510009765625,748.25,748.25927734375
1784660100,748.25,748.5700073242188,748.22998046875,748.3699951171875
1784660400,748.3800048828125,748.469970703125,748.1500244140625,748.27001953125
1784660700,748.25,748.4199829101562,748.1199951171875,748.135009765625
1784661000,748.1400146484375,748.4299926757812,748.0900268554688,748.239990234375
1784661300,748.25,748.4600219726562,748.1900024414062,748.3099975585938
1784661600,748.3099975585938,748.3900146484375,748.1900024414062,748.3099975585938
1784661900,748.2899780273438,748.4600219726562,748.219970703125,748.260009765625
1784662200,748.25,748.3900146484375,748.1500244140625,748.1799926757812
1784662500,748.1699829101562,748.5700073242188,748.1199951171875,748.4099731445312
1784662800,748.4005126953125,748.5880126953125,748.239990234375,748.530029296875
1784663100,748.530029296875,748.6400146484375,748.2449951171875,748.60498046875
1784663400,748.5900268554688,748.7000122070312,748.2899780273438,748.3800048828125
1784663700,748.3800048828125,748.5800170898438,748.0900268554688,748.3300170898438
1784664000,748.32,748.41,741.8436,747.91
1784664300,747.9419,748.28,747.85,748.15
1784664600,748.15,748.4103,747.95,748.16
1784664900,748.28,748.28,747.88,747.895
1784665200,747.91,748.28,747.82,747.945
1784665500,747.945,747.99,747.83,747.865
1784665800,747.87,748.04,747.86,748.02
1784666100,747.99,748.28,747.9502,748.02
1784666400,748.0,748.28,696.8186,747.995
1784666700,747.9804,748.28,747.87,747.885
1784667000,747.9,748.28,704.7337,747.885
1784667300,747.89,748.28,700.4258,748.04
1784667600,747.96,748.1,700.4258,748.035
1784667900,748.0012,748.28,748.0,748.0112
1784668200,748.06,748.12,747.98,748.0
1784668500,748.0,748.09,748.0,748.055
1784668800,748.055,748.09,748.0,748.0
1784669100,748.06,748.25,748.0,748.1
1784669400,748.1,748.1855,748.0,748.06
1784669700,748.0955,748.18,748.09,748.155
1784670000,748.1977,748.2,748.11,748.1883
1784670300,748.13,748.3,748.11,748.26
1784670600,748.3,748.3,748.12,748.2758
1784670900,748.225,748.29,748.06,748.08
1784671200,748.19,748.19,747.85,747.99
1784671500,748.035,748.1,747.85,748.05
1784671800,747.94,748.135,747.94,748.121
1784672100,748.13,748.2099,748.12,748.18
1784672400,748.19,748.25,747.85,747.875
1784672700,747.85,747.98,747.82,747.865
1784673000,747.8694,747.93,747.74,747.93
1784673300,747.93,747.95,747.81,747.92
1784673600,747.9,747.9615,747.83,747.8381
1784673900,747.83,747.83,747.5734,747.6
1784674200,747.57,747.66,747.57,747.66
1784674500,747.6317,747.81,747.57,747.775
1784674800,747.75,747.84,747.7,747.815
1784675100,747.79,747.85,747.7,747.78
1784675400,747.8181,747.9,747.76,747.83
1784675700,747.861,748.11,747.72,748.11
1784676000,747.9581,747.97,747.85,747.85
1784676300,747.8017,748.04,747.8017,748.01
1784676600,748.0094,748.13,747.96,748.07
1784676900,748.0,748.0,747.8,747.88
1784677200,747.8862,747.92,747.7,747.741
1784677500,747.7985,748.05,747.7985,748.049
1784677800,748.0,748.1,747.77,747.82
1784678100,747.85,748.13,747.83,748.059
1784707200,746.5,748.28,745.09,745.97
1784707500,745.95,747.0,745.7285,745.94
1784707800,745.98,746.0,745.44,745.5148
1784708100,745.53,745.84,745.4912,745.68
1784708400,745.7,746.1087,745.7,745.97
1784708700,746.0012,746.2,745.96,746.1691
1784709000,746.21,746.46,746.21,746.3726
1784709300,746.4,746.4,746.11,746.11
1784709600,746.11,746.16,746.0,746.0
1784709900,746.14,746.37,746.11,746.2
1784710200,746.15,746.45,746.11,746.31
1784710500,746.3592,746.4239,746.2185,746.36
1784710800,746.34,746.77,746.33,746.6417
1784711100,746.76,747.01,746.5941,746.749
1784711400,746.75,746.84,746.6015,746.68
1784711700,746.6317,746.76,746.6,746.7487
1784712000,746.69,746.94,746.69,746.8307
1784712300,746.81,746.81,746.6,746.61
1784712600,746.54,746.58,746.081,746.09
1784712900,746.07,746.3479,746.07,746.34
1784713200,746.26,746.45,746.1236,746.35
1784713500,746.3537,746.48,746.29,746.3599
1784713800,746.32,746.32,745.8825,746.0
1784714100,746.11,746.48,746.11,746.39
1784714400,746.5,746.8615,746.5,746.7585
1784714700,746.75,746.76,746.54,746.6074
1784715000,746.5887,746.66,746.3715,746.4
1784715300,746.41,746.62,746.3092,746.51
1784715600,746.51,747.13,746.51,747.07
1784715900,747.032,747.08,746.9,747.0
1784716200,746.96,747.06,746.83,746.83
1784716500,746.85,746.92,746.65,746.7
1784716800,746.58,746.68,746.5,746.5
1784717100,746.53,746.95,746.51,746.95
1784717400,747.0,747.03,746.86,746.8612
1784717700,746.91,746.94,746.8,746.839
1784718000,746.879,748.28,746.55,746.55
1784718300,746.51,746.7423,746.51,746.7423
1784718600,746.75,746.84,746.4,746.4
1784718900,746.3999,746.3999,746.21,746.25
1784719200,746.25,746.55,746.25,746.4598
1784719500,746.439,746.4491,746.11,746.13
1784719800,746.1506,746.36,746.1454,746.33
1784720100,746.319,746.52,746.18,746.2
1784720400,746.18,746.19,745.05,745.485
1784720700,745.49,746.19,745.44,746.07
1784721000,746.055,746.055,745.63,745.69
1784721300,745.73,745.75,745.42,745.61
1784721600,745.6197,745.875,745.29,745.39
1784721900,745.46,745.7792,745.38,745.53
1784722200,745.52,745.7995,745.43,745.72
1784722500,745.73,745.76,745.4,745.4687
1784722800,745.425,745.485,745.1,745.1083
1784723100,745.1,745.5187,745.09,745.47
1784723400,745.52,746.13,745.5,746.0
1784723700,745.97,746.1402,745.89,746.085
1784724000,746.08,746.145,746.01,746.025
1784724300,746.01,746.025,745.4,745.52
1784724600,745.5,745.83,745.46,745.8131
1784724900,745.82,745.82,744.26,745.32
1784725200,745.35,745.8,745.35,745.79
1784725500,745.765,745.94,745.45,745.93
1784725800,745.92,745.95,745.6492,745.81
1784727000,746.6199951171875,747.5700073242188,746.3699951171875,747.3150024414062
1784727300,747.3099975585938,747.489990234375,747.02001953125,747.4000244140625
1784727600,747.4099731445312,747.7000122070312,747.0900268554688,747.5700073242188
1784727900,747.5999755859375,748.0599975585938,747.5700073242188,747.760009765625
1784728200,747.739990234375,748.1799926757812,747.39501953125,748.1500244140625
1784728500,748.1300048828125,748.7849731445312,748.02001953125,748.780029296875
1784728800,748.77001953125,748.969970703125,748.52001953125,748.969970703125
1784729100,748.969970703125,749.3800048828125,748.510009765625,748.5401000976562
1784729400,748.5399780273438,748.7750244140625,748.110107421875,748.239990234375
1784729700,748.260009765625,748.3200073242188,747.77001953125,748.1300048828125
1784730000,748.1400146484375,748.4299926757812,747.3800048828125,747.5999755859375
1784730300,747.6300048828125,747.8099975585938,747.0900268554688,747.2999877929688
1784730600,747.2899780273438,747.7899780273438,747.1699829101562,747.239990234375
1784730900,747.260009765625,747.4500122070312,747.05078125,747.3099975585938
1784731200,747.2999877929688,747.4500122070312,746.760009765625,746.780029296875
1784731500,746.7899780273438,747.469970703125,746.6799926757812,747.3699951171875
1784731800,747.3800048828125,747.6500244140625,747.0900268554688,747.4199829101562
1784732100,747.3900146484375,747.9769897460938,747.1500244140625,747.9349975585938
1784732400,747.9299926757812,748.4400024414062,747.8900146484375,748.3049926757812
1784732700,748.2999877929688,748.75,748.2000122070312,748.6099853515625
1784733000,748.6099853515625,749.039306640625,748.5900268554688,748.875
1784733300,748.8800048828125,748.9849853515625,748.52001953125,748.8599853515625
1784733600,748.8699951171875,749.4000244140625,748.8300170898438,749.3099975585938
1784733900,749.3200073242188,749.6799926757812,749.2606811523438,749.4099731445312
1784734200,749.4199829101562,749.510009765625,748.9199829101562,748.9600219726562
1784734500,748.9849853515625,749.1400146484375,748.7506713867188,748.9149780273438
1784734800,748.9149780273438,749.2100219726562,748.8499755859375,749.0
1784735100,749.02001953125,749.3800048828125,749.02001953125,749.3800048828125
1784735400,749.3800048828125,749.5900268554688,749.22998046875,749.280029296875
1784735700,749.260009765625,749.7899780273438,749.1799926757812,749.760009765625
1784736000,749.760009765625,749.8200073242188,749.489990234375,749.6849975585938
1784736300,749.6900024414062,749.9099731445312,749.5399780273438,749.7449951171875
1784736600,749.739990234375,749.7899780273438,749.5999755859375,749.7100219726562
1784736900,749.7100219726562,750.02001953125,749.6799926757812,749.9749755859375
1784737200,749.969970703125,749.969970703125,749.780029296875,749.8699951171875
1784737500,749.8699951171875,749.9400024414062,749.6799926757812,749.8499755859375
1784737800,749.8599853515625,750.0048217773438,749.75,749.9299926757812
1784738100,749.9199829101562,749.9600219726562,749.7899780273438,749.8699951171875
1784738400,749.8900146484375,749.8900146484375,749.6400146484375,749.7550048828125
1784738700,749.760009765625,749.9000244140625,749.52001953125,749.60498046875
1784739000,749.6099853515625,749.6799926757812,749.47998046875,749.52001953125
1784739300,749.510009765625,749.9500122070312,749.5,749.8300170898438
1784739600,749.8350219726562,749.9600219726562,749.3699951171875,749.5
1784739900,749.5,749.75,749.47998046875,749.6099853515625
1784740200,749.5999755859375,749.6199951171875,749.25,749.3200073242188
1784740500,749.3099975585938,749.4299926757812,749.1900024414062,749.25
1784740800,749.239990234375,749.260009765625,748.9500122070312,749.1749877929688
1784741100,749.1699829101562,749.3900146484375,749.0,749.0444946289062
1784741400,749.0499877929688,749.2899780273438,748.8599853515625,748.8800048828125
1784741700,748.8800048828125,749.4099731445312,748.8499755859375,749.3599853515625
1784742000,749.3599853515625,749.3699951171875,749.0499877929688,749.1199951171875
1784742300,749.1300048828125,749.22998046875,749.0150146484375,749.0499877929688
1784742600,749.0399780273438,749.1500244140625,748.6920166015625,748.7100219726562
1784742900,748.7000122070312,748.7000122070312,748.3900146484375,748.52001953125
1784743200,748.5150146484375,748.7100219726562,748.2000122070312,748.3800048828125
1784743500,748.3800048828125,748.6900024414062,748.27001953125,748.3289794921875
1784743800,748.2999877929688,748.4000244140625,748.010009765625,748.0399780273438
1784744100,748.030029296875,748.3900146484375,748.0250244140625,748.22998046875
1784744400,748.25,748.5900268554688,748.1599731445312,748.2225952148438
1784744700,748.22998046875,748.5499877929688,748.2100219726562,748.489990234375
1784745000,748.489990234375,748.489990234375,748.0499877929688,748.2000122070312
1784745300,748.1900024414062,748.469970703125,748.1599731445312,748.4099731445312
1784745600,748.4299926757812,748.469970703125,748.22998046875,748.2901000976562
1784745900,748.2899780273438,748.5999755859375,748.2048950195312,748.2224731445312
1784746200,748.219970703125,748.5798950195312,748.1099853515625,748.52001953125
1784746500,748.5,748.5900268554688,748.37890625,748.4099731445312
1784746800,748.4400024414062,748.4600219726562,748.1500244140625,748.239990234375
1784747100,748.2449951171875,748.3499755859375,748.1500244140625,748.1900024414062
1784747400,748.2000122070312,748.239990234375,747.8300170898438,747.8900146484375
1784747700,747.9000244140625,748.1900024414062,747.8300170898438,748.1099853515625
1784748000,748.1099853515625,748.1199951171875,747.7999877929688,747.8499755859375
1784748300,747.8499755859375,748.0999755859375,747.6500244140625,748.0
1784748600,748.0,748.0,747.6699829101562,747.7100219726562
1784748900,747.7100219726562,747.7999877929688,747.3599853515625,747.4099731445312
1784749200,747.4215087890625,747.9199829101562,747.4199829101562,747.7899780273438
1784749500,747.7949829101562,748.0700073242188,747.7550048828125,747.97998046875
1784749800,747.989990234375,748.2999877929688,747.6900024414062,747.8099975585938
1784750100,747.8200073242188,748.239990234375,747.2949829101562,747.3300170898438
1784750400,747.36,748.87,747.2675,747.36
1784750700,747.4181,747.85,746.89,747.35
1784751000,747.33,748.97,747.21,748.97
1784751300,748.97,749.07,747.41,749.0
1784751600,747.41,748.99,747.41,748.775
1784751900,748.8,748.88,747.41,748.5277
1784752200,748.53,748.6,748.345,748.43
1784752500,748.445,748.555,748.01,748.35
1784752800,748.35,748.4,748.19,748.2
1784753100,748.16,748.28,748.08,748.15
1784753400,748.14,748.57,748.14,748.38
1784753700,748.34,748.3896,747.8,747.8
1784754000,747.81,748.24,747.41,747.96
1784754300,748.12,748.26,747.96,748.0204
1784754600,748.085,748.2,746.99,747.39
1784754900,747.25,747.585,747.09,747.43
1784755200,747.4,747.5532,747.29,747.3
1784755500,747.3,747.35,747.2,747.225
1784755800,747.23,747.25,746.65,746.86
1784756100,746.81,747.04,746.65,746.75
1784756400,746.75,747.04,746.42,746.6
1784756700,746.59,746.75,746.3,746.4
1784757000,746.335,746.69,746.3,746.595
1784757300,746.6,747.1098,746.52,746.84
1784757600,746.98,747.25,746.01,746.21
1784757900,746.2,746.28,746.01,746.12
1784758200,746.125,746.33,746.05,746.22
1784758500,746.24,746.32,745.97,746.18
1784758800,746.146,746.36,746.146,746.275
1784759100,746.25,746.35,745.86,745.91
1784759400,745.92,745.98,745.845,745.8472
1784759700,745.84,745.91,745.4,745.415
1784760000,745.416,745.4982,745.3,745.445
1784760300,745.455,745.77,745.3704,745.77
1784760600,745.77,746.04,745.7212,746.02
1784760900,746.02,746.1406,745.93,745.97
1784761200,745.955,746.01,745.44,745.58
1784761500,745.57,745.68,745.5015,745.52
1784761800,745.5555,745.87,745.545,745.86
1784762100,745.84,745.8485,745.481,745.54
1784762400,745.51,745.61,745.51,745.605
1784762700,745.6079,745.72,745.57,745.66
1784763000,745.6694,745.87,745.6694,745.8587
1784763300,745.77,745.94,745.77,745.8729
1784763600,745.9,746.04,745.9,746.0017
1784763900,746.01,746.5208,745.97,746.43
1784764200,746.44,746.55,746.36,746.3903
1784764500,746.39,746.68,746.31,746.68
1784793600,744.92,747.41,743.419,744.23
1784793900,744.1651,746.37,744.13,745.0
1784794200,745.03,745.13,744.73,744.9215
1784794500,744.9782,745.36,744.75,745.25
1784794800,745.23,745.3,744.75,744.86
1784795100,744.82,745.23,744.82,745.13
1784795400,745.16,745.25,744.88,745.1487
1784795700,745.1487,745.15,744.93,744.93
1784796000,744.92,745.0,744.68,744.6956
1784796300,744.68,744.91,744.62,744.9082
1784796600,744.87,745.3,744.81,745.28
1784796900,745.32,745.77,745.28,745.77
1784797200,745.61,746.41,745.5374,746.1656
1784797500,746.11,746.11,745.63,745.66
1784797800,745.61,745.7605,745.34,745.34
1784798100,745.3,745.49,745.2547,745.2547
1784798400,745.3,745.31,745.17,745.26
1784798700,745.22,745.299,745.09,745.2
1784799000,745.06,745.15,744.84,744.9
1784799300,744.8951,745.01,744.87,744.9767
1784799600,745.0364,745.19,744.95,745.1115
1784799900,745.2,745.34,745.15,745.199
1784800200,745.11,745.17,744.86,745.01
1784800500,745.07,745.17,744.76,744.86
1784800800,744.98,745.16,744.82,745.08
1784801100,745.0712,745.19,744.87,744.87
1784801400,744.86,744.86,744.6859,744.71
1784801700,744.77,744.99,744.6923,744.88
1784802000,744.88,745.07,744.84,745.0215
1784802300,745.078,745.23,745.01,745.08
1784802600,745.1,745.75,745.06,745.63
1784802900,745.5815,746.0082,745.5815,745.93
1784803200,745.97,746.21,745.7815,745.85
1784803500,745.812,746.04,745.7917,745.98
1784803800,745.93,745.94,745.7734,745.8
1784804100,745.87,745.97,745.75,745.8
1784804400,745.8,747.41,745.185,745.235
1784804700,745.25,745.28,744.91,744.93
1784805000,744.9139,745.165,744.86,745.1412
1784805300,745.2,745.38,745.014,745.08
1784805600,745.0658,745.0658,744.35,744.4
1784805900,744.4,744.6,744.17,744.309
1784806200,744.25,744.4082,743.78,743.97
1784806500,743.98,743.98,742.93,743.186
1784806800,743.16,743.4,742.85,743.1225
1784807100,743.1699,743.34,742.9217,743.3
1784807400,743.3,744.225,743.3,743.68
1784807700,743.675,744.0,743.53,743.87
1784808000,743.8796,743.98,743.53,743.71
1784808300,743.7,743.84,743.19,743.32
1784808600,743.32,743.49,743.11,743.12
1784808900,743.12,743.54,742.6,742.7207
1784809200,742.71,742.75,742.05,742.15
1784809500,742.17,742.29,741.73,742.02
1784809800,742.02,742.16,741.45,741.7
1784810100,741.6783,741.71,741.05,741.31
1784810400,741.25,741.25,740.61,740.98
1784810700,740.9688,747.41,740.15,740.75
1784811000,740.7195,741.02,740.45,740.7
1784811300,740.64,740.88,740.339,740.492
1784811600,740.56,740.76,740.11,740.26
1784811900,740.24,740.4085,739.675,739.78
1784812200,739.78,739.94,739.39,739.81
1784813400,739.3699951171875,741.3699951171875,738.469970703125,741.3200073242188
1784813700,741.2999877929688,741.8699951171875,740.8499755859375,741.4450073242188
1784814000,741.4199829101562,742.5599975585938,741.4199829101562,741.8200073242188
1784814300,741.8499755859375,741.9949951171875,740.1699829101562,740.4000244140625
1784814600,740.3699951171875,740.9450073242188,739.719970703125,740.9299926757812
1784814900,740.9500122070312,741.280029296875,739.2999877929688,739.5750122070312
1784815200,739.5800170898438,740.6300048828125,739.5800170898438,740.344970703125
1784815500,740.3599853515625,740.9299926757812,738.8699951171875,739.3599853515625
1784815800,739.344970703125,740.5399780273438,739.2100219726562,739.6900024414062
1784816100,739.6599731445312,740.3599853515625,739.4099731445312,739.510009765625
1784816400,739.52001953125,740.4349975585938,739.1699829101562,739.4400024414062
1784816700,739.4000244140625,739.9099731445312,738.989990234375,739.7999877929688
1784817000,739.739990234375,740.0399780273438,738.6599731445312,738.969970703125
1784817300,738.97998046875,740.510009765625,738.5900268554688,740.3800048828125
1784817600,740.3800048828125,740.6400146484375,738.6699829101562,738.8699951171875
1784817900,738.8599853515625,739.469970703125,738.6699829101562,738.8300170898438
1784818200,738.8400268554688,739.0700073242188,738.010009765625,738.1400146484375
1784818500,738.155029296875,738.5800170898438,738.0700073242188,738.3099975585938
1784818800,738.3200073242188,738.47998046875,737.5,737.6599731445312
1784819100,737.6699829101562,737.7000122070312,736.9400024414062,737.155029296875
1784819400,737.1599731445312,737.4099731445312,736.4500122070312,736.6500244140625
1784819700,736.6199951171875,737.2750244140625,736.5800170898438,737.1799926757812
1784820000,737.2000122070312,737.6900024414062,735.97998046875,736.669921875
1784820300,736.6699829101562,736.7203979492188,735.8099975585938,735.9298706054688
1784820600,735.9099731445312,736.4199829101562,735.2100219726562,736.4099731445312
1784820900,736.4099731445312,737.4400024414062,736.3800048828125,737.3480224609375
1784821200,737.3400268554688,737.6599731445312,736.6400146484375,736.6400146484375
1784821500,736.6400146484375,736.969970703125,736.3599853515625,736.8961791992188
1784821800,736.8900146484375,737.3300170898438,736.5900268554688,737.3200073242188
1784822100,737.3300170898438,737.9000244140625,737.1199951171875,737.844970703125
1784822400,737.844970703125,738.3099975585938,737.530029296875,738.0349731445312
1784822700,738.0399780273438,738.469970703125,737.5499877929688,738.469970703125
1784823000,738.469970703125,738.8350219726562,738.4199829101562,738.6199951171875
1784823300,738.6199951171875,738.8300170898438,738.219970703125,738.5700073242188
1784823600,738.5828247070312,739.6599731445312,738.5700073242188,739.4600219726562
1784823900,739.4500122070312,739.6199951171875,739.1500244140625,739.4500122070312
1784824200,739.4500122070312,739.489990234375,739.0599975585938,739.1199951171875
1784824500,739.0999755859375,739.719970703125,738.9400024414062,739.6998901367188
1784824800,739.7000122070312,739.7100219726562,738.969970703125,738.969970703125
1784825100,738.9600219726562,738.9600219726562,738.010009765625,738.0250244140625
1784825400,738.02001953125,738.3400268554688,737.75,737.97998046875
1784825700,737.97998046875,738.7100219726562,737.97998046875,738.6599731445312
1784826000,738.6699829101562,738.9400024414062,738.2000122070312,738.2100219726562
1784826300,738.219970703125,738.489990234375,737.7899780273438,738.489990234375
1784826600,738.4600219726562,738.8400268554688,738.4299926757812,738.6099853515625
1784826900,738.5599975585938,738.9000244140625,738.1599731445312,738.5250244140625
1784827200,738.5650024414062,739.030029296875,738.4000244140625,738.989990234375
1784827500,738.97998046875,739.2000122070312,738.739990234375,738.75
1784827800,738.739990234375,738.7999877929688,738.0499877929688,738.0900268554688
1784828100,738.0549926757812,738.1199951171875,737.4650268554688,737.6199951171875
1784828400,737.6199951171875,737.8599853515625,737.27001953125,737.7100219726562
1784828700,737.7000122070312,738.2899780273438,737.5,738.1599731445312
1784829000,738.1699829101562,738.2399291992188,737.7000122070312,737.7100219726562
1784829300,737.6500244140625,737.7098999023438,737.1300048828125,737.1900024414062
1784829600,737.1599731445312,737.3099975585938,736.9000244140625,736.97998046875
1784829900,736.969970703125,737.1599731445312,736.8001098632812,736.8619995117188
1784830200,736.8900146484375,737.3699951171875,736.8699951171875,737.02978515625
1784830500,736.9719848632812,737.3599853515625,736.8200073242188,737.0
1784830800,737.02001953125,737.4400024414062,736.9400024414062,737.4099731445312
1784831100,737.4199829101562,737.489990234375,737.0349731445312,737.4199829101562
1784831400,737.4149780273438,737.6599731445312,737.3200073242188,737.5999755859375
1784831700,737.5800170898438,737.6900024414062,736.8300170898438,736.9299926757812
1784832000,736.9299926757812,737.02001953125,736.6099853515625,736.8400268554688
1784832300,736.8300170898438,737.4500122070312,736.8300170898438,737.2999877929688
1784832600,737.2999877929688,737.3699951171875,736.6868286132812,736.719970703125
1784832900,736.7100219726562,737.0599975585938,736.6300048828125,737.0499877929688
1784833200,737.0800170898438,737.3900146484375,736.780029296875,736.7999877929688
1784833500,736.7999877929688,736.9600219726562,736.7000122070312,736.72998046875
1784833800,736.719970703125,736.875,736.469970703125,736.5999755859375
1784834100,736.5999755859375,737.1599731445312,736.5900268554688,736.9500122070312
1784834400,736.969970703125,737.6300048828125,736.9500122070312,737.6199951171875
1784834700,737.6199951171875,737.9000244140625,737.3200073242188,737.47998046875
1784835000,737.489990234375,737.739990234375,736.6799926757812,737.1500244140625
1784835300,737.14501953125,737.219970703125,736.8300170898438,736.8900146484375
1784835600,736.8699951171875,736.97998046875,736.25,736.25
1784835900,736.260009765625,736.4000244140625,735.719970703125,735.9249877929688
1784836200,735.9299926757812,736.97998046875,735.9299926757812,736.7100219726562
1784836500,736.72998046875,738.6400146484375,736.72998046875,738.1699829101562
1784836800,738.24,747.4103,738.18,739.13
1784837100,739.13,739.16,738.4,738.94
1784837400,738.97,739.39,738.18,739.175
1784837700,738.18,739.5201,738.18,739.36
1784838000,739.37,747.4103,739.25,739.5733
1784838300,739.5993,739.66,739.32,739.3841
1784838600,739.38,747.4103,739.26,739.4815
1784838900,739.5048,739.66,739.42,739.51
1784839200,739.51,747.4103,739.12,739.2
1784839500,739.2192,739.2488,738.18,739.17
1784839800,739.15,739.27,699.048,739.25
1784840100,739.245,739.43,738.18,739.37
1784840400,739.3721,739.58,738.18,739.31
1784840700,739.32,739.49,739.1085,739.37
1784841000,739.225,739.35,739.0184,739.2
1784841300,739.2089,739.29,738.92,738.96
1784841600,738.95,739.15,738.75,739.025
1784841900,739.0038,739.025,738.8,738.875
1784842200,738.85,738.95,738.69,738.81
1784842500,738.9,738.9,738.6,738.73
1784842800,738.665,738.8,738.6,738.77
1784843100,738.77,738.95,738.74,738.885
1784843400,738.83,738.89,738.75,738.8672
1784843700,738.8672,739.0,738.69,738.6938
1784844000,738.7,739.18,738.5,738.5538
1784844300,738.53,738.65,738.5,738.595
1784844600,738.57,738.57,738.22,738.4
1784844900,738.3608,738.44,738.28,738.29
1784845200,738.315,738.8885,738.29,738.817
1784845500,738.8207,738.8207,738.5792,738.61
1784845800,738.6482,738.92,738.5873,738.7
1784846100,738.7087,738.8087,738.56,738.67
1784846400,738.6392,738.79,738.56,738.73
1784846700,738.7638,738.9943,738.73,738.83
1784847000,738.8746,738.9946,738.85,738.9946
1784847300,738.9639,739.27,738.9639,739.24
1784847600,739.27,739.27,738.83,738.84
1784847900,738.86,738.93,738.78,738.845
1784848200,738.8613,738.8613,738.71,738.815
1784848500,738.8334,738.939,738.73,738.795
1784848800,738.81,738.9387,738.7617,738.87
1784849100,738.87,738.97,738.8,738.86
1784849400,738.85,738.91,738.68,738.85
1784849700,738.87,738.92,738.61,738.6415
1784850000,738.6,738.9002,738.35,738.7
1784850300,738.75,739.08,738.6117,738.76
1784850600,738.8182,738.8182,738.4208,738.4683
1784850900,738.58,738.93,738.49,738.7404
1784880000,739.08,740.48,737.6227,739.5285
1784880300,739.47,739.5185,737.81,739.3785
1784880600,739.4085,739.45,739.07,739.33
1784880900,739.32,739.68,739.2406,739.5
1784881200,739.462,739.65,739.3812,739.4685
1784881500,739.3712,740.04,739.3115,739.98
1784881800,739.98,740.29,739.94,740.1687
1784882100,740.1212,740.359,740.0012,740.2
1784882400,740.1117,740.1987,739.9212,740.0517
1784882700,740.1185,740.1485,739.77,739.9415
1784883000,739.965,740.009,739.7712,739.8915
1784883300,739.8915,740.0285,739.7917,739.9187
1784883600,739.9585,740.0985,739.7517,739.87
1784883900,739.871,740.68,739.8512,740.65
1784884200,740.62,740.6787,740.0507,740.0615
1784884500,740.12,740.2985,739.9512,740.25
1784884800,740.182,740.5116,740.16,740.4438
1784885100,740.4112,740.6592,740.4112,740.5012
1784885400,740.549,740.73,740.37,740.6715
1784885700,740.715,740.75,740.5912,740.6915
1784886000,740.77,740.84,740.6315,740.7885
1784886300,740.7987,740.87,740.5912,740.619
1784886600,740.63,740.7587,740.5315,740.589
1784886900,740.589,740.81,740.5412,740.72
1784887200,740.7112,740.84,740.499,740.499
1784887500,740.4692,740.59,740.22,740.3
1784887800,740.28,740.33,740.16,740.32
1784888100,740.27,740.3672,740.18,740.3
1784888400,740.3,740.4,740.24,740.4
1784888700,740.35,740.43,740.095,740.36
1784889000,740.35,740.59,740.2812,740.2812
1784889300,740.25,740.2564,740.05,740.11
1784889600,740.06,740.2185,740.06,740.1817
1784889900,740.22,740.3,740.14,740.26
1784890200,740.26,740.26,739.97,739.98
1784890500,740.04,740.1988,739.99,739.999
1784890800,739.95,740.4,738.18,740.27
1784891100,740.27,740.4107,740.11,740.16
1784891400,740.21,740.29,740.096,740.257
1784891700,740.2301,740.36,740.19,740.31
1784892000,740.23,740.33,740.02,740.24
1784892300,740.2,740.2302,740.01,740.085
1784892600,740.0715,740.12,739.82,739.89
1784892900,739.83,740.1984,739.75,739.8987
1784893200,739.83,739.8701,739.65,739.68
1784893500,739.7,739.86,739.52,739.72
1784893800,739.755,739.97,739.71,739.81
1784894100,739.73,740.975,739.5,740.63
1784894400,740.7,740.7,739.95,740.2
1784894700,740.22,740.59,739.91,740.54
1784895000,740.46,740.88,740.3982,740.8082
1784895300,740.77,740.88,740.545,740.6
1784895600,740.56,740.87,740.42,740.71
1784895900,740.721,740.8,740.17,740.72
1784896200,740.7012,741.02,740.04,740.061
1784896500,740.1,740.3502,740.0199,740.06
1784896800,740.09,740.13,739.63,739.7
1784897100,739.7029,739.7794,738.18,739.65
1784897400,739.66,739.7,739.37,739.45
1784897700,739.455,739.455,739.05,739.15
1784898000,739.15,739.2981,738.99,739.19
1784898300,739.165,739.24,738.83,739.05
1784898600,739.04,739.27,739.0,739.16
1784899800,738.510009765625,739.5,738.4199829101562,739.277099609375
1784900100,739.2899780273438,739.6599731445312,738.8800048828125,739.1099853515625
1784900400,739.0999755859375,739.1400756835938,738.6599731445312,738.8101196289062
1784900700,738.8099975585938,739.8800048828125,738.5700073242188,739.8200073242188
1784901000,739.8099975585938,739.8099975585938,737.6900024414062,737.8400268554688
1784901300,737.8300170898438,738.2000122070312,737.4299926757812,737.530029296875
1784901600,738.1099853515625,738.6701049804688,737.6799926757812,737.7440185546875
1784901900,737.7899780273438,739.489990234375,737.5700073242188,739.2999877929688
1784902200,739.2650146484375,739.905029296875,738.8250122070312,739.5394897460938
1784902500,739.5399780273438,739.7100219726562,738.0,738.5349731445312
1784902800,738.530029296875,739.9500122070312,738.1599731445312,739.5399780273438
1784903100,739.5599975585938,739.719970703125,738.969970703125,739.1799926757812
1784903400,739.1900024414062,739.22998046875,738.3300170898438,738.3400268554688
1784903700,738.3350219726562,738.8200073242188,737.9099731445312,738.0599975585938
1784904000,738.030029296875,738.3499755859375,737.8400268554688,737.905029296875
1784904300,737.8900146484375,738.5499877929688,737.4299926757812,738.530029296875
1784904600,738.5349731445312,739.3200073242188,738.530029296875,739.010009765625
1784904900,739.010009765625,740.7000122070312,739.010009765625,740.5900268554688
1784905200,740.5900268554688,740.9600219726562,740.2100219726562,740.239990234375
1784905500,740.22998046875,740.6400146484375,739.6599731445312,739.6998901367188
1784905800,739.6900024414062,742.1699829101562,739.5800170898438,741.8800048828125
1784906100,741.8599853515625,743.0,741.3400268554688,741.4774780273438
1784906400,741.4949951171875,742.6500244140625,741.4099731445312,742.3699951171875
1784906700,742.39501953125,743.1300048828125,742.3300170898438,742.6099853515625
1784907000,742.5999755859375,742.9000244140625,742.0499877929688,742.0800170898438
1784907300,742.0449829101562,743.1580200195312,742.030029296875,743.0700073242188
1784907600,743.0599975585938,743.25,742.0289916992188,742.2899780273438
1784907900,742.2899780273438,742.6500244140625,742.0,742.1300048828125
1784908200,742.135009765625,742.7899780273438,742.1300048828125,742.5599975585938
1784908500,742.5599975585938,743.1099853515625,742.52001953125,743.0150146484375
1784908800,743.0399780273438,743.239990234375,742.6400146484375,743.2100219726562
1784909100,743.2000122070312,743.5499877929688,742.9400024414062,743.280029296875
1784909400,743.2999877929688,743.719970703125,742.8499755859375,742.969970703125
1784909700,743.0,743.3200073242188,742.8099975585938,743.1347045898438
1784910000,743.1448974609375,743.5,743.0999755859375,743.3599243164062
1784910300,743.3599853515625,743.5700073242188,743.1799926757812,743.1900024414062
1784910600,743.1699829101562,743.1900024414062,742.3599853515625,742.5
1784910900,742.5150146484375,742.739990234375,742.22998046875,742.27001953125
1784911200,742.260009765625,742.260009765625,741.6400146484375,741.6500244140625
1784911500,741.6400146484375,741.8099975585938,740.9500122070312,741.1898803710938
1784911800,741.1900024414062,741.27001953125,740.739990234375,741.0700073242188
1784912100,741.0490112304688,741.760009765625,740.8699951171875,741.4500122070312
1784912400,741.469970703125,741.5999755859375,741.010009765625,741.1749877929688
1784912700,741.1699829101562,741.3300170898438,740.3800048828125,740.4182739257812
1784913000,740.4000244140625,741.0599975585938,740.2301025390625,740.9299926757812
1784913300,740.9500122070312,741.469970703125,740.6599731445312,741.4099731445312
1784913600,741.41650390625,741.489990234375,740.9072265625,741.2999877929688
1784913900,741.2899780273438,741.8400268554688,740.989990234375,741.7100219726562
1784914200,741.75,742.169189453125,741.530029296875,742.11181640625
1784914500,742.1099853515625,742.1199951171875,741.4299926757812,741.510009765625
1784914800,741.52001953125,741.5399780273438,741.0700073242188,741.0800170898438
1784915100,741.0700073242188,741.3900146484375,740.9199829101562,741.3099975585938
1784915400,741.3099975585938,741.5349731445312,740.969970703125,741.27001953125
1784915700,741.2899780273438,741.3900146484375,740.969970703125,740.97998046875
1784916000,740.989990234375,741.2899780273438,740.77001953125,740.8900146484375
1784916300,740.8800048828125,741.27001953125,740.75,740.969970703125
1784916600,741.02001953125,741.0750122070312,740.47998046875,740.5900268554688
1784916900,740.594970703125,740.6500244140625,740.1400146484375,740.22998046875
1784917200,740.1900024414062,740.2000122070312,739.719970703125,739.8099975585938
1784917500,739.7999877929688,739.8800048828125,739.0,739.0349731445312
1784917800,739.0499877929688,739.1599731445312,738.0700073242188,738.173828125
1784918100,738.1900024414062,738.6300048828125,737.8300170898438,738.27001953125
1784918400,738.27001953125,738.27001953125,737.6400146484375,737.8499755859375
1784918700,737.8699951171875,738.7000122070312,737.7899780273438,738.3099975585938
1784919000,738.2899780273438,738.5,738.030029296875,738.2050170898438
1784919300,738.1900024414062,738.7100219726562,738.1400146484375,738.3800048828125
1784919600,738.3900146484375,738.89501953125,738.2100219726562,738.280029296875
1784919900,738.25,738.6500244140625,737.5599975585938,737.60498046875
1784920200,737.6099853515625,738.22998046875,737.469970703125,737.5999755859375
1784920500,737.5999755859375,737.8300170898438,737.4099731445312,737.7999877929688
1784920800,737.8200073242188,738.02001953125,737.2899780273438,737.4299926757812
1784921100,737.4400024414062,737.8699951171875,737.2999877929688,737.6500244140625
1784921400,737.719970703125,738.3800048828125,737.6599731445312,738.0900268554688
1784921700,738.0800170898438,738.6599731445312,737.989990234375,738.1099853515625
1784922000,738.1099853515625,738.3400268554688,737.7899780273438,738.280029296875
1784922300,738.2999877929688,738.4400024414062,737.75,738.3399047851562
1784922600,738.3400268554688,738.5800170898438,737.6400146484375,738.469970703125
1784922900,738.489990234375,739.0999755859375,738.0499877929688,738.8599853515625
1784923200,738.86,738.97,738.33,738.5
1784923500,738.49,738.93,738.22,738.46
1784923800,738.43,738.93,738.24,738.57
1784924100,738.61,738.93,738.4401,738.75
1784924400,738.75,739.0792,738.75,738.79
1784924700,738.78,738.8846,738.47,738.5
1784925000,738.48,738.5341,738.01,738.16
1784925300,738.25,738.43,738.2004,738.2601
1784925600,738.28,738.5436,738.19,738.5371
1784925900,738.5362,738.63,738.35,738.35
1784926200,738.4,738.61,738.2808,738.61
1784926500,738.5699,738.93,738.36,738.524
1784926800,738.55,738.93,738.41,738.63
1784927100,738.649,759.3482,738.1,738.2424
1784927400,738.2439,738.25,737.7,738.2247
1784927700,738.2247,738.24,737.95,737.96
1784928000,737.9965,738.6,737.955,738.51
1784928300,738.54,738.74,738.51,738.72
1784928600,738.71,739.117,738.61,738.8
1784928900,738.92,739.12,738.87,739.04
1784929200,739.04,739.322,739.0,739.02
1784929500,739.17,739.17,738.71,738.88
1784929800,738.93,738.97,738.8,738.8
1784930100,738.85,738.95,738.81,738.89
1784930400,738.9,738.95,738.63,738.84
1784930700,738.92,738.92,738.68,738.8761
1784931000,738.8882,738.89,738.76,738.76
1784931300,738.78,738.83,738.67,738.8
1784931600,738.82,738.83,738.67,738.6781
1784931900,738.6781,739.01,738.6781,738.75
1784932200,738.83,739.06,738.75,739.0533
1784932500,739.04,739.06,739.0,739.0
1784932800,739.0,739.052,738.74,738.81
1784933100,738.93,738.93,738.74,738.783
1784933400,738.79,738.98,738.78,738.9232
1784933700,738.9,738.9175,738.55,738.6
1784934000,738.6,738.93,738.53,738.6
1784934300,738.72,738.81,738.5375,738.79
1784934600,738.5889,738.93,738.55,738.83
1784934900,738.77,738.93,738.55,738.72
1784935200,738.72,738.93,738.55,738.58
1784935500,738.58,738.8717,738.55,738.7
1784935800,738.56,738.8017,738.48,738.48
1784936100,738.6,738.81,738.36,738.51
1784936400,738.5045,738.81,738.36,738.4501
1784936700,738.7987,738.7987,738.2697,738.27
1784937000,738.26,738.32,738.2306,738.32
1784937300,738.3028,738.66,738.19,738.66
1785139200,744.23,746.06,744.07,744.92
1785139500,744.94,745.29,744.91,745.2
1785139800,745.15,745.32,744.9992,745.31
1785140100,745.3,745.45,745.12,745.3615
1785140400,745.36,745.4731,745.3144,745.3987
1785140700,745.39,745.65,745.35,745.5985
1785141000,745.67,745.74,745.569,745.6
1785141300,745.51,745.72,745.4685,745.7187
1785141600,745.7,746.07,745.6712,746.03
1785141900,746.05,746.06,745.8547,745.96
1785142200,745.87,746.11,745.85,746.11
1785142500,746.08,746.11,745.91,746.02
1785142800,746.04,746.04,745.78,745.89
1785143100,745.8887,745.899,745.77,745.79
1785143400,745.7992,745.87,745.77,745.85
1785143700,745.839,745.89,745.7932,745.82
1785144000,745.794,746.04,745.794,745.95
1785144300,746.009,746.13,745.8912,745.9
1785144600,745.94,746.0,745.8,746.0
1785144900,746.0,746.21,745.995,746.16
1785145200,746.13,746.35,746.09,746.32
1785145500,746.33,746.53,746.27,746.53
1785145800,746.49,746.49,746.41,746.4112
1785146100,746.43,746.44,746.3312,746.37
1785146400,746.41,746.4307,746.32,746.38
1785146700,746.3312,746.4,746.23,746.23
1785147000,746.21,746.2392,746.0,746.1992
1785147300,746.225,746.29,746.11,746.22
1785147600,746.25,746.28,746.16,746.16
1785147900,746.1,746.3,746.09,746.25
1785148200,746.23,746.49,746.15,746.151
1785148500,746.16,746.22,746.07,746.21
1785148800,746.22,746.4,746.16,746.35
1785149100,746.37,746.5,746.25,746.39
1785149400,746.39,746.4,746.3,746.4
1785149700,746.3811,746.54,746.2995,746.3209
1785150000,746.28,746.33,738.93,746.0563
1785150300,746.04,746.08,745.9501,745.96
1785150600,745.97,746.069,745.805,745.91
1785150900,745.8984,746.02,745.768,745.768
1785151200,745.745,745.8836,745.7,745.7395
1785151500,745.7135,745.829,744.93,744.989
1785151800,744.95,745.5883,744.9392,745.35
1785152100,745.38,745.63,745.3277,745.5297
1785152400,745.5501,745.58,745.0,745.3885
1785152700,745.35,745.41,745.24,745.3863
1785153000,745.3904,745.5,745.28,745.31
1785153300,745.2876,745.4188,745.26,745.31
1785153600,745.31,745.65,745.31,745.6001
1785153900,745.579,745.61,745.39,745.41
1785154200,745.43,745.44,744.59,744.6868
1785154500,744.6616,744.9,744.6616,744.699
1785154800,744.76,744.93,744.63,744.8682
1785155100,744.86,745.06,744.84,744.9929
1785155400,744.96,745.0885,744.7969,745.0575
1785155700,745.0882,745.28,745.05,745.21
1785156000,745.23,745.33,745.06,745.29
1785156300,745.2611,745.51,738.93,745.4938
1785156600,745.46,745.5,745.23,745.47
1785156900,745.4861,745.56,745.27,745.47
1785157200,745.4307,745.59,745.14,745.36
1785157500,745.34,745.35,745.09,745.35
1785157800,745.36,745.63,745.26,745.3532
1785159000,744.9099731445312,745.1699829101562,743.9425048828125,744.655029296875
1785159300,744.6599731445312,745.530029296875,744.5700073242188,744.969970703125
1785159600,744.969970703125,745.0650024414062,743.4400024414062,743.4500122070312
1785159900,743.47998046875,744.1500244140625,743.2000122070312,743.7999877929688
1785160200,743.8499755859375,744.1699829101562,743.3699951171875,743.4500122070312
1785160500,743.4299926757812,743.4600219726562,741.5999755859375,741.5999755859375
1785160800,741.5999755859375,742.1300048828125,741.219970703125,741.6599731445312
1785161100,741.6500244140625,742.0399780273438,741.22998046875,741.75
1785161400,741.75,741.77001953125,740.4600219726562,740.9650268554688
1785161700,740.969970703125,741.5650024414062,740.52001953125,740.989990234375
1785162000,740.9450073242188,740.9450073242188,739.6300048828125,739.8250122070312
1785162300,739.8250122070312,740.0,738.2000122070312,738.3150024414062
1785162600,738.3300170898438,738.5549926757812,737.72998046875,737.969970703125
1785162900,737.9450073242188,738.2999877929688,737.1400146484375,738.0800170898438
1785163200,738.0750122070312,738.27001953125,736.5399780273438,736.7899780273438
1785163500,736.7899780273438,738.1599731445312,736.7899780273438,738.0
1785163800,737.989990234375,738.8250122070312,737.9299926757812,738.5900268554688
1785164100,738.5900268554688,739.8800048828125,738.3699951171875,739.6901245117188
1785164400,739.719970703125,739.969970703125,739.3400268554688,739.760009765625
1785164700,739.739990234375,740.3099975585938,739.1901245117188,739.219970703125
1785165000,739.27001953125,739.9349975585938,739.0999755859375,739.3900146484375
1785165300,739.3599853515625,739.52001953125,737.9400024414062,738.8049926757812
1785165600,738.8099975585938,739.2999877929688,738.02001953125,738.1799926757812
1785165900,738.1649780273438,738.5399780273438,737.8800048828125,738.2899780273438
1785166200,738.27001953125,738.27001953125,737.2999877929688,737.4099731445312
1785166500,737.4199829101562,737.5,736.3350219726562,736.9400024414062
1785166800,736.9299926757812,737.469970703125,736.5911865234375,737.4400024414062
1785167100,737.4299926757812,737.5499877929688,736.6900024414062,736.8900146484375
1785167400,736.9199829101562,737.3599853515625,736.7100219726562,737.0599975585938
1785167700,737.0599975585938,737.6500244140625,736.9600219726562,737.4849853515625
1785168000,737.4924926757812,738.1599731445312,737.3900146484375,738.1500244140625
1785168300,738.1500244140625,738.3699951171875,737.718017578125,738.2999877929688
1785168600,738.3099975585938,738.6900024414062,737.3856811523438,737.4500122070312
1785168900,737.4400024414062,737.47998046875,736.8599853515625,737.2999877929688
1785169200,737.3099975585938,737.8300170898438,737.0700073242188,737.77001953125
1785169500,737.77001953125,739.6799926757812,737.7100219726562,738.719970703125
1785169800,738.719970703125,739.3099975585938,738.4000244140625,738.909912109375
1785170100,738.8900146484375,739.3499755859375,738.4500122070312,738.969970703125
1785170400,738.97998046875,739.102294921875,738.0800170898438,738.3400268554688
1785170700,738.3499755859375,738.7999877929688,738.0999755859375,738.0999755859375
1785171000,738.0800170898438,738.0800170898438,737.0,737.1500244140625
1785171300,737.1500244140625,737.1599731445312,736.6400146484375,737.0570068359375
1785171600,737.0700073242188,737.0999755859375,736.0999755859375,736.1810302734375
1785171900,736.1799926757812,736.5800170898438,736.0700073242188,736.3800048828125
1785172200,736.3699951171875,736.77001953125,736.1799926757812,736.6500244140625
1785172500,736.6400146484375,736.760009765625,735.8699951171875,736.2150268554688
1785172800,736.219970703125,736.760009765625,736.0999755859375,736.385009765625
1785173100,736.39501953125,736.6500244140625,736.1900024414062,736.2000122070312
1785173400,736.219970703125,737.2000122070312,736.1799926757812,737.1599731445312
1785173700,737.14501953125,737.280029296875,736.5599975585938,736.7100219726562
1785174000,736.6900024414062,736.9099731445312,736.5,736.7999877929688
1785174300,736.8200073242188,737.135009765625,736.5700073242188,736.760009765625
1785174600,736.72998046875,737.5499877929688,736.6799926757812,737.4982299804688
1785174900,737.5399780273438,737.8499755859375,737.280029296875,737.7999877929688
1785175200,737.8400268554688,737.9600219726562,737.5399780273438,737.6099853515625
1785175500,737.5999755859375,737.969970703125,737.47998046875,737.6799926757812
1785175800,737.6699829101562,737.9299926757812,737.6199951171875,737.75
1785176100,737.75,737.8300170898438,737.030029296875,737.25
1785176400,737.219970703125,737.6900024414062,737.0800170898438,737.5501098632812
1785176700,737.5499877929688,737.7999877929688,737.4199829101562,737.6199951171875
1785177000,737.6400146484375,737.6500244140625,736.8599853515625,736.905029296875
1785177300,736.8599853515625,737.0800170898438,736.7000122070312,736.7899780273438
1785177600,736.7899780273438,737.5900268554688,736.6199951171875,737.469970703125
1785177900,737.4849853515625,737.75,737.3599853515625,737.3699951171875
1785178200,737.3800048828125,738.6500244140625,737.3699951171875,738.5499877929688
1785178500,738.5599975585938,739.25,738.510009765625,739.0599975585938
1785178800,739.0599975585938,739.1699829101562,738.552001953125,738.5750122070312
1785179100,738.5700073242188,739.4000244140625,738.489990234375,739.3200073242188
1785179400,739.2999877929688,739.5800170898438,738.9500122070312,739.0900268554688
1785179700,739.0999755859375,739.5,739.0900268554688,739.4949951171875
1785180000,739.52001953125,739.77001953125,739.3499755859375,739.614990234375
1785180300,739.6199951171875,739.719970703125,739.3400268554688,739.6500244140625
1785180600,739.6500244140625,739.8499755859375,739.469970703125,739.5700073242188
1785180900,739.5499877929688,739.6900024414062,738.9199829101562,738.989990234375
1785181200,738.989990234375,739.2199096679688,738.8200073242188,738.969970703125
1785181500,738.9600219726562,739.0700073242188,738.6199951171875,739.0399780273438
1785181800,739.0499877929688,739.22998046875,738.5823974609375,738.77001953125
1785182100,738.77001953125,739.1099853515625,738.5,739.02001953125
1785182400,739.02,739.535,738.2551,739.04
1785182700,739.0346,739.09,738.72,739.067
1785183000,739.06,739.1,738.67,739.0234
1785183300,739.09,739.11,738.9286,739.055
1785183600,739.04,739.07,738.82,738.92
1785183900,738.92,739.04,738.92,739.0379
1785184200,739.0381,739.49,738.9572,739.49
1785184500,739.47,739.82,739.43,739.581
1785184800,739.6148,739.6148,739.4,739.44
1785185100,739.425,739.5,739.28,739.29
1785185400,739.29,739.4145,724.228,739.34
1785185700,739.31,739.46,739.09,739.4
1785186000,739.2931,739.49,739.09,739.36
1785186300,739.3769,739.5,694.508,739.49
1785186600,739.49,739.53,739.36,739.5
1785186900,694.508,739.5192,694.508,739.46
1785187200,739.51,739.6,739.45,739.4595
1785187500,739.4595,739.5462,739.4,739.4009
1785187800,739.4018,739.55,739.39,739.4975
1785188100,739.49,739.55,739.15,739.3789
1785188400,739.49,739.49,739.35,739.48
1785188700,739.48,739.55,739.43,739.547
1785189000,739.442,739.55,739.43,739.465
1785189300,739.5,739.6,739.325,739.34
1785189600,739.49,739.745,739.2329,739.2573
1785189900,739.23,739.3013,739.02,739.0636
1785190200,739.061,739.09,738.83,738.85
1785190500,738.91,739.0365,738.8,738.92
1785190800,738.9678,739.0387,738.8099,738.84
1785191100,738.8146,738.85,738.6,738.6169
1785191400,738.6945,738.97,738.65,738.9
1785191700,738.9359,738.9947,738.8,738.8948
1785192000,738.88,738.88,738.66,738.7431
1785192300,738.7,738.7936,738.6022,738.7387
1785192600,738.705,738.85,738.62,738.69
1785192900,738.7134,738.7399,738.58,738.65
1785193200,738.6463,738.6463,738.17,738.2636
1785193500,738.2712,738.86,738.2712,738.571
1785193800,738.58,738.6945,738.491,738.501
1785194100,738.5,738.79,738.34,738.74
1785194400,738.75,738.89,738.6,738.8487
1785194700,738.769,739.0188,738.75,739.0
1785195000,738.96,739.04,738.87,738.87
1785195300,738.88,738.95,738.72,738.85
1785195600,738.7712,738.78,738.64,738.65
1785195900,738.71,738.72,738.38,738.44
1785196200,738.42,739.13,738.42,739.05
1785196500,739.04,739.105,738.82,738.9277
1785225600,737.79,739.09,736.15,737.69
1785225900,737.68,737.98,737.2,737.22
1785226200,737.2,737.23,736.83,736.86
1785226500,736.91,738.0,736.84,737.9
1785226800,738.02,738.74,737.93,738.7
1785227100,738.58,738.58,738.32,738.52
1785227400,738.49,738.55,738.17,738.55
1785227700,738.53,738.7305,738.33,738.6
1785228000,738.59,738.91,738.58,738.76
1785228300,738.78,739.11,738.6427,738.9
1785228600,738.8512,739.17,738.53,738.53
1785228900,738.55,738.55,738.3341,738.45
1785229200,738.45,738.66,738.3235,738.46
1785229500,738.43,738.69,738.43,738.53
1785229800,738.59,738.81,738.37,738.447
1785230100,738.447,738.69,738.42,738.56
1785230400,738.621,738.74,738.621,738.68
1785230700,738.67,738.85,738.625,738.85
1785231000,738.85,738.85,738.56,738.6
1785231300,738.59,738.61,738.47,738.58
1785231600,738.62,738.77,738.47,738.54
1785231900,738.51,738.59,738.46,738.59
1785232200,738.66,738.72,738.44,738.45
1785232500,738.46,738.5,738.1,738.26
1785232800,738.2,738.4,738.15,738.3157
1785233100,738.35,738.35,738.1,738.28
1785233400,738.2653,738.35,738.06,738.2
1785233700,738.2,738.5,738.15,738.5
1785234000,738.3982,738.41,738.05,738.21
1785234300,738.1552,738.51,737.965,738.5
1785234600,738.51,738.7,738.17,738.31
1785234900,738.3062,738.3062,737.84,737.92
1785235200,737.9,737.99,737.69,737.96
1785235500,737.94,738.36,737.93,738.2
1785235800,738.17,738.37,738.1,738.33
1785236100,738.44,738.52,738.25,738.4823
1785236400,738.471,739.09,738.13,738.19
1785236700,738.21,738.391,738.0,738.05
1785237000,738.02,738.0885,737.56,737.6415
1785237300,737.63,739.16,737.63,738.99
1785237600,738.9622,739.08,738.5737,738.5999
1785237900,738.57,738.57,738.06,738.1389
1785238200,738.1,738.2777,737.9,738.12
1785238500,738.08,739.23,738.07,738.07
1785238800,738.07,738.16,737.6241,737.96
1785239100,738.01,738.91,738.01,738.6485
1785239400,738.6247,738.8658,738.5,738.75
1785239700,738.77,739.49,738.7532,739.4053
1785240000,739.39,739.64,739.1605,739.55
1785240300,739.5,739.75,739.39,739.549
1785240600,739.53,739.56,739.15,739.36
1785240900,739.37,739.3929,739.1312,739.34937
1785241200,739.3703,739.62,737.51,739.6186
1785241500,739.59,740.06,739.56,739.95
1785241800,739.99,740.23,739.28,739.7
1785242100,739.7,740.0484,739.63,739.67
1785242400,739.7456,740.279,739.48,740.2315
1785242700,740.23,741.0,739.09,740.295
1785243000,740.251,740.251,739.8,740.16
1785243300,740.16,740.2305,739.85,739.88
1785243600,739.94,739.97,739.52,739.64
1785243900,739.64,740.1483,739.62,740.07
1785244200,740.09,740.0909,739.77,739.886
1785245400,739.1900024414062,739.47998046875,738.030029296875,738.155029296875
1785245700,738.1599731445312,739.0650024414062,737.760009765625,737.7899780273438
1785246000,737.7899780273438,738.3400268554688,736.5599975585938,737.0499877929688
1785246300,737.0499877929688,737.6099853515625,735.97998046875,737.530029296875
1785246600,737.530029296875,738.1749877929688,736.72998046875,737.0598754882812
1785246900,737.0399780273438,737.25,736.1599731445312,736.5
1785247200,736.489990234375,737.7100219726562,736.4500122070312,737.260009765625
1785247500,737.239990234375,738.2150268554688,736.8800048828125,737.0900268554688
1785247800,737.0399780273438,737.8099975585938,736.27001953125,736.5900268554688
1785248100,736.6099853515625,737.1599731445312,736.4400024414062,736.6099853515625
1785248400,736.6300048828125,737.8779907226562,736.3699951171875,737.3049926757812
1785248700,737.3099975585938,737.75,737.1500244140625,737.7000122070312
1785249000,737.719970703125,738.0,737.2100219726562,737.2449951171875
1785249300,737.239990234375,738.6199951171875,737.1500244140625,737.530029296875
1785249600,737.5399780273438,738.6099853515625,737.4000244140625,738.27001953125
1785249900,738.25,739.4099731445312,737.8599853515625,739.3099975585938
1785250200,739.2999877929688,739.7849731445312,739.1500244140625,739.4199829101562
1785250500,739.4299926757812,739.8200073242188,738.5800170898438,738.6400146484375
1785250800,738.7000122070312,739.1799926757812,738.1400146484375,738.1500244140625
1785251100,738.1599731445312,738.8400268554688,738.010009765625,738.7999877929688
1785251400,738.77001953125,739.7100219726562,738.4600219726562,739.3400268554688
1785251700,739.3800048828125,740.5700073242188,739.1901245117188,740.5700073242188
1785252000,740.5700073242188,741.3800048828125,740.5449829101562,741.3800048828125
1785252300,741.3599853515625,741.9000244140625,741.0399780273438,741.2000122070312
1785252600,741.1699829101562,741.47998046875,740.9910278320312,741.25
1785252900,741.3099975585938,741.9000244140625,741.239990234375,741.6199951171875
1785253200,741.5999755859375,742.0900268554688,741.4199829101562,742.0700073242188
1785253500,742.0700073242188,742.4500122070312,741.9600219726562,742.3200073242188
1785253800,742.3200073242188,742.4099731445312,741.7899780273438,742.0599975585938
1785254100,742.0700073242188,742.3900146484375,741.7999877929688,742.2150268554688
1785254400,742.2050170898438,742.3499755859375,741.9400024414062,742.02001953125
1785254700,742.02001953125,742.2000122070312,741.5599975585938,741.5700073242188
1785255000,741.5700073242188,741.8400268554688,741.47998046875,741.6199951171875
1785255300,741.6099853515625,741.9199829101562,741.3200073242188,741.9000244140625
1785255600,741.9080200195312,742.0900268554688,741.3099975585938,741.489990234375
1785255900,741.47998046875,741.5999755859375,741.2100219726562,741.2100219726562
1785256200,741.22998046875,741.3900146484375,740.9199829101562,741.1099853515625
1785256500,741.1199951171875,741.7999877929688,741.0800170898438,741.7799072265625
1785256800,741.780029296875,742.1500244140625,741.7100219726562,741.9400024414062
1785257100,741.9400024414062,742.0800170898438,741.3900146484375,741.7899780273438
1785257400,741.7899780273438,742.6599731445312,741.760009765625,742.6099853515625
1785257700,742.6199951171875,742.7901000976562,742.47998046875,742.6099853515625
1785258000,742.6099853515625,742.780029296875,742.0850219726562,742.1400146484375
1785258300,742.1500244140625,742.3200073242188,741.4500122070312,741.5299072265625
1785258600,741.5,741.8200073242188,741.1799926757812,741.3400268554688
1785258900,741.3350219726562,741.530029296875,741.0800170898438,741.3099975585938
1785259200,741.3200073242188,742.1900024414062,741.2100219726562,741.3499755859375
1785259500,741.3350219726562,741.719970703125,741.1300048828125,741.3099975585938
1785259800,741.2999877929688,741.8300170898438,741.1099853515625,741.7000122070312
1785260100,741.719970703125,741.9199829101562,741.3400268554688,741.4000244140625
1785260400,741.3800048828125,741.6599731445312,740.6500244140625,740.7999877929688
1785260700,740.7949829101562,741.3900146484375,740.6400146484375,741.2999877929688
1785261000,741.2849731445312,741.2849731445312,740.6799926757812,740.7609252929688
1785261300,740.739990234375,741.219970703125,740.510009765625,741.1900024414062
1785261600,741.2000122070312,741.52001953125,741.010009765625,741.22998046875
1785261900,741.2000122070312,741.2899780273438,740.739990234375,740.8499755859375
1785262200,740.8499755859375,740.9318237304688,740.4199829101562,740.4550170898438
1785262500,740.4600219726562,740.844970703125,740.4299926757812,740.760009765625
1785262800,740.75,740.9600219726562,740.510009765625,740.5401000976562
1785263100,740.5499877929688,740.6900024414062,740.4299926757812,740.5900268554688
1785263400,740.5900268554688,741.0499877929688,740.5,740.9349975585938
1785263700,740.9049072265625,741.1199951171875,740.739990234375,740.8200073242188
1785264000,740.8400268554688,740.8800048828125,740.5499877929688,740.77001953125
1785264300,740.7899780273438,741.4099731445312,740.6900024414062,741.25
1785264600,741.25,741.52001953125,741.1500244140625,741.25
1785264900,741.25,741.614990234375,741.0700073242188,741.4500122070312
1785265200,741.4500122070312,741.9600219726562,741.4299926757812,741.9099731445312
1785265500,741.8800048828125,741.9550170898438,741.3900146484375,741.4199829101562
1785265800,741.4299926757812,741.6500244140625,741.3300170898438,741.469970703125
1785266100,741.4600219726562,741.719970703125,741.3099975585938,741.64990234375
1785266400,741.6199951171875,741.8400268554688,741.530029296875,741.8099975585938
1785266700,741.8200073242188,741.8499755859375,741.3499755859375,741.7000122070312
1785267000,741.7100219726562,741.72998046875,741.4600219726562,741.532470703125
1785267300,741.530029296875,741.5549926757812,740.9299926757812,741.010009765625
1785267600,741.010009765625,741.3099975585938,740.989990234375,741.2999877929688
1785267900,741.2999877929688,741.3400268554688,740.8900146484375,741.1099853515625
1785268200,741.0999755859375,741.6699829101562,740.8499755859375,741.6400146484375
1785268500,741.6300048828125,741.6300048828125,740.4299926757812,740.760009765625
1785268800,740.82,740.92,738.9353,740.62
1785269100,740.63,741.11,740.08,740.58
1785269400,740.56,741.0722,738.9353,740.92
1785269700,740.86,741.05,740.66,741.0265
1785270000,740.86,741.06,740.795,741.0069
1785270300,741.0,741.6088,741.0,741.4377
1785270600,741.43,741.53,741.3328,741.36
1785270900,741.37,741.48,740.83,740.93
1785271200,740.93,740.96,711.3429,740.96
1785271500,740.9553,741.1,740.86,741.02
1785271800,741.01,741.04,695.5197,741.03
1785272100,741.03,741.1113,740.98,741.028
1785272400,741.03,741.1827,740.86,741.0103
1785272700,741.0105,741.06,697.8151,740.9525
1785273000,741.0,741.03,695.5197,740.97
1785273300,740.8715,741.05,740.8715,740.95
1785273600,740.97,741.0475,740.873,740.968
1785273900,740.98,741.1099,740.87,740.9529
1785274200,741.07,741.07,740.88,741.0
1785274500,740.9932,741.28,740.9493,741.03
1785274800,741.18,741.22,740.9485,741.04
1785275100,741.04,741.12,741.04,741.1143
1785275400,741.1169,741.24,741.08,741.12
1785275700,741.15,741.15,740.78,740.78
1785276000,740.8,741.3508,740.78,741.31
1785276300,741.405,741.56,741.35,741.5064
1785276600,741.5048,741.6,740.7,740.82
1785276900,740.89,741.02,740.4,740.54
1785277200,740.546,740.62,740.14,740.2282
1785277500,740.2,740.5,740.01,740.47
1785277800,740.37,740.5,739.66,739.89
1785278100,739.86,740.2,739.345,739.3987
1785278400,739.445,739.77,739.41,739.6
1785278700,739.55,739.605,739.32,739.5085
1785279000,739.5,739.93,739.3,739.672
1785279300,739.68,739.8502,739.371,739.371
1785279600,739.375,739.815,739.13,739.815
1785279900,739.8,740.07,739.44,739.4558
1785280200,739.45,740.7242,739.4,740.65
1785280500,740.49,740.63,740.14,740.33
1785280800,740.2897,741.0845,740.15,741.01
1785281100,741.0369,741.26,740.925,741.07
1785281400,740.99,741.28,740.9399,741.09
1785281700,741.0885,741.15,741.0,741.0
1785282000,741.0,742.5907,741.0,742.4601
1785282300,742.3939,743.06,742.17,742.98
1785282600,743.04,743.63,742.9887,743.2608
1785282900,743.166,743.62,743.0861,743.62
1785312000,742.4,743.48,738.2,742.14
1785312300,741.84,742.75,738.94,742.09
1785312600,742.23,742.26,741.71,741.77
1785312900,741.77,742.03,741.7,741.75
1785313200,741.828,741.85,741.41,741.41
1785313500,741.45,741.47,741.2,741.3512
1785313800,741.37,742.36,741.27,742.24
1785314100,742.23,742.31,742.079,742.091
1785314400,742.11,742.63,742.04,742.54
1785314700,742.57,742.79,742.46,742.69
1785315000,742.75,742.83,742.35,742.35
1785315300,742.53,742.53,742.25,742.25
1785315600,742.38,742.62,742.25,742.47
1785315900,742.4008,742.63,742.25,742.48
1785316200,742.4535,742.51,742.33,742.47
1785316500,742.549,742.549,742.27,742.35
1785316800,742.34,742.51,742.22,742.3
1785317100,742.3512,742.5,742.1719,742.3
1785317400,742.33,742.33,742.0487,742.19
1785317700,742.23,742.5,742.14,742.28
1785318000,742.3,742.7,742.3,742.5317
1785318300,742.61,742.99,742.6,742.99
1785318600,742.99,743.44,742.9833,743.17
1785318900,743.02,743.02,742.56,742.86
1785319200,742.76,743.0582,742.7,742.899
1785319500,742.88,743.0935,742.49,742.66
1785319800,742.75,742.75,742.54,742.64
1785320100,742.619,742.84,742.59,742.64
1785320400,742.64,742.68,742.57,742.57
1785320700,742.61,742.75,742.38,742.75
1785321000,742.76,742.85,742.38,742.431
1785321300,742.41,742.41,742.04,742.06
1785321600,742.0502,742.47,742.0502,742.3687
1785321900,742.31,742.35,742.1504,742.26
1785322200,742.29,742.36,741.9,741.98
1785322500,741.87,742.12,741.87,741.98
1785322800,742.04,742.46,740.86,742.28
1785323100,742.33,742.6008,741.93,742.5969
1785323400,742.5897,742.68,742.4,742.42
1785323700,742.4292,742.74,742.3693,742.58
1785324000,742.578,742.75,742.49,742.5
1785324300,742.5,742.71,742.46,742.49
1785324600,742.4463,742.5494,742.15,742.2658
1785324900,742.206,742.25,742.0,742.01
1785325200,742.1124,742.25,742.02,742.1308
1785325500,742.15,742.56,742.02,742.3952
1785325800,742.3921,742.4224,742.021,742.0272
1785326100,742.0425,742.34,741.9915,742.31
1785326400,742.36,742.42,742.01,742.1151
1785326700,742.1,742.42,741.6788,741.77
1785327000,741.8026,741.9864,741.37,741.44
1785327300,741.51,741.54,740.0,740.4
1785327600,740.43,740.635,740.012,740.18
1785327900,740.1346,740.75,740.1346,740.25
1785328200,740.24,740.55,739.9,740.55
1785328500,740.59,740.64,740.3069,740.62
1785328800,740.63,740.9456,740.485,740.9281
1785329100,740.97,740.98,740.74,740.921
1785329400,740.93,740.99,740.62,740.8015
1785329700,740.7763,740.8745,740.5597,740.6487
1785330000,740.68,740.73,739.9484,740.02
1785330300,740.0,740.17,739.89,740.16
1785330600,740.09,740.23,739.74,739.81
1785331800,739.969970703125,740.3900146484375,738.719970703125,740.030029296875
1785332100,740.02001953125,740.239990234375,739.1749877929688,739.9000244140625
1785332400,739.8900146484375,740.0399780273438,739.3200073242188,739.6799926757812
1785332700,739.6599731445312,740.219970703125,738.8800048828125,739.155029296875
1785333000,739.1599731445312,739.2100219726562,737.4299926757812,737.8099975585938
1785333300,737.780029296875,737.780029296875,736.6099853515625,737.3599853515625
1785333600,737.4299926757812,738.0900268554688,737.3499755859375,737.7999877929688
1785333900,737.7849731445312,738.3300170898438,736.7100219726562,736.8099975585938
1785334200,736.780029296875,737.0399780273438,735.0401000976562,735.4099731445312
1785334500,735.4099731445312,736.27001953125,735.3599853515625,735.8900146484375
1785334800,735.8900146484375,736.469970703125,735.3099975585938,735.489990234375
1785335100,735.469970703125,735.52001953125,734.260009765625,734.9199829101562
1785335400,734.9099731445312,735.8400268554688,734.8099975585938,735.3200073242188
1785335700,735.3200073242188,735.4600219726562,734.6599731445312,734.8099975585938
1785336000,734.780029296875,734.7999877929688,733.7899780273438,734.219970703125
1785336300,734.2100219726562,734.7899780273438,733.8900146484375,734.4299926757812
1785336600,734.4249877929688,735.3400268554688,734.260009765625,735.030029296875
1785336900,735.02001953125,735.0900268554688,734.27001953125,734.8200073242188
1785337200,734.8200073242188,735.54931640625,734.4299926757812,735.3200073242188
1785337500,735.3200073242188,735.6190795898438,734.6699829101562,735.5900268554688
1785337800,735.6300048828125,735.6599731445312,734.530029296875,734.6400146484375
1785338100,734.6500244140625,735.489990234375,734.530029296875,734.5599975585938
1785338400,734.5700073242188,735.0499877929688,734.3699951171875,735.02001953125
1785338700,735.010009765625,735.2150268554688,734.3499755859375,734.4403076171875
1785339000,734.4199829101562,734.989990234375,734.280029296875,734.5700073242188
1785339300,734.5800170898438,734.9699096679688,734.030029296875,734.030029296875
1785339600,734.02001953125,734.4199829101562,733.719970703125,733.989990234375
1785339900,733.97998046875,734.469970703125,733.7899780273438,734.4400024414062
1785340200,734.4299926757812,734.5399780273438,733.469970703125,733.47998046875
1785340500,733.510009765625,733.8800048828125,733.02001953125,733.72998046875
1785340800,733.760009765625,734.030029296875,732.739990234375,732.8099975585938
1785341100,732.8400268554688,732.8400268554688,732.219970703125,732.7100219726562
1785341400,732.7000122070312,732.760009765625,732.02001953125,732.02001953125
1785341700,732.02001953125,732.3599853515625,731.72998046875,732.22998046875
1785342000,732.239990234375,733.5999755859375,732.1099853515625,733.3499755859375
1785342300,733.3499755859375,733.9199829101562,733.280029296875,733.8499755859375
1785342600,733.8400268554688,734.3200073242188,733.394775390625,733.394775390625
1785342900,733.4000244140625,733.6799926757812,732.97998046875,733.5700073242188
1785343200,733.5499877929688,733.7100219726562,732.8800048828125,733.2299194335938
1785343500,733.219970703125,733.9600219726562,733.030029296875,733.9299926757812
1785343800,733.9500122070312,734.5,733.7100219726562,734.2899780273438
1785344100,734.260009765625,734.8699951171875,734.1400756835938,734.8699951171875
1785344400,734.8800048828125,735.989990234375,734.739990234375,735.8599853515625
1785344700,735.89501953125,735.9299926757812,735.3400268554688,735.39501953125
1785345000,735.4000244140625,736.6199951171875,735.3300170898438,736.5999755859375
1785345300,736.6099853515625,736.864990234375,736.2949829101562,736.72998046875
1785345600,736.72998046875,737.239990234375,736.2899780273438,736.3400268554688
1785345900,736.3300170898438,736.4600219726562,735.72998046875,735.739990234375
1785346200,735.75,736.3499755859375,735.27001953125,735.8400268554688
1785346500,735.8099975585938,735.969970703125,735.3499755859375,735.6400146484375
1785346800,735.6400146484375,735.9199829101562,735.3900146484375,735.75
1785347100,735.760009765625,736.030029296875,735.3900146484375,735.97802734375
1785347400,735.97998046875,736.4000244140625,735.9500122070312,736.1900024414062
1785347700,736.1900024414062,736.4199829101562,735.6099853515625,736.407470703125
1785348000,736.3699951171875,739.5499877929688,736.3699951171875,738.1400146484375
1785348300,738.1099853515625,739.0399780273438,737.6799926757812,738.0900268554688
1785348600,738.0599975585938,738.3800048828125,736.9600219726562,737.3900146484375
1785348900,737.4199829101562,738.260009765625,736.8200073242188,737.02001953125
1785349200,737.010009765625,737.1099853515625,736.3182983398438,736.6599731445312
1785349500,736.6900024414062,737.3599853515625,736.4600219726562,737.3099975585938
1785349800,737.3599853515625,738.0800170898438,735.9500122070312,736.9099731445312
1785350100,736.9299926757812,739.2899780273438,736.3400268554688,738.9400024414062
1785350400,738.9345703125,741.02001953125,738.8499755859375,740.719970703125
1785350700,740.719970703125,742.1199951171875,740.469970703125,741.9299926757812
1785351000,741.9199829101562,742.64501953125,741.27001953125,742.5900268554688
1785351300,742.6099853515625,742.6799926757812,741.5499877929688,741.9500122070312
1785351600,741.9450073242188,742.5900268554688,740.0999755859375,740.5399780273438
1785351900,740.52001953125,740.5599975585938,738.4199829101562,738.4299926757812
1785352200,738.4099731445312,739.25,737.9500122070312,738.91259765625
1785352500,738.89501953125,739.77001953125,737.3800048828125,737.5899047851562
1785352800,737.5900268554688,737.6699829101562,735.3300170898438,735.3699951171875
1785353100,735.3699951171875,735.7100219726562,734.2805786132812,735.1500244140625
1785353400,735.2100219726562,735.739990234375,732.6950073242188,733.5899047851562
1785353700,733.5800170898438,734.02001953125,731.52001953125,731.60498046875
1785354000,731.594970703125,732.27001953125,730.9000244140625,731.2999877929688
1785354300,731.2999877929688,732.0900268554688,730.4099731445312,731.909912109375
1785354600,731.8900146484375,731.8900146484375,730.1699829101562,730.8300170898438
1785354900,730.8200073242188,730.8200073242188,729.0999755859375,729.5399780273438
1785355200,729.53,740.4873,725.98,728.5081
1785355500,728.485,740.4873,727.53,727.58
1785355800,727.6101,740.4873,727.18,728.25
1785356100,729.46,740.4873,727.66,727.9965
1785356400,727.912,740.4873,727.62,727.7888
1785356700,727.8,740.4873,726.93,727.6599
1785357000,727.64,728.46,727.02,728.39
1785357300,728.3939,729.12,728.22,729.1026
1785357600,729.12,729.46,728.33,728.64
1785357900,728.6001,728.86,686.9754,728.17
1785358200,728.17,728.75,728.01,728.749
1785358500,728.75,728.86,687.9856,728.11
1785358800,728.55,729.46,677.1335,728.0
1785359100,728.0,737.2756,677.1335,727.95
1785359400,727.95,728.07,694.3233,728.0124
1785359700,727.95,728.06,727.5,728.05
1785360000,728.025,728.06,727.8912,728.03
1785360300,727.9959,728.289,727.85,728.1389
1785360600,728.1467,728.18,727.6084,727.74
1785360900,727.6317,727.83,727.17,727.215
1785361200,727.17,727.3,727.01,727.0807
1785361500,727.0782,727.29,726.84,726.96
1785361800,726.89,727.34,726.68,727.2853
1785362100,727.12,727.94,727.09,727.8478
1785362400,727.92,729.921,727.75,729.818
1785362700,729.88,731.27,729.84,731.07
1785363000,731.23,731.9,731.07,731.4
1785363300,731.45,732.0687,731.3,731.9997
1785363600,731.94,732.065,731.5,731.52
1785363900,731.63,731.7826,731.24,731.65
1785364200,731.6124,731.6979,731.28,731.4
1785364500,731.4,731.84,731.3374,731.54
1785364800,731.535,731.79,731.35,731.75
1785365100,731.76,732.06,731.52,731.5567
1785365400,731.54,731.77,731.31,731.35
1785365700,731.3714,731.4229,731.16,731.385
1785366000,731.5,732.08,731.5,731.95
1785366300,731.95,732.48,731.77,732.247
1785366600,732.2117,732.2117,731.5,731.79
1785366900,731.8647,732.32,731.75,732.2517
1785367200,732.26,732.46,732.151,732.3
1785367500,732.23,732.44,732.19,732.319
1785367800,732.4,733.0,732.3885,732.44
1785368100,732.4316,732.7497,732.42,732.48
1785368400,732.515,732.515,732.1,732.2885
1785368700,732.2885,732.72,732.1685,732.27
1785369000,732.2186,732.5,732.05,732.5
1785369300,732.58,732.66,732.39,732.39
1785398400,731.16,732.7952,729.46,730.36
1785398700,730.38,731.6,730.06,731.56
1785399000,731.5374,731.77,731.43,731.46
1785399300,731.41,731.59,731.289,731.31
1785399600,731.32,732.06,731.3112,731.98
1785399900,731.98,732.5,731.97,732.24
1785400200,732.3,732.53,732.19,732.3182
1785400500,732.29,732.49,731.9687,731.9712
1785400800,731.99,732.2,731.97,732.04
1785401100,732.0488,732.25,731.85,731.98
1785401400,731.9115,731.9282,731.72,731.73
1785401700,731.6995,731.88,731.5,731.86
1785402000,731.86,732.35,731.76,732.2277
1785402300,732.07,732.43,732.03,732.3488
1785402600,732.38,732.915,732.22,732.61
1785402900,732.64,732.8,732.459,732.64
1785403200,732.66,733.1,732.589,732.96
1785403500,732.93,733.11,732.85,732.96
1785403800,732.9,733.175,732.71,733.13
1785404100,733.18,733.38,732.95,732.96
1785404400,733.0,733.0,732.79,732.91
1785404700,732.86,733.03,732.86,732.9588
1785405000,732.99,732.99,732.75,732.87
1785405300,732.85,732.895,732.03,732.09
1785405600,732.01,732.26,731.7987,732.0295
1785405900,732.07,732.64,732.07,732.6
1785406200,732.68,732.82,732.22,732.31
1785406500,732.38,733.04,732.3696,732.98
1785406800,733.07,733.26,732.98,733.06
1785407100,733.19,733.46,733.13,733.25
1785407400,733.23,733.37,733.02,733.09
1785407700,733.11,733.3882,733.11,733.37
1785408000,733.37,733.74,733.31,733.57
1785408300,733.4982,733.75,733.49,733.54
1785408600,733.54,733.8,733.15,733.15
1785408900,733.16,733.29,733.0,733.11
1785409200,733.14,733.6384,729.46,733.52
1785409500,733.48,733.82,733.4649,733.75
1785409800,733.7377,733.85,733.49,733.6018
1785410100,733.62,734.08,733.5397,733.8392
1785410400,733.8877,734.17,733.7446,734.1452
1785410700,734.17,734.33,734.11,734.2612
1785411000,734.3059,734.41,733.99,734.05
1785411300,734.0212,734.48,734.0212,734.2899
1785411600,734.2552,734.45,733.9985,734.1001
1785411900,734.13,734.55,734.13,734.46
1785412200,734.41,734.71,734.3,734.7
1785412500,734.67,734.73,734.45,734.55
1785412800,734.52,734.85,734.13,734.8124
1785413100,734.84,734.9587,734.72,734.8964
1785413400,734.9,735.05,734.71,734.96
1785413700,735.02,735.0408,734.79,734.8
1785414000,734.8,734.89,734.41,734.8
1785414300,734.8081,734.9142,734.19,734.4079
1785414600,734.4601,735.15,733.93,734.1876
1785414900,734.28,734.65,734.05,734.2395
1785415200,734.2594,734.34,733.92,734.13
1785415500,734.1548,734.2401,729.46,734.1281
1785415800,734.2,734.5,734.1406,734.42
1785416100,734.3704,734.6317,734.22,734.4172
1785416400,734.47,735.03,734.35,734.9275
1785416700,734.98,735.56,734.88,734.89
1785417000,734.85,735.15,734.55,734.8
1785418200,736.0499877929688,736.27001953125,734.969970703125,735.4451293945312
1785418500,735.4400024414062,736.0499877929688,734.97998046875,735.3400268554688
1785418800,735.3099975585938,736.7899780273438,734.6300048828125,736.39501953125
1785419100,736.3900146484375,737.4299926757812,736.3499755859375,737.4000244140625
1785419400,737.3900146484375,738.3640747070312,737.0700073242188,737.8699951171875
1785419700,737.864990234375,738.6599731445312,737.5900268554688,738.625
1785420000,738.625,738.989990234375,738.0800170898438,738.5800170898438
1785420300,738.5800170898438,738.905029296875,737.5499877929688,737.7672119140625
1785420600,737.760009765625,738.155029296875,737.4400024414062,737.97998046875
1785420900,737.97998046875,738.47998046875,737.3800048828125,737.7899780273438
1785421200,737.7899780273438,738.5700073242188,737.6199951171875,737.969970703125
1785421500,737.969970703125,739.2999877929688,737.72998046875,738.5797729492188
1785421800,738.6400146484375,738.8800048828125,738.0549926757812,738.3599853515625
1785422100,738.3209838867188,738.9398803710938,738.0371704101562,738.6849975585938
1785422400,738.6900024414062,739.1099853515625,737.6799926757812,737.8400268554688
1785422700,737.8499145507812,738.1500244140625,736.8300170898438,737.219970703125
1785423000,737.219970703125,737.35498046875,736.0850219726562,736.2100219726562
1785423300,736.2000122070312,736.5700073242188,735.6099243164062,736.22998046875
1785423600,736.22998046875,736.5900268554688,735.260009765625,736.2650146484375
1785423900,736.219970703125,736.8200073242188,735.3900146484375,736.75
1785424200,736.7401123046875,736.77001953125,734.8300170898438,734.8900146484375
1785424500,734.8699951171875,735.72998046875,734.5900268554688,735.469970703125
1785424800,735.47998046875,736.1649780273438,735.2100219726562,735.4299926757812
1785425100,735.4249877929688,735.8200073242188,734.6300048828125,734.7999877929688
1785425400,734.8400268554688,736.0800170898438,734.6799926757812,736.0800170898438
1785425700,736.0900268554688,736.4600219726562,735.4500122070312,735.9299926757812
1785426000,735.9199829101562,736.969970703125,735.780029296875,736.6229858398438
1785426300,736.6500244140625,737.3200073242188,736.6500244140625,737.0750122070312
1785426600,737.0800170898438,737.25,736.3800048828125,737.22998046875
1785426900,737.22998046875,737.6699829101562,737.0601196289062,737.1300048828125
1785427200,737.1500244140625,738.345703125,736.8699951171875,738.280029296875
1785427500,738.27001953125,738.4299926757812,737.8800048828125,738.1900024414062
1785427800,738.1799926757812,738.97998046875,738.1300048828125,738.864990234375
1785428100,738.8699951171875,739.219970703125,738.8200073242188,738.9500122070312
1785428400,738.9500122070312,739.1300048828125,738.5800170898438,738.6649780273438
1785428700,738.6500244140625,738.969970703125,738.5402221679688,738.760009765625
1785429000,738.77001953125,738.8900146484375,738.3599853515625,738.739990234375
1785429300,738.7650146484375,739.0499877929688,738.4807739257812,738.510009765625
1785429600,738.510009765625,738.5449829101562,737.7550048828125,738.030029296875
1785429900,738.0399780273438,738.75,738.0,738.5599975585938
1785430200,738.5900268554688,739.1699829101562,738.27001953125,738.969970703125
1785430500,738.969970703125,739.1699829101562,738.7800903320312,738.9849853515625
1785430800,738.97998046875,740.0499877929688,738.9799194335938,739.9500122070312
1785431100,739.9600219726562,740.1300048828125,739.6195068359375,739.780029296875
1785431400,739.7899780273438,739.989990234375,739.530029296875,739.7000122070312
1785431700,739.7000122070312,740.239990234375,739.6400146484375,740.1799926757812
1785432000,740.1699829101562,740.1799926757812,739.76123046875,739.97998046875
1785432300,739.9600219726562,739.989990234375,739.6500244140625,739.760009765625
1785432600,739.7650146484375,740.010009765625,739.3800048828125,739.530029296875
1785432900,739.5399780273438,739.9299926757812,739.1900024414062,739.2999877929688
1785433200,739.3499755859375,740.1599731445312,739.3499755859375,739.9099731445312
1785433500,739.9099731445312,740.1599731445312,739.8599853515625,739.8703002929688
1785433800,739.8699951171875,740.3800048828125,739.8200073242188,739.8699951171875
1785434100,739.8599853515625,739.989990234375,739.6511840820312,739.780029296875
1785434400,739.7849731445312,740.2999877929688,739.719970703125,739.760009765625
1785434700,739.739990234375,740.219970703125,739.7050170898438,740.0850219726562
1785435000,740.1199951171875,740.2999877929688,739.97998046875,740.2000122070312
1785435300,740.219970703125,740.3599853515625,740.0599975585938,740.1699829101562
1785435600,740.1500244140625,740.4400024414062,740.0599975585938,740.3099975585938
1785435900,740.2999877929688,740.4099731445312,740.1199951171875,740.3800048828125
1785436200,740.4000244140625,740.5900268554688,740.2000122070312,740.3200073242188
1785436500,740.3099975585938,740.3800048828125,740.030029296875,740.1199951171875
1785436800,740.1099853515625,740.3900146484375,740.072509765625,740.3300170898438
1785437100,740.3400268554688,740.5800170898438,740.3099975585938,740.510009765625
1785437400,740.5,740.6900024414062,740.3900146484375,740.5
1785437700,740.489990234375,740.8300170898438,740.3900146484375,740.77001953125
1785438000,740.75,741.35498046875,740.739990234375,741.2150268554688
1785438300,741.22998046875,741.8099975585938,741.1400146484375,741.7750244140625
1785438600,741.780029296875,742.2999877929688,741.760009765625,742.0700073242188
1785438900,742.0599975585938,742.4500122070312,741.8099975585938,742.2899780273438
1785439200,742.3095703125,742.3099975585938,741.9600219726562,742.0399780273438
1785439500,742.030029296875,742.2100219726562,741.739990234375,741.780029296875
1785439800,741.77001953125,741.989990234375,741.6500244140625,741.7650146484375
1785440100,741.77001953125,741.9000244140625,741.4299926757812,741.72998046875
1785440400,741.72998046875,741.9099731445312,741.52001953125,741.7899780273438
1785440700,741.7999877929688,741.8800048828125,741.3099975585938,741.6099853515625
1785441000,741.5900268554688,741.6500244140625,741.1400146484375,741.3900146484375
1785441300,741.4099731445312,742.0999755859375,741.0,741.72998046875
1785441600,741.76,743.68,729.2697,743.6
1785441900,743.6312,743.66,742.81,742.88
1785442200,742.86,743.41,729.2697,743.2
1785442500,741.69,743.6,741.3412,743.49
1785442800,743.5,743.7,743.31,743.5827
1785443100,743.57,743.6118,743.35,743.58
1785443400,743.56,744.25,741.69,742.96
1785443700,742.94,742.9821,741.69,742.74
1785444000,742.67,742.67,694.1241,742.65
1785444300,742.62,742.6698,742.16,742.2078
1785444600,742.21,742.33,741.8026,741.9
1785444900,742.0486,742.2,693.9749,742.04
1785445200,741.91,742.17,701.2078,741.965
1785445500,741.93,742.08,741.93,741.93
1785445800,741.99,742.1,741.69,742.06
1785446100,742.06,742.3363,742.01,742.2337
1785446400,742.28,742.4,742.15,742.17
1785446700,742.17,742.19,741.5,741.63
1785447000,741.63,741.75,741.44,741.75
1785447300,741.67,741.92,741.67,741.9031
1785447600,741.91,742.34,741.69,742.09
1785447900,742.01,742.35,741.96,742.1543
1785448200,742.22,742.35,742.1,742.26
1785448500,742.24,742.27,741.91,742.03
1785448800,742.14,742.45,741.31,742.4327
1785449100,742.41,742.4438,742.14,742.43
1785449400,742.45,742.5582,742.04,742.22
1785449700,742.2,742.5938,742.1513,742.33
1785450000,742.31,742.385,741.8701,741.9087
1785450300,741.93,742.19,741.93,742.02
1785450600,742.001,742.2128,741.78,742.2127
1785450900,742.225,742.58,742.1807,742.4997
1785451200,742.549,742.78,742.47,742.76
1785451500,742.8,742.8688,742.7086,742.81
1785451800,742.82,743.0,742.75,742.9648
1785452100,742.94,743.0366,742.8798,742.98
1785452400,742.99,743.44,742.99,743.4
1785452700,743.4,743.44,743.06,743.06
1785453000,743.0938,743.0938,742.7517,742.7974
1785453300,742.8438,742.862,742.6535,742.72
1785453600,742.72,742.735,742.5807,742.6438
1785453900,742.6453,742.9403,742.6453,742.84
1785454200,742.8098,743.07,742.712,742.985
1785454500,742.97,743.15,742.85,743.11
1785454800,743.09,743.3,743.0705,743.2705
1785455100,743.28,743.55,743.18,743.53
1785455400,743.475,743.57,743.07,743.4817
1785455700,743.53,743.69,743.3,743.33
1785484800,746.04,746.04,741.69,745.265
1785485100,745.2,745.7,745.19,745.2787
1785485400,745.369,745.81,745.25,745.79
1785485700,745.79,746.07,745.79,746.07
1785486000,746.01,746.02,745.61,745.71
1785486300,745.73,746.08,745.72,746.0
1785486600,745.87,745.95,745.72,745.79
1785486900,745.8585,745.8585,745.6087,745.65
1785487200,745.6,745.83,745.5,745.6
1785487500,745.6,746.0,745.6,745.89
1785487800,745.9,746.04,745.8,745.8
1785488100,745.7904,746.16,745.7904,746.1
1785488400,746.15,746.22,745.99,746.11
1785488700,746.099,746.27,745.929,746.2607
1785489000,746.28,746.5455,746.26,746.38
1785489300,746.3412,746.45,746.239,746.239
1785489600,746.24,746.32,746.09,746.19
1785489900,746.15,746.25,745.93,746.0187
1785490200,745.95,746.0,745.57,745.6
1785490500,745.61,745.63,745.18,745.3
1785490800,745.31,745.52,745.291,745.48
1785491100,745.48,745.6,745.3776,745.53
1785491400,745.4415,745.57,745.3,745.391
1785491700,745.36,745.47,745.18,745.18
1785492000,745.17,745.335,745.025,745.18
1785492300,745.19,745.35,745.15,745.18
1785492600,745.23,745.6,745.23,745.5
1785492900,745.53,745.79,745.48,745.72
1785493200,745.8,746.0,745.64,745.64
1785493500,745.66,745.83,745.66,745.7267
1785493800,745.77,745.84,745.36,745.419
1785494100,745.43,745.43,745.2387,745.3664
1785494400,745.4467,745.6488,745.4467,745.6187
1785494700,745.6588,745.73,745.24,745.28
1785495000,745.3224,745.59,745.3224,745.54
1785495300,745.53,745.55,745.33,745.45
1785495600,745.43,745.88,741.69,745.85
1785495900,745.85,745.9,745.6915,745.74
1785496200,745.69,745.7358,745.41,745.49
1785496500,745.45,745.5,744.87,745.0862
1785496800,745.109,745.15,744.98,745.1397
1785497100,745.101,745.21,744.76,744.8
1785497400,744.8,744.84,744.41,744.51
1785497700,744.55,744.78,744.36,744.419
1785498000,744.38,744.533,744.27,744.4319
1785498300,744.41,744.7062,744.39,744.58
1785498600,744.6019,744.77,744.56,744.71
1785498900,744.6975,744.8,744.63,744.71
1785499200,744.7112,744.7112,744.09,744.2
1785499500,744.16,744.2,743.91,744.0217
1785499800,744.01,744.04,743.76,743.82
1785500100,743.79,743.89,743.57,743.6746
1785500400,743.6746,743.9,743.4,743.8846
1785500700,743.89,744.05,743.81,744.02
1785501000,743.95,743.95,743.3,743.35
1785501300,743.38,744.89,743.0985,743.1
1785501600,743.13,743.31,742.78,743.11
1785501900,743.15,743.24,742.92,743.0
1785502200,743.0,743.5,742.8376,743.44
1785502500,743.36,743.44,742.97,743.09
1785502800,743.09,743.5,742.95,743.36
1785503100,743.32,743.61,743.24,743.54
1785503400,743.54,743.9,743.54,743.81
1785504600,744.6799926757812,746.301025390625,744.5800170898438,746.0
1785504900,745.97998046875,746.260009765625,744.1099853515625,744.1220092773438
1785505200,744.1300048828125,744.2100219726562,742.8400268554688,743.0999755859375
1785505500,743.0999755859375,743.5999755859375,741.989990234375,742.2750244140625
1785505800,742.2849731445312,742.6799926757812,741.5499877929688,742.0
1785506100,742.010009765625,742.8300170898438,741.6900024414062,741.9400024414062
1785506400,741.9400024414062,742.364990234375,740.2899780273438,740.322509765625
1785506700,740.2949829101562,740.75,738.4299926757812,739.1400146484375
1785507000,739.1500244140625,739.3900146484375,737.969970703125,738.47802734375
1785507300,738.469970703125,739.5,737.6799926757812,738.6300048828125
1785507600,738.6099853515625,740.1199951171875,738.3800048828125,739.510009765625
1785507900,739.510009765625,740.5700073242188,739.280029296875,740.489990234375
1785508200,740.47998046875,741.1799926757812,740.1300048828125,740.489990234375
1785508500,740.47998046875,741.4099731445312,740.4500122070312,741.2249755859375
1785508800,741.2100219726562,741.6599731445312,740.5800170898438,741.625
1785509100,741.5999755859375,742.4970092773438,741.4400024414062,742.4229125976562
1785509400,742.4199829101562,742.9500122070312,742.0488891601562,742.1900024414062
1785509700,742.1900024414062,742.6900024414062,741.510009765625,742.5
1785510000,742.530029296875,742.7050170898438,741.760009765625,742.5050048828125
1785510300,742.5200805664062,742.8200073242188,741.4600219726562,741.8300170898438
1785510600,741.8400268554688,742.489990234375,741.1237182617188,742.1500244140625
1785510900,742.1400146484375,743.0999755859375,741.510009765625,741.9500122070312
1785511200,741.9199829101562,742.1699829101562,741.0,741.0800170898438
1785511500,741.02001953125,741.211181640625,740.0900268554688,740.2999877929688
1785511800,740.2899780273438,741.0,739.8099975585938,740.739990234375
1785512100,740.75,742.3350219726562,740.6799926757812,742.0650024414062
1785512400,742.0599975585938,742.3400268554688,740.9700927734375,741.8200073242188
1785512700,741.8300170898438,741.97998046875,741.10498046875,741.4299926757812
1785513000,741.4199829101562,742.9400024414062,741.2899780273438,742.8049926757812
1785513300,742.780029296875,743.3300170898438,742.5499877929688,743.0908203125
1785513600,743.0900268554688,743.5599975585938,742.9199829101562,743.25
1785513900,743.239990234375,743.3900146484375,742.4600219726562,743.0399780273438
1785514200,743.0449829101562,743.6599731445312,743.0,743.5499877929688
1785514500,743.52001953125,743.5999755859375,742.780029296875,743.3049926757812
1785514800,743.2899780273438,744.4299926757812,743.25,744.285888671875
1785515100,744.2899780273438,744.4199829101562,743.7999877929688,744.4199829101562
1785515400,744.4299926757812,744.8298950195312,744.280029296875,744.780029296875
1785515700,744.780029296875,745.030029296875,744.3499755859375,744.5499877929688
1785516000,744.530029296875,744.77001953125,744.0900268554688,744.1699829101562
1785516300,744.1599731445312,744.5999755859375,743.989990234375,744.530029296875
1785516600,744.5700073242188,745.02001953125,744.4299926757812,744.592529296875
1785516900,744.5800170898438,744.8599853515625,744.5250244140625,744.6199951171875
1785517200,744.6199951171875,745.3060302734375,744.5,745.0599975585938
1785517500,745.030029296875,745.260009765625,744.5499877929688,744.8099975585938
1785517800,744.7899780273438,745.2899780273438,744.6300048828125,745.2249755859375
1785518100,745.219970703125,745.510009765625,745.0999755859375,745.4500122070312
1785518400,745.4400024414062,746.0999755859375,745.2000122070312,746.0399780273438
1785518700,746.0399780273438,746.4000244140625,745.9099731445312,746.2899780273438
1785519000,746.2999877929688,746.4400024414062,746.0599975585938,746.364990234375
1785519300,746.3499755859375,746.5,745.75,745.7899169921875
1785519600,745.77001953125,746.030029296875,745.6099853515625,745.842529296875
1785519900,745.8599853515625,746.1099853515625,745.22998046875,745.2899780273438
1785520200,745.27001953125,745.8599853515625,745.1900024414062,745.5900268554688
1785520500,745.5850219726562,745.77001953125,745.4099731445312,745.4400024414062
1785520800,745.4400024414062,746.0198974609375,745.2949829101562,745.6400146484375
1785521100,745.6400146484375,746.0399780273438,745.469970703125,745.8900146484375
1785521400,745.8900146484375,746.030029296875,745.52001953125,745.719970703125
1785521700,745.6900024414062,746.260009765625,745.6300048828125,746.0850219726562
1785522000,746.0800170898438,746.4299926757812,746.010009765625,746.3300170898438
1785522300,746.3400268554688,746.3599853515625,745.9099731445312,746.010009765625
1785522600,746.0399780273438,746.2750244140625,746.030029296875,746.0900268554688
1785522900,746.0700073242188,746.0999755859375,745.75,745.8200073242188
1785523200,745.8099975585938,746.1799926757812,745.6699829101562,746.0650024414062
1785523500,746.0800170898438,746.3699951171875,745.9199829101562,746.3400268554688
1785523800,746.3300170898438,746.5399780273438,746.1900024414062,746.239990234375
1785524100,746.239990234375,746.3699951171875,745.9000244140625,746.155029296875
1785524400,746.1400146484375,746.5700073242188,745.8800048828125,745.8800048828125
1785524700,745.9199829101562,746.239990234375,745.7899780273438,746.1599731445312
1785525000,746.1599731445312,746.530029296875,746.1199951171875,746.3300170898438
1785525300,746.3250122070312,747.5549926757812,746.260009765625,747.52001953125
1785525600,747.52001953125,747.9199829101562,747.4099731445312,747.4949951171875
1785525900,747.489990234375,747.6699829101562,747.3300170898438,747.489990234375
1785526200,747.489990234375,747.510009765625,746.8699951171875,747.1699829101562
1785526500,747.1799926757812,747.64501953125,747.1500244140625,747.5599975585938
1785526800,747.5399780273438,748.1099853515625,747.2999877929688,748.094970703125
1785527100,748.0999755859375,748.510009765625,748.0700073242188,748.5
1785527400,748.489990234375,748.89501953125,747.8400268554688,748.594970703125
1785527700,748.5800170898438,748.6900024414062,746.3400268554688,746.8099975585938
1785528000,746.79,747.55,746.52,746.78
1785528300,746.78,747.2219,741.4108,747.09
1785528600,747.09,747.26,741.4108,747.0
1785528900,747.0,747.03,741.4108,746.8
1785529200,746.79,746.82,746.66,746.7
1785529500,746.66,746.79,746.56,746.74
1785529800,746.71,746.85,746.55,746.85
1785530100,746.87,746.88,746.73,746.86
1785530400,746.8419,747.03,746.66,746.7
1785530700,746.68,747.03,746.6,746.7665
1785531000,746.78,747.03,745.43,745.82
1785531300,745.95,745.95,744.88,745.12
1785531600,745.29,747.03,745.1,745.3597
1785531900,745.4484,745.46,745.21,745.25
1785532200,745.24,745.36,744.8,744.89
1785532500,744.88,745.05,744.75,745.01
1785532800,745.0429,745.05,729.0772,744.9
1785533100,745.0,745.01,744.7,744.8865
1785533400,744.85,745.01,744.7,744.7861
1785533700,744.7114,787.5169,744.63,744.685
1785534000,744.72,744.8349,744.0,744.73
1785534300,744.75,744.78,744.34,744.535
1785534600,744.52,744.7,744.48,744.7
1785534900,744.7,744.8,744.5605,744.7999
1785535200,744.74,744.8,744.46,744.5
1785535500,744.49,744.69,744.3135,744.3929
1785535800,744.3987,744.49,744.35,744.3874
1785536100,744.3874,744.39,744.2,744.39
1785536400,744.3699,744.38,744.0,744.2025
1785536700,744.15,744.2399,744.0001,744.1949
1785537000,744.17,744.39,744.15,744.35
1785537300,744.389,744.71,744.34,744.6633
1785537600,744.5727,744.75,744.321,744.55
1785537900,744.55,744.69,744.23,744.35
1785538200,744.6129,744.68,744.26,744.44
1785538500,744.4394,744.6796,744.2705,744.55
1785538800,744.3,744.68,744.26,744.49
1785539100,744.49,744.6,744.4,744.59
1785539400,744.6,744.6,744.45,744.53
1785539700,744.52,744.66,744.41,744.54
1785540000,744.63,744.64,744.512,744.53
1785540300,744.4642,744.63,744.4642,744.61
1785540600,744.5617,744.63,744.45,744.54
1785540900,744.54,744.65,744.4987,744.5
1785541200,744.5,744.65,744.4225,744.55
1785541500,744.55,744.65,744.547,744.6
1785541800,744.6,744.6,744.39,744.4701
1785542100,744.48,744.61,744.18,744.21
1785744000,750.07,751.511,749.72,750.07
1785744300,750.03,751.35,749.93,750.17
1785744600,750.11,750.43,750.11,750.41
1785744900,750.3487,750.4087,749.89,749.96
1785745200,749.91,750.05,749.78,749.8361
1785745500,749.86,749.96,749.65,749.81
1785745800,749.91,749.96,749.6746,749.72
1785746100,749.77,750.47,749.72,750.47
1785746400,750.44,750.59,750.26,750.3012
1785746700,750.26,750.43,750.11,750.32
1785747000,750.2791,750.44,750.2791,750.37
1785747300,750.43,750.7612,750.43,750.74
1785747600,750.8224,750.87,750.49,750.51
1785747900,750.52,750.7,750.5,750.56
1785748200,750.55,750.59,750.25,750.49
1785748500,750.4798,750.74,750.4,750.63
1785748800,750.64,750.7,750.49,750.49
1785749100,750.5485,750.5488,750.38,750.45
1785749400,750.47,750.64,750.41,750.56
1785749700,750.5652,750.77,750.4695,750.4737
1785750000,750.52,750.68,750.47,750.47
1785750300,750.4723,750.71,750.4723,750.5
1785750600,750.57,750.57,750.25,750.39
1785750900,750.47,750.67,750.47,750.629
1785751200,750.61,750.69,750.41,750.69
1785751500,750.69,750.74,750.61,750.67
1785751800,750.68,750.85,750.68,750.75
1785752100,750.71,750.89,750.71,750.84
1785752400,750.81,750.86,750.6,750.6895
1785752700,750.76,750.89,750.71,750.851
1785753000,750.89,750.9205,750.71,750.9205
1785753300,750.93,751.051,750.8292,751.0
1785753600,751.0,751.1,750.99,751.09
1785753900,751.1,751.11,750.9986,751.03
1785754200,751.02,751.08,750.94,751.05
1785754500,751.05,751.15,751.04,751.12
1785754800,751.111,751.1787,747.03,750.8815
1785755100,750.8963,750.9,750.58,750.7423
1785755400,750.77,750.89,750.7412,750.865
1785755700,750.869,751.16,750.8251,751.13
1785756000,751.1587,751.23,750.96,750.97
1785756300,750.98,751.14,750.9092,751.01
1785756600,751.01,751.599,750.97,751.4
1785756900,751.4009,751.51,750.9792,750.9792
1785757200,750.9792,751.2324,750.8992,751.2316
1785757500,751.23,751.2901,750.9992,751.15
1785757800,751.0958,751.13,750.5868,750.59
1785758100,750.57,750.62,750.4346,750.62
1785758400,750.585,750.5887,750.3212,750.35
1785758700,750.43,750.4495,750.23,750.35
1785759000,750.35,750.5,750.18,750.4705
1785759300,750.49,750.74,750.32,750.5
1785759600,750.5496,750.7315,750.28,750.3
1785759900,750.38,750.74,750.24,750.6898
1785760200,750.7,750.92,750.66,750.907
1785760500,750.9077,751.05,750.77,751.0485
1785760800,751.0,751.38,750.9437,751.3607
1785761100,751.3763,751.45,747.03,751.229
1785761400,751.2,751.35,751.0534,751.32
1785761700,751.3046,751.35,751.11,751.156
1785762000,751.1756,751.2814,751.01,751.19
1785762300,751.2514,751.31,751.05,751.08
1785762600,751.1153,751.24,750.97,751.051
1785763800,749.4400024414062,751.3200073242188,749.0999755859375,750.780029296875
1785764100,750.760009765625,751.9400024414062,750.739990234375,751.719970703125
1785764400,751.7000122070312,751.8300170898438,750.969970703125,751.5800170898438
1785764700,751.5900268554688,752.3300170898438,751.3699951171875,751.9099731445312
1785765000,751.9199829101562,752.9500122070312,751.5999755859375,752.760009765625
1785765300,752.7650146484375,753.638671875,752.6500854492188,753.5999755859375
1785765600,753.6199951171875,753.9500122070312,753.0,753.4099731445312
1785765900,753.4099731445312,753.6400146484375,753.1699829101562,753.5800170898438
1785766200,753.5701293945312,754.0499877929688,753.5499877929688,753.9000244140625
1785766500,753.8900146484375,754.5399780273438,753.8300170898438,754.1826782226562
1785766800,754.1900024414062,754.780029296875,754.1599731445312,754.619873046875
1785767100,754.6199951171875,754.77001953125,754.3619995117188,754.5
1785767400,754.5,754.6400146484375,754.3099975585938,754.510009765625
1785767700,754.52001953125,754.9349975585938,754.4301147460938,754.7949829101562
1785768000,754.7899780273438,755.1649780273438,754.75,754.9000244140625
1785768300,754.9099731445312,754.9600219726562,754.7050170898438,754.8699951171875
1785768600,754.8699951171875,755.1400146484375,754.8150024414062,754.9199829101562
1785768900,754.9149780273438,755.405517578125,754.9149780273438,755.3701171875
1785769200,755.3800048828125,755.4299926757812,755.094970703125,755.239990234375
1785769500,755.239990234375,755.25,754.7899780273438,754.9500122070312
1785769800,754.9400024414062,755.1300048828125,754.7999877929688,755.0549926757812
1785770100,755.0549926757812,755.4000244140625,755.0499877929688,755.3900146484375
1785770400,755.4000244140625,755.6900024414062,755.3800048828125,755.5800170898438
1785770700,755.5750122070312,755.7000122070312,755.02001953125,755.1099853515625
1785771000,755.1199951171875,755.469970703125,755.0750122070312,755.2999877929688
1785771300,755.2899780273438,755.6199951171875,755.2000122070312,755.5599975585938
1785771600,755.5449829101562,755.8300170898438,755.530029296875,755.6400756835938
1785771900,755.6500244140625,756.0700073242188,755.6500244140625,756.02001953125
1785772200,756.030029296875,756.2100219726562,755.969970703125,756.1799926757812
1785772500,756.1699829101562,756.1900024414062,755.8214111328125,755.9550170898438
1785772800,755.9600219726562,756.1699829101562,755.9301147460938,756.0
1785773100,756.0025024414062,756.0900268554688,755.864990234375,756.0291137695312
1785773400,756.0499267578125,756.0499877929688,755.760009765625,755.989990234375
1785773700,755.989990234375,756.27001953125,755.9600219726562,756.2349853515625
1785774000,756.2349853515625,756.2899780273438,756.0750122070312,756.260009765625
1785774300,756.260009765625,756.5999755859375,756.1799926757812,756.5700073242188
1785774600,756.5700073242188,756.6199951171875,756.3217163085938,756.4349975585938
1785774900,756.4299926757812,756.4299926757812,756.2100219726562,756.2899780273438
1785775200,756.2899780273438,756.5050048828125,756.22998046875,756.469970703125
1785775500,756.47998046875,756.5,756.2999877929688,756.3099975585938
1785775800,756.3200073242188,756.3800048828125,756.030029296875,756.0499877929688
1785776100,756.0499877929688,756.3499755859375,756.0150146484375,756.219970703125
1785776400,756.219970703125,756.2999877929688,756.030029296875,756.2100219726562
1785776700,756.2100219726562,756.2999877929688,755.97998046875,756.2150268554688
1785777000,756.2100219726562,756.6099853515625,756.2100219726562,756.510009765625
1785777300,756.51171875,756.7899780273438,756.4949951171875,756.77001953125
1785777600,756.77001953125,757.0150146484375,756.6699829101562,756.9650268554688
1785777900,756.9650268554688,757.155029296875,756.8400268554688,757.0850219726562
1785778200,757.083984375,757.3599853515625,757.010009765625,757.35498046875
1785778500,757.3499755859375,757.469970703125,757.1199951171875,757.2100219726562
1785778800,757.22998046875,757.3400268554688,757.1599731445312,757.3300170898438
1785779100,757.3200073242188,757.52001953125,757.3200073242188,757.4400024414062
1785779400,757.4500122070312,757.6199951171875,757.4099731445312,757.5999755859375
1785779700,757.5999755859375,757.780029296875,757.5599975585938,757.6450805664062
1785780000,757.64501953125,758.1400146484375,757.6400146484375,758.1400146484375
1785780300,758.135009765625,758.3200073242188,758.0800170898438,758.3049926757812
1785780600,758.3099975585938,758.3300170898438,757.8635864257812,758.010009765625
1785780900,758.0150146484375,758.3099975585938,757.9000244140625,757.9600219726562
1785781200,757.969970703125,758.1699829101562,757.7999877929688,757.9500122070312
1785781500,757.9400024414062,758.0499877929688,757.47998046875,757.5700073242188
1785781800,757.5800170898438,757.8200073242188,757.3400268554688,757.510009765625
1785782100,757.52001953125,757.8099975585938,757.47998046875,757.6699829101562
1785782400,757.6799926757812,758.1099853515625,757.5800170898438,758.0850219726562
1785782700,758.0900268554688,758.1900024414062,757.760009765625,758.10498046875
1785783000,758.10498046875,758.2899780273438,757.9199829101562,758.0800170898438
1785783300,758.0800170898438,758.22998046875,757.9199829101562,757.9349975585938
1785783600,757.9400024414062,758.5800170898438,757.9400024414062,758.5
1785783900,758.5004272460938,758.5399780273438,758.0700073242188,758.1900024414062
1785784200,758.1950073242188,758.4099731445312,758.0850219726562,758.1799926757812
1785784500,758.1810302734375,758.4400024414062,758.1799926757812,758.3400268554688
1785784800,758.3499755859375,758.4500122070312,758.219970703125,758.4149780273438
1785785100,758.4149780273438,758.5499877929688,758.260009765625,758.3400268554688
1785785400,758.3499755859375,758.510009765625,758.2000122070312,758.3406982421875
1785785700,758.3599853515625,758.4600219726562,757.9600219726562,758.0
1785786000,758.010009765625,758.1649780273438,757.8599853515625,758.0700073242188
1785786300,758.0700073242188,758.25,757.9299926757812,758.1400146484375
1785786600,758.1500244140625,758.4099731445312,757.6400146484375,757.780029296875
1785786900,757.77001953125,757.9849853515625,757.4400024414062,757.6699829101562
1785787200,757.65,757.77,757.34,757.72
1785787500,757.69,758.04,757.66,757.99
1785787800,757.99,758.11,746.6475,758.0
1785788100,757.67,758.26,757.67,758.2268
1785788400,757.67,758.47,757.67,758.21
1785788700,758.21,758.24,758.11,758.11
1785789000,758.13,758.24,746.6475,758.19
1785789300,758.15,758.37,758.15,758.3
1785789600,758.31,758.5002,746.6475,758.3863
1785789900,758.35,758.39,758.08,758.09
1785790200,758.07,758.1338,706.4303,757.9848
1785790500,757.96,758.0474,757.913,757.913
1785790800,758.0952,758.1,757.67,758.0163
1785791100,758.0163,758.03,757.67,757.9278
1785791400,757.92,758.1,757.6,758.0179
1785791700,758.0906,758.17,758.0165,758.0489
1785792000,758.0489,758.07,706.4303,758.0318
1785792300,758.03,758.0696,757.95,757.9598
1785792600,758.04,758.05,757.95,758.05
1785792900,758.0,758.025,757.8,757.9
1785793200,757.92,758.0,757.75,757.9374
1785793500,757.95,758.0,757.9114,757.99
1785793800,757.99,758.0,757.7562,757.94
1785794100,757.81,757.95,757.8,757.95
1785794400,757.92,758.16,757.8,758.02
1785794700,758.03,758.3348,758.03,758.3138
1785795000,758.3153,758.4,758.0,758.0173
1785795300,758.1371,758.33,758.13,758.2374
1785795600,758.2147,758.31,758.15,758.2399
1785795900,758.2378,758.24,758.16,758.2327
1785796200,758.1952,758.39,758.14,758.33
1785796500,758.3,758.49,758.2,758.3435
1785796800,758.3552,758.47,758.3552,758.47
1785797100,758.44,758.4438,758.2595,758.3458
1785797400,758.3938,758.41,758.31,758.3965
1785797700,758.3635,758.4,758.32,758.32
1785798000,758.321,758.3895,758.25,758.3297
1785798300,758.3298,758.3538,758.17,758.2065
1785798600,758.171,758.29,758.171,758.29
1785798900,758.2224,758.45,758.2213,758.39
1785799200,758.4048,758.444,758.309,758.309
1785799500,758.3,758.3513,758.24,758.28
1785799800,758.29,758.44,758.2,758.42
1785800100,758.409,758.409,758.12,758.1299
1785800400,758.125,758.16,758.07,758.1
1785800700,758.11,758.38,758.11,758.28
1785801000,758.28,758.38,758.14,758.15
1785801300,758.16,758.39,758.16,758.3615
1785830400,759.21,759.9275,757.67,759.3087
1785830700,759.33,759.43,759.1992,759.2592
1785831000,759.22,759.2912,759.11,759.2912
1785831300,759.31,759.48,759.27,759.3735
1785831600,759.44,759.5055,759.201,759.201
1785831900,759.26,759.26,759.12,759.2433
1785832200,759.2292,759.2292,758.77,758.92
1785832500,758.9188,758.919,758.71,758.84
1785832800,758.87,758.87,758.63,758.7269
1785833100,758.71,758.71,758.45,758.5387
1785833400,758.52,758.5705,758.47,758.5587
1785833700,758.5887,758.77,758.5792,758.6
1785834000,758.589,758.64,758.37,758.47
1785834300,758.47,758.47,758.2,758.2197
1785834600,758.24,758.35,758.15,758.3
1785834900,758.34,758.34,758.11,758.22
1785835200,758.25,758.32,758.1785,758.1812
1785835500,758.2,758.3,758.1397,758.3
1785835800,758.37,758.47,758.35,758.4512
1785836100,758.48,758.65,758.4412,758.65
1785836400,758.69,758.75,758.64,758.68
1785836700,758.7,758.78,758.4792,758.76
1785837000,758.69,758.73,758.38,758.4157
1785837300,758.4187,758.64,758.401,758.64
1785837600,758.67,758.71,758.539,758.6385
1785837900,758.57,758.73,758.5397,758.69
1785838200,758.71,758.85,758.67,758.72
1785838500,758.77,758.77,758.5,758.59
1785838800,758.59,758.71,758.55,758.7
1785839100,758.69,758.72,758.53,758.6
1785839400,758.54,759.09,758.46,758.999
1785839700,758.9787,758.9787,758.75,758.79
1785840000,758.82,759.3517,758.739,759.249
1785840300,759.23,759.68,759.23,759.4182
1785840600,759.3885,759.43,759.0812,759.25
1785840900,759.291,759.38,759.1187,759.2082
1785841200,759.22,759.42,757.67,759.2894
1785841500,759.33,759.33,759.0987,759.15
1785841800,759.172,759.37,759.1,759.2987
1785842100,759.2887,759.37,759.2079,759.3656
1785842400,759.33,759.6,759.3246,759.4292
1785842700,759.43,759.78,759.43,759.7077
1785843000,759.77,759.77,759.6361,759.7
1785843300,759.6942,759.73,759.58,759.6798
1785843600,759.6514,760.57,759.4495,760.3987
1785843900,760.3985,760.41,760.1,760.33
1785844200,760.31,760.68,760.23,760.44
1785844500,760.5,760.53,760.1127,760.3562
1785844800,760.33,760.4112,760.17,760.34
1785845100,760.3065,761.0,760.07,760.34
1785845400,760.3707,760.39,760.09,760.11
1785845700,760.081,760.35,760.0,760.3465
1785846000,760.35,760.46,760.3,760.3899
1785846300,760.42,760.45,760.31,760.33
1785846600,760.339,760.4043,760.1485,760.4043
1785846900,760.409,760.4556,760.31,760.3592
1785847200,760.36,760.46,760.35,760.38
1785847500,760.41,760.43,757.67,760.0877
1785847800,760.08,760.26,760.08,760.1356
1785848100,760.13,760.2,760.0241,760.0644
1785848400,760.02,760.22,759.86,760.13
1785848700,760.1,760.36,760.1,760.2594
1785849000,760.26,760.35,760.2102,760.26
1785850200,760.6300048828125,761.8800048828125,760.52001953125,761.8499755859375
1785850500,761.8300170898438,762.1900024414062,761.5399780273438,761.9500122070312
1785850800,761.9600219726562,762.2100219726562,761.6199951171875,761.8524780273438
1785851100,761.8599853515625,762.5349731445312,761.8599853515625,762.530029296875
1785851400,762.5399780273438,763.47998046875,762.4000244140625,763.4199829101562
1785851700,763.4400024414062,763.4400024414062,762.6651000976562,763.3900146484375
1785852000,763.3699951171875,764.1300048828125,763.0900268554688,763.8699951171875
1785852300,763.8800048828125,764.5499877929688,763.7999877929688,764.3400268554688
1785852600,764.3400268554688,764.8599853515625,764.3099975585938,764.85498046875
1785852900,764.8499755859375,765.3828125,764.77001953125,765.2449951171875
1785853200,765.25,765.280029296875,764.1699829101562,764.3300170898438
1785853500,764.3300170898438,764.8499755859375,764.3198852539062,764.489990234375
1785853800,764.489990234375,765.02001953125,764.0999755859375,764.9349975585938
1785854100,764.9299926757812,765.719970703125,764.760009765625,765.1599731445312
1785854400,765.1672973632812,765.8599853515625,765.094970703125,765.7899780273438
1785854700,765.780029296875,765.9600219726562,765.5900268554688,765.9199829101562
1785855000,765.9199829101562,766.030029296875,765.6400146484375,765.9000244140625
1785855300,765.9000244140625,766.4199829101562,765.8099975585938,766.2999877929688
1785855600,766.3300170898438,766.8900146484375,766.1699829101562,766.8499755859375
1785855900,766.8599853515625,766.8699951171875,766.3900146484375,766.8499755859375
1785856200,766.85498046875,767.1599731445312,766.719970703125,766.9099731445312
1785856500,766.9199829101562,767.3499755859375,766.8900146484375,767.3250122070312
1785856800,767.3300170898438,767.7514038085938,767.2050170898438,767.739990234375
1785857100,767.75,767.8699951171875,767.280029296875,767.3499755859375
1785857400,767.3400268554688,767.5700073242188,767.1599731445312,767.260009765625
1785857700,767.27001953125,768.0899047851562,767.2249755859375,767.7999877929688
1785858000,767.780029296875,768.3400268554688,767.7349853515625,768.280029296875
1785858300,768.280029296875,768.7000122070312,768.260009765625,768.64990234375
1785858600,768.6400146484375,768.9000244140625,768.1799926757812,768.27001953125
1785858900,768.260009765625,768.6400146484375,768.1900024414062,768.4400024414062
1785859200,768.4450073242188,768.8599853515625,768.4149780273438,768.7249755859375
1785859500,768.7249755859375,768.9400024414062,768.3400268554688,768.3800048828125
1785859800,768.3995971679688,768.52001953125,768.1400146484375,768.2550048828125
1785860100,768.2650146484375,768.7899780273438,768.239990234375,768.75
1785860400,768.760009765625,769.280029296875,768.719970703125,769.219970703125
1785860700,769.2150268554688,769.3400268554688,769.02001953125,769.239990234375
1785861000,769.219970703125,769.5999755859375,769.0,769.4749755859375
1785861300,769.47998046875,769.6799926757812,769.239990234375,769.4849853515625
1785861600,769.4849853515625,770.010009765625,769.3900146484375,769.97998046875
1785861900,769.989990234375,770.2249755859375,769.97998046875,770.1950073242188
1785862200,770.1898803710938,770.3200073242188,770.0549926757812,770.1900024414062
1785862500,770.1900024414062,770.27001953125,770.0499877929688,770.2650146484375
1785862800,770.27001953125,771.030029296875,770.1649780273438,771.0089721679688
1785863100,771.010009765625,771.2849731445312,770.72998046875,771.0499877929688
1785863400,771.0399780273438,771.22998046875,770.9199829101562,771.219970703125
1785863700,771.22998046875,771.60498046875,771.219970703125,771.3699951171875
1785864000,771.375,771.4099731445312,770.9500122070312,771.2050170898438
1785864300,771.2050170898438,771.47998046875,771.1300048828125,771.280029296875
1785864600,771.2899780273438,771.4000244140625,770.9650268554688,771.3800048828125
1785864900,771.3599853515625,771.905029296875,771.3400268554688,771.8599853515625
1785865200,771.8599853515625,772.344970703125,771.8599853515625,772.3300170898438
1785865500,772.3250122070312,773.0850219726562,772.3250122070312,772.72998046875
1785865800,772.7150268554688,772.7150268554688,771.64501953125,771.8699951171875
1785866100,771.8800048828125,772.1500244140625,771.5700073242188,771.5700073242188
1785866400,771.5700073242188,771.989990234375,771.0800170898438,771.330078125
1785866700,771.3400268554688,771.989990234375,771.27001953125,771.8499755859375
1785867000,771.844970703125,772.239990234375,771.7100219726562,772.1799926757812
1785867300,772.1981201171875,772.3699951171875,771.97998046875,772.1099853515625
1785867600,772.1099853515625,772.4500122070312,772.0499877929688,772.1300048828125
1785867900,772.1199951171875,772.3800048828125,772.010009765625,772.3699951171875
1785868200,772.3798828125,772.4797973632812,772.125,772.1699829101562
1785868500,772.1649780273438,772.3200073242188,771.7899780273438,771.8900146484375
1785868800,771.8800048828125,771.9000244140625,771.4099731445312,771.719970703125
1785869100,771.72998046875,772.280029296875,771.719970703125,772.0700073242188
1785869400,772.0499877929688,772.2899780273438,771.9210205078125,771.989990234375
1785869700,771.9949951171875,772.1300048828125,771.9299926757812,772.0700073242188
1785870000,772.0850219726562,772.9600219726562,772.0499877929688,772.780029296875
1785870300,772.77001953125,773.02001953125,772.5499877929688,773.0198974609375
1785870600,773.0,773.0391235351562,772.719970703125,772.8800048828125
1785870900,772.8800048828125,773.0800170898438,772.7520141601562,773.0
1785871200,773.0,773.1199951171875,772.7000122070312,772.8250122070312
1785871500,772.8300170898438,772.9199829101562,772.1199951171875,772.3200073242188
1785871800,772.3099975585938,772.6300048828125,772.1199951171875,772.5900268554688
1785872100,772.5900268554688,772.9099731445312,772.3200073242188,772.780029296875
1785872400,772.780029296875,773.3300170898438,772.760009765625,773.25
1785872700,773.2550048828125,773.4099731445312,772.739990234375,772.9099731445312
1785873000,772.9099731445312,773.030029296875,771.7418212890625,771.7418212890625
1785873300,771.75,772.3099975585938,770.9600219726562,771.280029296875
1785873600,771.24,772.33,771.22,772.29
1785873900,772.2308,772.96,771.2373,772.34
1785874200,772.3,772.42,771.2196,772.2316
1785874500,772.13,773.7,757.6797,771.303
1785874800,771.27,772.25,769.0,771.55
1785875100,771.56,771.9099,771.34,771.4938
1785875400,771.5,771.7,771.385,771.4803
1785875700,771.46,771.67,771.3202,771.47
1785876000,771.4552,772.0968,771.4552,771.9414
1785876300,771.9,772.32,771.889,772.18
1785876600,772.175,772.175,771.33,772.06
1785876900,772.04,772.3,772.0,772.2866
1785877200,772.245,772.2861,771.33,772.0112
1785877500,772.0,772.14,771.33,771.9955
1785877800,771.9948,772.1597,771.9478,772.0
1785878100,772.0,772.22,771.95,772.0
1785878400,772.0,772.13,771.98,772.13
1785878700,772.1269,772.14,729.0772,772.1
1785879000,772.12,772.28,771.99,772.13
1785879300,772.09,772.18,771.99,772.0701
1785879600,772.07,772.2625,772.0504,772.17
1785879900,772.17,772.28,724.4953,771.9997
1785880200,772.0,772.1999,771.99,772.055
1785880500,772.0748,772.15,772.0,772.12
1785880800,772.12,772.27,771.9197,772.1
1785881100,772.1212,772.6082,772.1212,772.4027
1785881400,772.3785,772.61,772.3785,772.6
1785881700,772.63,772.7457,772.48,772.7338
1785882000,772.7357,772.9,772.55,772.5695
1785882300,772.55,772.8278,772.52,772.8
1785882600,772.8,773.0,772.71,772.99
1785882900,772.94,773.04,772.77,772.83
1785883200,772.86,772.87,772.53,772.5562
1785883500,772.6,772.7127,772.51,772.5785
1785883800,772.5826,772.6782,772.51,772.5706
1785884100,772.6147,772.83,772.5468,772.83
1785884400,772.81,773.03,772.6052,773.0
1785884700,773.005,773.0385,772.926,772.9715
1785885000,772.98,773.0,772.8562,772.9407
1785885300,772.9674,773.0,772.93,772.9612
1785885600,772.9957,772.9957,772.8062,772.8062
1785885900,772.8192,772.82,772.6872,772.6946
1785886200,772.7,772.72,772.44,772.44
1785886500,772.47,772.525,772.38,772.52
1785886800,772.5,772.7776,772.4,772.69
1785887100,772.67,772.86,772.49,772.54
1785887400,772.6,772.82,772.51,772.5318
1785887700,772.53,772.82,772.53,772.57
1785916800,774.11,774.87,771.33,774.4902
1785917100,774.51,774.81,774.1185,774.15
1785917400,774.189,774.189,773.49,773.64
1785917700,773.6759,773.8,773.51,773.58
1785918000,773.58,773.62,773.18,773.2
1785918300,773.19,773.401,773.1,773.4
1785918600,773.46,773.46,773.0612,773.16
1785918900,773.16,773.4,773.08,773.08
1785919200,773.1087,773.2287,772.959,773.1477
1785919500,773.19,773.2,772.9195,773.18
1785919800,773.1812,773.31,773.06,773.119
1785920100,773.0729,773.3607,773.07,773.3
1785920400,773.2912,773.4492,773.169,773.369
1785920700,773.361,773.59,773.3273,773.575
1785921000,773.5287,773.629,773.4785,773.4785
1785921300,773.49,773.49,773.26,773.371
1785921600,773.411,773.68,773.411,773.66
1785921900,773.6095,773.75,773.53,773.75
1785922200,773.77,773.9707,773.7407,773.9707
1785922500,773.95,774.06,773.8062,773.86
1785922800,773.82,773.93,773.7,773.91
1785923100,773.8587,773.9212,773.6,773.6023
1785923400,773.65,773.8187,773.625,773.8187
1785923700,773.82,773.8287,773.7087,773.7087
1785924000,773.719,773.84,773.65,773.789
1785924300,773.8,773.8731,773.73,773.8
1785924600,773.8,773.8312,773.6292,773.7687
1785924900,773.7585,774.07,773.719,773.94
1785925200,773.9605,774.04,773.8492,774.0312
1785925500,774.03,774.2,774.02,774.195
1785925800,774.17,774.3,774.05,774.3
1785926100,774.3,774.341,774.16,774.17
1785926400,774.1592,774.23,774.0804,774.1607
1785926700,774.2,774.5388,774.1,774.24
1785927000,774.27,774.66,774.181,774.59
1785927300,774.5985,774.6,774.4987,774.58
1785927600,774.59,774.66,771.33,774.49
1785927900,774.45,774.75,774.37,774.745
1785928200,774.73,774.75,774.4707,774.6385
1785928500,774.6411,774.73,774.5097,774.6258
1785928800,774.64,774.71,774.5574,774.7
1785929100,774.7034,774.8,774.2997,774.2997
1785929400,774.2995,774.66,774.17,774.64
1785929700,774.6263,774.6687,774.459,774.5188
1785930000,774.51,774.5799,774.3197,774.3197
1785930300,774.299,774.56,774.0,774.5512
1785930600,774.6015,775.0,774.43,774.5
1785930900,774.5,774.69,774.5,774.6707
1785931200,774.67,775.05,774.5902,774.828
1785931500,774.82,774.91,774.6729,774.7
1785931800,774.7072,775.09,774.68,774.99
1785932100,774.9763,775.13,774.8285,775.07
1785932400,775.0444,775.26,774.9795,775.16
1785932700,775.1085,775.42,775.04,775.2093
1785933000,775.2598,775.299,774.46,774.95
1785933300,774.99,775.26,774.9807,774.9917
1785933600,775.04,775.12,771.33,775.12
1785933900,775.087,775.19,771.33,775.08
1785934200,775.1,775.1415,774.83,774.87
1785934500,774.85,774.9962,774.739,774.8444
1785934800,774.86,775.29,774.81,775.24
1785935100,775.24,775.6702,775.195,775.64
1785935400,775.6,775.7,775.43,775.5
1785936600,775.8499755859375,776.7899780273438,775.260009765625,776.1998901367188
1785936900,776.1900024414062,776.8499755859375,775.3040161132812,776.510009765625
1785937200,776.530029296875,776.8099975585938,775.8599853515625,776.47998046875
1785937500,776.5399780273438,776.6599731445312,775.3400268554688,775.3900146484375
1785937800,775.39501953125,775.889892578125,774.3900146484375,775.889892578125
1785938100,775.8800048828125,776.70361328125,775.364990234375,776.70361328125
1785938400,776.6699829101562,776.7000122070312,774.9500122070312,775.7899780273438
1785938700,775.8099975585938,776.5499267578125,775.6199951171875,776.0599975585938
1785939000,776.0700073242188,776.510009765625,775.7999877929688,776.1599731445312
1785939300,776.1799926757812,776.4600219726562,775.6599731445312,775.6699829101562
1785939600,775.6799926757812,775.8200073242188,774.77001953125,775.7550048828125
1785939900,775.760009765625,776.1799926757812,774.75,774.7808837890625
1785940200,774.780029296875,775.0200805664062,774.22998046875,774.5999755859375
1785940500,774.5700073242188,774.8300170898438,773.8400268554688,773.9199829101562
1785940800,773.9199829101562,774.4299926757812,773.6199951171875,774.0349731445312
1785941100,774.030029296875,774.719970703125,773.844970703125,774.5750122070312
1785941400,774.6046752929688,774.8400268554688,772.5700073242188,773.1300048828125
1785941700,773.1599731445312,773.7598876953125,772.72998046875,773.469970703125
1785942000,773.4600219726562,773.9500122070312,773.3499755859375,773.6300048828125
1785942300,773.6300048828125,773.864990234375,773.1649780273438,773.6300048828125
1785942600,773.6300048828125,773.9149780273438,773.010009765625,773.0599975585938
1785942900,773.0700073242188,773.1599731445312,771.0,772.4199829101562
1785943200,772.409912109375,772.6699829101562,772.0800170898438,772.2691040039062
1785943500,772.1500854492188,772.25,771.52001953125,771.7100219726562
1785943800,771.7000122070312,772.52001953125,771.6799926757812,771.875
1785944100,771.8800048828125,772.2999877929688,771.8099975585938,772.14501953125
1785944400,772.1500244140625,772.260009765625,771.6749877929688,772.010009765625
1785944700,772.02001953125,772.030029296875,771.25,771.340576171875
1785945000,771.3375244140625,771.5750122070312,771.1300048828125,771.25
1785945300,771.25,771.25,770.3300170898438,770.64501953125
1785945600,770.6300048828125,771.02001953125,770.0800170898438,770.8400268554688
1785945900,770.8400268554688,770.8699951171875,769.9099731445312,770.239990234375
1785946200,770.239990234375,770.469970703125,769.9298095703125,770.4400024414062
1785946500,770.4500122070312,771.1199951171875,770.22998046875,770.6099853515625
1785946800,770.614990234375,771.760009765625,770.5599975585938,771.0800170898438
1785947100,771.0750122070312,772.1199951171875,771.0599975585938,772.0999755859375
1785947400,772.0900268554688,772.219970703125,771.2000122070312,771.6900024414062
1785947700,771.6900024414062,771.8394775390625,771.3400268554688,771.5599975585938
1785948000,771.5499877929688,772.0,771.3770751953125,771.5900268554688
1785948300,771.5800170898438,771.75,771.2899780273438,771.4249877929688
1785948600,771.4000244140625,772.0800170898438,771.385009765625,772.010009765625
1785948900,772.010009765625,772.1699829101562,771.7050170898438,771.8524780273438
1785949200,771.8900146484375,772.1599731445312,771.2999877929688,771.405029296875
1785949500,771.405029296875,771.5999755859375,771.0700073242188,771.3200073242188
1785949800,771.3300170898438,771.75,771.0399780273438,771.5
1785950100,771.4801025390625,771.8049926757812,771.22998046875,771.3800048828125
1785950400,771.4099731445312,771.4600219726562,771.010009765625,771.4249877929688
1785950700,771.4298706054688,771.802490234375,771.260009765625,771.3400268554688
1785951000,771.3300170898438,771.7296752929688,771.0700073242188,771.5900268554688
1785951300,771.5900268554688,771.780029296875,771.4605102539062,771.6599731445312
1785951600,771.6599731445312,772.010009765625,771.6599731445312,771.7017822265625
1785951900,771.7000122070312,771.9249877929688,771.3300170898438,771.8300170898438
1785952200,771.8300170898438,771.9600219726562,771.5900268554688,771.6400146484375
1785952500,771.6300048828125,771.8400268554688,771.4600219726562,771.5549926757812
1785952800,771.5599975585938,772.1699829101562,771.5399780273438,772.1201171875
1785953100,772.1199951171875,772.25,771.6799926757812,771.9099731445312
1785953400,771.9600219726562,772.10498046875,771.760986328125,771.7899780273438
1785953700,771.7999877929688,772.0999755859375,771.6699829101562,772.0399780273438
1785954000,772.0399780273438,772.0549926757812,771.7401123046875,771.8599853515625
1785954300,771.8499755859375,772.1199951171875,771.8099975585938,771.9400024414062
1785954600,771.9299926757812,771.9400024414062,771.2000122070312,771.3599853515625
1785954900,771.3599853515625,771.7098999023438,771.3400268554688,771.4600219726562
1785955200,771.469970703125,771.6699829101562,771.3972778320312,771.5800170898438
1785955500,771.5700073242188,771.9500122070312,771.5150146484375,771.8099975585938
1785955800,771.8099975585938,771.9600219726562,771.6300048828125,771.72998046875
1785956100,771.72998046875,771.7750244140625,771.3400268554688,771.3909912109375
1785956400,771.4000244140625,771.6300048828125,771.239990234375,771.6298828125
1785956700,771.6099853515625,771.8499755859375,771.52001953125,771.6904907226562
1785957000,771.7000122070312,771.780029296875,771.5399780273438,771.72998046875
1785957300,771.739990234375,771.9190063476562,771.6599731445312,771.8200073242188
1785957600,771.8300170898438,771.989013671875,771.6500244140625,771.869873046875
1785957900,771.8599853515625,771.969970703125,771.760009765625,771.7999267578125
1785958200,771.780029296875,771.8900146484375,771.364990234375,771.5399780273438
1785958500,771.5399780273438,771.5399780273438,771.2537841796875,771.3051147460938
1785958800,771.2999877929688,771.6298828125,771.27001953125,771.4949951171875
1785959100,771.47998046875,771.6500244140625,771.2000122070312,771.489990234375
1785959400,771.489990234375,771.7000122070312,771.3599853515625,771.5
1785959700,771.510009765625,771.5900268554688,769.510009765625,769.739990234375
1785960000,769.75,770.33,769.61,770.259
1785960300,770.25,770.43,769.79,770.39
1785960600,770.38,770.97,769.79,770.91
1785960900,769.79,771.2275,769.79,770.445
1785961200,770.45,770.79,769.79,770.7331
1785961500,770.73,770.74,770.56,770.68
1785961800,770.68,770.9765,770.6,770.95
1785962100,770.95,770.9668,770.8,770.8656
1785962400,770.87,771.07,770.8024,771.0364
1785962700,771.04,771.0995,770.8077,770.905
1785963000,770.91,770.96,769.79,770.8975
1785963300,770.9,771.04,770.75,770.83
1785963600,770.88,770.93,769.79,770.8878
1785963900,770.89,771.0,769.79,770.72
1785964200,770.72,770.77,769.79,770.5505
1785964500,770.56,770.66,770.35,770.57
1785964800,770.57,770.7682,770.41,770.5968
1785965100,770.5902,770.74,770.51,770.58
1785965400,770.58,770.67,770.57,770.5772
1785965700,770.5772,770.66,770.51,770.59
1785966000,770.565,770.66,770.42,770.48
1785966300,770.48,770.55,770.31,770.4438
1785966600,770.4465,770.61,770.06,770.4
1785966900,770.41,770.5438,770.33,770.5
1785967200,770.52,771.0,770.5,770.878
1785967500,770.77,770.9005,770.665,770.73
1785967800,770.7185,770.7926,770.625,770.7501
1785968100,770.7541,771.1082,770.7507,771.0352
1785968400,771.1174,771.67,771.0913,771.6324
1785968700,771.63,771.64,771.53,771.5938
1785969000,771.5901,771.99,771.5495,771.9501
1785969300,771.99,771.99,771.8527,771.8732
1785969600,771.87,771.89,771.75,771.78
1785969900,771.78,771.9697,771.71,771.73
1785970200,771.7277,771.7277,771.4368,771.48
1785970500,771.45,771.4892,771.33,771.33
1785970800,771.3648,771.4338,771.2,771.3548
1785971100,771.32,771.4485,771.3029,771.4065
1785971400,771.389,771.55,771.389,771.55
1785971700,771.55,771.55,771.4115,771.46
1785972000,771.45,771.58,771.4274,771.5048
1785972300,771.54,771.71,771.47,771.5048
1785972600,771.499,771.581,771.21,771.21
1785972900,771.2,771.43,771.1,771.3097
1785973200,771.33,771.4,771.2182,771.2312
1785973500,771.245,771.25,770.9592,771.0287
1785973800,771.065,771.17,771.03,771.03
1785974100,771.128,771.128,770.96,771.1
1786003200,771.29,771.5017,769.79,770.23
1786003500,770.27,770.72,770.2,770.35
1786003800,770.35,770.3985,770.14,770.2917
1786004100,770.3,770.56,770.19,770.4187
1786004400,770.46,770.55,770.2816,770.4815
1786004700,770.5682,771.03,770.5215,771.03
1786005000,771.0177,771.34,771.01,771.3207
1786005300,771.34,771.35,771.02,771.1887
1786005600,771.18,771.24,771.12,771.1392
1786005900,771.201,771.201,771.0,771.1412
1786006200,771.22,771.55,771.201,771.47
1786006500,771.48,771.5,771.35,771.44
1786006800,771.4592,771.4592,770.88,770.9404
1786007100,770.96,771.0,770.6392,770.6771
1786007400,770.7212,770.7212,770.52,770.5915
1786007700,770.6115,771.06,770.6115,771.0
1786008000,771.0,771.085,770.93,771.0187
1786008300,771.009,771.141,770.9512,771.039
1786008600,771.04,771.08,770.8797,770.9605
1786008900,770.98,771.0607,770.93,771.0504
1786009200,771.049,771.199,771.01,771.109
1786009500,771.14,771.4505,771.11,771.45
1786009800,771.45,771.5,771.2915,771.49
1786010100,771.5005,771.705,771.49,771.68
1786010400,771.65,771.7,771.479,771.479
1786010700,771.4832,771.51,771.3592,771.4215
1786011000,771.41,771.44,771.3,771.31
1786011300,771.37,771.48,771.215,771.45
1786011600,771.4619,771.5385,771.3687,771.4907
1786011900,771.53,771.609,771.4615,771.51
1786012200,771.5112,771.5413,771.2787,771.2787
1786012500,771.3385,771.3507,771.105,771.13
1786012800,771.1331,771.17,770.94,770.99
1786013100,770.98,771.15,770.87,771.12
1786013400,771.1087,771.16,770.97,770.97
1786013700,771.02,771.16,770.9787,771.1515
1786014000,771.189,771.189,769.79,770.46
1786014300,770.48,770.6283,770.04,770.6008
1786014600,770.63,770.6783,770.448,770.5515
1786014900,770.609,770.9866,770.6007,770.9657
1786015200,770.99,771.0031,770.8414,770.9905
1786015500,771.0024,771.77,770.923,771.1992
1786015800,771.2318,771.5692,771.2008,771.39
1786016100,771.39,771.52,771.32,771.341
1786016400,771.3562,771.45,771.16,771.23
1786016700,771.1992,771.3615,770.6695,770.7993
1786017000,770.74,770.74,770.44,770.58
1786017300,770.57,771.0,770.54,770.959
1786017600,770.9524,771.001,770.4979,770.67
1786017900,770.684,770.8253,770.489,770.57
1786018200,770.51,770.6,770.32,770.45
1786018500,770.4564,770.55,770.21,770.2517
1786018800,770.25,770.9583,770.25,770.841
1786019100,770.8,771.01,770.69,770.69
1786019400,770.784,770.93,770.5,770.8577
1786019700,770.84,771.14,770.83,771.05
1786020000,771.0759,771.12,770.799,770.85
1786020300,770.81,770.961,770.6985,770.7903
1786020600,770.75,770.849,770.46,770.5685
1786020900,770.54,770.61,770.2615,770.4443
1786021200,770.48,770.5,770.19,770.2497
1786021500,770.25,770.25,769.79,770.0
1786021800,770.0,770.1,769.8715,769.9354
1786023000,770.2100219726562,770.7899780273438,769.0576171875,769.9199829101562
1786023300,769.9000244140625,770.8699951171875,769.5999755859375,769.719970703125
1786023600,769.7050170898438,770.9000244140625,769.5050048828125,770.5
1786023900,770.47998046875,771.52001953125,770.47998046875,771.3099975585938
1786024200,771.3099975585938,771.5250244140625,770.780029296875,770.9199829101562
1786024500,770.9249877929688,771.260009765625,770.5399780273438,770.9199829101562
1786024800,770.9500122070312,771.3499755859375,770.614990234375,771.1300048828125
1786025100,771.1500244140625,771.510009765625,770.8900146484375,771.4299926757812
1786025400,771.4349975585938,771.77001953125,771.380126953125,771.5499877929688
1786025700,771.530029296875,771.8099975585938,771.1199951171875,771.7050170898438
1786026000,771.7239990234375,771.8200073242188,771.1699829101562,771.22998046875
1786026300,771.22998046875,771.27001953125,770.0700073242188,770.4500122070312
1786026600,770.4500122070312,770.8800048828125,770.1649780273438,770.7949829101562
1786026900,770.7949829101562,770.9600219726562,769.760009765625,769.760009765625
1786027200,769.75,770.72998046875,769.6400146484375,770.14501953125
1786027500,770.135009765625,770.2150268554688,769.6500244140625,769.6699829101562
1786027800,769.6599731445312,770.47998046875,769.530029296875,770.4500122070312
1786028100,770.47998046875,771.0599975585938,770.2899780273438,770.9849853515625
1786028400,771.0,771.2100219726562,770.1099853515625,770.2899780273438
1786028700,770.280029296875,770.8099975585938,770.27001953125,770.5700073242188
1786029000,770.5700073242188,770.739990234375,769.9099731445312,769.9600219726562
1786029300,769.9600219726562,770.1199951171875,768.9600219726562,768.9600219726562
1786029600,768.9749755859375,769.239990234375,768.6199951171875,768.9299926757812
1786029900,768.9299926757812,769.2999877929688,768.6500244140625,769.239990234375
1786030200,769.239990234375,769.4400024414062,768.530029296875,768.530029296875
1786030500,768.530029296875,768.9000244140625,768.3300170898438,768.7000122070312
1786030800,768.6900024414062,768.969970703125,768.3300170898438,768.3300170898438
1786031100,768.3300170898438,769.5800170898438,768.3200073242188,769.2000732421875
1786031400,769.2100219726562,769.780029296875,768.0800170898438,768.1300048828125
1786031700,768.125,768.5599975585938,767.9500122070312,768.125
1786032000,768.1599731445312,768.3200073242188,767.75,768.0549926757812
1786032300,768.0482177734375,768.510009765625,767.9099731445312,768.3400268554688
1786032600,768.3200073242188,768.5399780273438,767.8200073242188,767.97998046875
1786032900,767.97998046875,768.5,767.4600219726562,768.2150268554688
1786033200,768.219970703125,768.35498046875,767.8800048828125,768.27001953125
1786033500,768.280029296875,768.489990234375,768.0,768.260009765625
1786033800,768.27001953125,768.8200073242188,768.1300048828125,768.3099975585938
1786034100,768.3300170898438,768.8699951171875,768.2100219726562,768.8699951171875
1786034400,768.8800048828125,768.9000244140625,768.0700073242188,768.0800170898438
1786034700,768.0700073242188,768.4163208007812,767.9080810546875,768.4149780273438
1786035000,768.4199829101562,768.6599731445312,768.22998046875,768.3499755859375
1786035300,768.3499755859375,769.0399780273438,768.3400268554688,768.9600219726562
1786035600,768.989990234375,769.1799926757812,768.6900024414062,768.77001953125
1786035900,768.760009765625,769.1400146484375,768.1900024414062,768.3400268554688
1786036200,768.3300170898438,768.5800170898438,768.0900268554688,768.1699829101562
1786036500,768.1400146484375,768.4600219726562,768.030029296875,768.3400268554688
1786036800,768.3400268554688,768.4099731445312,767.9005126953125,767.969970703125
1786037100,767.969970703125,768.27001953125,767.8099975585938,767.8300170898438
1786037400,767.8300170898438,768.2100219726562,767.719970703125,768.0999755859375
1786037700,768.1099853515625,768.280029296875,767.969970703125,768.02001953125
1786038000,768.0399780273438,768.1400146484375,767.8250122070312,768.1400146484375
1786038300,768.1500244140625,768.375,767.9835815429688,767.9835815429688
1786038600,767.989990234375,768.510009765625,767.9600219726562,768.432861328125
1786038900,768.4600219726562,768.6400146484375,768.2750854492188,768.6303100585938
1786039200,768.6500244140625,768.9000244140625,768.5,768.8947143554688
1786039500,768.8900146484375,768.97998046875,768.6599731445312,768.8599853515625
1786039800,768.8699951171875,769.239990234375,768.7000122070312,769.1799926757812
1786040100,769.19140625,769.72998046875,768.4500122070312,769.3300170898438
1786040400,769.3250122070312,769.6199951171875,769.2999877929688,769.5599975585938
1786040700,769.5549926757812,769.614990234375,769.1900024414062,769.4299926757812
1786041000,769.4299926757812,769.469970703125,769.0700073242188,769.114990234375
1786041300,769.1099853515625,769.2899780273438,768.7999877929688,768.8300170898438
1786041600,768.844970703125,768.9349975585938,768.5150146484375,768.780029296875
1786041900,768.7849731445312,769.1699829101562,768.719970703125,768.8800048828125
1786042200,768.875,769.010009765625,768.739990234375,768.885009765625
1786042500,768.8699951171875,769.0800170898438,768.8099975585938,768.9600219726562
1786042800,768.969970703125,769.5789794921875,768.9500122070312,769.5789794921875
1786043100,769.5599975585938,769.7100219726562,769.2636108398438,769.7000122070312
1786043400,769.7100219726562,769.7899780273438,769.2800903320312,769.3300170898438
1786043700,769.3250122070312,769.3499145507812,769.051025390625,769.1599731445312
1786044000,769.1699829101562,769.489990234375,768.8200073242188,768.8200073242188
1786044300,768.8300170898438,768.989990234375,768.5700073242188,768.6599731445312
1786044600,768.655029296875,769.0,768.4099731445312,768.9600219726562
1786044900,768.9600219726562,768.989990234375,768.530029296875,768.530029296875
1786045200,768.5369262695312,768.6099853515625,768.0999755859375,768.3099975585938
1786045500,768.3099975585938,768.52001953125,767.9600219726562,768.4400024414062
1786045800,768.4299926757812,768.7730102539062,767.7000122070312,768.6400146484375
1786046100,768.6199951171875,768.8900146484375,768.1300048828125,768.530029296875
1786046400,768.57,769.14,768.5,768.9587
1786046700,768.93,769.9361,768.5823,768.99
1786047000,768.9692,769.9361,768.56,768.8005
1786047300,768.82,769.9361,768.49,768.6774
1786047600,768.65,768.819,768.12,768.1936
1786047900,768.16,768.27,767.9,768.0716
1786048200,768.04,768.17,767.91,768.15
1786048500,768.13,768.17,767.81,768.07
1786048800,768.06,768.1,768.01,768.0673
1786049100,768.05,768.11,768.0,768.0262
1786049400,768.01,768.1574,768.01,768.1135
1786049700,768.12,768.56,768.12,768.2305
1786050000,768.1987,768.56,768.0837,768.34
1786050300,768.3458,768.3458,768.16,768.32
1786050600,768.1765,768.36,768.1765,768.3303
1786050900,768.28,768.34,768.04,768.1921
1786051200,768.15,768.4,768.1082,768.15
1786051500,768.14,768.3599,768.12,768.2111
1786051800,768.2897,768.2897,768.039,768.2
1786052100,768.1931,768.2,767.74,768.0
1786052400,768.065,768.16,767.76,768.1434
1786052700,768.105,768.27,768.09,768.2599
1786053000,768.2599,768.33,768.2162,768.3
1786053300,768.305,768.56,768.21,768.39
1786053600,768.35,768.44,768.0,768.2766
1786053900,768.2605,768.72,768.2605,768.645
1786054200,768.6478,769.0,768.61,768.97
1786054500,768.96,769.08,768.56,768.9377
1786054800,768.89,769.0085,768.64,768.7926
1786055100,768.77,768.9887,768.61,768.68
1786055400,768.6726,768.6792,768.349,768.5
1786055700,768.5467,768.5526,768.4612,768.49
1786056000,768.4774,768.6903,768.47,768.57
1786056300,768.6012,768.6638,768.55,768.6
1786056600,768.6,768.79,768.6,768.75
1786056900,768.7135,768.84,768.701,768.791
1786057200,768.785,768.8748,768.73,768.77
1786057500,768.8182,768.8182,768.6562,768.6974
1786057800,768.68,768.7427,768.64,768.6876
1786058100,768.6832,769.045,768.6832,768.839
1786058400,768.83,768.9938,768.8101,768.9919
1786058700,768.9928,769.0101,768.79,768.83
1786059000,768.8,768.98,768.7415,768.9312
1786059300,768.98,768.98,768.831,768.85
1786059600,768.911,769.0,768.765,768.9493
1786059900,768.94,769.12,768.87,769.12
1786060200,769.1072,769.1072,768.89,769.0
1786060500,768.99,769.0,768.8673,768.9997
1786089600,769.24,769.6985,767.81,769.63
1786089900,769.6185,769.85,769.52,769.821
1786090200,769.8314,769.9112,769.7992,769.9
1786090500,769.88,769.93,769.54,769.549
1786090800,769.539,769.68,769.49,769.64
1786091100,769.6387,769.75,769.63,769.65
1786091400,769.69,770.0,769.66,769.8892
1786091700,769.8787,769.89,769.47,769.64
1786092000,769.64,769.79,769.609,769.65
1786092300,769.65,769.72,769.29,769.65
1786092600,769.66,769.73,769.61,769.701
1786092900,769.7388,769.8915,769.7095,769.82
1786093200,769.82,769.96,769.7595,769.84
1786093500,769.8387,769.8787,769.72,769.77
1786093800,769.835,770.08,769.8,769.989
1786094100,769.9612,770.03,769.799,769.84
1786094400,769.8242,770.16,769.78,770.0687
1786094700,770.13,770.15,769.959,769.9697
1786095000,769.97,770.1397,769.9092,769.969
1786095300,769.96,770.09,769.96,770.029
1786095600,770.0095,770.01,769.91,769.9677
1786095900,769.951,770.0607,769.9112,770.01
1786096200,769.9612,770.101,769.9612,769.9895
1786096500,770.01,770.01,769.84,769.9088
1786096800,769.8887,769.98,769.84,769.98
1786097100,769.94,769.991,769.871,769.879
1786097400,769.8687,769.96,769.8292,769.8292
1786097700,769.809,769.84,769.72,769.82
1786098000,769.8005,769.8005,769.68,769.7624
1786098300,769.779,769.9707,769.7612,769.9707
1786098600,769.98,770.01,769.9275,770.0
1786098900,769.99,770.11,769.9892,770.1
1786099200,770.0905,770.16,770.0415,770.16
1786099500,770.17,770.2,769.9092,769.9739
1786099800,769.98,770.04,769.7864,769.8188
1786100100,769.8,769.94,769.7897,769.92
1786100400,769.91,770.321,768.56,770.225
1786100700,770.25,770.42,770.1747,770.399
1786101000,770.409,770.45,770.28,770.29
1786101300,770.2858,770.5312,770.2858,770.4853
1786101600,770.512,770.58,770.43,770.58
1786101900,770.5746,770.75,770.55,770.639
1786102200,770.639,770.79,770.576,770.77
1786102500,770.77,770.94,770.7407,770.82
1786102800,770.8445,770.91,770.77,770.88
1786103100,770.8853,771.0,770.69,770.745
1786103400,770.75,770.82,770.55,770.569
1786103700,770.5656,770.6103,770.12,770.149
1786104000,770.14,770.84,770.02,770.639
1786104300,770.65,770.6803,768.35,770.49
1786104600,770.5,770.6516,770.466,770.54
1786104900,770.58,770.82,770.56,770.7543
1786105200,770.7924,770.8466,770.4741,770.8178
1786105500,770.78,771.17,770.18,771.01
1786105800,770.9,772.7,770.8,771.829
1786106100,771.87,772.8031,771.59,772.76
1786106400,772.73,772.85,772.39,772.45
1786106700,772.45,772.86,768.56,772.7777
1786107000,772.76,773.11,772.7,772.95
1786107300,772.9594,772.979,772.62,772.6902
1786107600,772.7,772.78,771.92,771.9395
1786107900,771.92,772.19,771.5997,771.79
1786108200,771.77,771.85,771.25,771.3727
1786109400,771.02001953125,771.6199951171875,770.6199951171875,771.47998046875
1786109700,771.5,771.5474853515625,770.6799926757812,771.13037109375
1786110000,771.125,772.0900268554688,770.8804931640625,771.989990234375
1786110300,771.989990234375,772.3699951171875,771.1348876953125,771.7301025390625
1786110600,771.72998046875,772.2349853515625,771.5999755859375,771.97998046875
1786110900,771.97998046875,772.1300048828125,770.4600219726562,771.040283203125
1786111200,771.0700073242188,771.6099853515625,770.4000244140625,770.4349975585938
1786111500,770.400390625,771.0700073242188,770.3699951171875,770.4949951171875
1786111800,770.47998046875,770.7899780273438,769.6199951171875,769.844970703125
1786112100,769.8699951171875,771.8289184570312,769.6799926757812,771.8200073242188
1786112400,771.8300170898438,772.280029296875,771.530029296875,772.0399780273438
1786112700,772.0449829101562,773.2899780273438,772.0449829101562,773.1900024414062
1786113000,773.1599731445312,773.3499755859375,772.3930053710938,772.6099853515625
1786113300,772.6099853515625,772.7999877929688,771.719970703125,771.9000244140625
1786113600,771.8900146484375,772.4400024414062,771.7100219726562,771.97998046875
1786113900,771.9500122070312,772.7050170898438,771.9500122070312,772.3900146484375
1786114200,772.3900146484375,772.510009765625,771.8699951171875,772.2100219726562
1786114500,772.2100219726562,773.0,772.1599731445312,772.8800048828125
1786114800,772.8800048828125,772.89990234375,772.3699951171875,772.760009765625
1786115100,772.780029296875,773.030029296875,772.7100219726562,772.9600219726562
1786115400,772.96630859375,773.3975219726562,772.6500244140625,773.0900268554688
1786115700,773.0900268554688,773.1599731445312,772.7849731445312,772.8800048828125
1786116000,772.8699951171875,773.6099853515625,772.8400268554688,773.5349731445312
1786116300,773.530029296875,773.8900146484375,773.47998046875,773.6500244140625
1786116600,773.6599731445312,773.9149780273438,773.4000244140625,773.4199829101562
1786116900,773.4550170898438,773.5499877929688,773.2100219726562,773.3900146484375
1786117200,773.4000244140625,773.6300048828125,772.892822265625,773.1649780273438
1786117500,773.1799926757812,773.5900268554688,773.0399780273438,773.5750122070312
1786117800,773.5499877929688,773.6400146484375,773.0499877929688,773.2999877929688
1786118100,773.3099975585938,773.3300170898438,772.8300170898438,773.030029296875
1786118400,773.0399780273438,773.1599731445312,772.7449951171875,773.155029296875
1786118700,773.1599731445312,773.3800048828125,773.030029296875,773.1649780273438
1786119000,773.1699829101562,773.35498046875,772.9949951171875,773.010009765625
1786119300,772.989990234375,773.219970703125,772.8699951171875,772.969970703125
1786119600,772.97998046875,773.3300170898438,772.239990234375,772.25
1786119900,772.260009765625,772.3300170898438,771.333984375,771.7249755859375
1786120200,771.7349853515625,771.969970703125,771.0615234375,771.9301147460938
1786120500,771.9400024414062,772.3300170898438,771.7100219726562,772.2949829101562
1786120800,772.281494140625,772.6300048828125,772.239990234375,772.5900268554688
1786121100,772.5999755859375,772.75,772.4199829101562,772.6400146484375
1786121400,772.6300048828125,772.8599853515625,772.0850219726562,772.1950073242188
1786121700,772.2100219726562,772.3900146484375,771.9500122070312,771.9650268554688
1786122000,771.9600830078125,772.2999267578125,771.77001953125,772.0399780273438
1786122300,772.0349731445312,772.2999877929688,772.030029296875,772.260009765625
1786122600,772.260009765625,772.3699951171875,771.989990234375,772.0549926757812
1786122900,772.0549926757812,772.3800048828125,771.989990234375,772.3049926757812
1786123200,772.2899780273438,772.4099731445312,771.9000244140625,771.9000244140625
1786123500,771.8900146484375,772.22998046875,771.739990234375,772.0900268554688
1786123800,772.1099853515625,772.22998046875,771.72998046875,771.9299926757812
1786124100,771.9299926757812,772.3900146484375,771.8800048828125,772.3699951171875
1786124400,772.3900146484375,772.4199829101562,772.1300048828125,772.1699829101562
1786124700,772.1799926757812,772.4400024414062,772.0900268554688,772.2899780273438
1786125000,772.2775268554688,772.4600219726562,771.989990234375,772.2999877929688
1786125300,772.3099975585938,772.4000244140625,772.1699829101562,772.1699829101562
1786125600,772.1649780273438,772.2849731445312,772.0800170898438,772.1400146484375
1786125900,772.1500244140625,772.1799926757812,771.8300170898438,772.0399169921875
1786126200,772.0499877929688,772.1199951171875,771.4500122070312,771.5750122070312
1786126500,771.5805053710938,771.8099975585938,771.469970703125,771.72998046875
1786126800,771.719970703125,771.7999877929688,771.5399780273438,771.6599731445312
1786127100,771.6599731445312,771.760009765625,771.4500122070312,771.47998046875
1786127400,771.4749755859375,771.6400146484375,771.3350219726562,771.3900146484375
1786127700,771.3900146484375,771.510009765625,771.1900024414062,771.2999877929688
1786128000,771.2999877929688,771.3800048828125,770.8900146484375,770.9600219726562
1786128300,770.969970703125,771.280029296875,770.9099731445312,771.25
1786128600,771.25,771.489990234375,771.219970703125,771.3200073242188
1786128900,771.3300170898438,771.8099975585938,771.2100219726562,771.7100219726562
1786129200,771.6799926757812,772.469970703125,771.6599731445312,772.0499877929688
1786129500,772.0499877929688,772.6799926757812,772.0349731445312,772.6500244140625
1786129800,772.6649780273438,773.0599975585938,772.6649780273438,772.9000244140625
1786130100,772.9099731445312,773.4500122070312,772.7999877929688,772.8400268554688
1786130400,772.8599853515625,773.219970703125,772.8400268554688,772.9000244140625
1786130700,772.9099731445312,773.1199951171875,772.8599853515625,773.0750122070312
1786131000,773.0800170898438,773.0900268554688,772.6599731445312,772.719970703125
1786131300,772.739990234375,773.0999755859375,772.60498046875,772.9099731445312
1786131600,772.9199829101562,772.9598999023438,772.52001953125,772.5700073242188
1786131900,772.5700073242188,772.97998046875,772.5499877929688,772.8699951171875
1786132200,772.8499755859375,773.0549926757812,772.6500244140625,772.8499755859375
1786132500,772.8599853515625,773.8300170898438,772.8200073242188,773.1199951171875
1786132800,773.16,773.4,772.83,772.86
1786133100,772.87,773.3617,772.67,772.73
1786133400,772.74,773.3827,772.69,772.8197
1786133700,773.26,773.26,772.7,772.8277
1786134000,773.26,773.26,772.55,772.69
1786134300,772.71,772.75,772.56,772.632
1786134600,772.6,772.87,772.57,772.86
1786134900,772.88,772.96,772.83,772.9
1786135200,772.92,773.26,772.8258,772.87
1786135500,772.8753,772.91,772.7974,772.8105
1786135800,772.83,772.94,772.82,772.9035
1786136100,772.94,773.18,772.88,773.11
1786136400,773.075,773.26,772.91,772.99
1786136700,772.9949,773.0,772.96,773.0
1786137000,772.99,773.03,759.3482,773.0168
1786137300,773.0168,773.0168,772.97,772.99
1786137600,773.0,773.26,772.97,772.99
1786137900,772.98,773.0,772.97,772.9839
1786138200,773.0,773.0,772.9,772.95
1786138500,772.9987,773.0,772.9401,773.0
1786138800,773.0,773.26,772.9536,772.9774
1786139100,772.9741,772.98,772.92,772.95
1786139400,772.97,772.98,772.92,772.9738
1786139700,772.97,773.0,772.92,772.9832
1786140000,772.97,773.0578,772.883,773.0522
1786140300,773.06,773.09,772.92,773.07
1786140600,773.07,773.09,772.9379,772.9737
1786140900,773.05,773.09,772.96,773.04
1786141200,772.98,773.1,772.92,773.0999
1786141500,773.0832,773.19,772.92,773.1602
1786141800,773.19,773.19,773.0,773.1516
1786142100,773.15,773.19,773.0,773.1828
1786142400,773.1272,773.23,773.1,773.23
1786142700,773.2269,773.23,773.21,773.23
1786143000,773.21,773.2242,772.995,773.17
1786143300,773.1315,773.23,772.8097,772.8097
1786143600,772.995,773.19,772.799,773.08
1786143900,773.0,773.09,772.85,773.0105
1786144200,773.0893,773.1,773.0025,773.0918
1786144500,773.09,773.23,773.04,773.07
1786144800,773.05,773.25,773.05,773.2342
1786145100,773.2488,773.25,773.04,773.2
1786145400,773.13,773.1515,773.05,773.14
1786145700,773.2065,773.21,773.14,773.1802
1786146000,773.178,773.18,773.1072,773.1465
1786146300,773.1255,773.21,773.116,773.21
1786146600,773.2195,773.35,773.2031,773.25
1786146900,773.335,773.4,773.26,773.3975
1786348800,774.02,774.9012,773.56,774.65
1786349100,774.68,774.69,774.4497,774.53
1786349400,774.459,774.46,774.29,774.4507
1786349700,774.46,774.64,774.4212,774.55
1786350000,774.52,774.52,774.259,774.4544
1786350300,774.5,774.52,774.38,774.41
1786350600,774.41,774.47,774.32,774.47
1786350900,774.47,774.64,774.441,774.63
1786351200,774.62,774.65,774.42,774.42
1786351500,774.45,774.47,774.38,774.3895
1786351800,774.379,774.42,774.3,774.37
1786352100,774.41,774.54,774.4,774.52
1786352400,774.4937,774.57,774.46,774.51
1786352700,774.52,774.54,774.46,774.4649
1786353000,774.45,774.57,774.4195,774.5054
1786353300,774.5127,774.58,774.3992,774.3992
1786353600,774.42,774.6,774.41,774.6
1786353900,774.601,774.62,774.5392,774.5548
1786354200,774.5692,774.67,774.5,774.5788
1786354500,774.6,774.609,774.3,774.32
1786354800,774.31,774.36,774.19,774.3007
1786355100,774.3,774.33,774.24,774.3
1786355400,774.29,774.34,774.22,774.3
1786355700,774.3,774.34,774.2353,774.2353
1786356000,774.27,774.4013,774.18,774.389
1786356300,774.4,774.41,774.2593,774.3
1786356600,774.2433,774.269,774.0,774.01
1786356900,774.05,774.23,774.0082,774.1612
1786357200,774.2305,774.4285,774.2305,774.42
1786357500,774.4187,774.43,774.31,774.3785
1786357800,774.37,774.37,774.219,774.2605
1786358100,774.23,774.2645,773.9117,773.9611
1786358400,773.945,773.95,773.8292,773.95
1786358700,773.95,773.9935,773.9197,773.97
1786359000,773.95,774.081,773.94,773.9687
1786359300,773.9652,773.9785,773.7,773.8717
1786359600,773.89,773.9707,773.26,773.4457
1786359900,773.4238,773.5732,773.38,773.41
1786360200,773.41,773.48,773.175,773.331
1786360500,773.3381,773.4845,773.3197,773.3953
1786360800,773.3958,773.6411,773.36,773.6
1786361100,773.56,773.9,773.5395,773.8896
1786361400,773.89,774.02,773.73,773.9956
1786361700,773.98,774.0065,773.7637,773.8292
1786362000,773.8,773.99,773.7,773.7
1786362300,773.7,773.8,773.3885,773.43
1786362600,773.4092,773.6058,773.3997,773.5392
1786362900,773.5495,773.5944,773.43,773.5515
1786363200,773.5602,773.72,773.411,773.6743
1786363500,773.6448,773.83,773.519,773.83
1786363800,773.84,773.8822,773.41,773.4743
1786364100,773.44,773.4444,773.229,773.29
1786364400,773.28,773.3115,772.96,773.0512
1786364700,773.03,773.2196,773.0,773.1797
1786365000,773.1882,773.21,771.62,772.7497
1786365300,772.73,772.9215,772.62,772.648
1786365600,772.71,772.8602,772.5,772.7692
1786365900,772.759,773.26,772.71,772.7557
1786366200,772.7497,772.7497,772.49,772.5415
1786366500,772.5413,772.71,772.49,772.6603
1786366800,772.66,772.9,772.59,772.87
1786367100,772.8476,772.96,772.8149,772.9207
1786367400,772.89,773.03,772.84,772.93
1786368600,772.5999755859375,773.6300048828125,772.5499877929688,772.6400146484375
1786368900,772.6300048828125,773.1199951171875,772.5,772.7999877929688
1786369200,772.7899780273438,773.1099853515625,772.52001953125,772.6599731445312
1786369500,772.6500244140625,773.260009765625,772.6199951171875,773.1300048828125
1786369800,773.1300048828125,773.4099731445312,772.5,773.1300048828125
1786370100,773.125,773.52001953125,773.010009765625,773.468994140625
1786370400,773.4199829101562,773.8499755859375,773.3900146484375,773.719970703125
1786370700,773.6799926757812,774.030029296875,773.5700073242188,774.0250244140625
1786371000,774.0250244140625,774.260009765625,773.8900146484375,774.2150268554688
1786371300,774.219970703125,774.3499755859375,773.969970703125,774.2899780273438
1786371600,774.2899780273438,774.375,773.8300170898438,773.969970703125
1786371900,773.9650268554688,774.4600219726562,773.7650146484375,774.35498046875
1786372200,774.35498046875,774.6900024414062,774.27001953125,774.3599853515625
1786372500,774.35498046875,774.6199951171875,774.1746826171875,774.3400268554688
1786372800,774.3400268554688,774.6400146484375,774.3049926757812,774.5999755859375
1786373100,774.60498046875,775.0499877929688,774.5999755859375,774.9199829101562
1786373400,774.9299926757812,774.9500122070312,773.7999877929688,773.8800048828125
1786373700,773.8499755859375,774.1099853515625,773.5,773.5150146484375
1786374000,773.510009765625,773.9500122070312,773.3099975585938,773.7100219726562
1786374300,773.7100219726562,774.030029296875,773.5800170898438,773.5800170898438
1786374600,773.5499877929688,773.9199829101562,773.4500122070312,773.8200073242188
1786374900,773.8200073242188,774.1900024414062,773.760009765625,773.9199829101562
1786375200,773.9199829101562,774.0999755859375,773.7999877929688,773.9199829101562
1786375500,773.9199829101562,773.989990234375,773.4199829101562,773.739990234375
1786375800,773.760009765625,773.8699951171875,773.3599853515625,773.3900146484375
1786376100,773.405029296875,773.5999755859375,773.22998046875,773.280029296875
1786376400,773.27001953125,773.8049926757812,773.1599731445312,773.7899780273438
1786376700,773.8099975585938,773.8800048828125,773.5100708007812,773.5499877929688
1786377000,773.5650024414062,774.3400268554688,773.4949951171875,774.2100219726562
1786377300,774.1900024414062,774.4099731445312,774.030029296875,774.3099975585938
1786377600,774.3400268554688,774.4349975585938,774.0399780273438,774.1649780273438
1786377900,774.1699829101562,774.2000122070312,773.875,773.989990234375
1786378200,774.0,774.1400146484375,773.780029296875,773.780029296875
1786378500,773.780029296875,773.7899780273438,773.4500122070312,773.6900024414062
1786378800,773.6699829101562,773.8599853515625,773.47998046875,773.7650146484375
1786379100,773.7550048828125,773.9199829101562,773.3499755859375,773.3699951171875
1786379400,773.3699951171875,773.4879760742188,771.6199951171875,772.6799926757812
1786379700,772.739990234375,773.0700073242188,772.52001953125,772.5700073242188
1786380000,772.5700073242188,772.6400146484375,771.9749755859375,772.159912109375
1786380300,772.1599731445312,772.6300048828125,771.9299926757812,772.6099853515625
1786380600,772.6300048828125,772.6400146484375,772.260009765625,772.530029296875
1786380900,772.530029296875,772.9600219726562,772.52001953125,772.9500122070312
1786381200,772.9400024414062,773.0499877929688,772.5,772.6799926757812
1786381500,772.6799926757812,773.0900268554688,772.5800170898438,773.0900268554688
1786381800,773.0700073242188,773.25,772.9000244140625,773.1099853515625
1786382100,773.114990234375,773.280029296875,772.9852294921875,773.1400146484375
1786382400,773.147705078125,773.2100219726562,772.989990234375,773.1500244140625
1786382700,773.1400146484375,773.1799926757812,772.8599853515625,773.1094970703125
1786383000,773.1099853515625,773.260009765625,773.0599975585938,773.1300048828125
1786383300,773.1199951171875,773.1599731445312,772.7000122070312,772.844970703125
1786383600,772.8400268554688,772.969970703125,772.6099853515625,772.6500244140625
1786383900,772.6599731445312,772.760009765625,772.5499877929688,772.6799926757812
1786384200,772.6799926757812,772.75,772.489990234375,772.6199951171875
1786384500,772.6099853515625,772.8200073242188,772.510009765625,772.739013671875
1786384800,772.72998046875,772.8800048828125,772.6599731445312,772.739990234375
1786385100,772.739990234375,773.02001953125,772.6500244140625,772.9400024414062
1786385400,772.9349975585938,773.0599975585938,772.6400146484375,772.6799926757812
1786385700,772.6699829101562,772.75,772.530029296875,772.5599975585938
1786386000,772.5800170898438,772.75,772.5,772.5499877929688
1786386300,772.5499877929688,772.7100219726562,772.510009765625,772.530029296875
1786386600,772.52001953125,772.6699829101562,772.3599853515625,772.5449829101562
1786386900,772.5399780273438,772.7100219726562,772.3200073242188,772.5599975585938
1786387200,772.5599975585938,772.9299926757812,772.5499877929688,772.885009765625
1786387500,772.8800048828125,772.9299926757812,772.739990234375,772.8499755859375
1786387800,772.8400268554688,773.1500244140625,772.8400268554688,773.1099853515625
1786388100,773.114990234375,773.3300170898438,773.0,773.1900024414062
1786388400,773.2000122070312,773.3200073242188,773.0499877929688,773.1900024414062
1786388700,773.1849975585938,773.4000244140625,773.1099853515625,773.3900146484375
1786389000,773.3900146484375,773.3900146484375,773.219970703125,773.2999877929688
1786389300,773.2999877929688,773.4400024414062,773.2100219726562,773.2999877929688
1786389600,773.3099975585938,773.4000244140625,773.1817016601562,773.3701171875
1786389900,773.3900146484375,773.3900146484375,772.8800048828125,772.9299926757812
1786390200,772.9450073242188,773.0007934570312,772.72998046875,772.8900146484375
1786390500,772.8800048828125,773.2899780273438,772.780029296875,773.1701049804688
1786390800,773.1900024414062,773.2000122070312,772.9400024414062,773.0850219726562
1786391100,773.0800170898438,773.219970703125,772.89501953125,773.1699829101562
1786391400,773.1599731445312,773.1599731445312,772.35498046875,772.3800048828125
1786391700,772.4000244140625,773.1599731445312,772.3150024414062,773.0700073242188
1786392000,773.06,773.4361,772.78,772.87
1786392300,772.83,773.03,772.79,772.87
1786392600,772.87,773.03,772.79,772.8278
1786392900,773.03,773.03,772.6135,772.66
1786393200,772.62,772.81,772.62,772.7861
1786393500,772.77,772.99,772.75,772.9003
1786393800,772.939,772.94,772.8,772.8862
1786394100,772.8862,772.91,772.8295,772.8629
1786394400,772.8629,773.0,772.831,772.94
1786394700,772.95,773.03,772.92,773.01
1786395000,773.03,773.1315,724.228,773.0978
1786395300,773.095,773.1,773.0036,773.05
1786395600,773.0292,773.0795,772.5,773.0224
1786395900,773.0474,773.0492,724.228,773.0195
1786396200,773.03,773.0486,772.94,773.0317
1786396500,773.0317,773.04,772.97,773.0018
1786396800,773.0035,773.0392,773.0,773.03
1786397100,773.0392,773.0699,772.61,773.05
1786397400,773.0649,773.14,772.62,773.0453
1786397700,773.08,773.19,773.0409,773.0644
1786398000,773.0644,773.19,773.05,773.12
1786398300,773.11,773.1592,773.0632,773.1227
1786398600,773.1,773.11,772.78,772.9847
1786398900,772.98,773.131,772.98,773.131
1786399200,773.1,773.4,773.1,773.2185
1786399500,773.2103,773.27,773.0697,773.0697
1786399800,773.075,773.1118,773.0192,773.085
1786400100,773.08,773.1119,772.9131,772.9172
1786400400,772.9172,772.925,772.67,772.72
1786400700,772.7288,772.8,772.69,772.74
1786401000,772.7435,772.7756,772.5,772.5463
1786401300,772.5,772.6,772.45,772.5665
1786401600,772.53,772.6,772.52,772.5703
1786401900,772.5283,772.5703,772.51,772.5703
1786402200,772.5226,772.6203,772.52,772.5925
1786402500,772.54,772.6785,772.54,772.6715
1786402800,772.6765,772.7285,772.52,772.5665
1786403100,772.56,772.6247,772.54,772.5745
1786403400,772.59,772.59,772.5312,772.5774
1786403700,772.5854,772.5854,772.49,772.5003
1786404000,772.471,772.5,772.27,772.38
1786404300,772.38,772.4,772.25,772.27
1786404600,772.2715,772.35,772.22,772.27
1786404900,772.3215,772.4,772.2715,772.4
1786405200,772.3948,772.5,772.3512,772.5
1786405500,772.47,772.63,772.4012,772.49
1786405800,772.546,772.546,772.24,772.26
1786406100,772.22,772.45,772.02,772.45
1786435200,772.89,774.31,772.48,773.1392
1786435500,773.1485,773.155,772.7587,772.7587
1786435800,772.77,772.88,772.48,772.51
1786436100,772.5097,772.634,772.48,772.49
1786436400,772.5487,772.71,772.39,772.71
1786436700,772.71,772.8578,772.6892,772.6892
1786437000,772.78,772.78,772.52,772.58
1786437300,772.6,772.6917,772.51,772.6917
1786437600,772.6412,773.0188,772.6312,773.0188
1786437900,773.0087,773.08,772.9487,773.05
1786438200,773.0487,773.0487,772.9,773.03
1786438500,773.0,773.0,772.8112,772.9
1786438800,772.87,772.9305,772.7,772.81
1786439100,772.76,773.0,772.54,772.58
1786439400,772.61,772.78,772.61,772.77
1786439700,772.79,773.1,772.779,773.1
1786440000,773.0987,773.1707,772.9792,773.0387
1786440300,773.029,773.09,772.89,773.09
1786440600,773.081,773.3188,773.081,773.18
1786440900,773.1985,773.2492,773.16,773.2492
1786441200,773.2512,773.42,773.21,773.21
1786441500,773.2285,773.37,773.2285,773.3
1786441800,773.2792,773.2792,773.15,773.169
1786442100,773.17,773.25,773.14,773.18
1786442400,773.2002,773.22,773.0615,773.1
1786442700,773.0692,773.0902,773.0,773.09
1786443000,773.099,773.099,772.97,772.995
1786443300,772.9962,773.17,772.93,773.17
1786443600,773.1815,773.68,773.1815,773.54
1786443900,773.559,774.121,773.559,773.955
1786444200,773.95,773.97,773.66,773.7
1786444500,773.78,773.8,773.66,773.68
1786444800,773.68,773.85,773.62,773.85
1786445100,773.871,773.97,773.86,773.97
1786445400,773.97,774.0,773.8771,773.9
1786445700,773.9087,773.91,773.8058,773.85
1786446000,773.86,774.955,773.03,774.78
1786446300,774.775,774.8987,774.52,774.6007
1786446600,774.6512,774.87,774.6187,774.7212
1786446900,774.73,774.78,774.16,774.162
1786447200,774.22,774.29,774.1,774.13
1786447500,774.1354,774.3,774.1,774.2283
1786447800,774.2418,774.311,774.0187,774.1
1786448100,774.1138,774.17,773.9948,774.05
1786448400,774.06,774.2487,774.01,774.23
1786448700,774.1801,774.27,774.0845,774.18
1786449000,774.2185,774.42,774.171,774.41
1786449300,774.41,774.43,774.17,774.26
1786449600,774.3,774.38,774.17,774.2955
1786449900,774.301,774.5032,774.301,774.48
1786450200,774.5144,774.6447,774.4797,774.6179
1786450500,774.599,774.85,774.5792,774.689
1786450800,774.66,774.73,773.5,773.96
1786451100,774.01,774.33,774.0,774.16
1786451400,774.12,774.2307,773.9891,774.19
1786451700,774.16,774.45,774.13,774.4217
1786452000,774.38,774.4216,774.27,774.32
1786452300,774.31,774.37,774.19,774.2263
1786452600,774.2,774.25,774.06,774.17
1786452900,774.15,774.26,774.12,774.15
1786453200,774.12,774.39,774.11,774.23
1786453500,774.21,774.535,774.21,774.45
1786453800,774.42,774.45,774.02,774.14
1786455000,774.530029296875,774.5399780273438,773.22998046875,773.469970703125
1786455300,773.4600219726562,773.5399780273438,772.864990234375,773.1099853515625
1786455600,773.1198120117188,773.7100219726562,773.0999755859375,773.2999877929688
1786455900,773.2999877929688,773.4849853515625,772.5800170898438,772.8400268554688
1786456200,772.8350219726562,773.1400146484375,772.5900268554688,772.9199829101562
1786456500,772.8800048828125,773.6400146484375,772.7999877929688,773.614990234375
1786456800,773.614990234375,774.0800170898438,773.489990234375,773.8699951171875
1786457100,773.85498046875,773.969970703125,773.5499877929688,773.7899780273438
1786457400,773.8018188476562,773.9761962890625,773.5900268554688,773.780029296875
1786457700,773.7999877929688,773.9500122070312,773.3800048828125,773.6300048828125
1786458000,773.6400146484375,773.8699951171875,773.3800048828125,773.405029296875
1786458300,773.3900146484375,773.9498901367188,773.3300170898438,773.8699951171875
1786458600,773.8800048828125,773.9299926757812,773.4600219726562,773.6699829101562
1786458900,773.6699829101562,773.7750244140625,773.2100219726562,773.344970703125
1786459200,773.3699951171875,773.6199951171875,773.280029296875,773.369873046875
1786459500,773.3599853515625,773.9299926757812,773.3499755859375,773.9000244140625
1786459800,773.8800048828125,774.0349731445312,773.4600219726562,773.8900146484375
1786460100,773.8900146484375,774.030029296875,773.5449829101562,773.6199951171875
1786460400,773.6300048828125,773.8099975585938,773.375,773.5
1786460700,773.5050048828125,773.5098876953125,772.719970703125,772.8049926757812
1786461000,772.7899780273438,772.9450073242188,772.5499877929688,772.6599731445312
1786461300,772.6599731445312,772.6799926757812,772.2000122070312,772.4500122070312
1786461600,772.4500122070312,772.8400268554688,772.4000244140625,772.510009765625
1786461900,772.52001953125,772.7000122070312,772.4000244140625,772.4010009765625
1786462200,772.4099731445312,772.5599975585938,771.8049926757812,771.9450073242188
1786462500,771.9500122070312,772.1300048828125,771.75,771.8599853515625
1786462800,771.85498046875,772.2100219726562,771.780029296875,772.1799926757812
1786463100,772.1699829101562,772.1763916015625,771.8905029296875,771.9949951171875
1786463400,772.0,772.2479858398438,771.77001953125,771.8399047851562
1786463700,771.8400268554688,772.1400146484375,771.7899780273438,772.0
1786464000,772.030029296875,772.3099975585938,772.010009765625,772.0399780273438
1786464300,772.030029296875,772.3900146484375,771.969970703125,772.3099975585938
1786464600,772.318115234375,772.3300170898438,771.9299926757812,771.9550170898438
1786464900,771.969970703125,772.4500122070312,771.9661865234375,772.0800170898438
1786465200,772.0800170898438,772.2000122070312,771.6300048828125,771.7050170898438
1786465500,771.7000122070312,771.8900146484375,771.3800048828125,771.8189697265625
1786465800,771.8175048828125,771.9199829101562,771.4600219726562,771.5599975585938
1786466100,771.5549926757812,772.010009765625,771.52001953125,771.8699951171875
1786466400,771.8599853515625,771.8599853515625,771.5499877929688,771.5800170898438
1786466700,771.5800170898438,771.5999755859375,771.280029296875,771.4299926757812
1786467000,771.4400024414062,771.5599975585938,771.3001098632812,771.3800048828125
1786467300,771.3800048828125,771.4099731445312,771.0399780273438,771.1400146484375
1786467600,771.1500244140625,771.260009765625,770.780029296875,770.7849731445312
1786467900,770.780029296875,771.0999755859375,770.760009765625,770.8800048828125
1786468200,770.8800048828125,770.8800048828125,770.2999877929688,770.3265991210938
1786468500,770.3099975585938,770.8399047851562,770.260009765625,770.7550048828125
1786468800,770.760009765625,771.0,770.5999755859375,770.9000244140625
1786469100,770.8900146484375,771.010009765625,770.6599731445312,770.8499755859375
1786469400,770.8499755859375,770.9500122070312,770.72998046875,770.9400024414062
1786469700,770.9450073242188,771.1300048828125,770.77001953125,770.875
1786470000,770.8900146484375,771.3099975585938,770.7899780273438,771.27001953125
1786470300,771.260009765625,771.35498046875,771.1199951171875,771.1702880859375
1786470600,771.1950073242188,771.3300170898438,771.1500244140625,771.2949829101562
1786470900,771.3099975585938,771.3099975585938,771.1099853515625,771.2399291992188
1786471200,771.219970703125,771.239501953125,770.9000244140625,771.0650024414062
1786471500,771.0700073242188,771.1599731445312,770.6699829101562,770.6900024414062
1786471800,770.7000122070312,770.9099731445312,770.6500244140625,770.8350219726562
1786472100,770.8400268554688,770.9400024414062,770.6400146484375,770.75
1786472400,770.739990234375,770.75,770.280029296875,770.489990234375
1786472700,770.5,770.5599975585938,769.2000122070312,769.5
1786473000,769.52001953125,770.0499877929688,769.5150146484375,770.0
1786473300,770.0050048828125,770.219970703125,769.9299926757812,770.010009765625
1786473600,770.0,770.0,769.6599731445312,769.7899780273438
1786473900,769.780029296875,770.3499755859375,769.780029296875,770.3400268554688
1786474200,770.3250122070312,770.4650268554688,770.1400146484375,770.3699951171875
1786474500,770.35498046875,770.3800048828125,770.0599975585938,770.0750122070312
1786474800,770.0900268554688,770.2100219726562,769.8900146484375,770.094970703125
1786475100,770.094970703125,770.1699829101562,769.8499755859375,770.0800170898438
1786475400,770.0900268554688,770.3800048828125,770.02001953125,770.239990234375
1786475700,770.27001953125,770.4901123046875,770.1699829101562,770.4400024414062
1786476000,770.4400024414062,770.6699829101562,770.3699951171875,770.6400146484375
1786476300,770.6389770507812,770.6900024414062,770.4500122070312,770.6300048828125
1786476600,770.6300048828125,770.8400268554688,770.5499877929688,770.7999877929688
1786476900,770.7899780273438,771.094970703125,770.7000122070312,771.0499877929688
1786477200,771.0700073242188,771.0700073242188,770.6799926757812,770.7150268554688
1786477500,770.719970703125,770.719970703125,770.2899780273438,770.3800048828125
1786477800,770.3900146484375,770.469970703125,769.7899780273438,770.4000244140625
1786478100,770.4099731445312,770.5499877929688,769.8400268554688,770.47998046875
1786478400,770.42,770.7,770.17,770.295
1786478700,770.2998,770.68,770.24,770.63
1786479000,770.65,773.0041,770.5228,770.7
1786479300,770.56,770.82,770.56,770.74
1786479600,770.56,773.0041,770.56,771.02
1786479900,771.01,771.14,770.56,771.13
1786480200,771.1201,771.2,771.08,771.15
1786480500,771.14,771.2,771.06,771.09
1786480800,771.08,771.11,771.0,771.1074
1786481100,771.085,771.1,770.86,770.87
1786481400,770.87,770.88,770.74,770.83
1786481700,770.83,770.865,770.71,770.79
1786482000,770.76,770.9,770.56,770.56
1786482300,770.88,771.0,770.56,770.97
1786482600,770.97,770.97,770.42,770.87
1786482900,770.89,770.96,770.52,770.9175
1786483200,770.9175,770.93,770.8,770.93
1786483500,770.9,770.93,770.56,770.87
1786483800,770.8895,770.8895,770.83,770.833
1786484100,770.8469,770.85,770.79,770.79
1786484400,770.8028,770.84,770.75,770.7863
1786484700,770.8338,770.93,770.6,770.78
1786485000,770.74,770.89,770.54,770.54
1786485300,770.71,770.89,770.65,770.8
1786485600,770.71,770.99,770.59,770.66
1786485900,770.61,770.8,770.6,770.74
1786486200,770.7257,770.95,770.59,770.95
1786486500,770.95,770.98,770.88,770.88
1786486800,770.91,770.95,770.89,770.9226
1786487100,770.93,770.94,770.83,770.83
1786487400,770.84,770.94,770.69,770.8468
1786487700,770.8335,770.91,770.75,770.75
1786488000,770.76,770.83,770.6097,770.6268
1786488300,770.605,770.75,770.5,770.6738
1786488600,770.6738,770.73,770.625,770.7274
1786488900,770.71,770.8,770.69,770.7092
1786489200,770.7,770.81,770.6902,770.749
1786489500,770.7129,770.7528,770.62,770.7438
1786489800,770.7011,770.78,770.6612,770.6612
1786490100,770.66,770.7538,770.66,770.7438
1786490400,770.7424,770.77,770.68,770.7457
1786490700,770.7464,770.8457,770.7161,770.81
1786491000,770.8342,770.8342,770.655,770.6608
1786491300,770.68,770.71,770.62,770.68
1786491600,770.68,770.72,770.66,770.6907
1786491900,770.72,770.72,770.62,770.6662
1786492200,770.71,770.96,770.705,770.95
1786492500,770.97,771.0,770.9512,770.9805
1786521600,771.5,771.7887,770.56,771.74
1786521900,771.6712,771.75,771.29,771.68
1786522200,771.7,771.7087,771.6012,771.6888
1786522500,771.69,771.79,771.64,771.7387
1786522800,771.7012,771.8007,771.7,771.77
1786523100,771.7987,771.7987,771.6997,771.75
1786523400,771.7387,771.7387,771.36,771.36
1786523700,771.36,771.5,771.3597,771.45
1786524000,771.5,771.57,771.4784,771.56
1786524300,771.55,771.73,771.51,771.71
1786524600,771.72,771.9,771.71,771.84
1786524900,771.87,771.87,771.7992,771.7992
1786525200,771.79,771.94,771.7612,771.92
1786525500,771.89,771.99,771.8115,771.99
1786525800,771.94,772.05,771.94,771.99
1786526100,772.02,772.07,771.96,771.9897
1786526400,771.99,772.65,771.96,772.6305
1786526700,772.665,772.85,772.2704,772.32
1786527000,772.3215,772.55,772.3215,772.4487
1786527300,772.44,772.56,772.3712,772.49
1786527600,772.501,772.55,772.45,772.45
1786527900,772.44,772.44,772.28,772.37
1786528200,772.39,772.6,772.04,772.0497
1786528500,772.049,772.17,772.02,772.14
1786528800,772.16,772.3287,772.137,772.3
1786529100,772.27,772.34,772.21,772.3387
1786529400,772.3205,772.47,772.3205,772.4277
1786529700,772.43,772.49,772.4,772.46
1786530000,772.47,772.4907,772.42,772.47
1786530300,772.429,772.429,772.3392,772.3392
1786530600,772.33,772.4827,772.289,772.465
1786530900,772.48,772.48,772.3892,772.3892
1786531200,772.42,772.5,772.42,772.47
1786531500,772.45,772.4705,771.44,771.96
1786531800,771.9836,772.53,771.72,772.04
1786532100,772.08,772.1588,772.04,772.1588
1786532400,772.12,772.3115,770.56,772.17
1786532700,772.1962,772.4145,772.14,772.4107
1786533000,772.4174,772.46,770.56,772.2
1786533300,772.19,772.1992,772.0,772.02
1786533600,772.02,772.15,772.01,772.01
1786533900,772.0456,772.1938,772.0444,772.15
1786534200,772.1194,772.36,772.0977,772.27
1786534500,772.29,772.35,772.0722,772.33
1786534800,772.2989,772.3902,772.28,772.37
1786535100,772.35,772.4,772.28,772.355
1786535400,772.3543,772.445,772.32,772.4302
1786535700,772.44,772.67,772.44,772.6
1786536000,772.59,772.86,772.4695,772.63
1786536300,772.59,772.6188,772.37,772.449
1786536600,772.4658,772.58,770.85,772.4892
1786536900,772.49,772.68,772.4,772.5753
1786537200,772.56,772.75,772.47,772.685
1786537500,772.669,773.92,772.62,773.5
1786537800,773.62,774.38,771.62,773.39
1786538100,773.4479,773.8,772.97,773.79
1786538400,773.799,774.2,773.7338,773.83
1786538700,773.81,773.87,773.5,773.64
1786539000,773.6193,773.8907,773.4992,773.81
1786539300,773.8,774.0,773.7292,774.0
1786539600,774.0,774.16,773.8397,774.125
1786539900,774.13,774.25,773.9548,773.9699
1786540200,773.97,774.14,773.94,774.1
1786541400,774.7100219726562,774.9000244140625,772.719970703125,773.0650024414062
1786541700,773.0499877929688,773.5150146484375,772.8049926757812,772.8800048828125
1786542000,772.8900146484375,773.1199951171875,772.4550170898438,772.8095092773438
1786542300,772.8200073242188,773.6500244140625,772.3619995117188,773.5399780273438
1786542600,773.5399780273438,773.5399780273438,772.5650024414062,772.614990234375
1786542900,772.614990234375,772.780029296875,772.0900268554688,772.5900268554688
1786543200,772.594970703125,772.8200073242188,771.9299926757812,771.9400024414062
1786543500,771.9400024414062,772.510009765625,771.8800048828125,772.4000244140625
1786543800,772.4199829101562,772.719970703125,772.1599731445312,772.3800048828125
1786544100,772.3599853515625,773.02001953125,772.22998046875,772.5
1786544400,772.5,773.030029296875,772.1799926757812,772.9650268554688
1786544700,772.9400024414062,773.3049926757812,772.5900268554688,772.7949829101562
1786545000,772.7899780273438,772.9807739257812,771.2899780273438,772.0700073242188
1786545300,772.0599975585938,772.7899780273438,771.9199829101562,772.7899780273438
1786545600,772.7799072265625,773.0900268554688,772.6799926757812,773.0599975585938
1786545900,773.0599975585938,773.2000122070312,772.4199829101562,772.6799926757812
1786546200,772.6799926757812,772.7100219726562,771.989990234375,772.0599975585938
1786546500,772.0399780273438,772.3400268554688,771.8200073242188,772.219970703125
1786546800,772.2208862304688,772.2899780273438,771.760009765625,771.8699951171875
1786547100,771.864990234375,772.2100219726562,771.7100219726562,772.0900268554688
1786547400,772.1199951171875,772.4099731445312,771.77001953125,772.1699829101562
1786547700,772.1300048828125,772.3198852539062,771.9400024414062,772.0999755859375
1786548000,772.1220092773438,772.1900024414062,771.719970703125,771.9089965820312
1786548300,771.8900146484375,772.3699951171875,771.844970703125,772.3699951171875
1786548600,772.4000244140625,772.469970703125,771.6649780273438,771.9000244140625
1786548900,771.8900146484375,772.1900024414062,771.6649780273438,771.6849975585938
1786549200,771.6699829101562,771.969970703125,771.5599975585938,771.7999877929688
1786549500,771.7999877929688,772.1699829101562,771.7698974609375,772.1699829101562
1786549800,772.1900024414062,772.1900024414062,771.8400268554688,771.97998046875
1786550100,771.9400024414062,772.0800170898438,771.8699951171875,772.030029296875
1786550400,772.0150146484375,772.4299926757812,771.969970703125,772.219970703125
1786550700,772.219970703125,772.3599853515625,771.97998046875,772.3499755859375
1786551000,772.3699951171875,772.6199951171875,772.2000122070312,772.5198974609375
1786551300,772.530029296875,772.6199951171875,772.3599853515625,772.434326171875
1786551600,772.435302734375,772.6400146484375,772.3200073242188,772.5700073242188
1786551900,772.5800170898438,772.6699829101562,772.4099731445312,772.4500122070312
1786552200,772.4500122070312,772.530029296875,772.1799926757812,772.2000122070312
1786552500,772.2000122070312,772.77001953125,772.1799926757812,772.760009765625
1786552800,772.760009765625,772.9099731445312,772.6599731445312,772.739990234375
1786553100,772.760009765625,772.8870239257812,772.5599975585938,772.8499755859375
1786553400,772.8499755859375,773.2000122070312,772.8400268554688,773.0650024414062
1786553700,773.0599975585938,773.0800170898438,772.8099975585938,772.905029296875
1786554000,772.9099731445312,773.0999755859375,772.8400268554688,773.0499877929688
1786554300,773.0549926757812,773.2899780273438,773.0,773.010009765625
1786554600,773.0198974609375,773.0700073242188,772.77001953125,773.030029296875
1786554900,773.030029296875,773.030029296875,772.6099853515625,772.77001953125
1786555200,772.77001953125,772.905029296875,772.6599731445312,772.7899780273438
1786555500,772.780029296875,773.0250244140625,772.72998046875,772.780029296875
1786555800,772.8300170898438,773.0,772.7000122070312,772.9000244140625
1786556100,772.9000244140625,772.9500122070312,772.760009765625,772.864990234375
1786556400,772.8599853515625,772.969970703125,772.719970703125,772.8800048828125
1786556700,772.8599853515625,772.9600219726562,772.760009765625,772.7999877929688
1786557000,772.7899780273438,772.97998046875,772.72998046875,772.75
1786557300,772.75,772.89501953125,772.6414184570312,772.8101196289062
1786557600,772.8099975585938,772.9600219726562,772.780029296875,772.9099731445312
1786557900,772.8900146484375,772.97998046875,772.8099975585938,772.8900146484375
1786558200,772.8887329101562,773.2100219726562,772.8887329101562,773.1099853515625
1786558500,773.1099853515625,773.1300048828125,772.97998046875,773.1300048828125
1786558800,773.1199951171875,773.22998046875,772.9600219726562,773.2249755859375
1786559100,773.22998046875,773.3099975585938,773.0700073242188,773.0900268554688
1786559400,773.0900268554688,773.468994140625,773.0900268554688,773.344970703125
1786559700,773.3300170898438,773.489990234375,773.3300170898438,773.4249877929688
1786560000,773.4199829101562,773.6300048828125,773.4199829101562,773.510009765625
1786560300,773.5150146484375,773.5499877929688,773.3800048828125,773.5250244140625
1786560600,773.530029296875,773.6300048828125,773.4400024414062,773.4400024414062
1786560900,773.4500122070312,773.4500122070312,773.0399780273438,773.0599975585938
1786561200,773.0349731445312,773.3250122070312,773.02001953125,773.2503051757812
1786561500,773.2559814453125,773.3800048828125,773.2100219726562,773.22998046875
1786561800,773.22998046875,773.280029296875,773.0,773.0700073242188
1786562100,773.0700073242188,773.219970703125,773.0549926757812,773.14501953125
1786562400,773.1400146484375,773.1599731445312,772.7999877929688,772.8699951171875
1786562700,772.8699951171875,772.989990234375,772.8099975585938,772.97998046875
1786563000,772.97998046875,773.02001953125,772.7999877929688,772.8800048828125
1786563300,772.8699951171875,773.0,772.8400268554688,772.8900146484375
1786563600,772.8800048828125,772.9099731445312,772.5599975585938,772.864990234375
1786563900,772.8599853515625,773.0,772.7000122070312,772.8800048828125
1786564200,772.8800048828125,772.9000244140625,772.1699829101562,772.239990234375
1786564500,772.260009765625,772.719970703125,772.0,772.52001953125
1786564800,772.52,773.08,770.5446,772.98
1786565100,772.9505,773.32,722.5662,772.87
1786565400,772.9,772.99,772.49,772.7568
1786565700,772.49,772.8497,772.49,772.5292
1786566000,772.54,772.58,772.41,772.46
1786566300,772.4576,772.46,772.24,772.3374
1786566600,772.325,772.49,772.28,772.35
1786566900,772.34,772.3881,772.25,772.33
1786567200,772.3492,772.38,772.3,772.32
1786567500,772.31,772.49,772.23,772.25
1786567800,772.25,772.39,772.25,772.29
1786568100,772.28,772.49,772.17,772.25
1786568400,772.2587,772.49,772.2,772.2372
1786568700,772.2379,772.249,771.91,772.2
1786569000,772.225,772.37,772.07,772.36
1786569300,772.3115,772.4,772.25,772.25
1786569600,772.31,772.4782,772.31,772.4173
1786569900,772.45,772.55,772.4126,772.5
1786570200,772.5365,772.55,772.5,772.5169
1786570500,772.52,772.6,772.5012,772.5468
1786570800,772.5468,772.55,772.52,772.5226
1786571100,772.535,772.55,772.52,772.54
1786571400,772.5454,772.55,772.5,772.5
1786571700,772.51,772.61,772.5009,772.56
1786572000,772.51,772.61,772.41,772.5
1786572300,772.5,772.669,772.4462,772.6258
1786572600,772.6185,772.6199,772.3515,772.45
1786572900,772.49,772.5,772.3362,772.3826
1786573200,772.3968,772.4526,772.29,772.4248
1786573500,772.4526,772.47,772.2543,772.41
1786573800,772.3838,772.3838,772.23,772.2648
1786574100,772.2497,772.3101,772.18,772.2838
1786574400,772.3048,772.3657,772.28,772.3365
1786574700,772.34,772.4288,772.3,772.3538
1786575000,772.3162,772.4129,772.31,772.4129
1786575300,772.37,772.3886,772.33,772.3401
1786575600,772.33,772.519,772.33,772.4581
1786575900,772.4858,772.57,772.4806,772.5548
1786576200,772.5015,772.644,772.5015,772.6164
1786576500,772.625,772.64,772.5777,772.6
1786576800,772.66,772.6629,772.59,772.64
1786577100,772.64,772.6448,772.53,772.55
1786577400,772.565,772.57,772.41,772.47
1786577700,772.46,772.6,772.45,772.59
1786578000,772.595,772.6,772.495,772.54
1786578300,772.4997,772.5565,772.25,772.26
1786578600,772.29,772.4087,772.29,772.36
1786578900,772.36,772.408,772.3,772.3
1786608000,772.85,773.6,772.49,773.2038
1786608300,773.2007,773.57,773.13,773.46
1786608600,773.46,773.53,773.32,773.5012
1786608900,773.5248,773.5788,773.3087,773.43
1786609200,773.43,773.685,773.36,773.6392
1786609500,773.69,773.78,773.6899,773.74
1786609800,773.6915,773.759,773.6312,773.7365
1786610100,773.72,773.72,773.58,773.65
1786610400,773.66,773.78,773.66,773.75
1786610700,773.765,773.77,773.65,773.67
1786611000,773.7,773.86,773.685,773.685
1786611300,773.8,773.83,773.74,773.75
1786611600,773.78,773.83,773.649,773.65
1786611900,773.65,773.7,773.5512,773.63
1786612200,773.6785,773.6785,773.5,773.5
1786612500,773.49,773.6,773.359,773.59
1786612800,773.66,773.71,773.6,773.69
1786613100,773.74,773.75,773.55,773.6
1786613400,773.61,773.83,773.57,773.8
1786613700,773.81,773.82,773.73,773.7787
1786614000,773.7712,773.9,773.7712,773.875
1786614300,773.87,773.97,773.84,773.84
1786614600,773.9,773.98,773.89,773.98
1786614900,773.98,774.01,773.95,774.0
1786615200,773.9895,774.03,773.8497,773.87
1786615500,773.8987,773.99,773.86,773.88
1786615800,773.9012,773.9487,773.89,773.8907
1786616100,773.9,774.02,773.8705,773.9417
1786616400,774.0,774.0387,773.91,773.97
1786616700,773.9133,773.9907,773.8687,773.9
1786617000,773.9,774.0,773.9,773.908
1786617300,773.95,773.98,773.9069,773.97
1786617600,773.96,774.02,773.96,773.971
1786617900,773.99,774.09,773.9412,774.09
1786618200,774.061,774.12,774.0132,774.0712
1786618500,774.08,774.0887,774.0,774.069
1786618800,774.02,774.14,772.49,773.9746
1786619100,773.99,774.08,773.9577,773.99
1786619400,774.009,774.046,773.94,774.0144
1786619700,774.0446,774.0446,773.83,773.84
1786620000,773.8423,773.95,773.841,773.9207
1786620300,773.93,773.95,772.5432,773.95
1786620600,773.9543,774.15,773.8983,774.12
1786620900,774.14,774.28,774.1052,774.27
1786621200,774.28,774.37,774.19,774.37
1786621500,774.4,774.4363,774.19,774.2295
1786621800,774.229,774.2343,774.0692,774.2336
1786622100,774.2336,774.2336,773.92,773.969
1786622400,774.02,774.02,773.7,773.76
1786622700,773.75,773.93,773.7285,773.88
1786623000,773.86,773.91,773.64,773.7985
1786623300,773.76,773.8,773.42,773.48
1786623600,773.4477,773.55,773.4477,773.54
1786623900,773.53,773.84,773.48,773.79
1786624200,773.9,774.5,773.3495,773.78
1786624500,773.7717,774.0538,773.73,774.0499
1786624800,774.0,774.22,773.8195,773.9858
1786625100,773.9645,774.2,772.49,774.0
1786625400,774.04,774.26,774.03,774.2495
1786625700,774.25,774.38,774.24,774.3705
1786626000,774.38,774.55,774.3507,774.5001
1786626300,774.5,774.69,774.49,774.63
1786626600,774.65,774.69,774.55,774.61
1786627800,774.8699951171875,775.489990234375,774.1199951171875,775.3807983398438
1786628100,775.3900146484375,776.469970703125,775.3599853515625,776.4400024414062
1786628400,776.4400024414062,776.4400024414062,775.5499877929688,775.7100219726562
1786628700,775.719970703125,776.9603271484375,775.6199951171875,776.8400268554688
1786629000,776.8400268554688,777.1699829101562,776.6699829101562,777.1500244140625
1786629300,777.135009765625,777.6900024414062,776.9299926757812,777.6099853515625
1786629600,777.5999755859375,778.25,777.52001953125,778.2249755859375
1786629900,778.2249755859375,778.3900146484375,777.9299926757812,778.1400146484375
1786630200,778.1500244140625,778.5499877929688,778.1300048828125,778.510009765625
1786630500,778.5250244140625,778.6599731445312,778.023193359375,778.530029296875
1786630800,778.5399780273438,779.2100219726562,778.3900146484375,779.0294799804688
1786631100,779.030029296875,779.25,778.9099731445312,779.1900024414062
1786631400,779.1900024414062,779.3699951171875,778.97998046875,779.219970703125
1786631700,779.219970703125,779.3699951171875,778.75,779.0650024414062
1786632000,779.0650024414062,779.1099853515625,778.5695190429688,778.5695190429688
1786632300,778.5399780273438,778.5499877929688,777.530029296875,777.6799926757812
1786632600,777.6900024414062,777.9349975585938,777.5700073242188,777.8400268554688
1786632900,777.8400268554688,777.969970703125,777.3800048828125,777.760009765625
1786633200,777.77001953125,778.22998046875,777.3200073242188,777.3800048828125
1786633500,777.3699951171875,777.60498046875,776.9650268554688,777.2349853515625
1786633800,777.239990234375,777.3699951171875,777.02001953125,777.1199951171875
1786634100,777.125,777.25,776.7213134765625,777.1749877929688
1786634400,777.1500244140625,777.260009765625,776.8250122070312,776.9149780273438
1786634700,776.9199829101562,776.9299926757812,775.9199829101562,776.1699829101562
1786635000,776.1799926757812,776.3099975585938,775.7100219726562,775.72998046875
1786635300,775.739990234375,776.1500244140625,775.5800170898438,775.9600219726562
1786635600,775.9500122070312,776.3699951171875,775.7000122070312,775.9650268554688
1786635900,775.9600219726562,776.1300048828125,775.7000122070312,775.909912109375
1786636200,775.89501953125,775.9299926757812,775.52001953125,775.6599731445312
1786636500,775.6599731445312,775.9299926757812,775.3800048828125,775.489990234375
1786636800,775.47998046875,776.0499877929688,775.4600219726562,775.89990234375
1786637100,775.9099731445312,776.2899780273438,775.8900146484375,775.9650268554688
1786637400,775.9650268554688,776.1199951171875,775.6749877929688,775.6900024414062
1786637700,775.6923217773438,775.8800048828125,775.5999755859375,775.8499755859375
1786638000,775.8499755859375,776.0900268554688,775.760009765625,776.0599975585938
1786638300,776.0650024414062,776.52001953125,776.0449829101562,776.52001953125
1786638600,776.5250244140625,776.7100219726562,776.405029296875,776.6400146484375
1786638900,776.6400146484375,776.7000122070312,776.2199096679688,776.2899780273438
1786639200,776.2857055664062,776.510009765625,776.2050170898438,776.4400024414062
1786639500,776.4146728515625,776.6699829101562,776.4146728515625,776.6099853515625
1786639800,776.6099853515625,776.7999877929688,776.594970703125,776.6900024414062
1786640100,776.6799926757812,776.760009765625,776.5850219726562,776.7000122070312
1786640400,776.7100219726562,777.0499877929688,776.7100219726562,776.989990234375
1786640700,777.0,777.3800048828125,776.9299926757812,777.25
1786641000,777.25,777.2999877929688,777.0900268554688,777.1900024414062
1786641300,777.1699829101562,777.4000244140625,777.1699829101562,777.4000244140625
1786641600,777.405029296875,777.47998046875,777.1699829101562,777.280029296875
1786641900,777.2899780273438,777.3099975585938,777.0900268554688,777.1099853515625
1786642200,777.0999755859375,777.239990234375,776.8300170898438,776.9299926757812
1786642500,776.9299926757812,776.9349975585938,776.6649780273438,776.7899780273438
1786642800,776.7864990234375,776.9000244140625,776.6199951171875,776.6199951171875
1786643100,776.6199951171875,776.9199829101562,776.6199951171875,776.8300170898438
1786643400,776.8400268554688,776.9299926757812,776.739990234375,776.77001953125
1786643700,776.780029296875,776.9400024414062,776.6699829101562,776.7449951171875
1786644000,776.75,776.9400024414062,776.739990234375,776.9099731445312
1786644300,776.9299926757812,777.0399780273438,776.7999877929688,776.8300170898438
1786644600,776.8200073242188,777.1400146484375,776.6599731445312,777.0800170898438
1786644900,777.0750122070312,777.1699829101562,776.8900146484375,776.9500122070312
1786645200,776.9299926757812,776.989990234375,776.6799926757812,776.719970703125
1786645500,776.72998046875,777.0449829101562,776.7100219726562,776.97998046875
1786645800,776.989990234375,777.260009765625,776.989990234375,777.2368774414062
1786646100,777.25,777.4199829101562,777.2000122070312,777.4000244140625
1786646400,777.4099731445312,777.739990234375,777.3599853515625,777.6174926757812
1786646700,777.614990234375,777.760009765625,777.6055297851562,777.75
1786647000,777.75,777.9299926757812,777.6300048828125,777.8699951171875
1786647300,777.8699951171875,777.9199829101562,777.6699829101562,777.739990234375
1786647600,777.75,777.9301147460938,777.719970703125,777.8800048828125
1786647900,777.8800048828125,778.4299926757812,777.7999877929688,778.35498046875
1786648200,778.3599853515625,778.3599853515625,777.8400268554688,777.9600219726562
1786648500,777.9500122070312,778.1500244140625,777.7899780273438,778.1500244140625
1786648800,778.14501953125,778.3300170898438,778.1300048828125,778.2949829101562
1786649100,778.2899780273438,778.3699951171875,777.97998046875,778.0300903320312
1786649400,778.030029296875,778.239990234375,777.9500122070312,778.0399780273438
1786649700,778.0399780273438,778.0599975585938,777.72998046875,777.9550170898438
1786650000,777.9600219726562,778.030029296875,777.6900024414062,777.719970703125
1786650300,777.7100219726562,777.8200073242188,777.6400146484375,777.77001953125
1786650600,777.75,777.75,777.3499755859375,777.5150146484375
1786650900,777.530029296875,777.9349975585938,777.364990234375,777.780029296875
1786651200,777.79,777.9976,777.33,777.93
1786651500,777.94,777.99,777.695,777.776
1786651800,777.79,777.88,777.0,777.7244
1786652100,777.88,777.88,772.5792,777.6
1786652400,777.88,777.88,777.4997,777.59
1786652700,777.5692,777.6865,777.51,777.5756
1786653000,777.5668,777.77,777.54,777.7268
1786653300,777.7288,777.82,777.66,777.81
1786653600,777.8226,777.88,777.8,777.8532
1786653900,777.8532,777.9399,777.7,777.91
1786654200,777.9,778.02,777.9,778.0
1786654500,778.01,778.03,777.95,777.9948
1786654800,777.9948,778.0,777.88,777.9721
1786655100,777.9778,778.03,777.72,778.0
1786655400,778.0229,778.0317,777.88,777.97
1786655700,777.96,778.04,777.96,778.0195
1786656000,778.0169,778.02,777.8,778.013
1786656300,778.013,778.02,777.9,777.9126
1786656600,777.95,778.02,777.88,777.95
1786656900,778.0,778.04,777.9,777.91
1786657200,777.9,778.0367,777.9,778.02
1786657500,777.97,778.0388,777.9132,778.0032
1786657800,778.0168,778.02,777.912,778.0
1786658100,777.9128,777.9975,777.9,777.99
1786658400,777.99,778.18,777.9,778.1354
1786658700,778.14,778.18,778.0195,778.0768
1786659000,778.0507,778.0565,777.9173,777.9568
1786659300,777.9468,778.1188,777.9,778.06
1786659600,778.0617,778.0617,777.84,777.95
1786659900,777.97,778.0299,777.94,777.95
1786660200,777.941,778.03,777.941,778.0
1786660500,778.0049,778.03,777.94,777.94
1786660800,777.95,778.0404,777.9312,778.02
1786661100,778.01,778.03,777.8985,777.9638
1786661400,777.9627,778.0,777.9,777.95
1786661700,777.9475,777.9787,777.9207,777.94
1786662000,777.95,777.9787,777.915,777.97
1786662300,777.9412,778.1638,777.93,778.1638
1786662600,778.1407,778.24,778.14,778.24
1786662900,778.24,778.27,778.1262,778.2
1786663200,778.2,778.21,778.03,778.06
1786663500,778.0428,778.17,778.0428,778.119
1786663800,778.06,778.189,778.04,778.189
1786664100,778.1592,778.19,778.05,778.0501
1786664400,778.05,778.16,778.045,778.11
1786664700,778.09,778.18,778.05,778.118
1786665000,778.135,778.17,778.08,778.085
1786665300,778.1182,778.1486,778.0362,778.12
1786694400,778.18,778.378,777.7625,778.17
1786694700,778.21,778.36,778.07,778.2323
1786695000,778.3,778.31,778.1185,778.15
1786695300,778.24,778.2812,778.121,778.14
1786695600,778.14,778.2039,778.0692,778.18
1786695900,778.1515,778.37,778.1515,778.37
1786696200,778.37,778.4805,778.3692,778.3938
1786696500,778.41,778.6,778.41,778.55
1786696800,778.59,778.62,778.479,778.479
1786697100,778.4687,778.64,778.44,778.6088
1786697400,778.5897,778.6,778.5,778.5
1786697700,778.4735,778.5,778.4112,778.4112
1786698000,778.42,778.439,778.2492,778.2995
1786698300,778.28,778.37,778.2597,778.33
1786698600,778.36,778.3987,778.31,778.3987
1786698900,778.369,778.41,778.2985,778.41
1786699200,778.38,778.55,778.37,778.55
1786699500,778.5587,778.5587,778.38,778.41
1786699800,778.4,778.41,778.2595,778.26
1786700100,778.2565,778.28,778.181,778.21
1786700400,778.2487,778.2805,778.2012,778.28
1786700700,778.3,778.431,778.26,778.3992
1786701000,778.41,778.47,778.41,778.45
1786701300,778.47,778.525,778.42,778.5215
1786701600,778.5276,778.61,778.52,778.61
1786701900,778.67,778.72,778.61,778.65
1786702200,778.62,778.7,778.6002,778.63
1786702500,778.6005,778.62,778.52,778.57
1786702800,778.55,778.55,778.4892,778.5487
1786703100,778.5223,778.57,778.42,778.46
1786703400,778.4952,778.61,778.45,778.55
1786703700,778.5987,778.5987,778.4992,778.52
1786704000,778.5392,778.5505,778.369,778.4507
1786704300,778.539,778.54,778.4304,778.4692
1786704600,778.47,778.6287,778.47,778.57
1786704900,778.569,778.64,778.43,778.6205
1786705200,778.63,778.72,777.88,778.5392
1786705500,778.53,778.7,778.5297,778.61
1786705800,778.59,778.659,778.5,778.53
1786706100,778.51,778.5499,778.44,778.49
1786706400,778.4862,778.5545,778.4068,778.5
1786706700,778.5351,778.5515,778.4415,778.4763
1786707000,778.48,778.6106,778.4606,778.6106
1786707300,778.63,778.76,778.6092,778.6092
1786707600,778.61,778.65,778.551,778.65
1786707900,778.64,778.76,778.6055,778.75
1786708200,778.77,778.84,778.64,778.669
1786708500,778.67,778.72,778.6,778.71
1786708800,778.67,778.7527,778.6462,778.6462
1786709100,778.6757,778.73,778.61,778.7006
1786709400,778.7156,778.7156,777.91,778.4511
1786709700,778.4482,778.4482,778.28,778.32
1786710000,778.34,778.49,778.2938,778.3
1786710300,778.2944,778.6,778.279,778.5929
1786710600,778.6,778.92,778.56,778.7985
1786710900,778.79,778.8375,778.61,778.6392
1786711200,778.629,778.67,778.5605,778.63
1786711500,778.64,778.81,777.88,778.77
1786711800,778.78,778.84,778.72,778.83
1786712100,778.81,778.88,778.76,778.8087
1786712400,778.81,778.82,778.59,778.6
1786712700,778.59,778.7323,778.58,778.6263
1786713000,778.61,778.6531,778.37,778.38
1786714200,778.5399780273438,778.5800170898438,777.9199829101562,778.1900024414062
1786714500,778.1649780273438,778.280029296875,777.6599731445312,778.02001953125
1786714800,778.0399780273438,778.4849853515625,777.8200073242188,778.3800048828125
1786715100,778.3900146484375,778.5999755859375,777.88037109375,777.9500122070312
1786715400,777.9600219726562,778.5999755859375,777.8099975585938,778.469970703125
1786715700,778.469970703125,778.510009765625,778.0999755859375,778.4299926757812
1786716000,778.4199829101562,778.5900268554688,778.1599731445312,778.5499877929688
1786716300,778.5499877929688,778.7999877929688,778.469970703125,778.52001953125
1786716600,778.530029296875,778.6799926757812,778.280029296875,778.280029296875
1786716900,778.2750244140625,778.3400268554688,777.7650146484375,777.8101196289062
1786717200,777.8099975585938,777.9099731445312,777.3800048828125,777.530029296875
1786717500,777.527099609375,777.619873046875,777.1300048828125,777.4099731445312
1786717800,777.4000244140625,777.47998046875,776.8200073242188,776.8699951171875
1786718100,776.8599853515625,777.4400024414062,776.8400268554688,777.4000244140625
1786718400,777.375,777.375,777.010009765625,777.1300048828125
1786718700,777.1199951171875,777.4299926757812,777.030029296875,777.260009765625
1786719000,777.2449951171875,777.4392700195312,776.9880981445312,777.0150146484375
1786719300,777.02001953125,777.1500244140625,776.739990234375,776.739990234375
1786719600,776.7449951171875,777.1099853515625,776.7100219726562,776.9400024414062
1786719900,776.9299926757812,777.0599975585938,776.5700073242188,776.6599731445312
1786720200,776.6699829101562,776.780029296875,776.4199829101562,776.4550170898438
1786720500,776.4500122070312,776.6900024414062,776.4299926757812,776.5900268554688
1786720800,776.5900268554688,776.6500244140625,775.989990234375,776.0017700195312
1786721100,776.0,776.2999877929688,775.8599853515625,776.2999877929688
1786721400,776.2899780273438,776.4149780273438,776.010009765625,776.1699829101562
1786721700,776.1799926757812,776.4600219726562,776.0599975585938,776.0618286132812
1786722000,776.0900268554688,776.1300048828125,775.8499755859375,776.0499877929688
1786722300,776.0549926757812,776.3699951171875,775.8599853515625,775.8900146484375
1786722600,775.8800048828125,776.2100219726562,775.8099975585938,776.114990234375
1786722900,776.1199951171875,776.3499755859375,776.02001953125,776.219970703125
1786723200,776.22998046875,776.5900268554688,776.22998046875,776.4398803710938
1786723500,776.4099731445312,776.510009765625,776.0999755859375,776.239990234375
1786723800,776.236328125,776.5599975585938,776.1699829101562,776.5499877929688
1786724100,776.5499877929688,776.75,776.530029296875,776.5900268554688
1786724400,776.5900268554688,776.7000122070312,776.4400024414062,776.6699829101562
1786724700,776.6749877929688,776.8200073242188,776.6199951171875,776.7100219726562
1786725000,776.7000122070312,776.7349853515625,776.2999877929688,776.375
1786725300,776.3800048828125,776.6300048828125,776.3400268554688,776.469970703125
1786725600,776.489990234375,776.489990234375,776.135009765625,776.135009765625
1786725900,776.1300048828125,776.2100219726562,775.9805297851562,776.1375122070312
1786726200,776.1199951171875,776.1199951171875,775.8250122070312,775.9237060546875
1786726500,775.9299926757812,776.010009765625,775.6599731445312,775.7000122070312
1786726800,775.7000122070312,775.8800048828125,775.6300048828125,775.7899780273438
1786727100,775.7899780273438,775.969970703125,775.780029296875,775.9000244140625
1786727400,775.9099731445312,776.114990234375,775.8300170898438,776.0599975585938
1786727700,776.0499877929688,776.1099853515625,775.7899780273438,775.9650268554688
1786728000,775.9600219726562,776.1300048828125,775.780029296875,775.8300170898438
1786728300,775.8200073242188,775.8300170898438,775.653076171875,775.77001953125
1786728600,775.780029296875,775.97998046875,775.739990234375,775.8300170898438
1786728900,775.8200073242188,775.8200073242188,775.4301147460938,775.5750122070312
1786729200,775.5499877929688,775.6599731445312,775.469970703125,775.5999755859375
1786729500,775.5999755859375,775.719970703125,775.5399780273438,775.6099853515625
1786729800,775.5999755859375,775.8099975585938,775.4650268554688,775.7550048828125
1786730100,775.7550048828125,775.9299926757812,775.6400146484375,775.8300170898438
1786730400,775.8350219726562,776.1099853515625,775.72998046875,776.02001953125
1786730700,776.02001953125,776.1599731445312,775.9500122070312,776.155029296875
1786731000,776.1500244140625,776.2999877929688,776.0700073242188,776.1599731445312
1786731300,776.1500244140625,776.3300170898438,776.1199951171875,776.2050170898438
1786731600,776.2100219726562,776.3200073242188,776.0800170898438,776.1749877929688
1786731900,776.1799926757812,776.27001953125,775.8900146484375,775.9249877929688
1786732200,775.9299926757812,776.1099853515625,775.8200073242188,775.9000244140625
1786732500,775.9000244140625,776.0399780273438,775.8200073242188,776.0050048828125
1786732800,776.0050048828125,776.27001953125,775.9500122070312,776.2100219726562
1786733100,776.2100219726562,776.260009765625,776.0399780273438,776.2550048828125
1786733400,776.260009765625,776.4918823242188,776.260009765625,776.3599853515625
1786733700,776.3599853515625,776.3599853515625,776.1500244140625,776.1900024414062
1786734000,776.1900024414062,776.219970703125,775.8900146484375,775.989990234375
1786734300,775.9849853515625,776.1900024414062,775.9500122070312,776.1599731445312
1786734600,776.1699829101562,776.1849975585938,776.0399780273438,776.0499877929688
1786734900,776.0499877929688,776.1300048828125,775.8300170898438,775.9949951171875
1786735200,775.9949951171875,776.1199951171875,775.8699951171875,776.1099853515625
1786735500,776.1099853515625,776.3300170898438,776.1099853515625,776.155029296875
1786735800,776.155029296875,776.3088989257812,776.0999755859375,776.2349853515625
1786736100,776.239990234375,776.3200073242188,776.030029296875,776.1699829101562
1786736400,776.1699829101562,776.3049926757812,776.114990234375,776.1649780273438
1786736700,776.1599731445312,776.219970703125,775.969970703125,776.2000122070312
1786737000,776.1900024414062,776.4099731445312,776.0999755859375,776.2000122070312
1786737300,776.2100219726562,776.4199829101562,775.9199829101562,776.2999877929688
1786737600,776.3,777.6979,775.9895,776.03
1786737900,776.0397,777.6979,775.7795,775.87
1786738200,775.86,776.4009,775.81,775.889
1786738500,776.34,776.34,775.76,775.8249
1786738800,776.34,777.6979,775.76,777.6979
1786739100,775.82,777.6979,775.79,775.88
1786739400,775.84,777.6979,775.81,776.05
1786739700,776.04,776.089,775.98,776.02
1786740000,776.0168,776.06,775.9928,776.0
1786740300,776.0,776.04,775.9258,776.03
1786740600,776.0,776.06,775.9532,775.97
1786740900,775.9762,776.34,775.9505,776.03
1786741200,776.04,787.5169,775.93,775.9775
1786741500,776.0799,776.0814,775.9739,776.0323
1786741800,776.0348,776.04,775.95,776.0288
1786742100,775.9949,776.34,775.95,775.9635
1786742400,776.34,776.34,775.96,776.0365
1786742700,776.04,776.04,775.96,776.0329
1786743000,776.0329,776.1,775.95,775.95
1786743300,775.95,775.99,775.95,775.9578
1786743600,775.9598,775.96,775.93,775.9577
1786743900,775.9574,775.99,775.93,775.99
1786744200,775.9868,775.99,775.9763,775.99
1786744500,775.99,776.11,775.9735,776.1
1786744800,776.0962,776.11,776.01,776.0906
1786745100,776.09,776.1,776.0187,776.0949
1786745400,776.075,776.1,776.05,776.0774
1786745700,776.07,776.2,776.05,776.2
1786746000,776.2,776.2,775.73,776.1792
1786746300,776.09,776.1962,776.05,776.1792
1786746600,776.1792,776.2,776.0501,776.1787
1786746900,776.1787,776.2,776.0661,776.13
1786747200,776.18,776.198,776.06,776.15
1786747500,776.15,776.19,776.06,776.11
1786747800,776.14,776.19,776.1,776.14
1786748100,776.14,776.1877,776.11,776.1728
1786748400,776.17,776.19,776.11,776.11
1786748700,776.17,776.18,776.12,776.18
1786749000,776.18,776.1892,776.13,776.175
1786749300,776.18,776.22,776.16,776.2096
1786749600,776.2096,776.21,776.12,776.13
1786749900,776.13,776.22,776.12,776.22
1786750200,776.1602,776.22,776.1602,776.2
1786750500,776.219,776.27,776.1834,776.25
1786750800,776.1232,776.26,776.1232,776.218
1786751100,776.1924,776.27,776.1924,776.23
1786751400,776.19,776.24,776.135,776.14
1786751700,776.13,776.13,775.98,775.98
1786953600,777.27,777.92,777.0,777.559
1786953900,777.5392,777.58,777.42,777.54
1786954200,777.52,777.54,777.399,777.43
1786954500,777.43,777.4788,777.359,777.359
1786954800,777.3584,777.4507,777.3584,777.4507
1786955100,777.43,777.52,777.4,777.47
1786955400,777.47,777.55,777.45,777.45
1786955700,777.4569,777.53,777.4569,777.4966
1786956000,777.5,777.52,777.279,777.279
1786956300,777.28,777.36,777.25,777.3032
1786956600,777.3,777.321,777.21,777.321
1786956900,777.3,777.4943,777.3,777.47
1786957200,777.47,777.53,777.39,777.4585
1786957500,777.4612,777.571,777.44,777.571
1786957800,777.57,777.63,777.5198,777.61
1786958100,777.61,777.61,777.5,777.53
1786958400,777.5457,777.5457,777.47,777.47
1786958700,777.49,777.51,777.33,777.389
1786959000,777.389,777.41,777.24,777.2612
1786959300,777.3574,777.38,777.3092,777.3092
1786959600,777.31,777.35,777.29,777.35
1786959900,777.3612,777.53,777.3495,777.4
1786960200,777.46,777.46,777.339,777.4187
1786960500,777.41,777.41,777.26,777.311
1786960800,777.311,777.4,777.31,777.34
1786961100,777.34,777.43,777.3112,777.36
1786961400,777.33,777.48,777.31,777.48
1786961700,777.48,777.54,777.4,777.5
1786962000,777.4392,777.4392,777.2683,777.279
1786962300,777.28,778.25,777.1092,778.2207
1786962600,778.17,778.23,777.37,777.3987
1786962900,777.4,777.5,777.36,777.5
1786963200,777.4615,777.58,777.4612,777.53
1786963500,777.53,777.55,777.4695,777.4695
1786963800,777.49,777.54,777.46,777.49
1786964100,777.49,777.52,777.44,777.48
1786964400,777.5,777.5051,776.34,777.4943
1786964700,777.49,777.65,777.45,777.6068
1786965000,777.6015,777.61,777.36,777.433
1786965300,777.433,777.433,777.1574,777.1574
1786965600,777.16,777.39,777.16,777.38
1786965900,777.43,777.43,777.21,777.34
1786966200,777.34,777.5088,777.29,777.4
1786966500,777.39,777.42,777.33,777.395
1786966800,777.3833,777.41,777.2857,777.41
1786967100,777.3531,777.43,777.28,777.3496
1786967400,777.3287,777.329,777.11,777.2198
1786967700,777.2157,777.24,777.13,777.165
1786968000,777.17,777.1943,776.81,776.8195
1786968300,776.8097,777.14,776.78,777.1079
1786968600,777.1056,777.25,777.1056,777.2
1786968900,777.22,777.2416,777.0948,777.1862
1786969200,777.1862,777.31,777.14,777.14
1786969500,777.1688,777.27,776.39,776.6707
1786969800,776.62,776.8181,776.45,776.66
1786970100,776.6,776.65,776.2,776.22
1786970400,776.21,776.44,776.1492,776.2253
1786970700,776.2543,776.34,776.0,776.0936
1786971000,776.115,776.26,776.05,776.1516
1786971300,776.1778,776.35,776.0657,776.197
1786971600,776.2,776.36,776.19,776.2838
1786971900,776.2878,776.5088,776.2557,776.49
1786972200,776.45,776.5,776.35,776.46
1786973400,776.1799926757812,776.7750244140625,775.4620971679688,775.510009765625
1786973700,775.5098876953125,775.8900146484375,775.3200073242188,775.4398803710938
1786974000,775.4500122070312,775.8400268554688,775.3200073242188,775.5650024414062
1786974300,775.5599975585938,776.0100708007812,775.1900024414062,775.969970703125
1786974600,775.9749755859375,776.0,775.5599975585938,775.8099975585938
1786974900,775.8300170898438,775.8300170898438,775.1799926757812,775.29052734375
1786975200,775.2650146484375,775.5999755859375,775.02001953125,775.4099731445312
1786975500,775.4099731445312,775.5,775.0900268554688,775.4349975585938
1786975800,775.4400024414062,775.77001953125,775.3599853515625,775.6599731445312
1786976100,775.6599731445312,775.6599731445312,775.2349853515625,775.3300170898438
1786976400,775.3499755859375,775.3599853515625,775.02001953125,775.25
1786976700,775.260009765625,775.469970703125,775.0,775.4600219726562
1786977000,775.4500122070312,775.5899047851562,775.3400268554688,775.5601196289062
1786977300,775.5700073242188,775.5700073242188,774.9299926757812,775.0599975585938
1786977600,775.0700073242188,775.3400268554688,775.030029296875,775.1212158203125
1786977900,775.1400146484375,775.3699951171875,775.1300048828125,775.2849731445312
1786978200,775.2899780273438,775.47998046875,774.9000244140625,774.9600219726562
1786978500,774.9600219726562,775.2899780273438,774.8900146484375,775.27001953125
1786978800,775.27001953125,775.5999755859375,775.1500244140625,775.5
1786979100,775.5,775.5999755859375,775.2999877929688,775.3800048828125
1786979400,775.3699951171875,775.5700073242188,775.3200073242188,775.3300170898438
1786979700,775.3300170898438,775.760009765625,775.2999877929688,775.7000122070312
1786980000,775.7000122070312,775.8599853515625,775.6199951171875,775.6699829101562
1786980300,775.7000122070312,775.7899780273438,775.530029296875,775.7150268554688
1786980600,775.7150268554688,775.8200073242188,775.219970703125,775.2210083007812
1786980900,775.239990234375,775.3250122070312,774.969970703125,775.02001953125
1786981200,775.010009765625,775.1099853515625,774.7100219726562,775.0999755859375
1786981500,775.0999755859375,775.239990234375,775.0150146484375,775.0999755859375
1786981800,775.0700073242188,775.4099731445312,775.02001953125,775.3300170898438
1786982100,775.3300170898438,775.4400024414062,775.280029296875,775.2999877929688
1786982400,775.2949829101562,775.375,775.135009765625,775.219970703125
1786982700,775.219970703125,775.3200073242188,775.0599975585938,775.1300048828125
1786983000,775.1500244140625,775.4600219726562,775.1300048828125,775.3800048828125
1786983300,775.3800048828125,775.5900268554688,775.3599853515625,775.5
1786983600,775.510009765625,775.6099853515625,775.3699951171875,775.4199829101562
1786983900,775.4000244140625,775.4299926757812,775.2050170898438,775.2899780273438
1786984200,775.2999877929688,775.4099731445312,775.0900268554688,775.1099853515625
1786984500,775.1099853515625,775.2899780273438,775.0900268554688,775.2899780273438
1786984800,775.2899780273438,775.2899780273438,774.9299926757812,774.9400024414062
1786985100,774.9450073242188,775.0700073242188,774.8499755859375,775.0050048828125
1786985400,775.010009765625,775.0499877929688,774.6500244140625,774.8699951171875
1786985700,774.8699951171875,774.9099731445312,774.6099853515625,774.6799926757812
1786986000,774.6699829101562,774.780029296875,774.5599975585938,774.6799926757812
1786986300,774.6799926757812,774.6799926757812,774.489990234375,774.5599975585938
1786986600,774.5599975585938,774.6500244140625,774.2999877929688,774.3099975585938
1786986900,774.2899780273438,774.4450073242188,774.0700073242188,774.239990234375
1786987200,774.239990234375,774.3200073242188,773.6599731445312,773.75
1786987500,773.75,773.7899780273438,773.469970703125,773.5800170898438
1786987800,773.5700073242188,773.8599853515625,773.4199829101562,773.4400024414062
1786988100,773.4299926757812,773.530029296875,773.14501953125,773.14501953125
1786988400,773.1300048828125,773.8400268554688,773.0999755859375,773.780029296875
1786988700,773.760986328125,773.844970703125,773.4749755859375,773.5050048828125
1786989000,773.510009765625,773.6699829101562,773.4000244140625,773.5549926757812
1786989300,773.5598754882812,773.5700073242188,773.3200073242188,773.4099731445312
1786989600,773.4199829101562,773.5900268554688,773.280029296875,773.4500122070312
1786989900,773.4500122070312,773.6300048828125,773.2999877929688,773.3900146484375
1786990200,773.3599853515625,773.75,773.3300170898438,773.6900024414062
1786990500,773.6950073242188,773.7999877929688,773.510009765625,773.5789794921875
1786990800,773.5599975585938,773.739990234375,773.3900146484375,773.7100219726562
1786991100,773.7000122070312,773.7999877929688,773.4199829101562,773.5900268554688
1786991400,773.5800170898438,773.6300048828125,773.22998046875,773.260009765625
1786991700,773.260009765625,773.489990234375,773.260009765625,773.4799194335938
1786992000,773.4500122070312,773.7000122070312,773.4000244140625,773.5999755859375
1786992300,773.60498046875,773.780029296875,773.5549926757812,773.719970703125
1786992600,773.7150268554688,773.8200073242188,773.5449829101562,773.5999755859375
1786992900,773.594970703125,773.635009765625,773.5,773.5349731445312
1786993200,773.5349731445312,773.5900268554688,773.2999877929688,773.3200073242188
1786993500,773.3300170898438,773.4299926757812,773.260009765625,773.2949829101562
1786993800,773.2949829101562,773.4149780273438,773.155029296875,773.2100219726562
1786994100,773.2100219726562,773.510009765625,773.1599731445312,773.3800048828125
1786994400,773.3900146484375,773.469970703125,773.25,773.280029296875
1786994700,773.27001953125,773.4099731445312,773.1199951171875,773.1199951171875
1786995000,773.1300048828125,773.1599731445312,772.72998046875,772.9749755859375
1786995300,772.97998046875,773.1199951171875,772.8626708984375,773.0150146484375
1786995600,773.010009765625,773.0700073242188,772.8099975585938,772.97998046875
1786995900,772.97998046875,773.3400268554688,772.969970703125,773.3150024414062
1786996200,773.3150024414062,773.3599853515625,772.6199951171875,772.7550048828125
1786996500,772.75,772.9500122070312,772.510009765625,772.6799926757812
1786996800,772.68,776.4777,772.45,772.55
1786997100,772.5494,776.4777,772.23,772.4238
1786997400,772.61,772.67,772.4138,772.6095
1786997700,772.67,772.67,772.34,772.5958
1786998000,772.67,772.67,772.54,772.545
1786998300,772.5301,772.57,772.41,772.4674
1786998600,772.4532,772.67,772.3844,772.4678
1786998900,772.4678,772.47,772.32,772.3422
1786999200,772.34,772.55,772.27,772.34
1786999500,772.33,772.34,772.22,772.27
1786999800,772.3287,772.67,772.24,772.46
1787000100,772.4838,772.51,772.37,772.395
1787000400,772.4074,776.43,772.3826,772.49
1787000700,772.486,772.5,772.4,772.493
1787001000,772.4987,772.67,772.14,772.47
1787001300,772.5065,772.55,772.4718,772.5449
1787001600,772.53,772.67,772.51,772.5461
1787001900,772.5461,772.55,772.3912,772.53
1787002200,772.52,772.55,772.39,772.5
1787002500,772.47,772.67,772.21,772.53
1787002800,772.4885,772.55,772.3982,772.53
1787003100,772.53,772.55,772.42,772.4565
1787003400,772.422,772.61,772.422,772.55
1787003700,772.57,772.57,772.5,772.5365
1787004000,772.5,772.71,772.4417,772.6238
1787004300,772.58,772.6706,772.44,772.6638
1787004600,772.6465,772.67,772.43,772.5
1787004900,772.48,772.5,772.17,772.33
1787005200,772.33,772.45,772.281,772.4165
1787005500,772.42,772.4813,772.36,772.43
1787005800,772.42,772.45,772.3,772.37
1787006100,772.37,772.38,772.31,772.3474
1787006400,772.3336,772.44,772.31,772.3305
1787006700,772.3301,772.46,772.3301,772.4338
1787007000,772.43,772.47,772.35,772.47
1787007300,772.47,772.5,772.42,772.4497
1787007600,772.4368,772.4385,772.24,772.305
1787007900,772.31,772.46,772.29,772.4268
1787008200,772.4268,772.46,772.4,772.41
1787008500,772.4,772.41,772.24,772.3748
1787008800,772.3738,772.3738,772.2612,772.32
1787009100,772.29,772.4,772.2877,772.3961
1787009400,772.3961,772.64,772.3961,772.6176
1787009700,772.61,772.68,772.58,772.665
1787010000,772.6665,772.6717,772.56,772.59
1787010300,772.6192,772.6192,772.32,772.38
1787010600,772.48,772.67,772.4792,772.6
1787010900,772.6,772.7,772.5417,772.65
1787040000,769.08,772.67,767.8,768.23
1787040300,768.21,769.75,767.98,768.31
1787040600,768.28,768.69,768.08,768.605
1787040900,768.64,768.86,768.56,768.7312
1787041200,768.71,768.71,768.31,768.4
1787041500,768.3629,768.7,768.3386,768.6634
1787041800,768.65,768.8605,768.53,768.83
1787042100,768.8917,769.19,768.8917,769.09
1787042400,769.1015,769.18,768.9712,769.0987
1787042700,769.09,769.11,768.67,768.67
1787043000,768.6464,768.97,768.6,768.85
1787043300,768.85,769.03,768.807,768.97
1787043600,768.9987,769.14,768.77,769.099
1787043900,769.05,769.05,768.7,768.7582
1787044200,768.7609,768.91,768.72,768.75
1787044500,768.74,768.76,768.48,768.5393
1787044800,768.54,768.585,768.395,768.42
1787045100,768.44,768.77,768.3801,768.67
1787045400,768.64,768.85,768.51,768.75
1787045700,768.8,768.87,768.6941,768.74
1787046000,768.72,768.72,768.285,768.51
1787046300,768.57,768.64,768.325,768.449
1787046600,768.47,768.79,768.37,768.79
1787046900,768.85,769.02,768.82,768.9595
1787047200,768.96,769.18,768.9,769.06
1787047500,769.08,769.21,769.02,769.13
1787047800,769.22,769.22,768.94,769.02
1787048100,769.05,769.0822,768.94,768.94
1787048400,768.94,768.99,768.84,768.87
1787048700,768.88,769.13,768.84,769.07
1787049000,769.0792,769.23,769.07,769.18
1787049300,769.19,769.3,768.24994,769.2
1787049600,769.16,769.18,768.95,768.95
1787049900,768.96,769.365,768.95,769.35
1787050200,769.37,769.415,769.32,769.35
1787050500,769.35,769.38,769.15,769.179
1787050800,769.179,772.67,769.09,769.4507
1787051100,769.5,769.5243,769.39,769.45
1787051400,769.49,769.61,769.45,769.59
1787051700,769.57,769.63,769.5,769.63
1787052000,769.6267,769.66,769.4402,769.5
1787052300,769.4679,769.63,769.4679,769.55
1787052600,769.55,769.56,769.32,769.4
1787052900,769.4916,769.5,769.26,769.28
1787053200,769.302,769.71,769.22,769.63
1787053500,769.625,769.859,769.625,769.7519
1787053800,769.7915,769.795,769.39,769.4315
1787054100,769.4503,769.64,769.4,769.5
1787054400,769.49,769.87,769.4,769.86
1787054700,769.84,769.88,769.45,769.4731
1787055000,769.4897,769.5,769.28,769.4196
1787055300,769.4226,769.52,769.32,769.5169
1787055600,769.52,769.89,769.42,769.43
1787055900,769.47,769.4816,769.26,769.31
1787056200,769.3,769.39,769.08,769.15
1787056500,769.15,769.19,768.9,768.9939
1787056800,769.01,769.09,768.92,768.95
1787057100,768.98,772.67,768.94,769.246
1787057400,769.25,769.47,769.21,769.47
1787057700,769.4258,769.6,769.3284,769.5955
1787058000,769.58,769.65,769.31,769.3135
1787058300,769.3046,769.37,769.17,769.1944
1787058600,769.23,769.23,769.05,769.1114
1787059800,768.7000122070312,769.4600219726562,767.9099731445312,768.5499877929688
1787060100,768.5499877929688,769.19970703125,768.3099975585938,769.1300048828125
1787060400,769.10498046875,769.5,768.719970703125,768.75
1787060700,768.72998046875,769.0800170898438,768.3599853515625,768.4500122070312
1787061000,768.4600219726562,768.8099975585938,768.2150268554688,768.5599975585938
1787061300,768.5800170898438,768.8499755859375,768.1199951171875,768.469970703125
1787061600,768.489990234375,769.27001953125,768.1799926757812,768.969970703125
1787061900,768.9600219726562,769.2100219726562,768.4450073242188,768.5399780273438
1787062200,768.5399780273438,768.5700073242188,767.6300048828125,768.0900268554688
1787062500,768.1099853515625,768.8200073242188,767.989990234375,768.5499877929688
1787062800,768.5499877929688,768.97998046875,768.0900268554688,768.8099975585938
1787063100,768.8200073242188,769.0800170898438,768.5358276367188,768.6599731445312
1787063400,768.6400146484375,769.25,768.5700073242188,768.77001953125
1787063700,768.77001953125,769.1699829101562,768.72998046875,769.0900268554688
1787064000,769.0900268554688,769.2100219726562,768.3800048828125,768.4000244140625
1787064300,768.3900146484375,768.5850219726562,768.1799926757812,768.469970703125
1787064600,768.4749755859375,768.8049926757812,767.9099731445312,767.9400024414062
1787064900,767.9400024414062,768.1300048828125,767.7100219726562,767.9199829101562
1787065200,767.9299926757812,768.2949829101562,767.4199829101562,768.219970703125
1787065500,768.219970703125,768.3800048828125,767.719970703125,767.77001953125
1787065800,767.780029296875,767.9249877929688,767.6400146484375,767.719970703125
1787066100,767.72998046875,767.8900146484375,767.469970703125,767.47998046875
1787066400,767.4500122070312,767.718017578125,767.3300170898438,767.5499877929688
1787066700,767.5399780273438,768.0313720703125,767.4199829101562,767.8400268554688
1787067000,767.85498046875,768.1900024414062,767.7349853515625,767.8900146484375
1787067300,767.8900146484375,767.9000244140625,767.5999755859375,767.8250122070312
1787067600,767.8350219726562,768.2650146484375,767.6900024414062,768.0599975585938
1787067900,768.0700073242188,768.5700073242188,768.0700073242188,768.39501953125
1787068200,768.3699951171875,768.6300048828125,768.0999755859375,768.489990234375
1787068500,768.47998046875,768.5,768.0700073242188,768.3499755859375
1787068800,768.3499755859375,768.6500244140625,768.2750244140625,768.5700073242188
1787069100,768.5549926757812,768.7100219726562,768.219970703125,768.3699951171875
1787069400,768.3699951171875,768.72998046875,768.3699951171875,768.5499877929688
1787069700,768.5700073242188,768.6400146484375,768.2210083007812,768.3099975585938
1787070000,768.3099975585938,768.8699951171875,768.3099975585938,768.6799926757812
1787070300,768.6699829101562,768.7299194335938,768.1400146484375,768.2100219726562
1787070600,768.1900024414062,768.4299926757812,768.0700073242188,768.3099975585938
1787070900,768.3200073242188,768.5800170898438,768.1649780273438,768.4550170898438
1787071200,768.4600219726562,768.5999755859375,768.1900024414062,768.3699951171875
1787071500,768.3800048828125,768.8400268554688,768.2000122070312,768.77001953125
1787071800,768.77001953125,768.8699951171875,768.64501953125,768.8298950195312
1787072100,768.8200073242188,768.8300170898438,768.6199951171875,768.6300048828125
1787072400,768.6199951171875,768.6900024414062,768.3699951171875,768.5499877929688
1787072700,768.5599975585938,768.760009765625,768.4500122070312,768.760009765625
1787073000,768.760009765625,768.8200073242188,768.489990234375,768.6199951171875
1787073300,768.6199951171875,768.6400146484375,768.27001953125,768.2999877929688
1787073600,768.2999877929688,768.5449829101562,768.239990234375,768.260009765625
1787073900,768.260009765625,768.3300170898438,768.0800170898438,768.2999877929688
1787074200,768.2899780273438,768.3900146484375,768.0938720703125,768.1900024414062
1787074500,768.198974609375,768.3925170898438,768.010009765625,768.219970703125
1787074800,768.219970703125,768.2899780273438,768.0599975585938,768.0900268554688
1787075100,768.0700073242188,768.2100219726562,767.989990234375,768.010009765625
1787075400,768.02001953125,768.1799926757812,767.9500122070312,768.0700073242188
1787075700,768.0650024414062,768.0700073242188,767.6099853515625,767.6199951171875
1787076000,767.6199951171875,767.72998046875,767.530029296875,767.635009765625
1787076300,767.6400146484375,767.760009765625,767.4500122070312,767.489990234375
1787076600,767.5,768.0999755859375,767.4600219726562,768.0599975585938
1787076900,768.0700073242188,768.4400024414062,768.0399169921875,768.4099731445312
1787077200,768.405029296875,768.5650024414062,768.2100219726562,768.27001953125
1787077500,768.2650146484375,768.405029296875,768.10498046875,768.3599853515625
1787077800,768.35498046875,768.4099731445312,768.1400146484375,768.2949829101562
1787078100,768.3200073242188,768.4299926757812,768.2899780273438,768.3200073242188
1787078400,768.3200073242188,768.3599853515625,768.0800170898438,768.0900268554688
1787078700,768.0999755859375,768.2000122070312,768.02001953125,768.0599975585938
1787079000,768.0499877929688,768.0900268554688,767.7999877929688,767.8099975585938
1787079300,767.7999877929688,767.9149780273438,767.6799926757812,767.7000122070312
1787079600,767.6900024414062,767.8699951171875,767.6199951171875,767.7449951171875
1787079900,767.75,767.9500122070312,767.6500244140625,767.8300170898438
1787080200,767.8300170898438,767.9199829101562,767.5599975585938,767.6199951171875
1787080500,767.6199951171875,767.8599853515625,767.6099853515625,767.8499755859375
1787080800,767.85498046875,768.1500244140625,767.760009765625,768.1500244140625
1787081100,768.1300048828125,768.1799926757812,768.0050048828125,768.02001953125
1787081400,768.0150146484375,768.219970703125,767.8499755859375,767.8900146484375
1787081700,767.8956298828125,768.0599975585938,767.8499755859375,767.9500122070312
1787082000,767.9500122070312,767.969970703125,767.719970703125,767.89501953125
1787082300,767.8900146484375,767.9600219726562,767.6500244140625,767.8900146484375
1787082600,767.8900146484375,767.9400024414062,767.27001953125,767.4149780273438
1787082900,767.4199829101562,767.6699829101562,766.9249877929688,767.3900146484375
1787083200,767.44,772.4348,767.17,767.42
1787083500,767.4229,767.53,767.1262,767.3219
1787083800,767.305,767.45,767.1252,767.39
1787084100,767.45,767.489,767.3254,767.3399
1787084400,767.34,767.38,767.2,767.24
1787084700,767.23,767.4265,767.19,767.3931
1787085000,767.4,767.489,767.35,767.46
1787085300,767.46,767.56,767.46,767.52
1787085600,767.53,767.53,767.43,767.4619
1787085900,767.44,767.4619,767.1,767.1456
1787086200,767.1241,767.45,767.12,767.2447
1787086500,767.25,767.3299,767.18,767.285
1787086800,767.37,767.5,724.4953,767.3166
1787087100,767.2717,767.45,767.2,767.3148
1787087400,767.31,767.32,767.11,767.27
1787087700,767.23,767.32,767.14,767.28
1787088000,767.2791,767.4,767.1,767.2094
1787088300,767.2805,767.29,767.12,767.12
1787088600,767.2865,767.29,767.13,767.23
1787088900,767.23,767.29,767.1047,767.2
1787089200,767.2,767.29,767.1535,767.25
1787089500,767.2,767.29,767.1667,767.2541
1787089800,767.25,767.3367,766.95,767.332
1787090100,767.3975,767.3975,767.1778,767.37
1787090400,767.34,767.5868,767.24,767.41
1787090700,767.35,767.5,767.31,767.41
1787091000,767.4,767.41,767.3152,767.35
1787091300,767.31,767.54,767.31,767.54
1787091600,767.55,767.73,767.5123,767.5123
1787091900,767.49,767.51,767.15,767.15
1787092200,767.149,767.23,767.11,767.1515
1787092500,767.2,767.2217,766.99,766.99
1787092800,766.99,767.0748,766.93,767.0304
1787093100,767.05,767.06,766.93,766.93
1787093400,766.9826,767.02,766.8,766.82
1787093700,766.8,766.85,766.73,766.75
1787094000,766.7903,766.91,766.68,766.8838
1787094300,766.8348,767.095,766.79,767.0774
1787094600,767.05,767.1,766.94,767.08
1787094900,767.0317,767.0638,766.9,766.94
1787095200,766.9,767.3794,766.9,767.2413
1787095500,767.249,767.25,767.0952,767.0952
1787095800,767.14,767.21,767.06,767.1607
1787096100,767.19,767.21,767.05,767.1441
1787096400,767.1338,767.16,767.06,767.14
1787096700,767.13,767.14,767.06,767.0917
1787097000,767.11,767.4,767.03,767.3738
1787097300,767.2738,767.2738,767.04,767.08
1787126400,767.45,768.07,765.86,768.04
1787126700,768.02,768.16,767.38,768.01
1787127000,768.0009,768.13,767.92,767.97
1787127300,767.94,768.16,767.84,768.14
1787127600,768.1607,768.24,768.06,768.1687
1787127900,768.1492,768.18,768.08,768.18
1787128200,768.16,768.16,767.9592,767.9592
1787128500,768.02,768.08,768.001,768.06
1787128800,768.0115,768.13,768.0115,768.0733
1787129100,768.11,768.14,768.0712,768.1
1787129400,768.09,768.13,767.97,768.0387
1787129700,768.0092,768.0092,767.83,767.8312
1787130000,767.87,768.0315,767.79,768.0315
1787130300,768.13,768.13,767.74,767.74
1787130600,767.74,767.82,767.71,767.71
1787130900,767.64,767.67,767.53,767.59
1787131200,767.6,767.69,767.54,767.63
1787131500,767.65,767.66,767.48,767.48
1787131800,767.53,767.64,767.48,767.59
1787132100,767.59,767.67,767.54,767.56
1787132400,767.57,767.5933,767.4,767.48
1787132700,767.42,767.54,767.42,767.54
1787133000,767.45,767.52,767.29,767.3115
1787133300,767.3487,767.39,767.24,767.363
1787133600,767.42,767.5,767.18,767.229
1787133900,767.19,767.32,767.1001,767.22
1787134200,767.179,767.4,767.179,767.3902
1787134500,767.38,767.38,767.19,767.22
1787134800,767.18,767.279,767.0212,767.19
1787135100,767.15,767.32,767.11,767.32
1787135400,767.3701,767.45,767.25,767.331
1787135700,767.38,767.6,767.32,767.59
1787136000,767.57,767.63,767.54,767.621
1787136300,767.6322,767.69,767.53,767.53
1787136600,767.49,767.51,767.38,767.45
1787136900,767.47,767.5,767.3897,767.3912
1787137200,767.42,767.87,767.39,767.8505
1787137500,767.85,768.0,767.68,767.7089
1787137800,767.68,767.8871,767.67,767.82
1787138100,767.84,767.89,767.7715,767.855
1787138400,767.88,767.95,767.72,767.9015
1787138700,767.9026,767.91,767.6915,767.79
1787139000,767.79,767.8557,767.6,767.6323
1787139300,767.66,767.74,767.6353,767.6892
1787139600,767.686,767.7215,767.41,767.6715
1787139900,767.6223,767.7646,767.5615,767.6304
1787140200,767.6497,767.78,767.6,767.7
1787140500,767.6523,767.85,767.64,767.831
1787140800,767.82,768.0,767.55,767.6487
1787141100,767.6149,767.89,766.99,767.6899
1787141400,767.7,767.95,767.7,767.81
1787141700,767.83,767.98,767.74,767.9479
1787142000,767.9514,768.07,767.93,768.069
1787142300,768.0311,768.12,767.68,767.7425
1787142600,767.79,768.6247,767.56,768.53
1787142900,768.54,769.5886,768.13,769.51
1787143200,769.51,770.15,769.405,770.1201
1787143500,770.13,771.2,767.45,771.1903
1787143800,771.2,771.8324,771.18,771.52
1787144100,771.52,771.53,770.67,770.86
1787144400,770.83,770.8399,770.0892,770.11
1787144700,770.08,770.64,770.08,770.5567
1787145000,770.5567,770.98,770.51,770.9
1787146200,770.3599853515625,770.6300048828125,769.8599853515625,770.02099609375
1787146500,770.030029296875,770.22998046875,769.4099731445312,769.510009765625
1787146800,769.530029296875,770.2999877929688,769.2501220703125,770.0999755859375
1787147100,770.1099853515625,770.5999755859375,768.3599853515625,768.543701171875
1787147400,768.5598754882812,769.72998046875,768.0999755859375,769.6749877929688
1787147700,769.6699829101562,770.375,769.3800048828125,769.989990234375
1787148000,770.02001953125,770.260009765625,769.5599975585938,769.64501953125
1787148300,769.6300048828125,770.02001953125,769.47998046875,769.7866821289062
1787148600,769.7999877929688,769.9697265625,768.72998046875,768.739990234375
1787148900,768.739990234375,770.1300048828125,768.72998046875,769.7650146484375
1787149200,769.77001953125,770.1699829101562,769.3800048828125,769.5800170898438
1787149500,769.5700073242188,770.0650024414062,769.2100219726562,770.030029296875
1787149800,769.97998046875,770.4580078125,769.8101806640625,770.1898803710938
1787150100,770.1799926757812,771.2999877929688,770.1500244140625,771.1400146484375
1787150400,771.155029296875,771.3300170898438,770.8300170898438,771.0595092773438
1787150700,771.0700073242188,771.2899780273438,770.6699829101562,770.760009765625
1787151000,770.7487182617188,771.6099853515625,770.72998046875,771.3499755859375
1787151300,771.364990234375,772.2399291992188,771.3099975585938,772.2000122070312
1787151600,772.1950073242188,772.469970703125,772.0147094726562,772.1749877929688
1787151900,772.1799926757812,772.260009765625,771.489990234375,771.52001953125
1787152200,771.5,771.9500122070312,771.489990234375,771.8200073242188
1787152500,771.8150024414062,771.8499755859375,771.4000244140625,771.5050048828125
1787152800,771.5,771.594970703125,771.1799926757812,771.182373046875
1787153100,771.1900024414062,771.25,770.8800048828125,771.1087036132812
1787153400,771.1300048828125,771.1799926757812,770.75,770.7899780273438
1787153700,770.8099975585938,770.919921875,770.3900146484375,770.5349731445312
1787154000,770.5300903320312,770.5300903320312,770.0700073242188,770.4998779296875
1787154300,770.5,770.8800048828125,770.3800048828125,770.3875122070312
1787154600,770.4000244140625,770.5399780273438,770.0800170898438,770.1400146484375
1787154900,770.1099853515625,770.6400146484375,770.0700073242188,770.6209106445312
1787155200,770.6400146484375,771.3200073242188,770.4000244140625,771.2999877929688
1787155500,771.3101196289062,771.60498046875,771.2100219726562,771.52001953125
1787155800,771.52001953125,771.6599731445312,771.4650268554688,771.5499877929688
1787156100,771.5499877929688,771.989990234375,771.4400024414062,771.8300170898438
1787156400,771.8300170898438,771.8499755859375,771.3599853515625,771.4199829101562
1787156700,771.4199829101562,771.4299926757812,770.6699829101562,770.6699829101562
1787157000,770.6799926757812,770.7550048828125,770.4199829101562,770.739990234375
1787157300,770.72998046875,770.7349853515625,770.2781982421875,770.52001953125
1787157600,770.52001953125,770.5399780273438,770.25,770.39501953125
1787157900,770.3900146484375,770.4500122070312,770.1199951171875,770.1799926757812
1787158200,770.1799926757812,770.1799926757812,769.739990234375,769.885009765625
1787158500,769.8800048828125,769.8800048828125,769.5,769.6799926757812
1787158800,769.6900024414062,770.1099853515625,769.5999755859375,769.9099731445312
1787159100,769.9099731445312,770.22900390625,769.4600219726562,769.489990234375
1787159400,769.530029296875,770.0700073242188,769.5250854492188,769.8250122070312
1787159700,769.8250122070312,769.969970703125,769.4600219726562,769.4600219726562
1787160000,769.469970703125,769.530029296875,769.02001953125,769.2899780273438
1787160300,769.25,769.6699829101562,769.2150268554688,769.5700073242188
1787160600,769.5800170898438,769.6599731445312,769.2000122070312,769.2050170898438
1787160900,769.2000122070312,769.469970703125,769.1599731445312,769.2449951171875
1787161200,769.25,769.7598876953125,769.22998046875,769.5889892578125
1787161500,769.5999755859375,769.7999877929688,769.510009765625,769.5300903320312
1787161800,769.5599975585938,769.8900146484375,769.469970703125,769.6099853515625
1787162100,769.6199951171875,769.6300048828125,769.3800048828125,769.5076293945312
1787162400,769.530029296875,770.5499877929688,769.4000244140625,770.1300048828125
1787162700,770.1099853515625,770.25,768.9600219726562,769.0009765625
1787163000,768.97998046875,769.7100219726562,768.97998046875,769.4299926757812
1787163300,769.4450073242188,769.489990234375,769.0499877929688,769.3099975585938
1787163600,769.2899780273438,769.47998046875,769.1737060546875,769.3099975585938
1787163900,769.2899780273438,769.6099853515625,769.239990234375,769.5800170898438
1787164200,769.5800170898438,770.02001953125,769.5800170898438,769.9199829101562
1787164500,769.9298706054688,769.9400024414062,769.6799926757812,769.7899780273438
1787164800,769.7650146484375,770.0900268554688,769.7100219726562,769.8099975585938
1787165100,769.8099975585938,769.8400268554688,769.5848999023438,769.8250122070312
1787165400,769.8250122070312,769.8699951171875,769.47998046875,769.6506958007812
1787165700,769.6699829101562,769.739990234375,769.4849853515625,769.5150146484375
1787166000,769.530029296875,769.7999877929688,769.4299926757812,769.6099853515625
1787166300,769.614990234375,769.989990234375,769.5,769.9000244140625
1787166600,769.9000244140625,769.9500122070312,769.6849975585938,769.7100219726562
1787166900,769.7100219726562,770.0194702148438,769.5999755859375,770.010009765625
1787167200,770.010009765625,770.02001953125,769.6799926757812,769.9400024414062
1787167500,769.9299926757812,770.02001953125,769.5800170898438,769.6300048828125
1787167800,769.6500244140625,770.3800048828125,769.6099853515625,770.1799926757812
1787168100,770.1799926757812,770.1900024414062,769.1699829101562,769.1749877929688
1787168400,769.1699829101562,769.389404296875,768.9849853515625,769.0
1787168700,769.0,769.1199951171875,768.530029296875,768.760009765625
1787169000,768.760009765625,768.8599853515625,768.2899780273438,768.719970703125
1787169300,768.7100219726562,769.0999755859375,768.2000122070312,769.0900268554688
1787169600,769.07,769.235,767.1888,768.9863
1787169900,768.9869,769.03,767.1888,768.94
1787170200,768.95,769.06,767.1888,768.89
1787170500,769.06,769.06,767.1888,768.72
1787170800,768.7781,768.8106,768.69,768.72
1787171100,768.72,768.95,766.875,768.9463
1787171400,768.9467,768.99,768.8,768.9799
1787171700,768.9732,769.06,768.835,768.85
1787172000,768.8336,768.9907,768.77,768.91
1787172300,768.91,769.06,768.8901,769.04
1787172600,769.0339,769.13,769.03,769.1037
1787172900,769.1235,769.13,769.0386,769.05
1787173200,769.03,769.1,732.0496,769.1
1787173500,769.0215,769.1,769.0118,769.07
1787173800,769.07,769.07,732.0496,769.0445
1787174100,769.0445,769.06,768.96,769.0315
1787174400,768.97,769.06,768.97,769.0014
1787174700,769.03,769.07,768.99,769.05
1787175000,769.03,769.08,768.99,768.99
1787175300,769.0777,769.08,768.99,769.0124
1787175600,769.01,769.1,769.0,769.0239
1787175900,769.07,769.19,769.04,769.12
1787176200,769.08,769.13,769.04,769.1037
1787176500,769.13,769.199,768.81,769.18
1787176800,769.18,769.88,769.15,769.79
1787177100,769.75,769.8,769.519,769.8
1787177400,769.7649,770.29,769.5941,770.1444
1787177700,770.11,770.11,769.93,769.95
1787178000,769.9532,770.0532,769.84,770.0112
1787178300,770.0239,770.0239,769.83,769.8814
1787178600,769.889,769.9112,769.8,769.8377
1787178900,769.8463,770.11,769.8,770.09
1787179200,770.1,770.19,770.06,770.0942
1787179500,770.1,770.1442,770.04,770.1204
1787179800,770.143,770.25,770.1195,770.189
1787180100,770.1999,770.28,769.975,770.2488
1787180400,770.1976,770.59,770.0401,770.1
1787180700,770.12,770.39,770.09,770.3785
1787181000,770.3852,770.3852,770.1985,770.2
1787181300,770.19,770.35,770.189,770.22
1787181600,770.2274,770.23,770.05,770.1819
1787181900,770.1294,770.1999,770.12,770.1515
1787182200,770.1577,770.18,770.0796,770.12
1787182500,770.1487,770.25,770.05,770.2285
1787182800,770.18,770.36,770.171,770.34
1787183100,770.299,770.299,770.15,770.1701
1787183400,770.19,770.33,770.1,770.2
1787183700,770.2,770.23,770.01,770.0114
1787212800,770.1,770.64,768.9629,769.01
1787213100,768.9859,769.77,768.91,769.07
1787213400,769.03,769.03,768.61,768.7717
1787213700,768.79,769.06,768.655,768.87
1787214000,768.89,768.95,768.47,768.54
1787214300,768.5547,768.649,768.33,768.41
1787214600,768.43,768.43,767.9,767.9715
1787214900,767.85,768.5285,767.81,768.4785
1787215200,768.501,768.5987,768.2,768.2
1787215500,768.1782,768.1782,767.7,767.86
1787215800,767.9007,768.255,767.9007,768.131
1787216100,768.08,768.15,767.96,768.0
1787216400,767.99,768.5,767.91,768.5
1787216700,768.54,768.84,768.39,768.7453
1787217000,768.78,768.78,768.46,768.56
1787217300,768.58,768.6985,768.44,768.6
1787217600,768.59,768.68,768.5342,768.67
1787217900,768.7,768.8,768.589,768.589
1787218200,768.58,768.64,768.389,768.3962
1787218500,768.4,768.5782,768.29,768.5117
1787218800,768.5782,768.6782,768.38,768.6436
1787219100,768.6812,768.805,768.59,768.64
1787219400,768.59,768.69,768.36,768.6639
1787219700,768.6,768.64,768.514,768.55
1787220000,768.53,768.6985,768.2943,768.65
1787220300,768.65,768.82,768.6,768.8
1787220600,768.83,769.01,768.7535,769.01
1787220900,769.0,769.02,768.7715,768.7715
1787221200,768.85,768.92,768.78,768.84
1787221500,768.84,768.9067,768.59,768.88
1787221800,768.85,769.011,768.79,768.7912
1787222100,768.7212,768.99,768.55,768.74
1787222400,768.7685,768.8,768.64,768.67
1787222700,768.6715,769.09,768.67,769.07
1787223000,769.0112,769.1,768.9315,768.9315
1787223300,768.98,769.17,768.884,769.17
1787223600,769.2,769.46,768.63,768.63
1787223900,768.62,768.66,768.4,768.5687
1787224200,768.57,768.57,768.2212,768.48
1787224500,768.5669,768.76,768.41,768.43
1787224800,768.37,768.4132,767.92,768.02
1787225100,768.0992,768.13,767.5504,767.57
1787225400,767.6,767.907,767.57,767.65
1787225700,767.6862,767.96,767.55,767.96
1787226000,767.9349,768.0003,767.39,767.5213
1787226300,767.5,767.58,766.96,767.0662
1787226600,767.04,767.1225,766.82,766.85
1787226900,766.84,766.8586,766.45,766.5524
1787227200,766.5948,766.6,765.54,765.6987
1787227500,765.68,765.76,764.9,765.13
1787227800,765.0707,765.1588,764.6187,764.86
1787228100,764.83,768.484,764.7,764.7824
1787228400,764.771,765.3688,764.751,765.2
1787228700,765.14,765.1803,764.78,764.84
1787229000,764.93,767.945,764.54,764.7
1787229300,764.72,764.76,764.15,764.73
1787229600,764.72,765.02,764.64,764.9984
1787229900,764.98,769.94,764.88,765.41
1787230200,765.42,765.8,765.34,765.7739
1787230500,765.79,765.86,765.55,765.78
1787230800,765.78,766.31,765.78,766.1799
1787231100,766.19,766.25,765.8367,765.84
1787231400,765.85,765.92,765.57,765.57
1787232600,765.9600219726562,767.0999755859375,765.8599853515625,767.0499877929688
1787232900,767.0599975585938,767.719970703125,766.6599731445312,767.2999877929688
1787233200,767.3200073242188,767.75,766.6400146484375,767.364990234375
1787233500,767.3699951171875,767.5,766.6099853515625,767.1500244140625
1787233800,767.1500244140625,767.260009765625,766.4400024414062,766.9600219726562
1787234100,766.97998046875,767.3200073242188,766.1599731445312,766.5499877929688
1787234400,766.5,766.9199829101562,765.97998046875,765.9801025390625
1787234700,765.989990234375,766.6599731445312,765.8699951171875,766.64501953125
1787235000,766.6799926757812,766.760009765625,765.9299926757812,765.9956665039062
1787235300,765.969970703125,766.135009765625,765.3900146484375,765.4400024414062
1787235600,765.4398803710938,766.9500122070312,765.3599853515625,766.75
1787235900,766.7691040039062,766.8300170898438,765.969970703125,766.219970703125
1787236200,766.2050170898438,766.8200073242188,766.010009765625,766.10498046875
1787236500,766.1099853515625,767.1649780273438,765.9299926757812,766.969970703125
1787236800,766.9600219726562,767.260009765625,766.5700073242188,767.1699829101562
1787237100,767.1599731445312,767.47998046875,766.6199951171875,766.72998046875
1787237400,766.739990234375,767.25,766.5999755859375,766.7000122070312
1787237700,766.719970703125,767.2349853515625,766.47998046875,767.1500244140625
1787238000,767.1699829101562,768.1500244140625,767.1220703125,767.9199829101562
1787238300,767.8800048828125,767.9000244140625,766.3599853515625,766.5599975585938
1787238600,766.52001953125,767.0,766.0599975585938,766.7899780273438
1787238900,766.7750244140625,767.0800170898438,766.4000244140625,766.77001953125
1787239200,766.72998046875,766.780029296875,765.969970703125,766.2899780273438
1787239500,766.2750244140625,766.7999877929688,766.0,766.75
1787239800,766.739990234375,766.8699951171875,765.8300170898438,765.97998046875
1787240100,765.989990234375,766.1300048828125,765.5499877929688,765.5549926757812
1787240400,765.5499877929688,765.8499755859375,765.3099975585938,765.3599853515625
1787240700,765.3499755859375,765.719970703125,765.22998046875,765.530029296875
1787241000,765.5399780273438,766.030029296875,765.4299926757812,765.8499755859375
1787241300,765.8699951171875,766.0050048828125,765.6199951171875,765.8400268554688
1787241600,765.8400268554688,766.0900268554688,765.47998046875,765.5899047851562
1787241900,765.5800170898438,766.02001953125,765.530029296875,766.02001953125
1787242200,766.0098876953125,766.0800170898438,765.4650268554688,765.5150146484375
1787242500,765.489990234375,765.665283203125,765.4500122070312,765.6099853515625
1787242800,765.6099853515625,766.0800170898438,765.4600219726562,765.9299926757812
1787243100,765.9099731445312,766.0349731445312,765.6300048828125,765.7449951171875
1787243400,765.739990234375,766.1199951171875,765.3599853515625,766.0800170898438
1787243700,766.0900268554688,766.3800048828125,766.0,766.2999877929688
1787244000,766.2899780273438,766.6400146484375,766.280029296875,766.6400146484375
1787244300,766.6300048828125,766.6300048828125,766.3099975585938,766.3699951171875
1787244600,766.375,766.6199951171875,766.1199951171875,766.1799926757812
1787244900,766.1699829101562,766.5,766.02001953125,766.4199829101562
1787245200,766.3900146484375,766.4299926757812,765.9600219726562,766.0700073242188
1787245500,766.0399780273438,766.0499877929688,765.5999755859375,765.6799926757812
1787245800,765.6799926757812,765.8300170898438,765.489990234375,765.52001953125
1787246100,765.530029296875,765.5399780273438,764.8400268554688,764.8599853515625
1787246400,764.8499755859375,765.260009765625,764.7899780273438,765.02001953125
1787246700,765.0,765.0900268554688,764.7100219726562,764.780029296875
1787247000,764.780029296875,764.8900146484375,764.5599975585938,764.606689453125
1787247300,764.6099853515625,764.780029296875,764.2999877929688,764.4749755859375
1787247600,764.4600219726562,764.52001953125,764.22998046875,764.4500122070312
1787247900,764.4500122070312,764.8400268554688,764.4000244140625,764.719970703125
1787248200,764.7100830078125,765.010009765625,764.6900024414062,764.7689819335938
1787248500,764.77001953125,764.8400268554688,764.52001953125,764.5399780273438
1787248800,764.5499877929688,764.5499877929688,764.02001953125,764.0999755859375
1787249100,764.0999755859375,764.1500244140625,763.5850219726562,763.7249755859375
1787249400,763.719970703125,763.7750244140625,763.3499755859375,763.5800170898438
1787249700,763.5800170898438,763.7100219726562,763.1500244140625,763.6799926757812
1787250000,763.6900024414062,763.9450073242188,763.590087890625,763.6199951171875
1787250300,763.6199951171875,763.719970703125,763.4400024414062,763.5599975585938
1787250600,763.5650024414062,763.6300048828125,763.25,763.3200073242188
1787250900,763.3099975585938,763.6199951171875,763.2899780273438,763.4199829101562
1787251200,763.4099731445312,763.6199951171875,763.2100219726562,763.5527954101562
1787251500,763.5599975585938,763.8499755859375,763.4099731445312,763.7100219726562
1787251800,763.7100219726562,763.7750244140625,763.510009765625,763.6060180664062
1787252100,763.5900268554688,763.760009765625,763.239990234375,763.239990234375
1787252400,763.25,763.4600219726562,763.1699829101562,763.4199829101562
1787252700,763.4000244140625,763.7150268554688,763.2899780273438,763.6199951171875
1787253000,763.6400146484375,763.6699829101562,763.3900146484375,763.5399780273438
1787253300,763.530029296875,763.7999877929688,763.260009765625,763.3400268554688
1787253600,763.3499755859375,763.760009765625,763.22998046875,763.6500244140625
1787253900,763.6199951171875,763.72998046875,763.4400024414062,763.489990234375
1787254200,763.47998046875,763.510009765625,763.0399780273438,763.1900024414062
1787254500,763.1900024414062,763.6500244140625,763.0999755859375,763.5
1787254800,763.5,763.5698852539062,762.969970703125,763.0999755859375
1787255100,763.0999755859375,763.4000244140625,762.8099975585938,763.3699951171875
1787255400,763.3699951171875,763.4199829101562,762.760009765625,762.9099731445312
1787255700,762.9199829101562,763.0,762.0399780273438,762.6400146484375
1787256000,762.65,768.8923,762.6,762.78
1787256300,762.78,762.78,762.34,762.61
1787256600,762.6127,768.8923,762.2368,762.37
1787256900,762.6,762.6,761.99,762.25
1787257200,762.6,762.6,762.2,762.54
1787257500,762.5332,762.65,762.44,762.45
1787257800,762.4262,762.68,762.39,762.6
1787258100,762.6,762.92,762.6,762.8
1787258400,762.8195,762.86,762.72,762.8256
1787258700,762.8134,762.89,762.8,762.8
1787259000,762.85,762.9,762.772,762.8999
1787259300,762.8959,763.01,762.6,762.984
1787259600,762.95,763.07,710.8529,763.02
1787259900,762.8847,763.02,762.74,762.96
1787260200,762.978,763.0,762.6,762.9599
1787260500,762.985,763.03,762.8,763.0256
1787260800,763.02,763.05,762.99,762.99
1787261100,763.0339,763.04,762.99,762.9901
1787261400,763.04,763.2,762.83,763.17
1787261700,763.2,763.2,763.1,763.145
1787262000,763.12,763.2,763.06,763.1667
1787262300,763.17,763.2,763.1633,763.19
1787262600,763.2,763.2,763.16,763.1634
1787262900,763.1764,763.23,763.14,763.14
1787263200,763.16,763.33,762.61,762.67
1787263500,762.653,762.7785,762.57,762.75
1787263800,762.7937,762.87,762.6151,762.6451
1787264100,762.6305,762.8438,762.63,762.75
1787264400,762.72,762.79,762.67,762.6948
1787264700,762.68,762.7865,762.6,762.755
1787265000,762.76,762.9126,762.64,762.8315
1787265300,762.8828,762.9628,762.81,762.845
1787265600,762.8499,762.96,762.785,762.92
1787265900,762.91,762.99,762.9,762.9867
1787266200,762.9896,763.54,762.97,763.12
1787266500,763.13,763.18,763.1052,763.1304
1787266800,763.1297,763.1399,763.0301,763.09
1787267100,763.0739,763.1437,763.015,763.0438
1787267400,763.0487,763.08,763.0012,763.0507
1787267700,763.0012,763.15,762.98,763.0667
1787268000,763.0539,763.1,763.0,763.06
1787268300,763.0506,763.08,762.94,763.01
1787268600,763.01,763.039,762.9601,762.9801
1787268900,762.95,762.96,762.805,762.8699
1787269200,762.87,763.1,762.86,763.015
1787269500,763.0187,763.0187,762.6565,762.8701
1787269800,762.909,762.99,762.75,762.99
1787270100,762.95,762.98,762.79,762.86
1787299200,764.69,766.6,762.6,764.78
1787299500,764.74,764.7625,764.24,764.439
1787299800,764.4,764.54,764.32,764.3915
1787300100,764.41,764.73,764.32,764.7
1787300400,764.68,764.69,764.39,764.55
1787300700,764.55,764.88,764.54,764.82
1787301000,764.84,764.9187,764.79,764.82
1787301300,764.84,765.0,764.82,764.99
1787301600,765.0,765.13,764.96,765.12
1787301900,765.07,765.1284,765.03,765.03
1787302200,765.07,765.31,765.04,765.18
1787302500,765.2,765.3,765.17,765.23
1787302800,765.22,765.25,764.87,764.97
1787303100,764.94,764.9785,764.67,764.73
1787303400,764.79,765.059,764.67,765.059
1787303700,765.09,765.14,764.97,765.04
1787304000,765.03,765.0995,765.005,765.01
1787304300,765.04,765.05,764.981,764.99
1787304600,765.0,765.0,764.87,764.95
1787304900,764.95,765.2,764.95,765.159
1787305200,765.18,765.27,765.16,765.24
1787305500,765.19,765.19,765.09,765.17
1787305800,765.11,765.28,765.0605,765.2388
1787306100,765.2,765.32,765.2,765.25
1787306400,765.25,765.64,765.25,765.51
1787306700,765.52,765.58,765.19,765.25
1787307000,765.26,765.27,765.0392,765.14
1787307300,765.13,765.23,765.1,765.13
1787307600,765.13,765.15,765.0,765.08
1787307900,765.15,765.31,765.15,765.295
1787308200,765.31,765.34,765.17,765.2
1787308500,765.17,765.31,765.1333,765.23
1787308800,765.25,765.3,765.11,765.14
1787309100,765.1207,765.2359,765.11,765.18
1787309400,765.19,765.54,765.1316,765.24
1787309700,765.28,765.3,765.18,765.2971
1787310000,765.24,765.29,762.6,765.02
1787310300,765.06,765.38,765.01,765.31
1787310600,765.3,765.3569,765.12,765.1869
1787310900,765.19,765.409,765.17,765.3685
1787311200,765.37,766.12,765.36,766.11
1787311500,766.0701,766.24,765.8577,766.061
1787311800,766.07,766.25,765.79,765.97
1787312100,765.971,766.34,765.97,766.0691
1787312400,766.0604,766.26,765.97,766.24
1787312700,766.26,766.2866,765.77,765.9818
1787313000,765.96,766.0,765.87,765.9388
1787313300,765.9351,766.1,765.9,765.9547
1787313600,765.96,766.04,765.7377,765.87
1787313900,765.8627,766.08,765.8627,766.07
1787314200,766.079,766.1,765.8056,765.83
1787314500,765.83,766.0784,765.77,766.0217
1787314800,766.0,766.22,765.78,766.2
1787315100,766.17,766.48,766.1,766.48
1787315400,766.48,766.6949,766.4,766.45
1787315700,766.46,766.5351,766.22,766.39
1787316000,766.39,766.83,766.34,766.78
1787316300,766.79,766.85,766.48,766.78
1787316600,766.72,766.79,766.37,766.4612
1787316900,766.46,766.52,766.41,766.4875
1787317200,766.47,766.62,766.35,766.439
1787317500,766.44,766.44,766.0,766.0
1787317800,766.02,766.04,765.51,765.6161
1787319000,766.0499877929688,766.1400146484375,764.8300170898438,764.8599243164062
1787319300,764.8699951171875,765.1900024414062,764.6199951171875,765.0900268554688
1787319600,765.1199951171875,765.27001953125,764.780029296875,765.1599731445312
1787319900,765.1599731445312,765.4199829101562,764.6799926757812,764.9600219726562
1787320200,764.969970703125,765.2449951171875,764.1699829101562,764.4199829101562
1787320500,764.4199829101562,764.8300170898438,764.2899780273438,764.5123901367188
1787320800,764.530029296875,764.9600219726562,764.530029296875,764.9299926757812
1787321100,764.9398803710938,765.530029296875,764.9099731445312,765.239990234375
1787321400,765.260009765625,765.4550170898438,764.5999755859375,764.7100219726562
1787321700,764.7000122070312,765.0599975585938,764.5700073242188,764.6300048828125
1787322000,764.6300048828125,765.2050170898438,764.4500122070312,764.7501220703125
1787322300,764.7550048828125,765.0999755859375,764.5999755859375,764.6500244140625
1787322600,764.6500244140625,764.8800048828125,764.47998046875,764.5
1787322900,764.489990234375,764.64501953125,764.219970703125,764.3800048828125
1787323200,764.364990234375,764.8699951171875,764.2150268554688,764.6199951171875
1787323500,764.5900268554688,765.0900268554688,764.5300903320312,765.030029296875
1787323800,765.0399780273438,765.2999877929688,764.8699951171875,765.0637817382812
1787324100,765.0499877929688,765.8350219726562,764.9500122070312,765.8151245117188
1787324400,765.8099975585938,766.4000244140625,765.739990234375,766.239990234375
1787324700,766.25,766.4099731445312,765.7999877929688,765.8400268554688
1787325000,765.85498046875,766.0401000976562,765.6799926757812,765.7000122070312
1787325300,765.7050170898438,765.969970703125,765.5399780273438,765.60498046875
1787325600,765.5999755859375,765.8699951171875,765.4550170898438,765.510009765625
1787325900,765.510009765625,766.02001953125,765.4550170898438,765.9550170898438
1787326200,765.9600219726562,766.489990234375,765.8200073242188,766.489990234375
1787326500,766.47998046875,767.0584106445312,766.4400024414062,767.0584106445312
1787326800,767.0499877929688,767.4400024414062,766.9199829101562,767.2999877929688
1787327100,767.3099975585938,767.4500122070312,766.9400024414062,767.010009765625
1787327400,767.0206298828125,767.8499755859375,767.00048828125,767.6734008789062
1787327700,767.6699829101562,767.6900024414062,767.0798950195312,767.2000122070312
1787328000,767.2000122070312,767.3298950195312,766.6400146484375,766.739990234375
1787328300,766.75,766.75,766.2899780273438,766.3499755859375
1787328600,766.3400268554688,766.5900268554688,766.239990234375,766.239990234375
1787328900,766.239990234375,766.6599731445312,765.9099731445312,766.02001953125
1787329200,766.010009765625,767.0050048828125,765.8699951171875,766.1950073242188
1787329500,766.2000122070312,766.5800170898438,766.1300048828125,766.5150146484375
1787329800,766.510009765625,766.530029296875,766.030029296875,766.030029296875
1787330100,766.030029296875,766.5700073242188,766.0250244140625,766.5499877929688
1787330400,766.5499877929688,766.5599975585938,766.2849731445312,766.375
1787330700,766.3699951171875,766.3699951171875,766.0999755859375,766.1699829101562
1787331000,766.1599731445312,766.1799926757812,765.8099975585938,766.02001953125
1787331300,766.010009765625,766.4299926757812,765.9550170898438,766.3900146484375
1787331600,766.3900146484375,766.4650268554688,766.22998046875,766.27001953125
1787331900,766.280029296875,766.530029296875,766.1599731445312,766.3699951171875
1787332200,766.3699951171875,766.3699951171875,766.0999755859375,766.2188720703125
1787332500,766.219970703125,766.2999877929688,766.0900268554688,766.1599731445312
1787332800,766.1500244140625,766.2000122070312,765.72998046875,765.8400268554688
1787333100,765.843994140625,766.010009765625,765.7050170898438,765.7999877929688
1787333400,765.8200073242188,765.9000244140625,765.5394897460938,765.5394897460938
1787333700,765.52001953125,765.8150024414062,765.5,765.5750122070312
1787334000,765.5750122070312,765.7100219726562,765.469970703125,765.655029296875
1787334300,765.7000122070312,765.8800048828125,765.5850219726562,765.7100219726562
1787334600,765.697998046875,765.760009765625,765.510009765625,765.5800170898438
1787334900,765.5800170898438,765.5800170898438,765.4299926757812,765.4299926757812
1787335200,765.4400024414062,765.7349853515625,765.3499755859375,765.6699829101562
1787335500,765.6699829101562,765.6799926757812,765.2999877929688,765.3150024414062
1787335800,765.3099975585938,765.5499877929688,765.2849731445312,765.3400268554688
1787336100,765.3499755859375,765.530029296875,765.3099975585938,765.469970703125
1787336400,765.4600219726562,765.614990234375,765.4099731445312,765.4949951171875
1787336700,765.5,765.530029296875,765.260009765625,765.2849731445312
1787337000,765.27001953125,765.3699951171875,765.0599975585938,765.1749877929688
1787337300,765.1799926757812,765.3400268554688,765.1799926757812,765.2301025390625
1787337600,765.2349853515625,765.52001953125,765.2100219726562,765.3900146484375
1787337900,765.39501953125,765.7000122070312,765.3150024414062,765.6561279296875
1787338200,765.6599731445312,765.97998046875,765.6599731445312,765.8900146484375
1787338500,765.8900146484375,766.22998046875,765.7899780273438,766.197509765625
1787338800,766.2000122070312,766.364990234375,766.010009765625,766.0302734375
1787339100,766.0349731445312,766.3300170898438,766.0,766.0999755859375
1787339400,766.0900268554688,766.0999755859375,765.8699951171875,766.0449829101562
1787339700,766.0449829101562,766.1199951171875,765.8499755859375,765.969970703125
1787340000,765.9650268554688,766.22998046875,765.8699951171875,766.2000732421875
1787340300,766.2050170898438,766.2100219726562,765.9500122070312,766.0499877929688
1787340600,766.0499877929688,766.3150024414062,766.02001953125,766.0845947265625
1787340900,766.0900268554688,766.3699951171875,765.9749755859375,766.2750244140625
1787341200,766.27001953125,766.4849853515625,766.0900268554688,766.469970703125
1787341500,766.4600219726562,766.7999877929688,766.3800048828125,766.6699829101562
1787341800,766.6500244140625,766.6599731445312,765.8499755859375,765.9000244140625
1787342100,765.8900146484375,766.2349853515625,765.3400268554688,765.6500244140625
1787342400,765.66,765.72,765.43,765.62
1787342700,765.61,765.68,765.46,765.59
1787343000,765.5867,765.72,765.34,765.5795
1787343300,765.72,765.72,765.39,765.4202
1787343600,765.4195,765.5797,765.283,765.39
1787343900,765.4,765.4,765.2372,765.25
1787344200,765.24,765.44,765.24,765.3962
1787344500,765.41,765.44,765.39,765.4363
1787344800,765.426,765.72,765.4,765.458
1787345100,765.46,765.48,765.22,765.24
1787345400,765.24,765.348,765.2,765.23
1787345700,765.2526,765.72,765.2,765.27
1787346000,765.23,765.72,765.23,765.3889
1787346300,765.3889,765.5,765.3025,765.34
1787346600,765.3397,765.72,765.32,765.38
1787346900,765.39,765.7182,765.38,765.68
1787347200,765.7,765.72,765.39,765.66
1787347500,765.65,765.85,765.65,765.76
1787347800,765.7568,765.85,765.5574,765.8367
1787348100,765.8367,766.05,765.8173,766.05
1787348400,766.0,766.12,759.3482,766.1166
1787348700,766.1169,766.42,766.1,766.4
1787349000,766.4,766.51,766.4,766.5
1787349300,766.5,766.5,766.25,766.38
1787349600,766.3807,766.53,766.33,766.53
1787349900,766.52,766.81,766.49,766.8
1787350200,766.65,766.87,766.6,766.7
1787350500,766.78,766.7919,766.59,766.75
1787350800,766.77,767.025,766.61,767.0
1787351100,767.0051,767.2268,766.75,767.1
1787351400,767.1,767.27,767.01,767.25
1787351700,767.2,767.35,766.8401,767.21
1787352000,767.29,767.32,766.8501,767.3
1787352300,767.29,767.32,766.9587,767.28
1787352600,767.3085,767.4068,767.0,767.2
1787352900,767.35,767.3817,767.0,767.2459
1787353200,767.13,767.2329,766.84,767.0175
1787353500,766.99,767.09,766.84,767.09
1787353800,767.0,767.09,767.0,767.006
1787354100,767.0099,767.0099,766.85,766.87
1787354400,766.87,766.91,766.71,766.76
1787354700,766.7795,766.8,766.71,766.7937
1787355000,766.79,766.89,766.75,766.88
1787355300,766.8535,766.99,766.77,766.93
1787355600,766.99,766.99,766.73,766.8
1787355900,766.7987,766.8,766.73,766.8
1787356200,766.79,766.82,766.73,766.77
1787356500,766.77,767.0,766.66,767.0
1787558400,764.14,767.19,763.48,763.6
1787558700,763.65,764.7,763.65,763.91
1787559000,763.93,764.18,763.93,764.18
1787559300,764.1387,764.51,763.99,764.47
1787559600,764.47,764.47,764.2112,764.2887
1787559900,764.26,764.41,763.99,764.33
1787560200,764.31,764.4795,764.26,764.41
1787560500,764.38,764.72,764.38,764.71
1787560800,764.71,764.8505,764.62,764.83
1787561100,764.77,764.86,764.73,764.73
1787561400,764.74,764.9788,764.74,764.86
1787561700,764.86,764.9,764.66,764.66
1787562000,764.6,764.99,764.5,764.99
1787562300,764.92,764.92,764.8241,764.871
1787562600,764.9,764.99,764.81,764.81
1787562900,764.7512,764.83,764.51,764.5133
1787563200,764.52,764.6,764.4392,764.55
1787563500,764.53,764.53,764.38,764.4288
1787563800,764.4292,764.53,764.41,764.49
1787564100,764.59,764.75,764.59,764.65
1787564400,764.6741,764.7182,764.55,764.5912
1787564700,764.6487,764.8387,764.63,764.7712
1787565000,764.77,764.7713,764.5512,764.5512
1787565300,764.6,764.6596,764.55,764.62
1787565600,764.64,764.7012,764.57,764.7012
1787565900,764.73,764.73,764.6,764.6
1787566200,764.6,764.6,764.25,764.27
1787566500,764.27,764.3385,764.23,764.28
1787566800,764.22,764.5495,764.13,764.5495
1787567100,764.53,764.53,763.62,764.15
1787567400,764.1885,764.51,764.12,764.51
1787567700,764.52,764.52,764.3,764.3
1787568000,764.18,764.2187,763.97,763.98
1787568300,763.99,764.03,763.8,763.849
1787568600,763.83,763.83,763.5312,763.61
1787568900,763.6334,763.7,763.59,763.6007
1787569200,763.639,765.72,763.221,763.2312
1787569500,763.2203,763.3569,763.0112,763.3225
1787569800,763.319,763.3962,763.12,763.3605
1787570100,763.31,763.5,763.3,763.4702
1787570400,763.4938,763.5488,763.37,763.5488
1787570700,763.4981,763.79,763.4981,763.58
1787571000,763.6,764.37,763.6,764.3348
1787571300,764.29,765.22,764.28,764.84
1787571600,764.8215,765.07,764.6,764.7042
1787571900,764.68,764.68,764.2417,764.37
1787572200,764.3962,764.5588,764.36,764.54
1787572500,764.5317,764.622,764.4,764.55
1787572800,764.53,764.58,764.21,764.22
1787573100,764.2949,764.48,764.2,764.2918
1787573400,764.2785,764.3992,764.151,764.28
1787573700,764.2918,764.4147,764.12,764.2812
1787574000,764.3,764.64,764.3,764.5939
1787574300,764.6217,764.73,764.469,764.6766
1787574600,764.6655,764.7,763.53,764.16
1787574900,764.15,764.54,764.1092,764.28
1787575200,764.2997,764.78,764.08,764.2102
1787575500,764.21,765.72,764.15,764.44
1787575800,764.3892,764.55,764.31,764.3985
1787576100,764.37,764.52,764.33,764.3987
1787576400,764.36,764.56,764.36,764.5095
1787576700,764.5,764.56,764.28,764.4235
1787577000,764.41,764.54,764.27,764.3
1787578200,764.780029296875,764.8099975585938,763.2000122070312,763.4500122070312
1787578500,763.510009765625,763.8200073242188,762.969970703125,763.3599853515625
1787578800,763.3699951171875,763.72998046875,762.1900024414062,762.1900024414062
1787579100,762.1900024414062,763.5900268554688,762.0800170898438,763.10498046875
1787579400,763.1099853515625,763.530029296875,762.739990234375,763.47998046875
1787579700,763.469970703125,763.6599731445312,763.2399291992188,763.3900146484375
1787580000,763.4099731445312,763.9450073242188,762.7999877929688,762.969970703125
1787580300,762.97998046875,763.2000122070312,762.6199951171875,762.8900146484375
1787580600,762.9099731445312,763.02001953125,762.5,762.97998046875
1787580900,762.97998046875,763.0599975585938,762.6500244140625,762.8699951171875
1787581200,762.8599853515625,763.5089721679688,762.7999877929688,762.8499755859375
1787581500,762.8699951171875,763.14501953125,762.6699829101562,762.9199829101562
1787581800,762.9199829101562,763.75,762.780029296875,763.6199951171875
1787582100,763.6199951171875,763.885009765625,763.5599975585938,763.7000122070312
1787582400,763.7000122070312,764.1099853515625,763.50341796875,763.7000122070312
1787582700,763.6849975585938,763.8800048828125,763.469970703125,763.8800048828125
1787583000,763.8699951171875,763.9299926757812,763.4249877929688,763.6199951171875
1787583300,763.625,763.9600219726562,763.52001953125,763.6400146484375
1787583600,763.6400146484375,763.8200073242188,763.02001953125,763.0599975585938
1787583900,763.0599975585938,763.0800170898438,762.780029296875,762.989990234375
1787584200,762.97998046875,763.1751098632812,762.7000122070312,762.75
1787584500,762.739990234375,762.8198852539062,762.6307983398438,762.6799926757812
1787584800,762.6749877929688,763.1900024414062,762.3699951171875,763.1500244140625
1787585100,763.1500854492188,764.0062255859375,763.0700073242188,763.7401123046875
1787585400,763.739990234375,764.0,763.4000244140625,763.8400268554688
1787585700,763.85498046875,764.1599731445312,763.7000122070312,764.0250244140625
1787586000,764.030029296875,764.4199829101562,764.0200805664062,764.253173828125
1787586300,764.27001953125,764.72998046875,764.2650146484375,764.280029296875
1787586600,764.2899780273438,764.6099853515625,764.2849731445312,764.3099975585938
1787586900,764.2999877929688,764.530029296875,764.1799926757812,764.5200805664062
1787587200,764.52001953125,765.1300048828125,764.4299926757812,764.9500122070312
1787587500,764.9500122070312,764.989990234375,764.4600219726562,764.469970703125
1787587800,764.4849853515625,764.6599731445312,764.4299926757812,764.6488037109375
1787588100,764.6400146484375,765.1588134765625,764.6099853515625,765.0499877929688
1787588400,765.0499267578125,765.219970703125,764.7999877929688,764.8699951171875
1787588700,764.8699951171875,765.0018920898438,764.7999877929688,764.8900146484375
1787589000,764.9099731445312,765.0,764.5003051757812,764.5701293945312
1787589300,764.5800170898438,764.7100219726562,764.3350219726562,764.3499755859375
1787589600,764.3499755859375,764.4099731445312,764.1900024414062,764.3099975585938
1787589900,764.3300170898438,764.4000244140625,764.1400146484375,764.3499755859375
1787590200,764.3599853515625,764.469482421875,764.1300048828125,764.2100219726562
1787590500,764.2299194335938,764.3200073242188,764.1199951171875,764.1900024414062
1787590800,764.2000122070312,764.2100219726562,763.8699951171875,764.010009765625
1787591100,763.989990234375,764.655029296875,763.9500122070312,764.4500122070312
1787591400,764.4500122070312,764.780029296875,764.3099975585938,764.52001953125
1787591700,764.5,764.5999755859375,764.0499877929688,764.1199951171875
1787592000,764.1300048828125,764.1599731445312,763.5,763.5650024414062
1787592300,763.5700073242188,763.719970703125,763.3350219726562,763.4000244140625
1787592600,763.3800048828125,763.5700073242188,763.27001953125,763.3001098632812
1787592900,763.2999877929688,763.3900146484375,763.1400146484375,763.3900146484375
1787593200,763.4000244140625,763.4500122070312,763.10498046875,763.10498046875
1787593500,763.1099853515625,763.2899780273438,763.0499877929688,763.239990234375
1787593800,763.239990234375,763.510009765625,763.1300048828125,763.2000122070312
1787594100,763.2050170898438,763.3800048828125,763.1201171875,763.2899780273438
1787594400,763.3099975585938,763.6599731445312,763.280029296875,763.5599975585938
1787594700,763.530029296875,763.989990234375,763.489990234375,763.9199829101562
1787595000,763.9000244140625,764.260009765625,763.8200073242188,764.260009765625
1787595300,764.2550048828125,764.469970703125,764.1300048828125,764.2349853515625
1787595600,764.22998046875,764.6900024414062,764.2000122070312,764.614990234375
1787595900,764.614990234375,764.8400268554688,764.5599975585938,764.7999877929688
1787596200,764.7999877929688,765.1099853515625,764.6599731445312,764.6699829101562
1787596500,764.6849975585938,764.75,764.1199951171875,764.239501953125
1787596800,764.22998046875,764.405029296875,764.1500244140625,764.3300170898438
1787597100,764.3339233398438,764.4199829101562,764.1099853515625,764.3200073242188
1787597400,764.3200073242188,764.4299926757812,764.0700073242188,764.1400146484375
1787597700,764.1400146484375,764.25,763.969970703125,764.0
1787598000,763.969970703125,764.0499877929688,763.8099975585938,763.9199829101562
1787598300,763.9199829101562,764.0900268554688,763.8499755859375,763.9000244140625
1787598600,763.9000244140625,764.2000122070312,763.8599853515625,764.1099853515625
1787598900,764.1099853515625,764.22998046875,763.9199829101562,764.0999755859375
1787599200,764.0700073242188,764.1900024414062,763.9600219726562,764.02001953125
1787599500,764.0150146484375,764.1699829101562,763.9199829101562,763.9600219726562
1787599800,763.9600219726562,764.239990234375,763.739990234375,763.739990234375
1787600100,763.739990234375,763.8499755859375,763.6400146484375,763.655029296875
1787600400,763.6500244140625,763.75,763.5399780273438,763.6599731445312
1787600700,763.6599731445312,763.780029296875,763.47998046875,763.77001953125
1787601000,763.780029296875,763.9500122070312,763.3499755859375,763.739990234375
1787601300,763.760009765625,763.9500122070312,763.3800048828125,763.47998046875
1787601600,763.45,765.5914,763.38,763.7
1787601900,763.7096,763.91,763.58,763.7
1787602200,763.695,763.73,763.4387,763.7
1787602500,763.47,763.69,763.47,763.61
1787602800,763.56,763.61,763.25,763.2798
1787603100,763.2548,763.32,763.25,763.2835
1787603400,763.29,763.52,763.26,763.5056
1787603700,763.5,763.6828,763.46,763.66
1787604000,763.651,763.7245,763.62,763.7243
1787604300,763.7249,763.77,763.625,763.645
1787604600,763.64,763.6849,763.47,763.6843
1787604900,763.7245,764.1,763.698,764.02
1787605200,764.0,764.0067,763.47,763.92
1787605500,763.96,763.97,724.228,763.9
1787605800,763.9417,764.05,763.8855,764.038
1787606100,764.038,764.05,763.94,764.0367
1787606400,764.04,764.04,763.75,764.03
1787606700,764.03,764.04,763.81,764.0162
1787607000,764.0036,764.05,724.228,764.0068
1787607300,764.0,764.1,764.0,764.0562
1787607600,764.09,764.1,764.05,764.075
1787607900,764.0987,764.1,764.05,764.088
1787608200,764.08,764.1,764.05,764.07
1787608500,764.07,764.0987,764.0,764.0
1787608800,764.0,764.29,763.47,763.9696
1787609100,764.0803,764.29,764.05,764.14
1787609400,764.12,764.1297,763.9662,764.0318
1787609700,764.0604,764.0904,763.996,764.01
1787610000,764.04,764.11,763.9686,764.0971
1787610300,764.08,764.09,763.99,764.0419
1787610600,764.01,764.0706,763.94,764.059
1787610900,764.0517,764.08,764.0,764.0514
1787611200,764.0081,764.0517,763.9159,763.9801
1787611500,763.9801,764.0304,763.93,764.0304
1787611800,764.0304,764.05,763.965,764.0137
1787612100,764.01,764.06,763.92,764.0183
1787612400,764.0014,764.0756,763.9878,764.0508
1787612700,764.0585,764.09,764.0086,764.08
1787613000,764.08,764.0863,764.04,764.0863
1787613300,764.08,764.1097,763.948,763.9792
1787613600,763.9815,764.0929,763.97,764.03
1787613900,764.0007,764.0097,763.8212,763.8212
1787614200,763.8362,763.84,763.72,763.8391
1787614500,763.7712,763.8096,763.6299,763.6299
1787614800,763.63,763.79,763.35,763.4877
1787615100,763.5032,763.53,763.4312,763.49
1787615400,763.495,763.675,763.47,763.47
1787615700,763.49,763.65,763.4814,763.6496
1787644800,764.4,765.8982,763.47,764.75
1787645100,764.77,765.23,764.75,764.9687
1787645400,764.9,764.94,764.7615,764.81
1787645700,764.84,765.2,764.84,765.079
1787646000,765.05,766.6088,765.05,766.6088
1787646300,766.4977,766.615,765.7222,765.829
1787646600,765.81,766.1,765.659,766.1
1787646900,766.01,766.1087,765.571,765.6112
1787647200,765.66,765.85,765.6112,765.84
1787647500,765.95,766.159,765.95,766.0915
1787647800,766.12,766.32,766.1,766.1092
1787648100,766.08,766.38,765.9712,766.38
1787648400,766.35,766.395,766.1387,766.395
1787648700,766.3558,766.6,766.29,766.44
1787649000,766.424,766.73,766.424,766.57
1787649300,766.57,766.67,766.51,766.6
1787649600,766.6887,766.72,766.59,766.64
1787649900,766.58,766.58,766.41,766.569
1787650200,766.57,767.57,766.52,767.53
1787650500,767.44,767.44,767.0092,767.106
1787650800,767.0817,767.49,767.0817,767.189
1787651100,767.1787,767.52,767.09,767.485
1787651400,767.55,768.4,767.5133,767.681
1787651700,767.74,768.0017,767.56,767.5841
1787652000,767.589,767.589,767.14,767.24
1787652300,767.31,767.6011,767.25,767.6011
1787652600,767.5837,767.6488,767.31,767.36
1787652900,767.42,767.42,767.1934,767.22
1787653200,767.218,767.3427,767.13,767.16
1787653500,767.15,767.16,766.9697,767.0161
1787653800,767.0,767.08,766.8897,766.98
1787654100,766.94,766.97,766.86,766.939
1787654400,766.92,767.01,766.6512,766.689
1787654700,766.65,766.865,766.65,766.8339
1787655000,766.84,766.95,766.83,766.9
1787655300,766.87,766.93,766.75,766.85
1787655600,766.84,766.879,763.47,766.5201
1787655900,766.5,766.51,765.83,766.3265
1787656200,766.36,766.53,766.2708,766.45
1787656500,766.4868,766.57,766.3162,766.39
1787656800,766.429,766.69,766.39,766.64
1787657100,766.6147,766.6211,766.3512,766.58
1787657400,766.58,766.75,766.5,766.53
1787657700,766.5385,766.83,766.5201,766.83
1787658000,766.82,766.94,766.69,766.84
1787658300,766.8362,767.17,766.8362,767.14
1787658600,767.13,767.35,766.951,767.0303
1787658900,767.0125,767.09,766.96,767.09
1787659200,767.12,767.19,766.77,767.09
1787659500,767.07,767.2,766.96,767.1462
1787659800,767.1634,767.18,766.83,767.06
1787660100,767.0512,767.56,767.0497,767.33
1787660400,767.33,767.3692,767.0,767.09
1787660700,767.1246,767.2484,767.12,767.19
1787661000,767.19,767.19,766.46,766.55
1787661300,766.54,766.59,766.2,766.2162
1787661600,766.2153,766.4986,766.15,766.4
1787661900,766.39,766.44,763.47,766.39
1787662200,766.46,766.71,766.43,766.5113
1787662500,766.5113,766.59,766.3862,766.45
1787662800,766.459,766.6,766.3033,766.43
1787663100,766.4469,766.52,766.18,766.3515
1787663400,766.35,766.6742,766.3,766.52
1787664600,766.1599731445312,766.780029296875,765.9299926757812,766.72998046875
1787664900,766.6900024414062,766.7000122070312,766.1300048828125,766.135009765625
1787665200,766.1500244140625,766.6500244140625,765.8699951171875,766.1649780273438
1787665500,766.1500244140625,766.719970703125,766.1199951171875,766.4600219726562
1787665800,766.4600219726562,766.530029296875,766.0,766.0
1787666100,766.030029296875,766.0751953125,765.5001220703125,765.6900024414062
1787666400,765.6900024414062,765.8099975585938,765.22998046875,765.4550170898438
1787666700,765.4600219726562,765.5599975585938,765.1199951171875,765.3400268554688
1787667000,765.3400268554688,765.53369140625,765.0999755859375,765.1849975585938
1787667300,765.1699829101562,765.6300048828125,765.0499877929688,765.4199829101562
1787667600,765.4400024414062,765.489990234375,764.8400268554688,765.0999755859375
1787667900,765.1099853515625,765.1699829101562,764.6799926757812,764.7000122070312
1787668200,764.7000122070312,764.8800048828125,763.0501098632812,764.3300170898438
1787668500,764.3400268554688,765.0599975585938,764.3300170898438,765.02001953125
1787668800,765.0103759765625,765.030029296875,764.1599731445312,764.3499755859375
1787669100,764.3499755859375,764.489990234375,764.1699829101562,764.2249755859375
1787669400,764.1900024414062,764.8099975585938,764.031005859375,764.6599731445312
1787669700,764.6599731445312,764.8499755859375,764.47998046875,764.719970703125
1787670000,764.72998046875,764.77001953125,764.2999877929688,764.4500122070312
1787670300,764.4500122070312,764.780029296875,764.39501953125,764.60498046875
1787670600,764.6199951171875,764.7999877929688,764.3800048828125,764.5899047851562
1787670900,764.5900268554688,764.9349975585938,764.489990234375,764.9000244140625
1787671200,764.9199829101562,765.1599731445312,764.6799926757812,764.77001953125
1787671500,764.77001953125,765.3900146484375,764.6500244140625,765.3099975585938
1787671800,765.3200073242188,765.7899780273438,765.030029296875,765.0850219726562
1787672100,765.0800170898438,765.8499755859375,765.0604858398438,765.0999755859375
1787672400,765.1099853515625,765.22998046875,764.9099731445312,765.1699829101562
1787672700,765.1799926757812,765.1799926757812,764.5999755859375,764.7100219726562
1787673000,764.7050170898438,765.3101196289062,764.614990234375,765.2255859375
1787673300,765.2100219726562,765.5999755859375,765.2100219726562,765.4400024414062
1787673600,765.4600219726562,765.8499755859375,765.4199829101562,765.5599975585938
1787673900,765.5700073242188,765.6500244140625,765.3212890625,765.3499755859375
1787674200,765.3599853515625,765.5800170898438,765.3300170898438,765.52001953125
1787674500,765.52001953125,765.5999755859375,765.4099731445312,765.5
1787674800,765.510009765625,765.6500244140625,765.3699951171875,765.6199951171875
1787675100,765.6217041015625,765.7999877929688,765.5599975585938,765.760009765625
1787675400,765.75,765.8599853515625,765.67431640625,765.72998046875
1787675700,765.739990234375,765.9500122070312,765.5900268554688,765.9000244140625
1787676000,765.905029296875,765.9099731445312,765.510009765625,765.5800170898438
1787676300,765.5900268554688,765.7949829101562,765.4099731445312,765.625
1787676600,765.6300048828125,765.6400146484375,765.3300170898438,765.4290161132812
1787676900,765.4299926757812,765.89990234375,765.4000244140625,765.760009765625
1787677200,765.760009765625,765.8400268554688,765.3499755859375,765.3599853515625
1787677500,765.3499755859375,765.4000244140625,764.9400024414062,765.1099853515625
1787677800,765.1199951171875,765.3300170898438,764.9600219726562,765.27001953125
1787678100,765.280029296875,765.4199829101562,765.161376953125,765.4000244140625
1787678400,765.4099731445312,765.4099731445312,765.030029296875,765.030029296875
1787678700,765.02001953125,765.02001953125,764.6300048828125,764.8200073242188
1787679000,764.8200073242188,764.9500122070312,764.739990234375,764.8300170898438
1787679300,764.8200073242188,765.0050048828125,764.760009765625,764.9199829101562
1787679600,764.919921875,765.0349731445312,764.8400268554688,764.8699951171875
1787679900,764.8699951171875,765.0599975585938,764.8400268554688,764.9199829101562
1787680200,764.9199829101562,765.1500244140625,764.8400268554688,765.1099853515625
1787680500,765.1071166992188,765.1599731445312,764.9199829101562,765.0399780273438
1787680800,765.030029296875,765.030029296875,764.8099975585938,764.8300170898438
1787681100,764.7999877929688,765.030029296875,764.7999877929688,764.9199829101562
1787681400,764.9099731445312,765.0900268554688,764.7869873046875,764.7999877929688
1787681700,764.7899780273438,764.8599853515625,764.719970703125,764.8300170898438
1787682000,764.8350219726562,764.989990234375,764.8200073242188,764.905029296875
1787682300,764.9000244140625,765.010009765625,764.7999877929688,764.969970703125
1787682600,764.969970703125,765.4000244140625,764.969970703125,765.3599853515625
1787682900,765.3499755859375,765.4000244140625,765.2349853515625,765.2999877929688
1787683200,765.3099975585938,765.5900268554688,765.2899780273438,765.5399780273438
1787683500,765.5499877929688,765.8699951171875,765.5449829101562,765.8099975585938
1787683800,765.8200073242188,765.8400268554688,765.6309814453125,765.6900024414062
1787684100,765.6900024414062,765.7899780273438,765.5399780273438,765.6400146484375
1787684400,765.6500244140625,765.8499755859375,765.4500122070312,765.469970703125
1787684700,765.4754028320312,765.5499877929688,765.2899780273438,765.3699951171875
1787685000,765.3800048828125,765.3900146484375,765.0900268554688,765.1174926757812
1787685300,765.1199951171875,765.1799926757812,764.9400024414062,764.9981079101562
1787685600,765.0,765.0800170898438,764.8699951171875,765.0599975585938
1787685900,765.0700073242188,765.1900024414062,765.010009765625,765.1500244140625
1787686200,765.1699829101562,765.2449951171875,765.010009765625,765.1300048828125
1787686500,765.0999755859375,765.3599853515625,765.0900268554688,765.260009765625
1787686800,765.25,765.6300048828125,765.239990234375,765.3699951171875
1787687100,765.3900146484375,765.5399780273438,765.2634887695312,765.4749755859375
1787687400,765.4749755859375,766.1699829101562,765.239990234375,766.1400146484375
1787687700,766.1400146484375,766.219970703125,765.6900024414062,765.8350219726562
1787688000,765.82,766.07,765.63,765.83
1787688300,765.8298,766.04,765.75,765.9799
1787688600,765.96,766.035,765.26,765.9
1787688900,765.91,765.98,765.8,765.94
1787689200,765.9285,766.26,765.91,766.21
1787689500,766.215,766.28,766.09,766.1582
1787689800,766.18,766.22,766.141,766.18
1787690100,766.19,766.19,766.0,766.0148
1787690400,766.01,766.02,765.88,765.899
1787690700,765.89,765.93,765.71,765.7167
1787691000,765.72,765.91,765.72,765.8
1787691300,765.8629,765.87,765.7768,765.85
1787691600,765.82,765.91,765.7,765.8124
1787691900,765.88,765.9099,765.75,765.86
1787692200,765.8924,765.91,765.62,765.9002
1787692500,765.91,766.0,765.9012,765.961
1787692800,765.9945,766.0,765.961,765.99
1787693100,765.9965,765.9965,765.8103,765.914
1787693400,765.895,765.94,765.83,765.83
1787693700,765.9262,765.94,765.85,765.9385
1787694000,765.9327,765.94,765.8801,765.94
1787694300,765.89,765.96,765.88,765.92
1787694600,765.96,766.0,765.9076,765.9905
1787694900,766.0,766.125,765.9347,766.0054
1787695200,765.99,766.1,765.8,766.01
1787695500,765.9763,766.05,765.85,765.9761
1787695800,766.0,766.0,765.8574,765.91
1787696100,765.9046,765.95,765.87,765.89
1787696400,765.8833,765.95,765.7963,765.94
1787696700,765.95,766.04,765.8912,765.9812
1787697000,766.0238,766.0882,765.9912,766.04
1787697300,766.0458,766.0458,765.95,765.97
1787697600,765.9312,766.0,765.9312,766.0
1787697900,766.0,766.02,765.94,765.9563
1787698200,765.9592,765.969,765.88,765.96
1787698500,765.9588,765.9985,765.9107,765.9626
1787698800,765.9822,765.993,765.9177,765.94
1787699100,765.9438,765.9569,765.83,765.9
1787699400,765.8939,765.91,765.84,765.87
1787699700,765.89,765.89,765.82,765.8549
1787700000,765.8492,765.85,765.62,765.67
1787700300,765.683,765.6839,765.5,765.5
1787700600,765.5,765.51,765.3085,765.4
1787700900,765.37,765.4123,765.31,765.3101
1787701200,765.35,765.37,765.18,765.21
1787701500,765.19,765.19,764.9992,764.9992
1787701800,765.0,765.0,764.81,764.97
1787702100,764.98,765.1,764.94,764.94
1787731200,765.63,765.9477,764.8415,765.63
1787731500,765.5788,765.83,765.41,765.66
1787731800,765.67,765.78,765.289,765.289
1787732100,765.25,765.6,765.2,765.25
1787732400,765.22,765.2666,765.09,765.1484
1787732700,765.16,765.6534,765.16,765.651
1787733000,765.6585,765.77,765.44,765.65
1787733300,765.61,765.72,765.59,765.72
1787733600,765.72,765.8512,765.6715,765.8
1787733900,765.8,765.83,765.64,765.7264
1787734200,765.71,765.8085,765.61,765.61
1787734500,765.6086,765.621,765.3795,765.621
1787734800,765.6487,765.75,765.5692,765.5692
1787735100,765.56,765.59,765.43,765.4392
1787735400,765.43,765.5612,765.41,765.45
1787735700,765.49,765.49,765.34,765.3492
1787736000,765.4,765.48,765.17,765.17
1787736300,765.16,765.299,765.11,765.24
1787736600,765.42,765.57,765.32,765.46
1787736900,765.46,765.4787,765.36,765.43
1787737200,765.4785,765.5,765.38,765.435
1787737500,765.4787,765.629,765.43,765.5215
1787737800,765.53,765.66,765.4912,765.64
1787738100,765.6392,765.7115,765.5712,765.69
1787738400,765.6892,765.6892,765.45,765.45
1787738700,765.5087,765.5087,765.37,765.37
1787739000,765.37,765.396,765.2112,765.2315
1787739300,765.2987,765.39,765.2987,765.331
1787739600,765.33,765.43,765.1832,765.43
1787739900,765.3857,765.4,765.19,765.19
1787740200,765.0992,765.52,765.0,765.5013
1787740500,765.55,765.7587,765.54,765.72
1787740800,765.72,765.7605,765.5,765.54
1787741100,765.51,765.65,765.48,765.61
1787741400,765.64,765.64,765.43,765.4887
1787741700,765.45,765.5107,765.39,765.5107
1787742000,765.451,765.91,765.44,765.7385
1787742300,765.73,765.7385,765.5,765.5427
1787742600,765.51,765.79,765.51,765.79
1787742900,765.7893,766.18,765.75,765.87
1787743200,765.8961,765.9067,765.72,765.72
1787743500,765.72,765.7889,765.57,765.763
1787743800,765.8,765.9466,765.73,765.76
1787744100,765.7195,765.7195,765.22,765.27
1787744400,765.3,765.4488,765.22,765.401
1787744700,765.45,765.45,765.08,765.2145
1787745000,765.1769,765.6,765.1415,765.48
1787745300,765.4792,765.5995,765.4207,765.55
1787745600,765.53,765.6,765.3687,765.5205
1787745900,765.5231,765.56,765.3212,765.4349
1787746200,765.4094,765.58,765.32,765.58
1787746500,765.5738,765.5987,765.3257,765.5719
1787746800,765.54,765.96,765.54,765.8801
1787747100,765.9186,766.5,765.8712,766.423
1787747400,766.15,766.43,764.99,765.13
1787747700,765.1693,765.2187,764.77,764.9177
1787748000,764.96,765.21,764.88,764.9
1787748300,764.88,765.11,764.74,765.09
1787748600,765.0985,765.1992,764.44,764.7385
1787748900,764.6612,765.02,764.54,764.75
1787749200,764.7408,765.0287,764.6512,764.871
1787749500,764.9187,765.0087,764.5315,764.61
1787749800,764.62,764.9892,764.5,764.9512
1787751000,764.72998046875,765.7999877929688,764.6799926757812,765.6749877929688
1787751300,765.6749877929688,765.8200073242188,764.8099975585938,765.5750122070312
1787751600,765.530029296875,766.6099853515625,765.4299926757812,766.2999877929688
1787751900,766.3200073242188,766.6799926757812,765.9199829101562,765.9199829101562
1787752200,765.9249877929688,766.6099853515625,765.6400146484375,766.5800170898438
1787752500,766.6199951171875,766.89990234375,766.4550170898438,766.8900146484375
1787752800,766.8800048828125,766.9600219726562,766.614990234375,766.8499755859375
1787753100,766.8800048828125,766.9199829101562,766.469970703125,766.6099853515625
1787753400,766.6099853515625,766.6300048828125,766.0700073242188,766.1699829101562
1787753700,766.1699829101562,766.3499755859375,765.9299926757812,765.9650268554688
1787754000,765.958984375,766.0599975585938,765.3800048828125,765.4249877929688
1787754300,765.4099731445312,765.5,764.8300170898438,765.0800170898438
1787754600,765.0700073242188,765.2949829101562,764.9199829101562,765.1300048828125
1787754900,765.1300048828125,765.5999755859375,765.0001220703125,765.219970703125
1787755200,765.239990234375,765.5349731445312,765.1749877929688,765.3900146484375
1787755500,765.4000244140625,765.5700073242188,765.0999755859375,765.5599975585938
1787755800,765.5650024414062,765.9400024414062,765.530029296875,765.6400146484375
1787756100,765.6400146484375,765.9000244140625,765.5399780273438,765.8499755859375
1787756400,765.8699951171875,766.4400024414062,765.8400268554688,766.1900024414062
1787756700,766.2100219726562,766.469970703125,766.1699829101562,766.3499755859375
1787757000,766.3499755859375,766.4450073242188,766.1099853515625,766.280029296875
1787757300,766.27001953125,766.2899780273438,765.5599975585938,765.7833862304688
1787757600,765.77001953125,766.030029296875,765.719970703125,765.77001953125
1787757900,765.760009765625,766.0599975585938,765.7000122070312,765.8499755859375
1787758200,765.8400268554688,765.9000244140625,765.1400146484375,765.25
1787758500,765.2598876953125,765.5499877929688,765.2598876953125,765.4600219726562
1787758800,765.469970703125,766.1400146484375,765.4000244140625,766.0700073242188
1787759100,766.0650024414062,766.27001953125,765.9600219726562,766.22998046875
1787759400,766.25,766.3099975585938,765.3099975585938,765.3900146484375
1787759700,765.3900146484375,765.7698974609375,765.3099975585938,765.3200073242188
1787760000,765.3300170898438,765.3499755859375,764.8800048828125,765.1799926757812
1787760300,765.1599731445312,765.4400024414062,765.030029296875,765.1500244140625
1787760600,765.1599731445312,765.3099975585938,764.969970703125,765.030029296875
1787760900,765.0399780273438,765.1400146484375,764.8300170898438,764.989990234375
1787761200,764.989990234375,765.1099853515625,764.8699951171875,764.9299926757812
1787761500,764.9498901367188,765.0050048828125,764.72998046875,764.7999877929688
1787761800,764.7949829101562,764.97998046875,764.760009765625,764.8800048828125
1787762100,764.8400268554688,764.8900146484375,764.1599731445312,764.1599731445312
1787762400,764.1500244140625,764.4000244140625,763.9299926757812,764.0120239257812
1787762700,764.010009765625,764.35498046875,763.9500122070312,764.0700073242188
1787763000,764.0800170898438,764.3200073242188,764.0499877929688,764.2000122070312
1787763300,764.1799926757812,764.7999877929688,764.1799926757812,764.719970703125
1787763600,764.7000122070312,764.96240234375,764.5701293945312,764.8889770507812
1787763900,764.8699951171875,765.1099853515625,764.7100219726562,765.0499877929688
1787764200,765.0499877929688,765.1400146484375,764.989990234375,765.1400146484375
1787764500,765.1492919921875,765.5,765.1492919921875,765.3350219726562
1787764800,765.3350219726562,765.6599731445312,765.3300170898438,765.6500244140625
1787765100,765.6500244140625,765.719970703125,765.4299926757812,765.6500244140625
1787765400,765.6500244140625,765.7999877929688,765.530029296875,765.760009765625
1787765700,765.77001953125,765.8400268554688,765.5999755859375,765.6099853515625
1787766000,765.60498046875,765.760009765625,765.469970703125,765.6799926757812
1787766300,765.6900024414062,765.7100219726562,765.4400024414062,765.4600219726562
1787766600,765.469970703125,765.780029296875,765.4409790039062,765.7620239257812
1787766900,765.7650146484375,765.8699951171875,765.6400146484375,765.6799926757812
1787767200,765.6699829101562,765.6900024414062,765.469970703125,765.510009765625
1787767500,765.52001953125,765.8599853515625,765.510009765625,765.77001953125
1787767800,765.780029296875,765.7899780273438,765.3800048828125,765.4099731445312
1787768100,765.4099731445312,765.77001953125,765.3499755859375,765.7349853515625
1787768400,765.739990234375,765.97998046875,765.5650024414062,765.5650024414062
1787768700,765.5700073242188,765.72802734375,765.47998046875,765.6099853515625
1787769000,765.6099853515625,765.9000244140625,765.52001953125,765.75
1787769300,765.7550048828125,765.8300170898438,765.6099853515625,765.739990234375
1787769600,765.7257690429688,765.89501953125,765.6699829101562,765.8599853515625
1787769900,765.8699951171875,766.4500122070312,765.8499755859375,766.3200073242188
1787770200,766.3099975585938,766.5800170898438,766.219970703125,766.469970703125
1787770500,766.47998046875,766.6400146484375,766.3300170898438,766.510009765625
1787770800,766.530029296875,767.3499755859375,766.469970703125,767.27001953125
1787771100,767.260009765625,767.2894287109375,766.8800048828125,766.9500122070312
1787771400,766.9550170898438,767.0999755859375,766.8699951171875,766.969970703125
1787771700,766.9600219726562,767.27001953125,766.9400024414062,767.1900024414062
1787772000,767.1900024414062,767.2000122070312,766.8200073242188,767.030029296875
1787772300,767.02001953125,767.1300048828125,766.8300170898438,766.8900146484375
1787772600,766.9000244140625,766.9149780273438,766.75,766.8599853515625
1787772900,766.8599853515625,766.8800048828125,766.5900268554688,766.6649780273438
1787773200,766.6649780273438,766.8699951171875,766.5999755859375,766.6900024414062
1787773500,766.7000122070312,767.1300048828125,766.6300048828125,767.1199951171875
1787773800,767.1199951171875,767.2100219726562,766.010009765625,766.1799926757812
1787774100,766.1799926757812,766.4400024414062,765.489990234375,766.010009765625
1787774400,765.95,767.03,765.81,766.8182
1787774700,766.7608,767.07,765.8935,766.9261
1787775000,766.9497,767.12,765.7672,767.055
1787775300,767.04,767.3802,766.08,767.3699
1787775600,767.24,767.37,765.8197,766.62
1787775900,766.52,766.87,766.22,766.54
1787776200,766.51,766.53,766.06,766.23
1787776500,766.2,766.59,766.16,766.4562
1787776800,766.45,766.63,764.65,766.3967
1787777100,766.39,766.9,766.37,766.9
1787777400,766.95,767.23,766.89,767.16
1787777700,767.17,767.7168,767.1043,767.69
1787778000,767.72,768.46,766.08,768.1582
1787778300,768.02,768.96,767.94,768.89
1787778600,768.8514,769.5292,768.8514,769.51
1787778900,769.51,770.0,766.08,769.51
1787779200,769.21,770.0,769.1665,769.906
1787779500,769.949,769.99,769.64,769.79
1787779800,769.8,769.9178,769.31,769.9
1787780100,769.91,770.25,769.8384,770.09
1787780400,770.09,770.25,769.96,770.03
1787780700,770.14,770.27,770.0,770.27
1787781000,770.27,770.4,770.0,770.25
1787781300,770.26,770.4,769.89,769.99
1787781600,769.99,770.24,768.81,770.2
1787781900,770.2062,770.25,769.7497,769.8
1787782200,769.77,770.15,769.728,770.0482
1787782500,770.0792,770.58,769.8662,770.38
1787782800,770.39,770.61,770.2,770.48
1787783100,770.4235,770.599,770.38,770.54
1787783400,770.54,770.69,770.46,770.66
1787783700,770.7,770.865,770.6067,770.6489
1787784000,770.6163,770.8702,770.6005,770.825
1787784300,770.87,770.87,770.59,770.6487
1787784600,770.65,770.72,770.38,770.39
1787784900,770.42,770.4688,770.34,770.4132
1787785200,770.4115,770.4658,770.3367,770.38
1787785500,770.3843,770.3927,770.205,770.25
1787785800,770.2839,770.33,770.2,770.25
1787786100,770.29,770.29,770.11,770.1863
1787786400,770.19,770.3,770.1265,770.247
1787786700,770.284,770.34,770.11,770.18
1787787000,770.18,770.31,770.1632,770.2096
1787787300,770.24,770.2734,770.18,770.2
1787787600,770.22,770.259,770.18,770.1846
1787787900,770.17,770.39,770.17,770.37
1787788200,770.33,770.369,770.1697,770.2483
1787788500,770.25,770.69,770.21,770.6255
1787817600,769.1,769.628,766.08,769.39
1787817900,769.47,769.84,769.43,769.8
1787818200,769.82,770.1007,769.759,770.02
1787818500,770.04,770.04,769.589,769.69
1787818800,769.69,769.79,769.53,769.79
1787819100,769.82,770.29,769.79,770.29
1787819400,770.25,770.25,769.85,769.85
1787819700,769.8687,769.91,769.77,769.81
1787820000,769.8,769.93,769.7,769.82
1787820300,769.8259,770.19,769.8259,770.08
1787820600,770.05,770.19,769.7195,769.7487
1787820900,769.7,769.79,769.57,769.6787
1787821200,769.65,769.71,769.04,769.109
1787821500,769.0985,769.33,768.969,769.29
1787821800,769.32,769.39,768.9785,768.9785
1787822100,768.97,769.04,768.7587,768.98
1787822400,769.0,769.41,768.9896,769.41
1787822700,769.4,769.45,769.23,769.29
1787823000,769.37,769.68,769.37,769.6587
1787823300,769.6117,769.65,769.53,769.5405
1787823600,769.5312,769.61,769.4408,769.5
1787823900,769.5187,769.66,769.509,769.509
1787824200,769.53,769.65,769.37,769.52
1787824500,769.559,769.559,769.2292,769.287
1787824800,769.219,769.23,768.9115,769.0614
1787825100,769.1,769.21,769.07,769.079
1787825400,769.08,769.24,768.99,769.1
1787825700,769.13,769.2287,769.1207,769.1687
1787826000,769.07,769.07,768.9212,768.94
1787826300,768.97,768.97,768.8,768.82
1787826600,768.85,768.939,768.83,768.92
1787826900,768.88,768.88,768.675,768.749
1787827200,768.71,769.12,768.71,769.1
1787827500,769.08,769.18,769.01,769.01
1787827800,769.01,769.1407,768.8,769.1407
1787828100,769.17,769.3,769.14,769.21
1787828400,769.27,769.4324,766.08,769.4324
1787828700,769.41,769.5597,769.18,769.5597
1787829000,769.54,769.8,769.485,769.6597
1787829300,769.6477,769.7548,769.34,769.42
1787829600,769.4398,769.4808,769.3238,769.429
1787829900,769.43,769.48,769.08,769.0899
1787830200,769.06,769.32,768.77,769.0
1787830500,769.049,769.1,768.635,768.71
1787830800,768.72,768.98,768.66,768.97
1787831100,768.9012,768.92,768.35,768.39
1787831400,768.3986,768.72,768.3432,768.69
1787831700,768.7085,769.09,768.6547,769.07
1787832000,769.06,769.1866,768.964,769.13
1787832300,769.09,769.22,768.94,769.14
1787832600,769.171,769.4685,769.16,769.3994
1787832900,769.4016,769.4221,769.16,769.24
1787833200,769.26,769.3291,769.07,769.2
1787833500,769.2324,769.3487,768.9,769.1171
1787833800,769.1188,769.13,768.72,768.7293
1787834100,768.73,768.78,768.27,768.339
1787834400,768.3,768.383,768.0138,768.0845
1787834700,768.05,768.19,766.08,768.1012
1787835000,768.13,768.22,767.96,768.1471
1787835300,768.13,768.24,767.97,768.02
1787835600,767.99,768.36,767.9,768.31
1787835900,768.29,768.4,768.025,768.07
1787836200,768.06,768.31,767.97,768.21
1787837400,768.5,768.8099975585938,767.1599731445312,767.47998046875
1787837700,767.47998046875,768.27001953125,767.1599731445312,768.219970703125
1787838000,768.22998046875,769.2000122070312,767.9600219726562,769.1900024414062
1787838300,769.219970703125,769.6900024414062,767.7150268554688,768.0599975585938
1787838600,768.0700073242188,769.3699951171875,768.0700073242188,769.1849975585938
1787838900,769.1699829101562,769.2487182617188,767.6199951171875,768.4055786132812
1787839200,768.4000244140625,769.010009765625,768.2120971679688,768.7899780273438
1787839500,768.7899780273438,769.0900268554688,768.0499877929688,768.4299926757812
1787839800,768.4503173828125,768.989990234375,768.4500122070312,768.655029296875
1787840100,768.6599731445312,769.3400268554688,768.6599731445312,769.1599731445312
1787840400,769.1599731445312,769.5900268554688,769.0499877929688,769.4600219726562
1787840700,769.469970703125,769.8800048828125,769.260009765625,769.6749877929688
1787841000,769.6998901367188,769.739990234375,769.0599975585938,769.3699951171875
1787841300,769.4000244140625,770.0399780273438,769.3200073242188,769.3400268554688
1787841600,769.3499755859375,769.6699829101562,769.3250122070312,769.6199951171875
1787841900,769.6099853515625,770.2899780273438,769.35498046875,770.239990234375
1787842200,770.219970703125,770.4400024414062,769.8900146484375,770.1300048828125
1787842500,770.125,770.4000244140625,769.7349853515625,770.39501953125
1787842800,770.4099731445312,770.6599731445312,770.2280883789062,770.6300048828125
1787843100,770.6199951171875,770.7100219726562,770.3250122070312,770.5401000976562
1787843400,770.5399780273438,770.8400268554688,770.5,770.8200073242188
1787843700,770.8298950195312,771.0999755859375,770.7999877929688,770.9600219726562
1787844000,770.97998046875,771.0800170898438,770.7449951171875,770.780029296875
1787844300,770.7899780273438,770.7999877929688,770.22998046875,770.3150024414062
1787844600,770.3099975585938,770.6199951171875,770.0900268554688,770.2150268554688
1787844900,770.22998046875,770.3300170898438,769.8150024414062,769.9099731445312
1787845200,769.9299926757812,770.3599853515625,769.614990234375,769.6500244140625
1787845500,769.6599731445312,769.72998046875,769.3900146484375,769.6799926757812
1787845800,769.6699829101562,770.8800048828125,769.6649780273438,770.8599853515625
1787846100,770.8599853515625,770.8599853515625,770.530029296875,770.6400146484375
1787846400,770.6400146484375,770.969970703125,770.5499877929688,770.8400268554688
1787846700,770.8300170898438,770.8499755859375,770.4400024414062,770.5399780273438
1787847000,770.510009765625,770.7550048828125,770.4199829101562,770.6298828125
1787847300,770.5999755859375,770.8107299804688,770.510009765625,770.6099853515625
1787847600,770.5999755859375,770.6300048828125,770.3400268554688,770.5374755859375
1787847900,770.530029296875,770.9099731445312,770.4299926757812,770.9099731445312
1787848200,770.9099731445312,771.1699829101562,770.8200073242188,771.1599731445312
1787848500,771.1599731445312,771.5250244140625,771.1199951171875,771.510009765625
1787848800,771.5499877929688,771.7899780273438,771.510009765625,771.6900024414062
1787849100,771.6900024414062,771.9400024414062,771.6599731445312,771.7050170898438
1787849400,771.72998046875,772.010009765625,771.6099853515625,771.9299926757812
1787849700,771.9299926757812,772.030029296875,771.719970703125,771.989990234375
1787850000,772.02001953125,772.1500244140625,771.9600219726562,772.030029296875
1787850300,772.0399780273438,772.25,771.75,772.219970703125
1787850600,772.22998046875,772.35498046875,772.0999755859375,772.1900024414062
1787850900,772.2100219726562,772.280029296875,772.0380249023438,772.1300048828125
1787851200,772.125,772.2700805664062,772.0499877929688,772.1799926757812
1787851500,772.1799926757812,772.1799926757812,771.5999755859375,771.75
1787851800,771.75,772.0599975585938,771.6849975585938,771.77001953125
1787852100,771.77001953125,771.8800048828125,771.6851196289062,771.72998046875
1787852400,771.739990234375,771.959716796875,771.5900268554688,771.6400146484375
1787852700,771.6300048828125,771.669921875,771.2999877929688,771.3900146484375
1787853000,771.405029296875,771.4500122070312,771.2100219726562,771.3499755859375
1787853300,771.3699951171875,771.4500122070312,771.0999755859375,771.2249755859375
1787853600,771.2249755859375,771.3900146484375,770.5,770.5250244140625
1787853900,770.5250244140625,771.0,770.3499755859375,770.489990234375
1787854200,770.52001953125,770.5499877929688,769.9849853515625,770.260009765625
1787854500,770.27001953125,770.5194702148438,770.0700073242188,770.2750244140625
1787854800,770.27001953125,770.4500122070312,770.010009765625,770.0900268554688
1787855100,770.0900268554688,770.1099853515625,769.260009765625,769.4600219726562
1787855400,769.469970703125,769.9349975585938,769.4299926757812,769.5399780273438
1787855700,769.5499877929688,770.0599975585938,769.47998046875,770.0499877929688
1787856000,770.0449829101562,770.1199951171875,769.7899780273438,769.8800048828125
1787856300,769.8900146484375,770.0800170898438,769.5,769.5040283203125
1787856600,769.52001953125,769.6199951171875,769.3099975585938,769.3300170898438
1787856900,769.3350219726562,769.77001953125,769.1599731445312,769.6500244140625
1787857200,769.6500244140625,770.0399780273438,769.52001953125,769.9400024414062
1787857500,769.9500122070312,770.2000122070312,769.7100219726562,770.1400146484375
1787857800,770.1300048828125,770.22998046875,769.8900146484375,769.8900146484375
1787858100,769.9000244140625,770.22998046875,769.9000244140625,770.1900024414062
1787858400,770.1749877929688,770.280029296875,769.97998046875,770.0150146484375
1787858700,770.0100708007812,770.0800170898438,769.760009765625,769.9400024414062
1787859000,769.9450073242188,770.47998046875,769.8699951171875,770.4400024414062
1787859300,770.4600219726562,770.6099853515625,770.4000244140625,770.5499877929688
1787859600,770.5399780273438,770.6790161132812,770.3900146484375,770.6500244140625
1787859900,770.6400146484375,770.8800048828125,770.5599975585938,770.7899780273438
1787860200,770.7899780273438,771.3300170898438,770.4000244140625,771.2150268554688
1787860500,771.219970703125,771.3599853515625,770.9199829101562,771.0399780273438
1787860800,771.035,771.2348,770.665,770.75
1787861100,770.7447,770.9,770.45,770.5838
1787861400,770.56,771.27484,770.36,770.42
1787861700,770.4,771.2752,770.34,770.49
1787862000,771.1,771.1,770.1541,770.1843
1787862300,770.1954,770.25,770.0,770.2
1787862600,770.21,770.29,770.18,770.25
1787862900,770.2555,771.1,770.12,770.17
1787863200,770.172,770.32,770.0,770.24
1787863500,770.25,771.1,770.1737,770.18
1787863800,770.17,770.2,770.08,770.09
1787864100,770.08,770.3,770.06,770.22
1787864400,770.15,771.1,719.8657,770.39
1787864700,770.35,770.45,770.0,770.45
1787865000,770.4082,770.42,770.25,770.3654
1787865300,770.2715,770.44,770.26,770.37
1787865600,770.34,770.45,770.331,770.38
1787865900,770.4,770.44,770.33,770.4191
1787866200,770.3,770.44,770.2886,770.359
1787866500,770.32,770.44,770.3,770.3998
1787866800,770.39,770.41,770.3,770.41
1787867100,770.39,770.41,770.28,770.3661
1787867400,770.41,770.41,770.2901,770.3652
1787867700,770.33,770.38,770.2248,770.3
1787868000,770.29,770.3782,769.65,770.09
1787868300,770.09,770.21,770.0501,770.1833
1787868600,770.16,770.19,769.965,770.05
1787868900,770.0624,770.2,770.0252,770.1753
1787869200,770.1819,770.3122,770.1052,770.3122
1787869500,770.27,770.32,770.1076,770.27
1787869800,770.27,770.3,770.2,770.25
1787870100,770.25,770.3118,770.2,770.2388
1787870400,770.19,770.27,770.1512,770.19
1787870700,770.209,770.2224,770.1602,770.2138
1787871000,770.2,770.21,770.0844,770.0844
1787871300,770.1087,770.22,770.07,770.1269
1787871600,770.1212,770.19,770.03,770.0549
1787871900,770.0763,770.16,770.0112,770.1
1787872200,770.07,770.07,769.65,769.975
1787872500,769.9401,769.99,769.89,769.939
1787872800,769.93,769.9497,769.8777,769.9005
1787873100,769.91,769.95,769.85,769.8825
1787873400,769.85,769.93,769.79,769.81
1787873700,769.82,769.9,769.82,769.9
1787874000,769.8662,769.91,769.8154,769.83
1787874300,769.8592,769.8592,769.64,769.6785
1787874600,769.6325,769.75,769.62,769.74
1787874900,769.75,769.8,769.6647,769.79
1787904000,771.5,771.55,770.2585,770.94
1787904300,770.9342,770.99,770.64,770.86
1787904600,770.8787,771.08,770.8212,770.94
1787904900,770.92,770.99,770.83,770.87
1787905200,770.8313,770.9887,770.8,770.9512
1787905500,770.945,771.13,770.9315,771.039
1787905800,771.04,771.5405,771.03,771.5405
1787906100,771.56,771.62,771.4507,771.4507
1787906400,771.5,771.5687,771.4,771.4
1787906700,771.4187,771.4187,771.121,771.15
1787907000,771.129,771.22,770.95,771.04
1787907300,771.08,771.14,771.03,771.14
1787907600,771.1392,771.15,770.99,771.0092
1787907900,770.93,771.019,770.92,770.9607
1787908200,770.96,771.0585,770.95,770.9601
1787908500,770.9687,771.029,770.939,770.9412
1787908800,770.93,771.04,770.7692,771.02
1787909100,771.04,771.14,771.0,771.0432
1787909400,771.02,771.08,770.9192,771.08
1787909700,771.04,771.04,770.9,770.9388
1787910000,770.95,770.95,770.881,770.9
1787910300,770.95,771.02,770.8912,770.99
1787910600,771.0,771.1786,771.0,771.0987
1787910900,771.03,771.05,770.97,771.01
1787911200,771.0,771.0,770.89,770.95
1787911500,771.0,771.02,770.855,770.86
1787911800,770.9007,770.9388,770.85,770.9312
1787912100,770.98,771.0002,770.87,770.87
1787912400,770.8631,771.08,770.85,771.08
1787912700,771.05,771.13,770.9534,771.06
1787913000,771.07,771.1,771.02,771.02
1787913300,771.0012,771.16,770.94,771.121
1787913600,771.14,771.14,770.83,770.83
1787913900,770.82,770.92,770.77,770.83
1787914200,770.78,770.85,770.78,770.85
1787914500,770.85,771.06,770.85,771.06
1787914800,771.06,771.21,770.92,771.1399
1787915100,771.13,771.13,770.8607,770.9
1787915400,770.852,771.07,770.83,771.0553
1787915700,771.0802,771.16,771.05,771.16
1787916000,771.19,771.4,771.1315,771.3817
1787916300,771.35,771.359,771.21,771.31
1787916600,771.33,771.46,771.1597,771.1597
1787916900,771.1597,771.1799,771.04,771.1568
1787917200,771.1568,771.2285,771.0292,771.06
1787917500,771.0195,771.15,771.0,771.051
1787917800,771.0985,771.219,771.04,771.2138
1787918100,771.17,771.2103,771.05,771.1063
1787918400,771.07,771.346,771.06,771.33
1787918700,771.3,771.5005,771.3,771.49
1787919000,771.49,771.8,771.38,771.74
1787919300,771.72,771.95,771.71,771.8649
1787919600,771.8934,772.149,771.8747,772.08
1787919900,772.0891,772.11,771.91,772.07
1787920200,772.08,772.1,771.6597,771.6791
1787920500,771.696,771.81,771.4682,771.72
1787920800,771.7302,772.1338,771.68,772.1
1787921100,772.1,772.23,771.99,772.12
1787921400,772.12,772.24,772.05,772.1
1787921700,772.1,772.19,772.02,772.06
1787922000,772.1023,772.555,771.96,772.32
1787922300,772.299,772.3696,772.16,772.18
1787922600,772.173,772.3301,772.0,772.0905
1787923800,771.760009765625,772.0900268554688,771.469970703125,772.0
1787924100,772.0250244140625,772.4400024414062,771.72998046875,772.239990234375
1787924400,772.260009765625,772.8400268554688,772.1599731445312,772.5800170898438
1787924700,772.5800170898438,772.8699951171875,771.989990234375,772.1400146484375
1787925000,772.1900024414062,772.1900024414062,771.6699829101562,771.719970703125
1787925300,771.72998046875,772.3699951171875,771.6300048828125,771.780029296875
1787925600,771.7899780273438,773.1300048828125,771.25,771.7482299804688
1787925900,771.7380981445312,771.7949829101562,770.6199951171875,771.0
1787926200,770.989990234375,771.0999755859375,769.77001953125,770.280029296875
1787926500,770.239990234375,771.739990234375,770.1199951171875,771.4299926757812
1787926800,771.4099731445312,772.22998046875,770.97998046875,771.5800170898438
1787927100,771.5900268554688,771.6900024414062,770.5900268554688,771.2999877929688
1787927400,771.2999877929688,772.1599731445312,770.9000244140625,772.1400146484375
1787927700,772.14501953125,772.719970703125,772.0,772.3300170898438
1787928000,772.3300170898438,773.5599975585938,772.2999877929688,773.3900146484375
1787928300,773.4299926757812,773.8599853515625,773.2000122070312,773.85498046875
1787928600,773.8599853515625,774.7000122070312,773.780029296875,774.5399780273438
1787928900,774.5349731445312,775.0399780273438,774.4600219726562,774.9600830078125
1787929200,774.97998046875,775.2999877929688,774.760009765625,774.9099731445312
1787929500,774.9000244140625,775.0399780273438,774.1024780273438,774.239990234375
1787929800,774.239990234375,774.4400024414062,773.8200073242188,774.1950073242188
1787930100,774.1900024414062,774.6699829101562,774.1900024414062,774.2999877929688
1787930400,774.3099975585938,774.9000244140625,774.3049926757812,774.8250122070312
1787930700,774.8200073242188,775.219970703125,774.7318725585938,774.9500122070312
1787931000,774.969970703125,775.0,774.4500122070312,774.4600219726562
1787931300,774.4600219726562,774.6099853515625,773.5700073242188,773.6500244140625
1787931600,773.6599731445312,773.6599731445312,772.6699829101562,772.8200073242188
1787931900,772.8200073242188,773.030029296875,772.1699829101562,772.2899780273438
1787932200,772.2899780273438,772.489990234375,771.469970703125,772.0999145507812
1787932500,772.0999755859375,772.1300048828125,770.8300170898438,771.0700073242188
1787932800,771.0850219726562,771.22998046875,770.4600219726562,770.8099975585938
1787933100,770.8049926757812,771.6500244140625,770.75,771.5587768554688
1787933400,771.5413818359375,771.5900268554688,770.9500122070312,770.97998046875
1787933700,770.989990234375,771.22998046875,769.7550048828125,770.1799926757812
1787934000,770.1799926757812,770.3599853515625,769.1400146484375,769.5
1787934300,769.469970703125,769.8800048828125,769.3101196289062,769.5999755859375
1787934600,769.5999755859375,770.52001953125,769.5750122070312,769.6400146484375
1787934900,769.6450805664062,770.6199951171875,769.6400146484375,770.3400268554688
1787935200,770.3300170898438,770.3599853515625,769.5399780273438,769.6699829101562
1787935500,769.6799926757812,770.60498046875,769.6500244140625,770.4199829101562
1787935800,770.4099731445312,770.7000122070312,769.8300170898438,769.9400024414062
1787936100,769.9299926757812,770.0999755859375,769.6799926757812,769.6900024414062
1787936400,769.6799926757812,769.7100219726562,768.6599731445312,768.9949951171875
1787936700,769.0,769.010009765625,768.469970703125,768.489990234375
1787937000,768.47998046875,769.3499755859375,768.3076171875,769.3499755859375
1787937300,769.3499755859375,769.4099731445312,768.9400024414062,769.1300048828125
1787937600,769.1300048828125,769.219970703125,768.5800170898438,768.9749755859375
1787937900,768.97998046875,769.3250122070312,768.77001953125,768.8200073242188
1787938200,768.8400268554688,769.4600219726562,768.719970703125,769.3200073242188
1787938500,769.3400268554688,769.5,768.5999755859375,768.6599731445312
1787938800,768.6589965820312,769.1599731445312,768.6400146484375,769.0700073242188
1787939100,769.0499877929688,769.72998046875,768.8900146484375,769.6599731445312
1787939400,769.6599731445312,769.739990234375,769.4249877929688,769.5
1787939700,769.5,769.5800170898438,769.0800170898438,769.5399169921875
1787940000,769.5599975585938,769.7999877929688,769.3400268554688,769.52001953125
1787940300,769.5,769.75,769.3400268554688,769.5700073242188
1787940600,769.5800170898438,769.780029296875,769.2000122070312,769.219970703125
1787940900,769.22998046875,769.5299072265625,769.1400146484375,769.4149780273438
1787941200,769.4099731445312,769.5700073242188,768.9299926757812,769.0700073242188
1787941500,769.0599975585938,769.3300170898438,768.8900146484375,769.0599975585938
1787941800,769.0499877929688,769.47998046875,769.0,769.3699951171875
1787942100,769.3800048828125,769.5800170898438,769.0599975585938,769.1099853515625
1787942400,769.1099853515625,769.3900146484375,769.030029296875,769.3150024414062
1787942700,769.27001953125,769.3049926757812,768.719970703125,768.77001953125
1787943000,768.760009765625,768.760009765625,768.3099975585938,768.5599975585938
1787943300,768.52001953125,768.7899780273438,768.3699951171875,768.6799926757812
1787943600,768.6799926757812,768.9500122070312,768.469970703125,768.7999877929688
1787943900,768.7899780273438,769.3699951171875,768.7100830078125,769.3499755859375
1787944200,769.3400268554688,769.3800048828125,768.989990234375,769.236328125
1787944500,769.219970703125,769.280029296875,768.9967041015625,769.2100219726562
1787944800,769.219970703125,769.52001953125,769.1500244140625,769.3200073242188
1787945100,769.3099975585938,769.5900268554688,769.2899780273438,769.5150146484375
1787945400,769.510009765625,769.5100708007812,769.1799926757812,769.4000244140625
1787945700,769.4000244140625,769.5750122070312,769.1300048828125,769.5449829101562
1787946000,769.5499877929688,769.7899780273438,769.530029296875,769.6199951171875
1787946300,769.5999755859375,769.6900024414062,769.02001953125,769.239990234375
1787946600,769.25,769.780029296875,769.1099853515625,769.3599853515625
1787946900,769.3499755859375,769.8800048828125,769.0700073242188,769.3800048828125
1787947200,769.35,771.2915,769.16,769.33
1787947500,769.33,769.35,769.0192,769.11
1787947800,769.11,769.3859,769.1,769.17
1787948100,769.35,769.372,769.06,769.1134
1787948400,769.35,769.35,769.05,769.1659
1787948700,769.17,769.1942,769.06,769.1363
1787949000,769.1229,769.1556,769.02,769.0437
1787949300,769.07,769.28,769.07,769.21
1787949600,769.2,769.489,769.18,769.43
1787949900,769.4698,769.65,769.4392,769.589
1787950200,769.56,769.59,769.35,769.59
1787950500,769.576,769.59,769.48,769.4925
1787950800,769.48,769.59,769.35,769.5542
1787951100,769.5488,787.5169,769.35,769.6379
1787951400,769.5549,769.77,769.06,769.2968
1787951700,769.3,769.3,769.202,769.24
1787952000,769.2351,769.25,769.1005,769.144
1787952300,769.12,769.25,769.06,769.19
1787952600,769.22,769.24,769.05,769.0657
1787952900,769.12,769.25,769.05,769.25
1787953200,769.2468,769.31,769.24,769.2901
1787953500,769.3238,769.3894,769.29,769.36
1787953800,769.38,769.4067,769.3646,769.4067
1787954100,769.4,769.41,769.3,769.3
1787954400,769.4099,769.41,769.3007,769.38
1787954700,769.4072,769.4072,769.3,769.39
1787955000,769.39,769.41,769.35,769.3977
1787955300,769.38,769.3977,769.25,769.2939
1787955600,769.26,769.35,769.25,769.294
1787955900,769.3,769.31,769.25,769.275
1787956200,769.2923,769.3,769.05,769.2951
1787956500,769.2953,769.35,769.05,769.2693
1787956800,769.32,769.3488,769.2622,769.3392
1787957100,769.35,769.35,769.2612,769.35
1787957400,769.35,769.35,769.306,769.34
1787957700,769.32,769.4,769.2817,769.3414
1787958000,769.3482,769.35,769.28,769.32
1787958300,769.31,769.35,769.2885,769.3413
1787958600,769.315,769.3499,769.28,769.3375
1787958900,769.32,769.35,769.29,769.29
1787959200,769.29,769.3327,769.27,769.33
1787959500,769.305,769.34,769.25,769.27
1787959800,769.27,769.34,769.25,769.25
1787960100,769.2957,775.53,769.25,775.09
1787960400,769.29,769.35,769.2893,769.335
1787960700,769.3492,769.35,769.25,769.31
1787961000,769.26,775.16,769.25,769.31
1787961300,769.3,769.42,769.26,769.35
1788163200,768.78,768.88,766.29,768.32
1788163500,768.27,768.7085,768.11,768.6447
1788163800,768.69,768.71,768.299,768.299
1788164100,768.2688,768.44,768.23,768.28
1788164400,768.26,768.4,768.1,768.37
1788164700,768.35,768.44,768.28,768.43
1788165000,768.43,768.43,768.3,768.35
1788165300,768.391,768.47,768.371,768.3887
1788165600,768.39,768.4,768.2,768.2
1788165900,768.37,768.48,768.34,768.48
1788166200,768.459,768.6,768.39,768.485
1788166500,768.4907,768.58,768.37,768.37
1788166800,768.42,768.471,768.26,768.26
1788167100,768.39,768.5166,768.3012,768.49
1788167400,768.55,768.5988,768.505,768.5812
1788167700,768.62,768.7407,768.61,768.6492
1788168000,768.7487,768.7487,768.5,768.6387
1788168300,768.615,768.64,768.58,768.58
1788168600,768.529,768.529,768.3687,768.42
1788168900,768.42,768.43,768.2987,768.2987
1788169200,768.289,768.289,768.18,768.2
1788169500,768.2487,768.2487,767.925,767.9488
1788169800,767.94,768.036,767.8987,768.036
1788170100,768.0,768.0,767.91,767.91
1788170400,767.959,767.959,767.7215,767.92
1788170700,768.0287,768.12,767.98,767.98
1788171000,767.96,768.0607,767.941,768.04
1788171300,768.0,768.04,767.84,767.9587
1788171600,767.94,768.1088,767.94,768.0412
1788171900,768.05,768.14,767.89,768.1087
1788172200,768.05,768.05,767.91,767.94
1788172500,767.94,768.08,767.93,768.0312
1788172800,768.08,768.08,767.999,768.0487
1788173100,768.04,768.089,767.97,768.04
1788173400,768.04,768.28,767.9817,768.15
1788173700,768.16,768.23,768.12,768.19
1788174000,768.179,769.35,768.0214,768.05
1788174300,768.0312,768.18,767.92,768.1466
1788174600,768.11,768.1976,767.91,767.96
1788174900,767.9485,768.2,767.8651,768.1252
1788175200,768.1767,768.1987,768.0001,768.1799
1788175500,768.17,768.32,768.08,768.24
1788175800,768.18,768.19,767.8,767.8
1788176100,767.8,767.83,767.67,767.696
1788176400,767.7,768.03,767.45,767.4923
1788176700,767.47,767.62,767.24,767.4412
1788177000,767.49,767.65,767.35,767.42
1788177300,767.46,767.53,767.37,767.4414
1788177600,767.4318,767.65,767.39,767.5547
1788177900,767.552,767.98,766.65,767.69
1788178200,767.6196,767.76,767.48,767.6891
1788178500,767.69,767.97,767.69,767.9505
1788178800,767.965,768.11,767.51,767.5499
1788179100,767.5388,767.54,766.45,767.01
1788179400,767.0,767.08,766.76,767.0642
1788179700,767.08,767.33,766.56,766.6
1788180000,766.58,766.64,766.34,766.54
1788180300,766.49,769.35,766.42,766.561
1788180600,766.5697,766.6861,766.4309,766.46
1788180900,766.45,766.6867,766.35,766.54
1788181200,766.57,766.76,766.46,766.569
1788181500,766.5647,766.79,766.45,766.777
1788181800,766.78,767.04,766.69,767.03
1788183000,767.3300170898438,767.6199951171875,766.3049926757812,766.3800048828125
1788183300,766.3699951171875,766.52001953125,765.75,766.2750244140625
1788183600,766.25,766.6400146484375,765.780029296875,765.8049926757812
1788183900,765.8300170898438,766.6300048828125,765.5,766.114990234375
1788184200,766.1199951171875,766.530029296875,765.780029296875,766.52001953125
1788184500,766.47998046875,766.7100219726562,766.0800170898438,766.1799926757812
1788184800,766.1900024414062,766.2999877929688,765.7000122070312,765.7999877929688
1788185100,765.7899780273438,766.0800170898438,765.4600219726562,765.5
1788185400,765.4749755859375,765.864990234375,765.3400268554688,765.8101196289062
1788185700,765.7999877929688,766.0399780273438,765.5599975585938,765.9500122070312
1788186000,765.9550170898438,765.9749755859375,765.0,765.0098876953125
1788186300,765.010009765625,765.0900268554688,764.7150268554688,764.9299926757812
1788186600,764.885009765625,765.1500244140625,764.7999877929688,764.9000244140625
1788186900,764.8900146484375,765.7899780273438,764.8250122070312,765.6400146484375
1788187200,765.6199951171875,766.0700073242188,765.5800170898438,765.8200073242188
1788187500,765.8300170898438,765.8300170898438,765.3699951171875,765.4199829101562
1788187800,765.4395141601562,765.8599853515625,765.3499755859375,765.8400268554688
1788188100,765.8433837890625,766.3989868164062,765.72998046875,765.9500122070312
1788188400,765.9500122070312,766.4600219726562,765.6704711914062,765.760009765625
1788188700,765.760009765625,766.2000122070312,765.6104736328125,765.6799926757812
1788189000,765.6900024414062,765.969970703125,765.5499877929688,765.739990234375
1788189300,765.7349853515625,765.9199829101562,765.3800048828125,765.77001953125
1788189600,765.780029296875,766.0650024414062,765.5800170898438,766.0349731445312
1788189900,766.030029296875,766.1799926757812,765.8200073242188,765.9400024414062
1788190200,765.9500122070312,766.0,765.4400024414062,765.7598876953125
1788190500,765.739990234375,765.844970703125,765.4299926757812,765.5900268554688
1788190800,765.5963745117188,765.8699951171875,765.4000244140625,765.8350219726562
1788191100,765.8499755859375,766.010009765625,765.6599731445312,765.851806640625
1788191400,765.8599853515625,766.3400268554688,765.8599853515625,766.0800170898438
1788191700,766.0599975585938,766.1199951171875,765.3099975585938,765.419921875
1788192000,765.4199829101562,765.4199829101562,765.0599975585938,765.1599731445312
1788192300,765.1400146484375,765.2100219726562,764.97998046875,765.135009765625
1788192600,765.1300048828125,765.77001953125,765.0800170898438,765.7100219726562
1788192900,765.7150268554688,765.760009765625,765.27001953125,765.580078125
1788193200,765.6099853515625,765.6900024414062,765.27001953125,765.469970703125
1788193500,765.489990234375,765.9500122070312,765.469970703125,765.9000244140625
1788193800,765.8948974609375,765.9500122070312,765.6300048828125,765.8049926757812
1788194100,765.8200073242188,765.9299926757812,765.2150268554688,765.219970703125
1788194400,765.22998046875,765.75,765.1900024414062,765.4149780273438
1788194700,765.4199829101562,765.8599853515625,765.4199829101562,765.75
1788195000,765.739990234375,765.9600219726562,765.6799926757812,765.8099975585938
1788195300,765.7999877929688,765.97998046875,765.760009765625,765.8400268554688
1788195600,765.8499755859375,765.8900146484375,765.5700073242188,765.6500244140625
1788195900,765.6900024414062,765.8400268554688,765.5399780273438,765.5850219726562
1788196200,765.5800170898438,765.9398803710938,765.5700073242188,765.9199829101562
1788196500,765.9099731445312,766.0599975585938,765.7000122070312,765.8599853515625
1788196800,765.8499755859375,765.9400024414062,765.7100219726562,765.7999877929688
1788197100,765.7899780273438,765.8200073242188,765.3900146484375,765.4199829101562
1788197400,765.4249877929688,765.5499877929688,765.1699829101562,765.2899780273438
1788197700,765.3200073242188,765.8400268554688,765.3049926757812,765.8400268554688
1788198000,765.8400268554688,766.239990234375,765.780029296875,766.239990234375
1788198300,766.260009765625,766.4500122070312,766.1400146484375,766.3250122070312
1788198600,766.3200073242188,766.7698974609375,766.3150024414062,766.7698974609375
1788198900,766.75,766.8099975585938,766.3800048828125,766.52001953125
1788199200,766.5,766.64990234375,766.1799926757812,766.5999755859375
1788199500,766.5900268554688,766.7000122070312,766.469970703125,766.6699829101562
1788199800,766.6699829101562,766.72998046875,766.4500122070312,766.719970703125
1788200100,766.7000122070312,766.780029296875,766.5499877929688,766.6950073242188
1788200400,766.6950073242188,766.8400268554688,766.5,766.614990234375
1788200700,766.6199951171875,766.639892578125,766.280029296875,766.2999877929688
1788201000,766.2999877929688,766.4199829101562,766.0,766.030029296875
1788201300,766.010009765625,766.0800170898438,765.27001953125,765.4550170898438
1788201600,765.4550170898438,765.5700073242188,765.0499877929688,765.3499145507812
1788201900,765.3499755859375,765.4400024414062,765.1900024414062,765.4246215820312
1788202200,765.4299926757812,765.719970703125,765.22998046875,765.6500244140625
1788202500,765.6400146484375,765.89501953125,765.5499877929688,765.6699829101562
1788202800,765.6699829101562,766.0499877929688,765.6699829101562,765.8099975585938
1788203100,765.7899780273438,766.0399780273438,765.6799926757812,766.0150146484375
1788203400,766.030029296875,766.2164916992188,765.9409790039062,766.1799926757812
1788203700,766.1799926757812,766.25,765.97998046875,766.0349731445312
1788204000,766.030029296875,766.489990234375,765.989990234375,766.4099731445312
1788204300,766.4199829101562,766.75,766.27001953125,766.635009765625
1788204600,766.6199951171875,766.6300048828125,766.1799926757812,766.4400024414062
1788204900,766.4600219726562,766.7000122070312,766.3900146484375,766.6400146484375
1788205200,766.6300048828125,767.2050170898438,766.5999755859375,767.010009765625
1788205500,767.0,767.1599731445312,766.5999755859375,766.8499755859375
1788205800,766.8699951171875,767.6500244140625,766.8699951171875,767.3825073242188
1788206100,767.3599853515625,767.9949951171875,766.5800170898438,766.9500122070312
1788206400,766.94,767.66,766.81,767.2615
1788206700,767.2797,767.55,766.785,767.4554
1788207000,767.47,767.52,766.8301,767.333
1788207300,767.33,769.4122,766.8602,767.385
1788207600,767.3546,767.3546,766.7056,767.28
1788207900,767.2742,769.4122,767.2742,767.4168
1788208200,767.42,767.42,767.26,767.37
1788208500,767.3668,767.48,767.36,767.44
1788208800,767.42,769.4122,767.4,767.43
1788209100,767.4409,767.45,767.24,767.24
1788209400,767.2607,767.4,767.05,767.3768
1788209700,767.3768,767.3895,767.2,767.31
1788210000,767.3165,767.4,767.05,767.3
1788210300,767.3,767.45,767.05,767.3
1788210600,767.2967,767.45,767.28,767.4334
1788210900,767.44,767.45,767.05,767.4499
1788211200,767.36,767.45,767.36,767.41
1788211500,767.4027,767.41,767.37,767.3701
1788211800,767.4041,767.448,767.37,767.4203
1788212100,767.3773,767.43,767.35,767.4216
1788212400,767.43,767.44,767.4261,767.43
1788212700,767.4261,767.44,767.36,767.4263
1788213000,767.438,767.44,767.41,767.4252
1788213300,767.43,767.44,767.36,767.3673
1788213600,767.36,767.43,767.2396,767.3412
1788213900,767.3834,767.45,767.2415,767.4
1788214200,767.4405,767.4685,767.3273,767.41
1788214500,767.3952,767.4269,767.2728,767.3
1788214800,767.2939,767.34,767.26,767.34
1788215100,767.34,767.38,767.3112,767.3217
1788215400,767.3387,767.41,767.31,767.3517
1788215700,767.3513,767.45,767.35,767.45
1788216000,767.4164,767.43,767.31,767.3638
1788216300,767.4134,767.4187,767.25,767.25
1788216600,767.28,767.2929,767.2215,767.254
1788216900,767.21,767.33,767.21,767.3162
1788217200,767.3,767.39,767.27,767.3
1788217500,767.3,767.395,767.2819,767.357
1788217800,767.38,767.4507,767.37,767.39
1788218100,767.39,767.4287,767.2968,767.37
1788218400,767.39,767.39,767.251,767.2849
1788218700,767.2862,767.48,767.2862,767.4692
1788219000,767.42,767.66,767.41,767.64
1788219300,767.5977,767.6831,767.4562,767.579
1788219600,767.54,767.62,767.54,767.6
1788219900,767.5987,767.635,767.42,767.48
1788220200,767.499,767.55,767.41,767.46
1788220500,767.4988,767.55,767.4097,767.5499
1788249600,766.36,767.86,766.01,766.22
1788249900,766.1712,767.17,764.65,764.82
1788250200,764.82,765.06,764.74,764.96
1788250500,765.0115,765.17,764.34,764.5
1788250800,764.51,764.55,764.08,764.1
1788251100,764.11,764.2453,763.755,763.8191
1788251400,763.83,764.15,763.68,764.07
1788251700,764.1,764.1,763.459,763.56
1788252000,763.539,763.71,763.2,763.4
1788252300,763.3269,763.6,763.27,763.37
1788252600,763.4015,763.7762,763.3,763.7
1788252900,763.73,763.87,763.161,763.161
1788253200,763.21,763.2953,762.9789,763.16
1788253500,763.15,763.18,762.69,762.71
1788253800,762.74,762.84,762.49,762.54
1788254100,762.49,762.82,762.35,762.5
1788254400,762.501,762.55,762.2812,762.379
1788254700,762.35,762.41,762.19,762.3807
1788255000,762.48,762.62,762.31,762.591
1788255300,762.5685,762.62,762.28,762.33
1788255600,762.33,762.62,762.3095,762.57
1788255900,762.56,762.9,762.56,762.81
1788256200,762.8264,762.89,762.7141,762.81
1788256500,762.8402,762.85,762.65,762.65
1788256800,762.64,762.8687,762.4285,762.4285
1788257100,762.6,762.7252,762.5615,762.6
1788257400,762.64,762.93,762.575,762.86
1788257700,762.869,762.92,762.66,762.66
1788258000,762.82,764.0,762.7902,763.37
1788258300,763.3907,763.49,763.3,763.3487
1788258600,763.38,763.69,763.36,763.6899
1788258900,763.64,763.7026,763.58,763.6192
1788259200,763.61,763.61,763.27,763.27
1788259500,763.22,763.55,763.1,763.17
1788259800,763.13,763.13,762.7317,762.91
1788260100,762.9283,762.98,762.87,762.91
1788260400,762.96,767.05,762.7293,762.8937
1788260700,762.86,762.9031,762.56,762.86
1788261000,762.8412,763.0,762.8153,762.83
1788261300,762.8731,763.06,762.8731,762.9984
1788261600,763.06,763.1364,762.78,762.8686
1788261900,762.83,763.1,762.77,763.0488
1788262200,763.0489,763.24,762.99,763.02
1788262500,763.0867,763.5,763.08,763.5
1788262800,763.5012,763.6187,763.41,763.43
1788263100,763.4053,763.4547,763.1801,763.2619
1788263400,763.2211,763.34,763.0204,763.06
1788263700,763.04,763.04,762.4,762.5523
1788264000,762.549,762.6345,762.3,762.5476
1788264300,762.57,762.5894,762.31,762.32
1788264600,762.34,762.5,762.15,762.5
1788264900,762.5267,767.05,762.35,762.3651
1788265200,762.33,762.57,762.1977,762.44
1788265500,762.4349,767.05,762.37,762.594
1788265800,762.55,762.55,762.01,762.14
1788266100,762.17,762.35,761.8,762.11
1788266400,762.15,762.23,761.9323,762.08
1788266700,762.08,767.05,762.03,762.1
1788267000,762.08,762.2447,761.9892,762.03
1788267300,762.0647,762.1989,761.99,762.05
1788267600,762.03,762.04,761.41,761.62
1788267900,761.66,761.83,761.49,761.7
1788268200,761.7,761.8,761.6082,761.6973
1788269400,762.010009765625,762.1395263671875,761.1799926757812,761.9299926757812
1788269700,761.9400024414062,762.39990234375,761.6099853515625,761.7698974609375
1788270000,761.760009765625,762.1199951171875,761.4299926757812,761.9600219726562
1788270300,761.9600219726562,762.2000122070312,761.6799926757812,762.2000122070312
1788270600,762.1799926757812,762.47998046875,761.5946044921875,761.8099975585938
1788270900,761.8200073242188,762.094970703125,761.4749755859375,762.0150146484375
1788271200,762.02001953125,762.5599975585938,761.739990234375,762.1699829101562
1788271500,762.1699829101562,762.9600219726562,762.1699829101562,762.9000244140625
1788271800,762.9202270507812,763.083984375,762.4931030273438,763.0
1788272100,762.989990234375,763.52001953125,762.9000244140625,763.3099975585938
1788272400,763.3200073242188,764.0,763.3200073242188,763.6799926757812
1788272700,763.6900024414062,764.0,763.6199951171875,763.7694702148438
1788273000,763.760009765625,764.4998779296875,763.75,764.4500122070312
1788273300,764.4509887695312,764.5499877929688,764.0700073242188,764.27001953125
1788273600,764.27001953125,764.3400268554688,763.8961791992188,764.1599731445312
1788273900,764.1599731445312,764.3599853515625,763.9199829101562,763.9199829101562
1788274200,763.9299926757812,763.9299926757812,763.5,763.5900268554688
1788274500,763.5900268554688,763.6998901367188,763.35009765625,763.5399780273438
1788274800,763.5599975585938,763.6599731445312,763.010009765625,763.1099853515625
1788275100,763.0700073242188,763.1699829101562,762.6699829101562,762.7999877929688
1788275400,762.7825927734375,763.1701049804688,762.7100219726562,762.9255981445312
1788275700,762.9400024414062,763.3499755859375,762.8499755859375,763.2899780273438
1788276000,763.289794921875,763.469970703125,763.0700073242188,763.4500122070312
1788276300,763.4299926757812,763.6099853515625,763.2100219726562,763.5900268554688
1788276600,763.5900268554688,763.780029296875,763.4400024414062,763.6199951171875
1788276900,763.6199951171875,764.1094970703125,763.47998046875,764.0999755859375
1788277200,764.0900268554688,764.27001953125,763.989990234375,764.22998046875
1788277500,764.219970703125,764.5999755859375,764.1300048828125,764.5599975585938
1788277800,764.5599975585938,764.6699829101562,764.280029296875,764.5499877929688
1788278100,764.5449829101562,764.5800170898438,764.1199951171875,764.2899780273438
1788278400,764.2899780273438,764.3400268554688,764.0599975585938,764.260009765625
1788278700,764.22998046875,764.2999877929688,763.8099975585938,763.8900146484375
1788279000,763.9099731445312,764.0999755859375,763.510009765625,763.5399780273438
1788279300,763.5349731445312,763.6199951171875,762.9600219726562,763.02001953125
1788279600,763.0050048828125,763.0900268554688,762.4000244140625,762.8699951171875
1788279900,762.8499755859375,762.9400024414062,762.2899780273438,762.5399169921875
1788280200,762.5399780273438,762.6300048828125,761.5800170898438,761.69921875
1788280500,761.7100219726562,762.22998046875,761.6900024414062,762.2100219726562
1788280800,762.22998046875,762.3699951171875,761.6599731445312,761.7100219726562
1788281100,761.7000122070312,762.02001953125,761.6400146484375,761.9600219726562
1788281400,761.9500122070312,762.0800170898438,761.739990234375,761.8800048828125
1788281700,761.9000244140625,762.3900146484375,761.9000244140625,762.260009765625
1788282000,762.260009765625,762.2899780273438,761.6900024414062,761.7100219726562
1788282300,761.7100219726562,761.8300170898438,761.5,761.7000122070312
1788282600,761.7000122070312,762.0900268554688,761.6199951171875,761.9650268554688
1788282900,761.9600219726562,762.1500244140625,761.5,761.60498046875
1788283200,761.6199951171875,761.780029296875,761.489990234375,761.5999755859375
1788283500,761.6199951171875,761.739990234375,760.72998046875,761.6799926757812
1788283800,761.6799926757812,762.0499877929688,761.6199951171875,761.989990234375
1788284100,761.9949951171875,762.2000122070312,761.780029296875,761.9149780273438
1788284400,761.9199829101562,762.22998046875,761.8599853515625,762.0700073242188
1788284700,762.0499877929688,762.1400146484375,761.5599975585938,761.5750122070312
1788285000,761.5750122070312,761.8400268554688,761.47998046875,761.5599975585938
1788285300,761.5650024414062,761.8800048828125,761.4600219726562,761.8200073242188
1788285600,761.8099975585938,762.0399780273438,761.5565185546875,761.60009765625
1788285900,761.5999755859375,761.6900024414062,761.4218139648438,761.655029296875
1788286200,761.64501953125,761.7100219726562,761.30322265625,761.3800048828125
1788286500,761.3699951171875,761.8200073242188,761.280029296875,761.7550048828125
1788286800,761.760009765625,761.8300170898438,761.5,761.6599731445312
1788287100,761.6400146484375,761.6400146484375,761.0700073242188,761.2100219726562
1788287400,761.2199096679688,761.2449951171875,760.6699829101562,760.75
1788287700,760.75,760.9099731445312,760.5,760.5399780273438
1788288000,760.5399780273438,760.6199951171875,759.7100219726562,759.739990234375
1788288300,759.7249755859375,760.260009765625,759.47998046875,760.1900024414062
1788288600,760.2000122070312,760.3900146484375,760.030029296875,760.25
1788288900,760.219970703125,760.8900146484375,760.1699829101562,760.7294921875
1788289200,760.719970703125,761.2000122070312,760.6199951171875,761.1400146484375
1788289500,761.1599731445312,761.1699829101562,760.8405151367188,761.094970703125
1788289800,761.0800170898438,761.47998046875,761.0499877929688,761.4600219726562
1788290100,761.4600219726562,761.6099853515625,761.1099853515625,761.4000244140625
1788290400,761.3800048828125,761.47998046875,761.0700073242188,761.280029296875
1788290700,761.2899780273438,761.4400024414062,761.1799926757812,761.3599853515625
1788291000,761.39990234375,761.39990234375,760.760009765625,761.1400756835938
1788291300,761.1400146484375,761.3400268554688,760.8300170898438,760.8499755859375
1788291600,760.8699951171875,761.2598876953125,760.739990234375,761.0499877929688
1788291900,761.0599975585938,761.4450073242188,760.969970703125,761.260009765625
1788292200,761.25,761.2899780273438,760.5800170898438,760.9299926757812
1788292500,760.9500122070312,761.75,760.594970703125,761.7000122070312
1788292800,761.64,766.926,761.33,761.53
1788293100,761.552,761.8,761.41,761.66
1788293400,761.65,766.926,761.4506,761.73
1788293700,761.74,762.05,761.4806,762.0353
1788294000,762.05,762.16,761.98,762.0
1788294300,762.06,762.09,761.93,761.97
1788294600,761.96,761.968,761.78,761.8432
1788294900,761.86,761.89,761.8,761.8435
1788295200,761.85,762.17,761.79,762.0344
1788295500,762.0345,762.0461,761.78,761.9441
1788295800,761.9115,762.0731,761.9115,762.015
1788296100,762.0331,762.05,761.8933,761.927
1788296400,761.9599,762.0,716.8094,761.8932
1788296700,762.02,762.15,716.8094,762.1
1788297000,762.0,762.1,716.8094,762.0123
1788297300,761.96,762.026,761.78,761.88
1788297600,761.9268,761.94,724.4953,761.9308
1788297900,761.9308,761.94,761.78,761.84
1788298200,761.84,761.894,761.72,761.7703
1788298500,761.7701,761.87,761.75,761.84
1788298800,761.84,761.86,761.78,761.7899
1788299100,761.8476,761.87,761.78,761.87
1788299400,761.87,761.94,761.79,761.92
1788299700,761.88,761.94,761.7751,761.7751
1788300000,761.77,762.07,761.5,761.6067
1788300300,761.6,761.7299,761.45,761.47
1788300600,761.57,761.5757,761.44,761.5297
1788300900,761.5351,761.6216,761.49,761.5612
1788301200,761.5612,761.5898,761.4601,761.5715
1788301500,761.5582,761.68,761.47,761.59
1788301800,761.5924,761.6888,761.5535,761.645
1788302100,761.62,761.68,761.5187,761.67
1788302400,761.63,761.68,761.57,761.6292
1788302700,761.62,761.8877,761.59,761.87
1788303000,761.84,761.98,761.8,761.87
1788303300,761.8597,761.8937,761.75,761.8187
1788303600,761.77,761.8989,761.7506,761.78
1788303900,761.78,761.8716,761.75,761.8224
1788304200,761.8224,761.87,761.785,761.8137
1788304500,761.8392,761.88,761.81,761.83
1788304800,761.82,761.849,761.67,761.7924
1788305100,761.785,761.8324,761.73,761.7815
1788305400,761.8,761.87,761.76,761.8699
1788305700,761.84,761.9,761.81,761.839
1788306000,761.83,761.94,761.78,761.94
1788306300,761.9012,761.9682,761.82,761.8855
1788306600,761.85,762.0,761.85,761.8999
1788306900,761.91,761.969,761.8787,761.91
1788336000,761.52,762.07,760.502,761.5739
1788336300,761.49,761.49,760.86,761.328
1788336600,761.36,761.57,761.324,761.324
1788336900,761.53,761.53,761.18,761.18
1788337200,761.15,761.19,760.9,761.0482
1788337500,761.05,761.1667,760.91,761.05
1788337800,761.04,761.28,760.99,761.01
1788338100,760.929,761.1,760.81,761.1
1788338400,761.06,761.09,760.76,760.76
1788338700,760.73,760.8,760.57,760.67
1788339000,760.63,760.63,759.7295,759.7787
1788339300,759.8,760.08,759.72,760.0
1788339600,760.05,760.5,759.9901,760.4182
1788339900,760.42,760.62,760.2533,760.42
1788340200,760.28,760.4285,759.79,759.79
1788340500,759.7812,760.21,759.7812,760.18
1788340800,760.15,760.15,759.71,759.8
1788341100,759.87,759.9853,759.76,759.93
1788341400,759.95,759.97,759.58,759.6
1788341700,759.6,759.8,759.54,759.72
1788342000,759.7,759.82,759.63,759.69
1788342300,759.67,759.8286,759.66,759.81
1788342600,759.83,759.8956,759.75,759.82
1788342900,759.83,759.99,759.82,759.93
1788343200,760.0,760.0,759.5701,759.5701
1788343500,759.59,759.6487,759.52,759.59
1788343800,759.55,759.97,759.53,759.97
1788344100,759.985,760.03,759.8617,759.91
1788344400,759.92,759.9899,759.835,759.89
1788344700,759.96,760.23,759.9512,760.05
1788345000,760.06,760.0685,759.76,759.96
1788345300,759.929,759.929,759.66,759.71
1788345600,759.76,759.76,759.66,759.701
1788345900,759.7,759.87,759.64,759.84
1788346200,759.8792,759.8792,759.58,759.7314
1788346500,759.81,760.069,759.76,760.069
1788346800,760.021,761.78,759.26,759.35
1788347100,759.41,760.35,759.34,760.3
1788347400,760.15,760.93,759.9859,760.85
1788347700,760.79,760.85,760.36,760.64
1788348000,760.67,760.84,760.511,760.8356
1788348300,760.87,761.1691,760.7621,760.99
1788348600,761.03,761.45,760.91,761.436
1788348900,761.4316,761.57,761.3646,761.4496
1788349200,761.4392,761.44,761.0,761.1889
1788349500,761.1285,761.276,761.1197,761.1769
1788349800,761.17,761.49,761.1097,761.39
1788350100,761.374,761.99,761.3,761.99
1788350400,761.97,762.15,761.8933,762.12
1788350700,762.15,762.4863,762.06,762.06
1788351000,762.1087,762.67,761.95,762.51
1788351300,762.56,762.59,762.2537,762.3014
1788351600,762.31,763.26,762.28,762.69
1788351900,762.7,762.76,762.3112,762.38
1788352200,762.33,762.43,762.01,762.14514
1788352500,762.1335,762.19,761.821,761.9134
1788352800,761.93,762.045,761.8413,761.906
1788353100,761.88,761.9186,761.7697,761.7697
1788353400,761.76,761.7931,761.4035,761.4673
1788353700,761.46,761.51,761.35,761.41
1788354000,761.38,761.76,761.38,761.71
1788354300,761.69,761.94,761.66,761.8
1788354600,761.8385,761.9163,761.6752,761.7485
1788355800,762.4500122070312,762.52001953125,761.739990234375,762.3800048828125
1788356100,762.4000244140625,762.47998046875,761.72998046875,762.469970703125
1788356400,762.4500122070312,762.8300170898438,762.260009765625,762.7999877929688
1788356700,762.8099975585938,762.9000244140625,761.9609985351562,762.0900268554688
1788357000,762.0800170898438,762.6110229492188,762.0499877929688,762.4600219726562
1788357300,762.4600219726562,763.0650024414062,762.1799926757812,763.0650024414062
1788357600,763.030029296875,763.739990234375,762.8599853515625,763.739990234375
1788357900,763.739990234375,764.1400146484375,763.6300048828125,763.72998046875
1788358200,763.72998046875,764.2899780273438,763.6500244140625,764.25
1788358500,764.260009765625,764.989990234375,764.0850219726562,764.8599853515625
1788358800,764.8599853515625,765.3350219726562,764.77001953125,765.2092895507812
1788359100,765.2100219726562,765.5850219726562,765.0399780273438,765.27001953125
1788359400,765.2750244140625,765.5900268554688,764.9299926757812,765.5800170898438
1788359700,765.6099853515625,765.8800048828125,765.489990234375,765.8800048828125
1788360000,765.8699951171875,766.3400268554688,765.7899780273438,766.2999877929688
1788360300,766.2899780273438,766.3099975585938,765.6199951171875,765.8200073242188
1788360600,765.8099975585938,765.8150024414062,765.3200073242188,765.4299926757812
1788360900,765.4099731445312,765.6300048828125,765.1599731445312,765.3099975585938
1788361200,765.3099975585938,765.6699829101562,765.1400146484375,765.4299926757812
1788361500,765.4400024414062,765.6300048828125,765.2150268554688,765.4400024414062
1788361800,765.4299926757812,765.7799072265625,765.22998046875,765.5280151367188
1788362100,765.530029296875,766.02001953125,765.4000244140625,765.9749755859375
1788362400,765.989990234375,766.0399780273438,765.7100219726562,765.8800048828125
1788362700,765.8900146484375,766.4000244140625,765.8699951171875,766.2949829101562
1788363000,766.3250122070312,766.4299926757812,766.010009765625,766.02001953125
1788363300,766.02001953125,766.1400146484375,765.77001953125,765.85498046875
1788363600,765.8699951171875,765.97998046875,765.644287109375,765.6500244140625
1788363900,765.6599731445312,765.6599731445312,765.0,765.0399780273438
1788364200,765.0499877929688,765.5798950195312,764.969970703125,765.2550048828125
1788364500,765.2650146484375,765.9600219726562,765.1599731445312,765.9249877929688
1788364800,765.9199829101562,765.9199829101562,765.5499877929688,765.7999877929688
1788365100,765.8400268554688,765.8900146484375,765.6300048828125,765.739990234375
1788365400,765.739990234375,765.8499755859375,765.625,765.6900024414062
1788365700,765.6950073242188,765.6950073242188,765.3150024414062,765.4498901367188
1788366000,765.4500122070312,765.5599975585938,764.969970703125,764.9849853515625
1788366300,764.9849853515625,765.14501953125,764.6900024414062,764.8499755859375
1788366600,764.8499755859375,765.3200073242188,764.8099975585938,765.0999755859375
1788366900,765.1099853515625,765.27001953125,765.0,765.0872802734375
1788367200,765.0700073242188,765.0999755859375,764.7000122070312,764.7000122070312
1788367500,764.72998046875,764.97998046875,764.719970703125,764.8499755859375
1788367800,764.8599853515625,765.2000122070312,764.7100219726562,765.1400146484375
1788368100,765.1599731445312,765.25,764.8800048828125,764.9199829101562
1788368400,764.9199829101562,765.47998046875,764.9199829101562,765.468505859375
1788368700,765.4500122070312,765.47802734375,764.6099853515625,764.6799926757812
1788369000,764.6614990234375,765.0599975585938,764.6599731445312,764.9000244140625
1788369300,764.9202880859375,764.9500122070312,764.52001953125,764.5999755859375
1788369600,764.5900268554688,764.780029296875,764.4600219726562,764.6199951171875
1788369900,764.6375732421875,764.864990234375,764.5999755859375,764.7100219726562
1788370200,764.75,764.7899780273438,764.3900146484375,764.3900146484375
1788370500,764.39501953125,764.5800170898438,764.3699951171875,764.4600219726562
1788370800,764.4550170898438,764.9400024414062,764.3499755859375,764.9000244140625
1788371100,764.9099731445312,765.27001953125,764.9000244140625,764.989990234375
1788371400,764.9998779296875,765.0800170898438,764.8300170898438,764.989990234375
1788371700,764.9758911132812,765.2899780273438,764.739990234375,765.1799926757812
1788372000,765.1799926757812,765.3300170898438,764.72998046875,765.2899780273438
1788372300,765.27001953125,765.4099731445312,765.0700073242188,765.0800170898438
1788372600,765.0800170898438,765.2899780273438,765.0599975585938,765.1799926757812
1788372900,765.1900024414062,766.0899047851562,765.1500244140625,765.5999755859375
1788373200,765.5999755859375,765.719970703125,765.4000244140625,765.489990234375
1788373500,765.489990234375,765.5399780273438,765.2100219726562,765.3200073242188
1788373800,765.3400268554688,765.5252075195312,765.260009765625,765.2899780273438
1788374100,765.280029296875,765.3699951171875,764.7899780273438,764.8099975585938
1788374400,764.8300170898438,764.8889770507812,764.6400146484375,764.719970703125
1788374700,764.739990234375,764.97998046875,764.5900268554688,764.8699951171875
1788375000,764.8900146484375,764.989990234375,764.6699829101562,764.8099975585938
1788375300,764.8049926757812,765.0,764.6799926757812,764.8099975585938
1788375600,764.7899780273438,764.97998046875,764.6699829101562,764.885009765625
1788375900,764.9000244140625,765.22998046875,764.8900146484375,765.2100219726562
1788376200,765.219970703125,765.4799194335938,765.219970703125,765.3900146484375
1788376500,765.385009765625,765.4199829101562,765.2000122070312,765.4099731445312
1788376800,765.4000244140625,765.4099731445312,765.0700073242188,765.239990234375
1788377100,765.239990234375,765.52001953125,765.1599731445312,765.47998046875
1788377400,765.469970703125,765.47998046875,765.1500244140625,765.3049926757812
1788377700,765.3099975585938,765.3599853515625,765.0800170898438,765.0800170898438
1788378000,765.0999755859375,765.3900146484375,765.030029296875,765.364990234375
1788378300,765.3599853515625,765.4849853515625,765.219970703125,765.375
1788378600,765.3699951171875,765.4500122070312,764.9500122070312,765.219970703125
1788378900,765.219970703125,765.260009765625,764.75,765.1500244140625
1788379200,765.19,765.41,761.4879,765.4
1788379500,765.3513,765.58,765.0026,765.3793
1788379800,765.39,765.5,761.4879,765.39
1788380100,765.33,765.39,761.4879,764.35
1788380400,765.16,765.16,764.0,764.52
1788380700,764.51,764.689,764.4557,764.4802
1788381000,764.49,764.5037,764.36,764.49
1788381300,764.4935,764.55,764.41,764.41
1788381600,764.4167,764.5887,764.3338,764.3531
1788381900,764.315,764.57,714.1193,764.48
1788382200,764.5228,765.16,714.1193,764.58
1788382500,764.5538,765.16,711.4601,764.29
1788382800,764.35,764.58,714.1193,764.58
1788383100,764.43,764.673,732.0496,764.37
1788383400,714.1193,764.38,714.1193,764.3421
1788383700,764.3421,765.16,711.4601,764.66
1788384000,764.7,765.23,764.4544,765.0739
1788384300,765.08,765.12,764.8,764.95
1788384600,764.8012,765.08,764.79,764.97
1788384900,765.03,765.09,764.7841,764.97
1788385200,764.8514,765.1,764.75,765.08
1788385500,765.0415,765.09,764.65,764.9311
1788385800,765.0,765.1,764.41,764.9802
1788386100,764.9802,765.14,764.76,764.8999
1788386400,764.75,764.88,764.51,764.6495
1788386700,764.6616,764.7333,764.5984,764.65
1788387000,764.68,765.07,764.6703,765.0157
1788387300,765.02,765.0937,764.8882,765.0715
1788387600,765.0457,765.29,765.0457,765.29
1788387900,765.25,765.25,765.12,765.1215
1788388200,765.14,765.15,765.09,765.1163
1788388500,765.1,765.18,765.08,765.14
1788388800,765.16,765.22,765.11,765.1537
1788389100,765.1537,765.1537,765.0,765.01
1788389400,765.0143,765.0185,764.8965,764.93
1788389700,764.9055,765.0051,764.9055,764.94
1788390000,764.94,765.0849,764.93,765.02
1788390300,765.0713,765.1,765.0,765.0
1788390600,764.973,765.05,764.865,764.8917
1788390900,764.9,764.9084,764.8501,764.8541
1788391200,764.851,764.9388,764.8,764.9
1788391500,764.899,765.03,764.86,765.0156
1788391800,764.9993,765.129,764.9505,765.04
1788392100,765.06,765.0907,764.95,765.07
1788392400,765.09,765.1185,765.0415,765.07
1788392700,765.129,765.44,765.1,765.35
1788393000,765.3492,765.4288,765.34,765.4
1788393300,765.3785,765.45,765.33,765.37
1788422400,765.75,766.53,763.59,766.2302
1788422700,766.25,766.86,764.48,766.01
1788423000,766.1,766.35,766.01,766.18
1788423300,766.1387,766.18,765.9687,766.1
1788423600,766.1343,766.28,766.0212,766.04
1788423900,766.14,766.4485,766.1335,766.39
1788424200,766.36,766.36,766.14,766.219
1788424500,766.17,766.26,766.1,766.1
1788424800,766.01,766.18,766.0,766.07
1788425100,766.04,766.12,765.96,766.04
1788425400,766.0441,766.0441,765.82,765.92
1788425700,765.9192,765.9192,765.7787,765.7787
1788426000,765.8359,765.9585,765.7815,765.871
1788426300,765.92,765.9687,765.84,765.9482
1788426600,765.95,766.04,765.93,766.04
1788426900,766.0412,766.09,765.85,765.85
1788427200,765.94,765.9496,765.7492,765.9496
1788427500,765.779,765.85,765.6992,765.6992
1788427800,765.6895,765.78,765.52,765.6
1788428100,765.5934,765.62,765.43,765.54
1788428400,765.49,765.49,765.399,765.44
1788428700,765.44,765.449,765.08,765.16
1788429000,765.21,765.28,764.9987,764.9987
1788429300,764.949,765.02,764.69,764.825
1788429600,764.9085,765.13,764.8643,765.07
1788429900,765.08,765.18,764.87,764.94
1788430200,764.87,764.91,764.62,764.68
1788430500,764.67,764.8,764.64,764.8
1788430800,764.8,764.8,764.52,764.52
1788431100,764.5241,764.67,764.44,764.53
1788431400,764.56,764.71,764.52,764.53
1788431700,764.55,764.62,764.38,764.6004
1788432000,764.621,764.79,764.61,764.75
1788432300,764.71,764.71,764.4,764.4
1788432600,764.4,764.6833,764.36,764.64
1788432900,764.69,764.7285,764.53,764.7285
1788433200,764.74,765.16,764.4997,764.97
1788433500,764.967,765.58,764.967,765.55
1788433800,765.52,765.6,765.41,765.5588
1788434100,765.53,765.95,765.53,765.7
1788434400,765.7,765.86,765.5014,765.86
1788434700,765.84,765.9,765.57,765.69
1788435000,765.69,765.8,764.21,765.7047
1788435300,765.669,765.6905,765.38,765.38
1788435600,765.32,765.45,765.2108,765.3
1788435900,765.33,765.3364,764.7395,764.767
1788436200,764.7807,764.86,764.7217,764.81
1788436500,764.78,764.98,764.77,764.8018
1788436800,764.882,765.18,764.8277,765.1112
1788437100,765.15,765.2487,765.03,765.23
1788437400,765.25,765.4863,765.07,765.1645
1788437700,765.16,765.2253,764.95,765.0145
1788438000,764.98,765.48,764.88,765.45
1788438300,765.3929,765.7085,765.2784,765.47
1788438600,765.55,767.43,765.55,766.78
1788438900,766.79,766.79,766.323,766.68
1788439200,766.6665,766.72,766.3529,766.4738
1788439500,766.52,766.85,765.16,766.8
1788439800,766.7957,767.47,766.74,767.38
1788440100,767.3959,767.77,767.37,767.56
1788440400,767.52,767.55,766.98,767.1751
1788440700,767.16,767.33,766.9,767.04
1788441000,767.04,767.7819,767.0,767.63
1788442200,768.4299926757812,769.2349853515625,768.1500244140625,768.969970703125
1788442500,768.969970703125,769.7999877929688,768.510009765625,769.72998046875
1788442800,769.739990234375,769.8900146484375,769.3499755859375,769.7899780273438
1788443100,769.8099975585938,769.9600219726562,769.4299926757812,769.6400146484375
1788443400,769.6400146484375,770.0449829101562,769.3099975585938,769.5900268554688
1788443700,769.5800170898438,769.6099853515625,769.1099853515625,769.5599975585938
1788444000,769.530029296875,769.5700073242188,768.1099853515625,768.125
1788444300,768.1199951171875,768.3400268554688,767.6099853515625,767.8099975585938
1788444600,767.8300170898438,768.3800048828125,767.530029296875,768.3599853515625
1788444900,768.3599853515625,768.8800048828125,768.22021484375,768.8499755859375
1788445200,768.8499755859375,769.0700073242188,768.5,768.8599853515625
1788445500,768.8800048828125,768.9598999023438,768.510009765625,768.6699829101562
1788445800,768.6699829101562,768.969970703125,767.8300170898438,767.9000244140625
1788446100,767.8800048828125,768.52001953125,767.8400268554688,768.1500244140625
1788446400,768.155029296875,768.6599731445312,768.030029296875,768.2000122070312
1788446700,768.1699829101562,768.7750244140625,768.030029296875,768.719970703125
1788447000,768.72998046875,768.8300170898438,768.2000122070312,768.6099853515625
1788447300,768.6199951171875,769.3300170898438,767.469970703125,769.280029296875
1788447600,769.260009765625,770.489990234375,769.25,770.4450073242188
1788447900,770.4600219726562,770.8900146484375,770.4299926757812,770.72998046875
1788448200,770.7315063476562,771.52001953125,770.6699829101562,771.52001953125
1788448500,771.5399780273438,772.0399780273438,771.489990234375,772.0100708007812
1788448800,772.010009765625,772.2249755859375,771.469970703125,772.0599975585938
1788449100,772.0800170898438,772.9500122070312,772.010009765625,772.9400024414062
1788449400,772.9400024414062,773.2100219726562,772.5,772.8558959960938
1788449700,772.8599853515625,772.97998046875,772.4199829101562,772.4650268554688
1788450000,772.469970703125,772.8400268554688,772.2750244140625,772.5800170898438
1788450300,772.5850219726562,773.0,772.5800170898438,772.9349975585938
1788450600,772.9400024414062,773.260009765625,772.9199829101562,773.14501953125
1788450900,773.14501953125,773.3200073242188,772.9500122070312,773.3200073242188
1788451200,773.3099975585938,773.3099975585938,772.780029296875,772.7999877929688
1788451500,772.7999267578125,772.8699951171875,772.469970703125,772.530029296875
1788451800,772.510009765625,772.7100219726562,772.375,772.6799926757812
1788452100,772.6900024414062,772.8699951171875,772.5399780273438,772.72998046875
1788452400,772.75,772.8099975585938,772.4849853515625,772.510009765625
1788452700,772.510009765625,772.510009765625,772.2100219726562,772.4349975585938
1788453000,772.4500122070312,772.6099853515625,772.2999877929688,772.4600219726562
1788453300,772.4600219726562,773.0599975585938,772.3699951171875,772.9600219726562
1788453600,772.969970703125,773.2000122070312,772.9199829101562,773.1400146484375
1788453900,773.1300048828125,773.22998046875,773.0150146484375,773.0900268554688
1788454200,773.1099853515625,773.1300048828125,772.72998046875,772.8400268554688
1788454500,772.8300170898438,773.010009765625,772.739990234375,772.8800048828125
1788454800,772.9000244140625,773.0,772.6599731445312,772.7899780273438
1788455100,772.7999877929688,772.8900146484375,772.4199829101562,772.4299926757812
1788455400,772.4199829101562,772.510009765625,772.3300170898438,772.4349975585938
1788455700,772.4400024414062,772.5700073242188,772.3300170898438,772.3350219726562
1788456000,772.3300170898438,772.3300170898438,772.1199951171875,772.2750244140625
1788456300,772.280029296875,772.6799926757812,772.260009765625,772.668701171875
1788456600,772.6500244140625,772.9400024414062,772.6475219726562,772.8599853515625
1788456900,772.8400268554688,773.1400146484375,772.8300170898438,773.010009765625
1788457200,773.0399780273438,773.1900024414062,773.010009765625,773.0599975585938
1788457500,773.0599975585938,773.1900024414062,772.9199829101562,772.97998046875
1788457800,773.02001953125,773.4550170898438,773.0,773.4400024414062
1788458100,773.403076171875,773.47998046875,773.219970703125,773.2750244140625
1788458400,773.260009765625,773.9400024414062,773.260009765625,773.77001953125
1788458700,773.760009765625,773.9099731445312,773.6599731445312,773.7949829101562
1788459000,773.7949829101562,773.9199829101562,773.719970703125,773.8150024414062
1788459300,773.8300170898438,774.030029296875,773.6594848632812,773.719970703125
1788459600,773.72998046875,773.8200073242188,773.5599975585938,773.75
1788459900,773.75,773.8599853515625,773.6400146484375,773.72998046875
1788460200,773.7589721679688,773.8800048828125,773.5499877929688,773.8599853515625
1788460500,773.8599243164062,773.9000244140625,773.760009765625,773.8200073242188
1788460800,773.8200073242188,773.8200073242188,773.5097045898438,773.5999755859375
1788461100,773.5999145507812,773.7999877929688,773.5900268554688,773.7550048828125
1788461400,773.77001953125,773.8499755859375,773.5499877929688,773.6199951171875
1788461700,773.6199951171875,773.6699829101562,773.4000244140625,773.6699829101562
1788462000,773.6649780273438,773.7050170898438,773.4400024414062,773.5599975585938
1788462300,773.5900268554688,773.6900024414062,773.47900390625,773.5599975585938
1788462600,773.5800170898438,773.6300048828125,773.3104248046875,773.3800048828125
1788462900,773.375,773.5999755859375,773.2999877929688,773.5999755859375
1788463200,773.5999755859375,773.5999755859375,773.1300048828125,773.1799926757812
1788463500,773.1849975585938,773.4199829101562,773.1400146484375,773.4099731445312
1788463800,773.4149780273438,773.5349731445312,773.27001953125,773.3099975585938
1788464100,773.3049926757812,773.5499877929688,773.2999877929688,773.4390258789062
1788464400,773.4500122070312,773.530029296875,773.2050170898438,773.22998046875
1788464700,773.219970703125,773.4199829101562,773.1400146484375,773.239990234375
1788465000,773.260009765625,773.3699951171875,773.0800170898438,773.22998046875
1788465300,773.239990234375,773.25,772.7000122070312,773.1099853515625
1788465600,773.15,773.17,765.042,772.75
1788465900,772.76,772.97,765.042,772.8495
1788466200,772.845,773.17,772.68,772.82
1788466500,772.84,773.17,771.6,772.5131
1788466800,772.49,772.58,772.45,772.4802
1788467100,772.49,772.56,772.4695,772.49
1788467400,772.5,772.59,772.48,772.57
1788467700,772.57,772.635,772.54,772.5643
1788468000,772.57,772.6097,772.5307,772.5364
1788468300,772.54,772.54,719.8657,772.367
1788468600,772.36,773.17,772.25,772.33
1788468900,772.3851,772.44,772.33,772.41
1788469200,772.41,773.17,772.3248,772.5
1788469500,772.5,773.17,772.35,772.59
1788469800,772.59,773.17,772.53,772.615
1788470100,772.65,772.65,772.56,772.576
1788470400,772.576,772.65,772.46,772.6001
1788470700,772.6,772.62,772.55,772.5685
1788471000,772.61,772.63,772.5,772.59
1788471300,772.59,772.6272,772.47,772.6
1788471600,772.5321,773.17,772.52,772.6604
1788471900,772.5378,772.7,772.5217,772.69
1788472200,772.63,772.6802,772.51,772.6175
1788472500,772.54,772.6175,772.47,772.52
1788472800,772.56,773.17,772.36,772.45
1788473100,772.4856,772.5193,772.325,772.33
1788473400,772.3398,772.4831,772.3,772.37
1788473700,772.3962,772.6127,772.3962,772.5539
1788474000,772.5244,772.57,772.4615,772.5
1788474300,772.4934,772.55,772.44,772.5438
1788474600,772.53,772.6505,772.53,772.645
1788474900,772.6301,772.69,772.5953,772.5953
1788475200,772.61,772.649,772.56,772.581
1788475500,772.61,772.6645,772.5862,772.63
1788475800,772.63,772.7092,772.61,772.6649
1788476100,772.65,772.74,772.65,772.7062
1788476400,772.6771,772.7987,772.66,772.7827
1788476700,772.7713,772.8,772.67,772.7867
1788477000,772.78,772.79,772.6655,772.71
1788477300,772.6627,772.7224,772.5776,772.7224
1788477600,772.7165,772.7375,772.64,772.65
1788477900,772.6924,772.7665,772.6529,772.7424
1788478200,772.74,772.74,772.6246,772.6692
1788478500,772.66,772.72,772.64,772.67
1788478800,772.72,772.8,772.69,772.6984
1788479100,772.71,772.81,772.7,772.7782
1788479400,772.7784,772.84,772.6312,772.6493
1788479700,772.661,772.769,772.661,772.75
1788508800,774.02,774.27,773.17,773.69
1788509100,773.69,774.09,773.62,773.67
1788509400,773.66,773.83,773.64,773.72
1788509700,773.72,773.77,773.69,773.7487
1788510000,773.76,773.83,773.7012,773.7487
1788510300,773.7,773.95,773.679,773.9
1788510600,773.901,773.95,773.8,773.8
1788510900,773.82,773.82,773.68,773.72
1788511200,773.7307,773.84,773.73,773.84
1788511500,773.8492,773.91,773.77,773.78
1788511800,773.779,773.97,773.779,773.97
1788512100,773.96,774.06,773.91,773.97
1788512400,773.94,773.9771,773.8487,773.95
1788512700,773.9489,773.9489,773.7987,773.7987
1788513000,773.829,773.829,773.5501,773.58
1788513300,773.58,773.66,773.55,773.66
1788513600,773.64,773.64,773.33,773.35
1788513900,773.35,773.45,773.3,773.41
1788514200,773.4187,773.48,773.3315,773.46
1788514500,773.4497,773.54,773.445,773.54
1788514800,773.54,773.659,773.5312,773.59
1788515100,773.59,773.63,773.54,773.619
1788515400,773.531,773.66,773.531,773.619
1788515700,773.6,773.7,773.5136,773.62
1788516000,773.6,773.69,773.58,773.63
1788516300,773.6316,773.72,773.62,773.72
1788516600,773.6943,773.81,773.6492,773.7315
1788516900,773.72,773.79,773.6806,773.7412
1788517200,773.789,773.79,773.73,773.79
1788517500,773.7709,774.06,773.761,773.91
1788517800,773.8892,773.8892,773.7095,773.7315
1788518100,773.72,773.87,773.685,773.87
1788518400,773.87,773.97,773.77,773.93
1788518700,773.9,774.1287,773.9,773.98
1788519000,774.01,774.01,773.9295,773.94
1788519300,773.9792,773.98,773.89,773.942
1788519600,773.92,773.98,773.17,773.619
1788519900,773.59,773.73,773.58,773.59
1788520200,773.5792,773.64,773.49,773.61
1788520500,773.6005,773.709,773.6,773.6426
1788520800,773.6426,773.71,773.63,773.69
1788521100,773.69,773.81,773.63,773.63
1788521400,773.6688,773.8448,773.66,773.77
1788521700,773.7618,773.8,773.7152,773.7583
1788522000,773.7499,773.86,773.7418,773.81
1788522300,773.81,773.97,773.8,773.8781
1788522600,773.86,773.99,773.86,773.97
1788522900,773.97,774.15,773.945,773.9942
1788523200,773.99,774.02,773.2595,773.265
1788523500,773.3,773.457,772.8769,773.307
1788523800,773.31,773.34,772.76,772.79
1788524100,772.81,773.11,772.66,773.09
1788524400,773.11,773.33,773.0788,773.33
1788524700,773.35,774.0,773.2712,773.56
1788525000,774.01,774.1,770.5,771.55
1788525300,771.61,772.2,771.47,771.8758
1788525600,771.8465,772.2302,771.71,771.7771
1788525900,771.7758,773.17,770.9,771.26
1788526200,771.2587,771.84,771.25,771.47
1788526500,771.41,771.71,771.2992,771.656
1788526800,771.64,771.7,771.25,771.4273
1788527100,771.44,771.7316,771.3,771.42
1788527400,771.4688,771.6946,771.35,771.66
1788528600,772.010009765625,772.8300170898438,771.8800048828125,772.7100219726562
1788528900,772.7100219726562,772.8699951171875,772.25048828125,772.4650268554688
1788529200,772.469970703125,772.489990234375,771.8499755859375,772.169921875
1788529500,772.1649780273438,772.6199951171875,771.8099975585938,772.5150146484375
1788529800,772.510009765625,772.510009765625,771.969970703125,772.385009765625
1788530100,772.385009765625,772.5784912109375,772.1199951171875,772.3099975585938
1788530400,772.3200073242188,772.3599853515625,771.8200073242188,771.989990234375
1788530700,772.02001953125,772.1500244140625,771.5250244140625,771.5250244140625
1788531000,771.530029296875,771.659912109375,770.8400268554688,771.6300048828125
1788531300,771.6300048828125,771.6892700195312,770.9400024414062,770.9650268554688
1788531600,770.9650268554688,771.239990234375,770.8499755859375,771.0800170898438
1788531900,771.0800170898438,771.260009765625,770.760009765625,771.2100219726562
1788532200,771.2050170898438,771.2899780273438,770.72998046875,770.7999877929688
1788532500,770.8250122070312,771.1619873046875,770.77001953125,771.1300048828125
1788532800,771.1300048828125,771.1300048828125,770.27001953125,770.2999877929688
1788533100,770.3099975585938,770.489990234375,769.75,769.780029296875
1788533400,769.7799072265625,770.1596069335938,769.547607421875,769.5900268554688
1788533700,769.5900268554688,769.7650146484375,769.2999877929688,769.4500122070312
1788534000,769.469970703125,769.6300048828125,769.0499877929688,769.489990234375
1788534300,769.5,769.760009765625,769.3599853515625,769.6998901367188
1788534600,769.6950073242188,769.9400024414062,769.4199829101562,769.9400024414062
1788534900,769.9500122070312,769.989990234375,769.260009765625,769.3599853515625
1788535200,769.3400268554688,769.4500122070312,769.1099853515625,769.2999877929688
1788535500,769.3099975585938,769.4993286132812,769.14501953125,769.4299926757812
1788535800,769.47998046875,769.489990234375,769.0,769.239990234375
1788536100,769.239990234375,769.5499877929688,769.2100219726562,769.5399780273438
1788536400,769.5399780273438,770.0499877929688,769.489990234375,769.9974975585938
1788536700,769.989990234375,770.0599975585938,769.6199951171875,769.8099975585938
1788537000,769.8200073242188,769.97998046875,769.7100219726562,769.9099731445312
1788537300,769.9099731445312,770.0399780273438,769.6649780273438,769.95751953125
1788537600,769.9550170898438,770.1300048828125,769.8300170898438,770.0900268554688
1788537900,770.094970703125,770.4299926757812,769.9099731445312,770.35498046875
1788538200,770.3400268554688,770.739990234375,770.280029296875,770.72998046875
1788538500,770.7249755859375,770.8800048828125,770.5599975585938,770.8499755859375
1788538800,770.8599853515625,771.1500244140625,770.7650146484375,770.8900146484375
1788539100,770.8800048828125,770.8800048828125,770.6099853515625,770.6599731445312
1788539400,770.6599731445312,770.9249877929688,770.5551147460938,770.9249877929688
1788539700,770.9199829101562,770.9199829101562,770.6799926757812,770.7894897460938
1788540000,770.780029296875,770.97998046875,770.7100219726562,770.9400024414062
1788540300,770.9500122070312,771.239990234375,770.8900146484375,771.219970703125
1788540600,771.219970703125,771.3200073242188,771.0800170898438,771.0999755859375
1788540900,771.0800170898438,771.1600952148438,770.8800048828125,770.8900146484375
1788541200,770.9000244140625,770.969970703125,770.3699951171875,770.4600219726562
1788541500,770.4500122070312,770.6699829101562,770.3400268554688,770.3499755859375
1788541800,770.35498046875,770.5,770.3099975585938,770.3499755859375
1788542100,770.369873046875,770.47998046875,770.219970703125,770.280029296875
1788542400,770.27001953125,770.3699951171875,770.0800170898438,770.0800170898438
1788542700,770.0999755859375,770.219970703125,769.7999877929688,769.8519897460938
1788543000,769.8499755859375,769.8699951171875,769.469970703125,769.6500244140625
1788543300,769.64501953125,769.7550048828125,769.530029296875,769.6900024414062
1788543600,769.6898803710938,769.7000122070312,769.2899780273438,769.3200073242188
1788543900,769.3200073242188,769.52001953125,769.1300048828125,769.385009765625
1788544200,769.385009765625,769.52001953125,769.280029296875,769.3900146484375
1788544500,769.3900146484375,769.5399780273438,769.2980346679688,769.458984375
1788544800,769.4400024414062,769.6099853515625,769.22998046875,769.3200073242188
1788545100,769.3400268554688,769.5999755859375,769.2100830078125,769.5800170898438
1788545400,769.5900268554688,769.739990234375,769.530029296875,769.6599731445312
1788545700,769.6599731445312,769.8300170898438,769.5599975585938,769.7899780273438
1788546000,769.7899780273438,769.989990234375,769.72998046875,769.9099731445312
1788546300,769.8900146484375,769.9741821289062,769.75048828125,769.8800048828125
1788546600,769.8900146484375,770.030029296875,769.8400268554688,770.0
1788546900,770.0,770.02001953125,769.7899780273438,769.8900146484375
1788547200,769.8800048828125,770.1900024414062,769.7830810546875,770.1500244140625
1788547500,770.1599731445312,770.239990234375,770.0800170898438,770.2249755859375
1788547800,770.22998046875,770.2999877929688,770.1500244140625,770.219970703125
1788548100,770.2100219726562,770.3699951171875,770.1500244140625,770.25
1788548400,770.260009765625,770.3800048828125,769.6699829101562,769.7150268554688
1788548700,769.719970703125,769.8150024414062,769.6300048828125,769.6849975585938
1788549000,769.6900024414062,769.8300170898438,769.5900268554688,769.6199951171875
1788549300,769.6199951171875,769.760009765625,769.5900268554688,769.6500244140625
1788549600,769.6599731445312,769.8400268554688,769.6199951171875,769.760009765625
1788549900,769.77001953125,770.0700073242188,769.77001953125,770.010009765625
1788550200,770.0,770.0700073242188,769.8499755859375,769.9849853515625
1788550500,769.97998046875,770.0,769.6300048828125,769.72998046875
1788550800,769.72998046875,769.9500122070312,769.6599731445312,769.9000244140625
1788551100,769.8900146484375,770.2000122070312,769.8699951171875,770.1099853515625
1788551400,770.1199951171875,770.4199829101562,770.0399780273438,770.39501953125
1788551700,770.4000244140625,770.47998046875,769.7999877929688,770.239990234375
1788552000,770.25,770.26,769.75,769.775
1788552300,769.766,770.3311,769.46,769.58
1788552600,769.63,770.3316,769.55,769.7131
1788552900,769.72,770.19,769.6,769.6166
1788553200,769.63,769.63,769.45,769.4756
1788553500,769.4838,769.5148,769.46,769.4896
1788553800,769.4791,769.485,769.2237,769.32
1788554100,769.33,769.43,769.26,769.33
1788554400,769.31,769.43,769.3,769.42
1788554700,769.42,769.51,769.33,769.33
1788555000,769.331,769.54,769.3162,769.5333
1788555300,769.5102,769.52,769.3276,769.45
1788555600,769.45,770.19,769.45,769.55
1788555900,769.53,770.19,769.23,769.6
1788556200,769.639,769.85,759.3482,769.8
1788556500,769.75,770.19,769.75,769.95
1788556800,769.93,770.0,769.79,769.9174
1788557100,769.9174,769.93,769.63,769.8418
1788557400,769.8418,769.8937,769.6204,769.65
1788557700,769.62,769.63,769.55,769.5936
1788558000,769.6,769.89,769.4,769.8
1788558300,769.74,769.8,769.7,769.715
1788558600,769.7448,769.88,769.71,769.75
1788558900,769.8,769.9,769.72,769.85
1788559200,769.8467,769.85,769.7384,769.76
1788559500,769.73,769.8,769.45,769.45
1788559800,769.75,769.76,769.07,769.2468
1788560100,769.25,769.6072,769.25,769.5933
1788560400,769.45,769.64,769.3,769.51
1788560700,769.5933,769.64,769.3182,769.3182
1788561000,769.37,769.57,769.37,769.45
1788561300,769.45,769.66,769.42,769.65
1788561600,769.65,769.775,769.65,769.775
1788561900,769.7938,769.84,769.75,769.7639
1788562200,769.8302,769.9,769.7701,769.83
1788562500,769.8,769.84,769.8,769.8237
1788562800,769.82,769.85,769.81,769.8266
1788563100,769.8266,769.89,769.81,769.89
1788563400,769.89,769.94,769.8031,769.8031
1788563700,769.8,769.8499,769.5542,769.81
1788564000,769.7935,769.8442,769.6201,769.6201
1788564300,769.62,769.8,769.62,769.7889
1788564600,769.8,769.8,769.71,769.71
1788564900,769.73,773.79,769.6539,769.6539
1788565200,769.67,773.95,768.27,769.66
1788565500,773.59,773.96,769.43,769.55
1788565800,773.59,774.0,769.56,769.56
1788566100,769.6,773.83,769.45,769.55
1788854400,767.65,770.48,766.73,766.81
1788854700,766.88,770.04,766.82,767.08
1788855000,767.1,767.1,767.02,767.03
1788855300,767.42,767.42,767.2,767.36
1788855600,767.23,767.25,767.08,767.16
1788855900,767.16,767.35,767.01,767.18
1788856200,766.9,767.34,766.825,767.34
1788856500,767.16,767.16,766.82,766.95
1788856800,767.05,767.07,766.98,766.98
1788857100,766.88,767.23,766.88,767.17
1788857400,767.04,767.12,766.8,767.02
1788857700,767.03,767.19,767.03,767.07
1788858000,766.98,767.25,766.925,767.2
1788858300,767.54,767.57,767.36,767.36
1788858600,767.51,767.77,767.51,767.68
1788858900,767.67,767.7,767.67,767.68
1788859200,767.69,767.83,767.65,767.83
1788859500,767.85,767.92,767.8,767.83
1788859800,767.93,768.2,767.91,768.1
1788860100,768.15,768.27,768.13,768.27
1788860400,768.26,768.58,768.185,768.25
1788860700,768.3,768.47,768.3,768.47
1788861000,768.48,768.639,768.48,768.54
1788861300,768.62,768.79,768.6,768.79
1788861600,768.73,768.79,768.52,768.52
1788861900,768.5,768.61,768.5,768.53
1788862200,768.34,768.515,768.34,768.47
1788862500,768.52,768.57,768.495,768.56
1788862800,768.72,769.7,768.69,768.69
1788863100,768.72,768.7289,768.57,768.6
1788863400,768.66,768.66,768.11,768.11
1788863700,768.2,768.28,768.19,768.28
1788864000,768.249,768.29,768.24,768.24
1788864300,768.22,768.22,768.0,768.0
1788864600,767.91,767.975,767.5536,767.5536
1788864900,767.82,767.94,767.82,767.8897
1788865200,767.83,767.93,767.75,767.84
1788865500,767.86,768.12,767.38,767.76
1788865800,767.56,767.56,767.29,767.44
1788866100,767.49,767.9,767.49,767.9
1788866400,767.95,767.98,767.68,767.88
1788866700,767.83,767.8623,767.74,767.75
1788867000,767.68,768.05,767.64,768.05
1788867300,767.97,768.01,767.84,767.85
1788867600,767.82,767.85,767.68,767.75
1788867900,767.75,767.75,767.53,767.75
1788868200,767.87,768.06,767.75,768.03
1788868500,768.04,768.54,768.03,768.51
1788868800,768.5,768.5,768.2,768.26
1788869100,768.27,768.37,768.15,768.37
1788869400,768.35,768.35,767.79,767.8
1788869700,767.72,768.25,767.62,768.24
1788870000,768.3,768.32,768.06,768.27
1788870300,768.26,768.46,768.26,768.46
1788870600,768.47,768.9,768.45,768.7
1788870900,768.73,768.88,768.68,768.79
1788871200,768.89,768.95,768.76,768.95
1788871500,768.92,769.12,768.82,769.11
1788871800,769.09,769.28,769.01,769.28
1788872100,769.25,769.34,769.11,769.29
1788872400,769.34,769.34,769.05,769.19
1788872700,769.2101,769.38,769.15,769.19
1788873000,769.2181,769.4,769.18,769.28
1788874200,769.0700073242188,769.6900024414062,768.6699829101562,768.8049926757812
1788874500,768.7999877929688,768.8200073242188,768.1199951171875,768.1400146484375
1788874800,768.1199951171875,768.1300048828125,767.0900268554688,767.2899780273438
1788875100,767.3049926757812,767.8099975585938,767.2000122070312,767.719970703125
1788875400,767.72998046875,767.75,766.8200073242188,767.3699951171875
1788875700,767.35498046875,768.0800170898438,767.2899780273438,767.4600219726562
1788876000,767.4500122070312,767.6300048828125,766.530029296875,766.9500122070312
1788876300,766.9600219726562,767.0700073242188,766.3900146484375,766.4199829101562
1788876600,766.4199829101562,766.77001953125,765.989990234375,766.4600219726562
1788876900,766.4500122070312,766.72998046875,766.1199951171875,766.5599975585938
1788877200,766.5650024414062,767.1298828125,766.3499755859375,767.0999755859375
1788877500,767.0999145507812,767.1494750976562,766.4099731445312,766.7000122070312
1788877800,766.7000122070312,767.0399780273438,766.4400024414062,767.0050048828125
1788878100,767.02001953125,767.0800170898438,766.6400146484375,766.8900146484375
1788878400,766.9000244140625,767.22998046875,766.780029296875,767.1199951171875
1788878700,767.1400146484375,767.2999877929688,766.6699829101562,767.260009765625
1788879000,767.25,767.719970703125,767.2100219726562,767.6199951171875
1788879300,767.6400146484375,767.948974609375,767.3400268554688,767.6500244140625
1788879600,767.6699829101562,767.8699951171875,767.489990234375,767.6950073242188
1788879900,767.6900024414062,767.8300170898438,767.469970703125,767.6799926757812
1788880200,767.6699829101562,768.3099975585938,767.6599731445312,768.0399780273438
1788880500,768.0399780273438,768.3400268554688,767.9199829101562,768.0800170898438
1788880800,768.0800170898438,768.0800170898438,767.3499755859375,768.0
1788881100,767.989990234375,768.3699951171875,767.8049926757812,767.8049926757812
1788881400,767.7999877929688,768.0800170898438,767.6199951171875,767.7899780273438
1788881700,767.7899780273438,767.8099975585938,767.3400268554688,767.510009765625
1788882000,767.510009765625,768.02001953125,767.4099731445312,767.97998046875
1788882300,767.9949951171875,768.0399780273438,767.469970703125,767.5399780273438
1788882600,767.5599975585938,767.7849731445312,767.510009765625,767.5700073242188
1788882900,767.5599975585938,767.7100219726562,767.3499755859375,767.3900146484375
1788883200,767.4000244140625,767.6599731445312,767.1950073242188,767.6599731445312
1788883500,767.6599731445312,767.7899780273438,767.3200073242188,767.3300170898438
1788883800,767.3200073242188,767.3400268554688,767.030029296875,767.219970703125
1788884100,767.219970703125,767.22998046875,766.8099975585938,766.9149780273438
1788884400,766.9199829101562,767.4199829101562,766.8099975585938,767.3900756835938
1788884700,767.4099731445312,767.6500244140625,767.0800170898438,767.0999755859375
1788885000,767.0999755859375,767.3200073242188,767.0,767.2000122070312
1788885300,767.1799926757812,767.24169921875,766.9400024414062,766.989990234375
1788885600,766.9998779296875,767.1400146484375,766.8099975585938,767.010009765625
1788885900,767.02001953125,767.3200073242188,766.9149780273438,767.2449951171875
1788886200,767.260009765625,767.6099853515625,767.0900268554688,767.2349853515625
1788886500,767.25,767.2999877929688,766.5499877929688,766.9400024414062
1788886800,766.92919921875,767.9000244140625,766.92919921875,767.9000244140625
1788887100,767.9000244140625,768.1199951171875,767.5399780273438,767.5399780273438
1788887400,767.5700073242188,767.72998046875,767.52001953125,767.635009765625
1788887700,767.6400146484375,767.719970703125,767.52001953125,767.60498046875
1788888000,767.5999755859375,767.708984375,767.4199829101562,767.5900268554688
1788888300,767.5900268554688,767.6099853515625,767.1900024414062,767.4749755859375
1788888600,767.489990234375,767.8200073242188,767.4400024414062,767.6799926757812
1788888900,767.6799926757812,767.8800048828125,767.6300048828125,767.6799926757812
1788889200,767.6900024414062,767.6900024414062,767.3150024414062,767.344970703125
1788889500,767.3400268554688,767.6199951171875,767.3400268554688,767.5800170898438
1788889800,767.5700073242188,767.8499755859375,767.47998046875,767.7999877929688
1788890100,767.780029296875,767.780029296875,767.4600219726562,767.4600219726562
1788890400,767.47998046875,767.6500244140625,767.4600219726562,767.6199951171875
1788890700,767.6099853515625,767.8300170898438,767.5399780273438,767.77001953125
1788891000,767.780029296875,767.8800048828125,767.6749877929688,767.77001953125
1788891300,767.760009765625,767.8800048828125,767.6699829101562,767.8049926757812
1788891600,767.7999877929688,767.8900146484375,767.5800170898438,767.5999755859375
1788891900,767.5900268554688,767.7999877929688,767.5250244140625,767.7650146484375
1788892200,767.77001953125,767.7899780273438,767.52001953125,767.530029296875
1788892500,767.5399780273438,767.5499877929688,767.1400146484375,767.2000122070312
1788892800,767.1900024414062,767.5399780273438,767.0700073242188,767.52001953125
1788893100,767.52001953125,767.6199951171875,765.6699829101562,766.260009765625
1788893400,766.280029296875,767.0380249023438,766.2000122070312,766.969970703125
1788893700,766.9749755859375,767.0800170898438,766.740478515625,766.77001953125
1788894000,766.780029296875,766.9400024414062,766.4849853515625,766.6171875
1788894300,766.6300048828125,766.97998046875,766.5499877929688,766.8400268554688
1788894600,766.8201293945312,767.0999755859375,766.7899780273438,766.9000244140625
1788894900,766.9099731445312,767.030029296875,766.6099853515625,766.7000122070312
1788895200,766.7050170898438,766.8699951171875,766.510009765625,766.5700073242188
1788895500,766.5700073242188,767.0399780273438,766.510009765625,766.97998046875
1788895800,766.969970703125,767.1500244140625,766.7000122070312,767.0900268554688
1788896100,767.0900268554688,767.1199951171875,766.77001953125,766.9600219726562
1788896400,766.9749755859375,767.0800170898438,766.6799926757812,766.8099975585938
1788896700,766.8200073242188,766.8800048828125,766.3200073242188,766.5399780273438
1788897000,766.5599975585938,766.6300048828125,765.52001953125,765.6849975585938
1788897300,765.72998046875,766.1400146484375,765.1400146484375,765.989990234375
1788897600,765.96,770.3516,765.41,765.56
1788897900,765.56,765.73,765.33,765.66
1788898200,765.66,765.8811,765.61,765.78
1788898500,765.8617,765.8617,765.6,765.7873
1788898800,765.79,765.96,765.75,765.809
1788899100,765.75,765.86,765.36,765.47
1788899400,765.44,765.47,765.35,765.44
1788899700,765.47,765.65,765.47,765.59
1788900000,765.58,765.96,765.5,765.64
1788900300,765.66,765.69,765.6,765.62
1788900600,765.6624,765.96,765.6624,765.68
1788900900,765.69,765.98,765.68,765.8085
1788901200,765.76,770.0999,765.76,765.8106
1788901500,765.84,765.92,765.8,765.9
1788901800,765.83,765.93,765.83,765.9
1788902100,765.9,765.9,765.84,765.85
1788902400,765.85,765.85,765.82,765.82
1788902700,765.84,765.84,765.82,765.82
1788903000,765.82,765.85,765.76,765.76
1788903300,765.7304,765.96,765.7,765.7324
1788903600,765.76,765.8,765.76,765.8
1788903900,765.7571,765.96,765.7571,765.96
1788904200,765.87,765.88,765.8,765.84
1788904500,765.87,765.88,765.85,765.87
1788904800,765.88,765.97,765.61,765.9238
1788905100,765.9,765.93,765.8327,765.8369
1788905400,765.7945,765.87,765.75,765.7721
1788905700,765.764,765.92,765.764,765.86
1788906000,765.81,765.87,765.7927,765.7927
1788906300,765.9,765.95,765.9,765.95
1788906600,765.84,765.84,765.81,765.84
1788906900,765.89,765.89,765.8415,765.8415
1788907200,765.89,765.94,765.88,765.89
1788907500,765.89,765.919,765.89,765.919
1788907800,765.92,766.01,765.91,766.01
1788908100,765.98,766.18,765.98,766.18
1788908400,766.15,766.15,766.0,766.0
1788908700,766.02,766.06,766.02,766.05
1788909000,766.0,766.019,765.99,766.019
1788909300,765.91,765.91,765.81,765.81
1788909600,765.87,765.87,765.76,765.8
1788909900,765.82,765.82,765.71,765.71
1788910200,765.73,765.73,765.64,765.68
1788910500,765.69,765.69,765.5703,765.58
1788910800,765.52,765.6,765.52,765.6
1788911100,765.5,765.54,765.4,765.4
1788911400,765.4664,765.4664,765.33,765.33
1788911700,765.3,765.41,765.25,765.41
1788940800,766.82,767.13,766.06,766.48
1788941100,766.62,766.72,766.46,766.62
1788941400,766.46,766.62,766.46,766.46
1788941700,766.46,766.47,766.38,766.38
1788942000,766.45,766.49,766.33,766.33
1788942300,766.2,766.53,766.13,766.53
1788942600,766.47,766.55,766.4,766.48
1788942900,766.3,766.31,766.02,766.02
1788943200,765.96,766.25,765.845,765.86
1788943500,765.86,765.96,765.86,765.96
1788943800,766.26,766.26,766.2,766.2
1788944100,766.28,766.3,766.2,766.21
1788944700,766.02,766.02,765.94,765.94
1788945000,765.85,766.03,765.8,765.98
1788945300,766.01,766.03,765.98,766.03
1788945600,765.97,765.97,765.555,765.555
1788945900,765.57,765.77,765.55,765.77
1788946200,765.73,765.84,765.43,765.44
1788946500,765.38,765.38,765.23,765.3
1788946800,765.28,765.28,764.99,764.99
1788947100,765.0296,765.0296,764.79,764.89
1788947400,764.89,764.89,764.22,764.22
1788947700,764.23,764.3,763.73,763.95
1788948000,764.17,764.3,763.605,764.3
1788948300,764.33,764.4,764.15,764.17
1788948600,764.11,764.28,763.94,764.01
1788948900,763.96,764.29,763.92,764.29
1788949200,764.42,764.53,764.01,764.1
1788949500,764.13,764.2,764.0,764.2
1788949800,764.03,764.12,763.96,764.09
1788950100,763.99,764.04,763.89,764.0
1788950400,763.93,763.93,763.55,763.55
1788950700,763.5,763.55,763.22,763.36
1788951000,763.34,763.34,762.88,763.04
1788951300,763.05,763.18,762.96,763.04
1788951600,763.06,763.3147,762.955,763.3147
1788951900,763.23,763.538,763.07,763.538
1788952200,763.55,763.8,763.43,763.44
1788952500,763.44,763.48,763.1,763.23
1788952800,763.2718,763.849,763.06,763.8
1788953100,763.83,763.9,763.5677,763.5677
1788953400,763.65,763.65,763.15,763.19
1788953700,763.16,763.46,763.11,763.45
1788954000,763.5,763.52,763.24,763.24
1788954300,763.14,764.17,763.14,764.06
1788954600,764.01,764.34,763.605,763.72
1788954900,763.6,763.628,763.25,763.3
1788955200,763.32,763.35,763.0,763.02
1788955500,763.05,763.09,762.86,762.93
1788955800,762.9,762.93,762.49,762.49
1788956100,762.55,762.76,762.54,762.56
1788956400,762.65,763.01,762.65,762.88
1788956700,762.85,762.915,762.74,762.75
1788957000,762.66,763.21,762.64,763.21
1788957300,763.21,763.38,763.2,763.37
1788957600,763.31,763.36,763.11,763.28
1788957900,763.2844,763.66,763.2844,763.5729
1788958200,763.62,763.625,763.38,763.42
1788958500,763.45,763.69,763.45,763.575
1788958800,763.48,763.95,763.45,763.8
1788959100,763.84,763.84,763.6,763.66
1788959400,763.64,763.7,763.53,763.641
1788960600,764.0800170898438,764.3800048828125,763.239990234375,764.1199951171875
1788960900,764.1199951171875,764.1900024414062,763.6099853515625,763.7999877929688
1788961200,763.8300170898438,764.030029296875,763.4199829101562,763.75
1788961500,763.7000122070312,764.219970703125,763.4299926757812,763.8699951171875
1788961800,763.8800048828125,763.969970703125,763.4600219726562,763.7849731445312
1788962100,763.7750244140625,764.2000122070312,763.6599731445312,764.0999755859375
1788962400,764.0900268554688,764.2000122070312,763.4000244140625,763.8400268554688
1788962700,763.8499755859375,764.1500244140625,763.7700805664062,764.0700073242188
1788963000,764.0601196289062,764.1300048828125,763.6099853515625,763.8775024414062
1788963300,763.8800048828125,763.8800048828125,762.7999877929688,763.0549926757812
1788963600,763.0401000976562,763.1500244140625,762.489990234375,762.510009765625
1788963900,762.510009765625,764.0700073242188,762.5,763.97998046875
1788964200,763.969970703125,764.010009765625,763.4199829101562,763.489990234375
1788964500,763.489990234375,763.7999877929688,763.25,763.60498046875
1788964800,763.5900268554688,763.8699951171875,763.4600219726562,763.77001953125
1788965100,763.7534790039062,763.780029296875,763.4099731445312,763.7249755859375
1788965400,763.72998046875,763.9400024414062,763.530029296875,763.6500244140625
1788965700,763.6649780273438,763.9099731445312,763.4600219726562,763.780029296875
1788966000,763.7899780273438,764.469970703125,762.7000122070312,762.8400268554688
1788966300,762.8800048828125,763.0399780273438,762.1599731445312,762.239990234375
1788966600,762.25,762.280029296875,761.39501953125,761.6300048828125
1788966900,761.6400146484375,762.169921875,761.5,762.0501098632812
1788967200,762.030029296875,762.1300048828125,761.0,761.0499877929688
1788967500,761.0499877929688,761.5750122070312,760.9400024414062,761.5399780273438
1788967800,761.5401000976562,762.1500244140625,761.47998046875,762.1500244140625
1788968100,762.1500244140625,762.9794921875,761.760009765625,762.9099731445312
1788968400,762.9199829101562,763.095703125,761.989990234375,762.239990234375
1788968700,762.260009765625,762.3585815429688,762.02001953125,762.27001953125
1788969000,762.2899780273438,762.6199951171875,762.2899780273438,762.5499877929688
1788969300,762.52001953125,762.52001953125,761.8400268554688,762.1699829101562
1788969600,762.1699829101562,762.4099731445312,762.0499877929688,762.3699951171875
1788969900,762.3599853515625,762.3699951171875,761.5150146484375,761.5150146484375
1788970200,761.52001953125,761.8900146484375,761.4299926757812,761.64501953125
1788970500,761.64501953125,761.6599731445312,761.3599853515625,761.4500122070312
1788970800,761.4450073242188,761.739990234375,761.3200073242188,761.719970703125
1788971100,761.72998046875,761.8099975585938,761.4299926757812,761.6300048828125
1788971400,761.614990234375,762.2349853515625,761.5800170898438,762.0999755859375
1788971700,762.0900268554688,762.27001953125,761.9201049804688,762.25
1788972000,762.239990234375,762.4600219726562,762.1099853515625,762.4600219726562
1788972300,762.4600219726562,762.530029296875,762.1900024414062,762.469970703125
1788972600,762.47998046875,762.8599853515625,762.469970703125,762.6400146484375
1788972900,762.6300048828125,762.77001953125,762.510009765625,762.5659790039062
1788973200,762.5750122070312,763.02001953125,762.3720092773438,762.4000244140625
1788973500,762.39990234375,762.77001953125,762.3900146484375,762.5900268554688
1788973800,762.5800170898438,763.219970703125,762.5499877929688,763.1500244140625
1788974100,763.1500244140625,763.2899780273438,762.8599853515625,762.8701171875
1788974400,762.8699951171875,763.1900024414062,762.780029296875,763.1900024414062
1788974700,763.1900024414062,763.2100219726562,762.8599853515625,762.9199829101562
1788975000,762.9299926757812,763.0499877929688,762.7000122070312,762.8200073242188
1788975300,762.7899780273438,762.8900146484375,762.3800048828125,762.4400024414062
1788975600,762.4500122070312,762.969970703125,762.4400024414062,762.9000244140625
1788975900,762.9099731445312,763.1599731445312,762.8800048828125,763.0700073242188
1788976200,763.0700073242188,763.3200073242188,762.9299926757812,763.27001953125
1788976500,763.260009765625,763.3150024414062,763.02001953125,763.0250244140625
1788976800,763.02001953125,763.1699829101562,762.97998046875,763.10498046875
1788977100,763.094970703125,763.1099853515625,762.719970703125,762.75
1788977400,762.760009765625,762.7899780273438,762.4000244140625,762.4000244140625
1788977700,762.3900146484375,762.6799926757812,762.280029296875,762.5599975585938
1788978000,762.5700073242188,763.02001953125,762.5700073242188,762.9600219726562
1788978300,762.9500122070312,763.0399780273438,762.72998046875,762.8400268554688
1788978600,762.844970703125,762.9000244140625,762.5900268554688,762.780029296875
1788978900,762.77001953125,763.0296020507812,762.719970703125,763.0
1788979200,763.0150146484375,763.2999877929688,763.0,763.1900024414062
1788979500,763.1799926757812,763.2100219726562,762.9600219726562,763.010009765625
1788979800,763.02001953125,763.355224609375,763.010009765625,763.27001953125
1788980100,763.260009765625,763.3900146484375,762.8800048828125,762.9000244140625
1788980400,762.9199829101562,763.0800170898438,762.6400146484375,762.6900024414062
1788980700,762.6900024414062,763.1300048828125,762.6519775390625,763.0900268554688
1788981000,763.0800170898438,763.1400146484375,762.9600219726562,762.9600219726562
1788981300,762.967529296875,763.3400268554688,762.9600219726562,763.27001953125
1788981600,763.2799072265625,763.3300170898438,763.0999755859375,763.219970703125
1788981900,763.219970703125,763.4097290039062,763.0900268554688,763.0999755859375
1788982200,763.0999755859375,763.2100219726562,762.9099731445312,763.02001953125
1788982500,763.02001953125,763.0999755859375,762.77001953125,762.780029296875
1788982800,762.77001953125,762.8400268554688,762.60498046875,762.7999877929688
1788983100,762.8099975585938,762.9249877929688,762.6300048828125,762.8300170898438
1788983400,762.8400268554688,762.8400268554688,762.2000122070312,762.4249877929688
1788983700,762.4299926757812,762.510009765625,762.0999755859375,762.3900146484375
1788984000,762.35,765.8875,762.2,762.28
1788984300,762.29,762.6,762.2,762.53
1788984600,762.54,762.67,762.1759,762.59
1788984900,762.59,765.8875,762.4,762.51
1788985200,762.4,762.58,762.4,762.57
1788985500,762.55,762.816,762.51,762.52
1788985800,762.51,762.6,762.48,762.5999
1788986100,762.66,762.74,762.66,762.7
1788986400,762.69,762.7,762.64,762.64
1788986700,762.66,762.69,762.62,762.69
1788987000,762.63,762.69,762.4,762.69
1788987300,762.689,762.7629,762.689,762.76
1788987600,762.78,762.93,762.7,762.7
1788987900,762.4,762.7,762.4,762.6
1788988200,762.68,762.68,762.58,762.6
1788988500,762.19,762.66,762.19,762.6501
1788988800,762.66,762.69,762.6,762.6
1788989100,762.61,762.7,762.61,762.7
1788989400,762.61,762.61,762.6,762.6
1788989700,762.6,762.6,762.57,762.57
1788990000,762.6,762.625,762.5598,762.625
1788990300,762.6013,762.6013,762.54,762.56
1788990600,762.6004,762.65,762.6,762.6
1788990900,762.6825,762.6825,762.4,762.61
1788991200,762.61,763.02,762.61,762.78
1788991500,762.7,762.8,762.63,762.63
1788991800,762.72,762.81,762.66,762.66
1788992100,762.71,762.71,762.64,762.67
1788992400,762.64,762.73,762.61,762.67
1788992700,762.65,762.65,762.6,762.6
1788993000,762.69,762.73,762.62,762.63
1788993300,762.71,762.71,762.68,762.69
1788993600,762.69,762.73,762.69,762.73
1788993900,762.78,762.78,762.75,762.75
1788994200,762.68,762.68,762.64,762.64
1788994500,762.6107,762.67,762.6107,762.67
1788994800,762.63,762.7,762.59,762.65
1788995100,762.65,762.65,762.65,762.65
1788995400,762.58,762.6,762.57,762.6
1788995700,762.57,762.72,762.55,762.72
1788996000,762.7,762.735,762.631,762.631
1788996300,762.67,762.69,762.64,762.69
1788996900,762.75,762.76,762.71,762.71
1788997200,762.73,762.77,762.7,762.77
1788997500,762.78,762.83,762.729,762.79
1788997800,762.86,763.25,762.86,763.25
1788998100,763.25,763.25,763.05,763.14
1789027200,764.06,764.6,763.59,764.21
1789027500,763.97,764.14,763.87,764.14
1789027800,764.06,764.06,763.81,763.82
1789028100,763.81,763.84,763.68,763.765
1789028400,763.81,763.94,763.81,763.94
1789028700,763.93,764.05,763.89,763.92
1789029000,764.02,764.05,763.69,763.7
1789029300,763.76,763.85,763.74,763.83
1789029600,763.79,763.79,763.39,763.43
1789029900,763.33,763.33,763.33,763.33
1789030200,763.31,763.36,763.22,763.35
1789030500,763.32,763.32,763.24,763.245
1789030800,763.28,763.63,763.28,763.63
1789031100,763.47,763.49,763.47,763.49
1789031400,763.25,763.36,763.25,763.31
1789031700,763.39,763.4,763.3,763.38
1789032000,763.46,763.46,763.3,763.3
1789032300,763.19,763.29,763.1,763.1
1789032600,763.05,763.05,762.81,762.835
1789032900,762.97,762.98,762.92,762.92
1789033200,762.8,763.04,762.715,763.015
1789033500,763.24,763.26,763.24,763.26
1789033800,763.5,763.5,763.38,763.38
1789034400,763.2,763.46,763.12,763.36
1789034700,763.37,763.37,763.05,763.1
1789035000,763.07,763.19,763.07,763.19
1789035300,763.23,763.27,763.22,763.27
1789035600,763.16,763.3,763.16,763.22
1789035900,763.22,763.41,763.18,763.18
1789036200,763.12,763.12,762.86,762.9
1789036500,762.92,763.195,762.92,763.195
1789036800,763.3,763.41,763.3,763.37
1789037100,763.18,763.21,763.18,763.21
1789037400,763.02,763.05,762.84,762.84
1789037700,762.86,763.7,762.86,763.03
1789038000,762.93,762.94,762.55,762.75
1789038300,762.76,762.77,762.5,762.54
1789038600,762.55,762.67,762.37,762.59
1789038900,762.6,762.66,762.48,762.51
1789039200,762.53,762.55,762.3546,762.535
1789039500,762.5246,762.5246,762.42,762.43
1789039800,762.42,762.9,762.39,762.83
1789040100,762.85,762.89,762.67,762.77
1789040400,762.73,762.7356,762.4385,762.53
1789040700,762.53,762.64,762.21,762.21
1789041000,762.2,762.2,761.7746,761.8367
1789041300,761.81,761.81,761.32,761.32
1789041600,761.342,761.48,761.02,761.05
1789041900,761.06,761.2,761.0,761.0339
1789042200,761.03,761.45,760.91,761.43
1789042500,761.38,761.42,760.88,760.9
1789042800,760.92,760.92,760.7,760.7
1789043100,760.72,760.94,760.48,760.55
1789043400,760.44,761.12,758.66,758.66
1789043700,758.65,759.425,758.65,759.0
1789044000,758.9,758.93,758.0,758.3407
1789044300,758.4,758.539,757.9,758.529
1789044600,758.54,758.8,758.41,758.71
1789044900,758.63,758.63,758.05,758.18
1789045200,758.47,759.01,758.25,758.9062
1789045500,758.9391,758.95,758.3294,758.4675
1789045800,758.48,758.63,758.19,758.19
1789047000,758.030029296875,758.4000244140625,757.6099853515625,757.760009765625
1789047300,757.7999877929688,758.5549926757812,757.5499877929688,758.4299926757812
1789047600,758.4199829101562,758.739990234375,758.0700073242188,758.1400146484375
1789047900,758.135009765625,758.97998046875,758.0999755859375,758.64501953125
1789048200,758.6400146484375,758.8599853515625,757.260986328125,757.3200073242188
1789048500,757.3499755859375,757.3599853515625,756.7022094726562,756.780029296875
1789048800,756.7520141601562,757.77001953125,756.739990234375,757.280029296875
1789049100,757.2899780273438,757.3900146484375,756.6400146484375,756.82470703125
1789049400,756.8350219726562,757.7750244140625,756.75,757.4199829101562
1789049700,757.39501953125,758.0800170898438,757.1500244140625,758.02001953125
1789050000,758.02001953125,760.1099853515625,757.9500122070312,759.4124145507812
1789050300,759.3800048828125,759.875,758.5599975585938,758.7100219726562
1789050600,758.7150268554688,759.22998046875,758.64501953125,758.8900146484375
1789050900,758.875,759.5999755859375,758.875,759.2999877929688
1789051200,759.2999877929688,759.4000244140625,758.6699829101562,758.844970703125
1789051500,758.8300170898438,759.0399780273438,758.4304809570312,758.7999877929688
1789051800,758.7899780273438,759.1799926757812,758.5,759.1599731445312
1789052100,759.1799926757812,759.5,758.8800048828125,759.3994750976562
1789052400,759.4000244140625,759.4199829101562,758.5499877929688,758.8599853515625
1789052700,758.8497924804688,759.4349975585938,758.8497924804688,759.0
1789053000,758.989990234375,759.469970703125,758.9299926757812,759.0599975585938
1789053300,759.0499877929688,759.239990234375,758.8704833984375,759.094970703125
1789053600,759.0900268554688,759.3400268554688,758.6300048828125,759.302490234375
1789053900,759.3099975585938,759.5599975585938,759.1400146484375,759.1849975585938
1789054200,759.1900024414062,759.5800170898438,759.02001953125,759.4500122070312
1789054500,759.4575805664062,759.969970703125,759.0599975585938,759.2100219726562
1789054800,759.239990234375,759.4600219726562,759.0800170898438,759.4000244140625
1789055100,759.4299926757812,759.5150146484375,758.760009765625,759.1489868164062
1789055400,759.1099853515625,759.3300170898438,758.6099853515625,758.6099853515625
1789055700,758.5999755859375,758.6950073242188,758.219970703125,758.5399780273438
1789056000,758.5499877929688,759.0791015625,758.4500122070312,758.5399780273438
1789056300,758.5499877929688,758.6400146484375,758.0700073242188,758.094970703125
1789056600,758.0800170898438,758.3400268554688,757.8300170898438,758.094970703125
1789056900,758.0999755859375,758.4349975585938,757.9000244140625,758.030029296875
1789057200,758.0499877929688,758.2899780273438,758.010009765625,758.0499877929688
1789057500,758.030029296875,758.0999755859375,757.7899780273438,758.0850219726562
1789057800,758.0800170898438,758.4099731445312,757.52001953125,757.52001953125
1789058100,757.530029296875,758.25,757.260009765625,758.1901245117188
1789058400,758.1900024414062,758.8900146484375,758.1199951171875,758.8099975585938
1789058700,758.8300170898438,759.3300170898438,758.7999877929688,758.7999877929688
1789059000,758.8400268554688,759.1799926757812,758.7000122070312,759.1599731445312
1789059300,759.155029296875,759.344970703125,759.0499877929688,759.2050170898438
1789059600,759.2000122070312,759.8499755859375,758.7899780273438,759.0250244140625
1789059900,759.0401000976562,759.27001953125,758.8499755859375,758.969970703125
1789060200,758.9500122070312,759.4400024414062,758.9450073242188,759.02001953125
1789060500,759.010009765625,759.1998901367188,758.8599853515625,758.9949951171875
1789060800,758.989990234375,759.0999755859375,758.6099853515625,758.6799926757812
1789061100,758.6599731445312,758.7150268554688,758.510009765625,758.5900268554688
1789061400,758.5800170898438,758.77001953125,758.3499755859375,758.5999755859375
1789061700,758.5599975585938,758.77001953125,758.0399780273438,758.0800170898438
1789062000,758.0549926757812,758.4600219726562,758.030029296875,758.4450073242188
1789062300,758.4500122070312,758.489990234375,758.1900024414062,758.260009765625
1789062600,758.239990234375,758.5399780273438,758.1799926757812,758.4000244140625
1789062900,758.3800048828125,758.5250244140625,758.2100219726562,758.27001953125
1789063200,758.27001953125,758.5599975585938,757.8300170898438,757.9550170898438
1789063500,757.9400024414062,758.1699829101562,757.6602172851562,757.739990234375
1789063800,757.719970703125,757.909912109375,757.47998046875,757.6900024414062
1789064100,757.6799926757812,757.75,757.469970703125,757.6799926757812
1789064400,757.6900024414062,758.0399780273438,757.6900024414062,757.7999877929688
1789064700,757.8099975585938,757.9199829101562,757.5900268554688,757.6900024414062
1789065000,757.6699829101562,757.7000122070312,757.2598876953125,757.6099853515625
1789065300,757.6199951171875,757.8679809570312,757.47998046875,757.8400268554688
1789065600,757.8499755859375,757.9099731445312,757.6849975585938,757.8150024414062
1789065900,757.7999877929688,758.0900268554688,757.4099731445312,757.77001953125
1789066200,757.75,758.3900146484375,757.5499877929688,757.9650268554688
1789066500,757.9650268554688,758.119873046875,757.6699829101562,757.7750244140625
1789066800,757.7750244140625,757.7750244140625,757.3099975585938,757.3350219726562
1789067100,757.3309936523438,758.030029296875,757.3099975585938,758.0
1789067400,757.9600219726562,757.9600219726562,757.530029296875,757.8099975585938
1789067700,757.8099975585938,757.9600219726562,757.3699951171875,757.5499877929688
1789068000,757.52001953125,757.7150268554688,757.3599853515625,757.6799926757812
1789068300,757.6799926757812,757.7899780273438,757.510009765625,757.614990234375
1789068600,757.6099853515625,758.0,757.4400024414062,757.9498901367188
1789068900,757.9299926757812,758.1300048828125,757.6500244140625,758.010009765625
1789069200,757.989990234375,758.2750244140625,757.97998046875,758.02001953125
1789069500,758.030029296875,758.219970703125,757.77001953125,758.0999755859375
1789069800,758.0800170898438,758.2899780273438,757.6099853515625,757.8499755859375
1789070100,757.8699951171875,758.030029296875,757.6300048828125,757.8800048828125
1789070400,757.83,762.2675,757.69,757.81
1789070700,757.82,758.2,757.58,758.12
1789071000,758.17,758.63,757.8189,758.62
1789071300,758.6,758.64,758.36,758.49
1789071600,758.51,758.59,758.5,758.5854
1789071900,758.57,758.59,758.41,758.41
1789072200,758.405,758.46,758.34,758.46
1789072500,758.44,758.5,758.41,758.5
1789072800,758.47,758.5,758.42,758.44
1789073100,758.42,758.5,758.41,758.44
1789073400,758.46,758.55,758.46,758.54
1789073700,758.54,758.54,757.83,758.12
1789074000,758.17,758.36,757.83,758.01
1789074300,758.28,758.3,758.22,758.26
1789074600,758.23,758.35,758.23,758.35
1789074900,758.34,758.38,758.26,758.38
1789075200,758.3495,758.3495,758.2619,758.34
1789075500,758.3,758.36,758.2701,758.33
1789075800,758.2916,758.39,758.29,758.32
1789076100,758.27,758.27,757.83,758.21
1789076400,758.14,758.17,757.6,758.01
1789076700,758.06,758.3602,758.0211,758.0211
1789077000,758.29,758.35,758.2,758.23
1789077300,758.24,758.49,758.17,758.44
1789077600,758.32,758.34,758.12,758.28
1789077900,758.3,758.32,758.1,758.31
1789078200,758.2923,758.39,758.27,758.3
1789078500,758.31,758.51,758.3,758.51
1789078800,758.52,758.7438,758.51,758.5129
1789079100,758.38,758.38,758.2,758.3
1789079400,758.2292,758.2393,758.1,758.16
1789079700,758.12,758.16,758.11,758.14
1789080000,758.05,758.0676,757.91,757.91
1789080300,757.931,758.19,757.84,758.19
1789080600,758.02,758.02,757.91,757.91
1789080900,758.0,758.02,757.9669,757.98
1789081200,758.07,758.07,757.95,757.95
1789081500,758.06,758.1,758.01,758.09
1789081800,758.1096,758.15,758.04,758.15
1789082100,758.1019,758.2,758.1019,758.2
1789082400,758.15,758.15,758.03,758.05
1789082700,758.07,758.07,758.02,758.0434
1789083000,758.13,758.17,758.07,758.1
1789083300,758.1,758.11,758.1,758.11
1789083600,758.06,758.1,758.0008,758.1
1789083900,758.11,758.11,757.99,757.99
1789084200,757.96,757.96,757.8,757.8
1789084500,757.7466,757.7466,757.47,757.5286
1789113600,759.96,761.52,758.17,760.92
1789113900,760.82,760.95,760.66,760.66
1789114200,760.86,760.98,760.72,760.98
1789114500,760.95,761.3,760.95,761.16
1789114800,761.15,762.6,761.15,761.79
1789115100,761.81,761.92,761.39,761.41
1789115400,761.42,762.07,761.42,761.99
1789115700,761.99,762.0,761.72,761.75
1789116000,761.77,761.86,761.7442,761.81
1789116300,761.69,761.99,761.69,761.99
1789116600,761.92,762.475,761.9,762.4
1789116900,762.35,762.6,762.35,762.6
1789117200,762.69,762.94,762.5,762.59
1789117500,762.55,762.55,762.23,762.23
1789117800,762.14,762.22,762.02,762.02
1789118100,762.0,762.21,761.91,762.16
1789118400,762.19,762.23,762.15,762.16
1789118700,762.21,762.21,762.16,762.16
1789119000,762.19,762.25,762.19,762.23
1789119300,762.25,762.25,762.19,762.25
1789119600,762.3,762.31,762.2,762.2
1789119900,762.22,762.29,762.1961,762.26
1789120200,762.24,762.26,762.2011,762.24
1789120500,762.36,762.5,762.3337,762.38
1789120800,762.42,762.74,761.89,762.74
1789121100,762.65,762.65,762.554,762.6
1789121400,762.48,762.48,762.48,762.48
1789121700,762.45,762.58,762.45,762.5
1789122000,762.35,762.52,762.33,762.37
1789122300,762.4215,762.46,762.25,762.3
1789122600,762.35,762.5,762.35,762.5
1789122900,762.5,762.56,762.36,762.43
1789123200,762.371,762.39,762.3,762.3
1789123500,762.28,762.28,762.09,762.09
1789123800,762.15,762.2,762.1,762.11
1789124100,762.14,762.2,762.12,762.16
1789124400,762.12,762.22,762.02,762.14
1789124700,762.1189,762.1189,761.8302,761.87
1789125000,761.85,761.94,761.85,761.8976
1789125300,761.85,762.09,761.82,762.09
1789125600,762.14,762.14,761.88,761.9426
1789125900,762.124,762.37,762.1,762.19
1789126200,762.19,762.29,761.88,761.89
1789126500,761.92,762.0875,761.78,762.05
1789126800,762.03,762.3,762.03,762.3
1789127100,762.28,762.39,762.0262,762.37
1789127400,762.3776,762.38,762.2,762.221
1789127700,762.28,762.45,762.28,762.35
1789128000,762.37,762.37,762.03,762.22
1789128300,762.23,762.32,762.13,762.32
1789128600,762.34,762.715,762.21,762.45
1789128900,762.45,762.83,762.34,762.74
1789129200,762.75,762.93,762.59,762.62
1789129500,762.59,763.78,762.57,763.5
1789129800,763.24,763.55,760.39,762.61
1789130100,762.56,763.32,762.31,763.03
1789130400,763.02,763.201,762.7,762.9
1789130700,762.9,764.05,762.71,763.85
1789131000,763.85,765.1,763.83,765.04
1789131300,764.98,765.95,764.93,765.8
1789131600,765.83,766.53,765.81,765.93
1789131900,765.92,766.21,765.33,765.565
1789132200,765.49,765.64,764.8,764.9501
1789133400,764.719970703125,765.8599853515625,764.2249755859375,765.77001953125
1789133700,765.760009765625,765.989990234375,765.3800048828125,765.5599975585938
1789134000,765.5599975585938,765.8099975585938,764.6699829101562,765.4600219726562
1789134300,765.47998046875,765.9299926757812,764.7999877929688,764.969970703125
1789134600,764.989990234375,765.2899169921875,764.7000122070312,765.1300048828125
1789134900,765.1300048828125,766.3800048828125,765.0250244140625,766.3099975585938
1789135200,766.3099975585938,766.3300170898438,765.3800048828125,765.4500122070312
1789135500,765.4500122070312,765.5999755859375,764.9400024414062,765.4099731445312
1789135800,765.4099731445312,765.6900024414062,764.780029296875,764.9000244140625
1789136100,764.9000244140625,765.75,764.6300048828125,765.719970703125
1789136400,765.719970703125,766.0250244140625,765.5800170898438,765.760009765625
1789136700,765.760009765625,766.0999755859375,765.5700073242188,765.72998046875
1789137000,765.75,765.780029296875,764.6900024414062,764.72998046875
1789137300,764.72998046875,764.72998046875,764.0399780273438,764.2999877929688
1789137600,764.2999877929688,764.739990234375,763.8800048828125,764.0499877929688
1789137900,764.0399780273438,764.7999877929688,763.5999755859375,764.6900024414062
1789138200,764.7150268554688,764.8499755859375,764.0,764.0700073242188
1789138500,764.0750122070312,764.2100219726562,763.7000122070312,763.969970703125
1789138800,763.9537963867188,764.6680297851562,763.8099975585938,764.6680297851562
1789139100,764.6500244140625,765.25,764.6033935546875,764.9000244140625
1789139400,764.9099731445312,764.9600219726562,764.1199951171875,764.6099853515625
1789139700,764.6099853515625,765.5499877929688,764.6099853515625,765.4000244140625
1789140000,765.3900146484375,765.8900146484375,765.3400268554688,765.8350219726562
1789140300,765.8699951171875,766.239990234375,765.6849975585938,766.0
1789140600,765.97998046875,766.1900024414062,765.760009765625,765.9000244140625
1789140900,765.8900146484375,766.0499877929688,765.6199951171875,765.9500122070312
1789141200,765.9401245117188,766.27001953125,765.8599853515625,766.1199951171875
1789141500,766.1199951171875,766.1400146484375,765.760009765625,765.8800048828125
1789141800,765.8798828125,765.9600219726562,765.4249877929688,765.52099609375
1789142100,765.5399780273438,765.8049926757812,765.3820190429688,765.7100219726562
1789142400,765.719970703125,766.2000122070312,765.719970703125,766.1400756835938
1789142700,766.1400146484375,766.1799926757812,765.739990234375,765.9000244140625
1789143000,765.9099731445312,765.989990234375,765.530029296875,765.5800170898438
1789143300,765.5850219726562,765.6500244140625,765.4000244140625,765.489990234375
1789143600,765.52001953125,765.5999755859375,765.260009765625,765.3599853515625
1789143900,765.3599853515625,765.5999755859375,764.8699951171875,764.9199829101562
1789144200,764.9400024414062,765.760009765625,764.8099975585938,765.580078125
1789144500,765.5800170898438,765.5900268554688,764.9099731445312,764.9500122070312
1789144800,764.9400024414062,765.47998046875,764.8499755859375,765.4500122070312
1789145100,765.4400024414062,765.60498046875,765.2999877929688,765.3099975585938
1789145400,765.3250122070312,765.5499877929688,765.2705078125,765.4199829101562
1789145700,765.4099731445312,765.6699829101562,765.3800048828125,765.6199951171875
1789146000,765.6400146484375,765.8499755859375,765.5499877929688,765.6300048828125
1789146300,765.6400146484375,766.0800170898438,765.5999755859375,765.739990234375
1789146600,765.7349853515625,765.8699951171875,765.510009765625,765.5582885742188
1789146900,765.5599975585938,765.9201049804688,765.5599975585938,765.9199829101562
1789147200,765.9199829101562,766.25,765.8699951171875,766.239501953125
1789147500,766.22998046875,766.3300170898438,765.9099731445312,765.9949951171875
1789147800,765.9949951171875,766.260009765625,765.9149780273438,765.9794921875
1789148100,765.97998046875,766.0499877929688,765.780029296875,765.8099975585938
1789148400,765.8099975585938,766.0,765.7899780273438,765.8599853515625
1789148700,765.8599853515625,765.9400024414062,765.719970703125,765.905029296875
1789149000,765.9099731445312,765.97998046875,765.8200073242188,765.8499755859375
1789149300,765.8599853515625,765.8800048828125,765.6400146484375,765.739990234375
1789149600,765.739990234375,765.969970703125,765.6900024414062,765.8599853515625
1789149900,765.8499755859375,765.8499755859375,765.5994873046875,765.7000122070312
1789150200,765.7000122070312,765.72998046875,765.5084838867188,765.5700073242188
1789150500,765.5599975585938,765.7249755859375,765.530029296875,765.5800170898438
1789150800,765.5900268554688,765.60498046875,765.1400146484375,765.3400268554688
1789151100,765.3699951171875,765.5399780273438,765.1950073242188,765.4099731445312
1789151400,765.4199829101562,765.5800170898438,765.1500244140625,765.4450073242188
1789151700,765.4600219726562,765.5599975585938,765.25,765.2999877929688
1789152000,765.2999877929688,765.4099731445312,765.0974731445312,765.1500244140625
1789152300,765.1500244140625,765.3200073242188,764.9600219726562,765.0399780273438
1789152600,765.0399780273438,765.1699829101562,765.030029296875,765.0599975585938
1789152900,765.0399780273438,765.260009765625,764.9400024414062,765.0250244140625
1789153200,765.0399780273438,765.1900024414062,765.0,765.1400146484375
1789153500,765.1300048828125,765.1400146484375,764.719970703125,764.760009765625
1789153800,764.75,764.9199829101562,764.5499877929688,764.9000244140625
1789154100,764.9000244140625,765.0999755859375,764.8800048828125,764.989990234375
1789154400,765.0,765.219970703125,764.9000244140625,765.2000122070312
1789154700,765.2000122070312,765.2999877929688,765.010009765625,765.02001953125
1789155000,765.0250244140625,765.1300048828125,764.9000244140625,764.97998046875
1789155300,764.97998046875,765.030029296875,764.8699951171875,764.9349975585938
1789155600,764.9299926757812,765.0499877929688,764.8800048828125,765.010009765625
1789155900,765.010009765625,765.0399780273438,764.719970703125,764.75
1789156200,764.739990234375,764.8200073242188,764.4199829101562,764.6599731445312
1789156500,764.6599731445312,764.7000122070312,764.0399780273438,764.1799926757812
1789156800,764.18,764.39,757.8492,757.8492
1789157100,764.37,764.44,764.29,764.4
1789157400,764.42,765.1261,764.0,764.35
1789157700,764.32,764.33,764.25,764.2702
1789158000,764.3,764.45,764.3,764.45
1789158300,764.45,764.45,764.29,764.36
1789158600,764.35,764.6,764.33,764.51
1789158900,764.5,764.53,764.42,764.45
1789159200,764.45,764.48,764.26,764.35
1789159500,764.3595,764.3595,764.25,764.25
1789159800,764.26,764.4,764.25,764.39
1789160100,764.399,764.399,764.29,764.38
1789160400,764.29,764.49,764.29,764.35
1789160700,764.35,764.4437,764.18,764.19
1789161000,764.22,764.24,764.1858,764.22
1789161300,764.22,764.49,764.21,764.3
1789161600,764.25,764.25,764.15,764.15
1789161900,764.15,764.15,764.0,764.0
1789162200,764.03,764.04,764.01,764.03
1789162500,764.0881,764.1,764.0881,764.1
1789162800,764.15,764.15,764.0483,764.0483
1789163100,764.11,764.29,764.04,764.29
1789163400,764.27,764.63,764.27,764.36
1789163700,764.4,764.42,764.4,764.41
1789164000,764.42,764.46,764.42,764.46
1789164300,764.47,764.58,764.47,764.57
1789164600,764.5,764.56,764.5,764.55
1789164900,764.56,764.67,764.56,764.67
1789165200,764.64,764.69,764.55,764.67
1789165500,764.56,764.67,764.3,764.3
1789165800,764.39,764.39,764.39,764.39
1789166100,764.49,764.7004,764.48,764.69
1789166400,764.69,764.75,764.69,764.75
1789166700,764.75,764.8515,764.75,764.8515
1789167000,764.75,764.78,764.75,764.78
1789167300,764.75,764.75,764.53,764.53
1789167600,764.53,764.687,764.5,764.687
1789168200,764.52,764.52,764.5,764.5
1789168500,764.46,764.46,764.46,764.46
1789168800,764.55,764.6,764.55,764.6
1789169400,764.6,764.6,764.6,764.6
1789169700,764.65,764.65,764.65,764.65
1789170000,764.48,764.48,764.43,764.43
1789170300,764.4671,764.4671,764.42,764.42
1789170600,764.42,764.42,764.35,764.35
1789170900,764.37,764.5444,764.35,764.48
1789372800,759.72,760.8,758.77,759.45
1789373100,759.45,760.52,759.22,759.66
1789373400,759.63,759.68,759.29,759.36
1789373700,759.4,759.4,759.07,759.07
1789374000,759.2,759.26,759.03,759.03
1789374300,759.06,759.06,758.77,758.9
1789374600,758.78,759.0,758.77,758.85
1789374900,759.11,759.28,758.98,759.28
1789375200,759.2879,759.39,759.0956,759.22
1789375500,759.16,759.16,758.53,758.69
1789375800,758.87,759.0,758.7,758.7
1789376100,758.77,759.1,758.61,759.1
1789376400,759.24,759.34,759.1,759.1
1789376700,759.09,759.17,758.98,759.07
1789377000,758.75,758.75,758.35,758.39
1789377300,758.44,758.44,758.16,758.16
1789377600,758.2,758.2,757.77,757.9
1789377900,757.87,758.37,757.82,758.37
1789378200,758.26,758.48,758.26,758.2805
1789378500,758.1964,758.24,757.9126,757.935
1789378800,758.26,758.26,757.82,757.82
1789379100,757.9,758.18,757.88,757.98
1789379400,757.94,758.21,757.9,758.18
1789379700,758.14,758.14,757.87,757.9
1789380000,758.12,758.1873,758.1,758.1
1789380300,758.2844,758.34,758.08,758.165
1789380600,758.16,758.35,758.16,758.33
1789380900,758.2859,758.35,758.05,758.14
1789381200,758.25,758.63,758.25,758.62
1789381500,758.65,758.84,758.65,758.75
1789381800,758.77,758.83,758.73,758.82
1789382100,758.92,759.07,758.9,758.9
1789382400,758.9,759.23,758.9,759.1
1789382700,759.16,759.34,759.15,759.289
1789383000,759.3,759.36,759.05,759.06
1789383300,759.08,759.41,759.06,759.32
1789383600,759.31,759.51,759.1096,759.5
1789383900,759.6,759.67,759.485,759.61
1789384200,759.64,759.7223,759.33,759.52
1789384500,759.55,760.0,759.55,759.68
1789384800,759.69,759.85,759.57,759.85
1789385100,759.87,760.05,759.8,760.05
1789385400,760.0036,760.11,759.7,759.71
1789385700,759.75,759.8,759.46,759.69
1789386000,759.723,760.01,759.6825,759.8427
1789386300,759.81,759.96,759.68,759.86
1789386600,759.91,759.91,759.54,759.68
1789386900,759.76,759.76,759.47,759.5
1789387200,759.5,759.52,759.0,759.15
1789387500,759.17,759.37,759.02,759.33
1789387800,759.35,759.56,759.17,759.3204
1789388100,759.36,759.8,759.33,759.42
1789388400,759.53,759.55,759.28,759.36
1789388700,759.36,759.4001,759.12,759.33
1789389000,759.32,759.58,758.96,758.98
1789389300,759.0,764.29,758.04,758.51
1789389600,758.46,759.15,758.12,759.06
1789389900,759.14,759.15,758.75,758.97
1789390200,758.92,759.07,758.73,758.74
1789390500,758.74,759.03,758.53,759.01
1789390800,759.0,759.0,758.16,758.25
1789391100,758.23,758.45,758.04,758.28
1789391400,758.26,759.01,758.21,759.0
1789392600,759.0,759.2100219726562,758.5800170898438,758.6849975585938
1789392900,758.6849975585938,758.89990234375,758.4542236328125,758.5700073242188
1789393200,758.5800170898438,759.52001953125,758.469970703125,759.4099731445312
1789393500,759.4299926757812,760.5599975585938,759.4299926757812,760.2899780273438
1789393800,760.280029296875,760.5900268554688,760.0700073242188,760.1699829101562
1789394100,760.1799926757812,760.239990234375,759.760009765625,759.9949951171875
1789394400,759.9863891601562,760.5900268554688,759.9099731445312,760.4600219726562
1789394700,760.4613037109375,761.114990234375,760.3200073242188,760.8699951171875
1789395000,760.8699951171875,761.010009765625,760.4199829101562,760.4400024414062
1789395300,760.4600219726562,760.6500244140625,759.77001953125,759.8400268554688
1789395600,759.8499755859375,759.8499755859375,758.8099975585938,758.8200073242188
1789395900,758.8200073242188,758.8699951171875,758.22998046875,758.8400268554688
1789396200,758.8250122070312,759.135009765625,758.530029296875,759.0999755859375
1789396500,759.0999755859375,759.0999755859375,758.2999877929688,758.5
1789396800,758.47998046875,758.6799926757812,758.1199951171875,758.6799926757812
1789397100,758.6799926757812,759.030029296875,758.4600219726562,758.6199951171875
1789397400,758.639892578125,758.655029296875,758.1099853515625,758.219970703125
1789397700,758.219970703125,758.5900268554688,757.9299926757812,758.5700073242188
1789398000,758.5900268554688,758.60498046875,758.1500244140625,758.1799926757812
1789398300,758.1799926757812,759.8800048828125,758.1699829101562,759.1099853515625
1789398600,759.1300048828125,759.2100219726562,758.6300048828125,758.630126953125
1789398900,758.6199951171875,759.1799926757812,758.52001953125,759.0701293945312
1789399200,759.0900268554688,759.5800170898438,758.989990234375,759.5449829101562
1789399500,759.5399780273438,759.8952026367188,759.3200073242188,759.594970703125
1789399800,759.5499877929688,760.8900146484375,759.4500122070312,760.8049926757812
1789400100,760.8070068359375,761.239990234375,760.4500122070312,761.2000122070312
1789400400,761.219970703125,762.22998046875,760.969970703125,762.0900268554688
1789400700,762.0999755859375,762.1500244140625,761.469970703125,761.47998046875
1789401000,761.469970703125,761.8900146484375,761.2899780273438,761.8300170898438
1789401300,761.8300170898438,762.030029296875,761.6799926757812,761.75
1789401600,761.77001953125,761.9099731445312,761.3300170898438,761.3300170898438
1789401900,761.3200073242188,761.52001953125,761.2100219726562,761.4000244140625
1789402200,761.4000244140625,761.6699829101562,761.3599853515625,761.4674072265625
1789402500,761.469970703125,762.4500122070312,761.469970703125,762.3499755859375
1789402800,762.3499755859375,762.5999755859375,762.02001953125,762.4000244140625
1789403100,762.4099731445312,762.4600219726562,761.8800048828125,762.02001953125
1789403400,762.010009765625,762.4500122070312,761.9500122070312,761.9500122070312
1789403700,761.969970703125,762.1300048828125,761.8300170898438,762.0499877929688
1789404000,762.0499877929688,762.3099975585938,761.9199829101562,762.3099975585938
1789404300,762.3200073242188,763.5,762.0499877929688,763.263916015625
1789404600,763.280029296875,763.52001953125,763.02001953125,763.0599975585938
1789404900,763.0599975585938,763.1099853515625,762.5700073242188,762.9000244140625
1789405200,762.9000244140625,763.0599975585938,762.530029296875,762.6599731445312
1789405500,762.6699829101562,762.8099975585938,762.3400268554688,762.4500122070312
1789405800,762.4550170898438,762.8599853515625,762.1799926757812,762.1799926757812
1789406100,762.1807250976562,762.27001953125,761.9039916992188,762.0499877929688
1789406400,762.0700073242188,762.4199829101562,762.0399780273438,762.2899780273438
1789406700,762.3200073242188,762.719970703125,762.1900024414062,762.6799926757812
1789407000,762.7150268554688,762.8300170898438,762.489990234375,762.6400146484375
1789407300,762.6500244140625,762.8699951171875,762.510009765625,762.8099975585938
1789407600,762.8300170898438,762.8345947265625,762.5399780273438,762.5999755859375
1789407900,762.6500244140625,762.8499755859375,762.5499877929688,762.6300048828125
1789408200,762.6400146484375,762.869873046875,762.5750122070312,762.7899780273438
1789408500,762.780029296875,762.8499755859375,762.3400268554688,762.3499755859375
1789408800,762.35498046875,762.8300170898438,762.2100219726562,762.25
1789409100,762.260009765625,762.5880126953125,762.125,762.4299926757812
1789409400,762.4299926757812,762.4500122070312,762.1599731445312,762.3400268554688
1789409700,762.3499755859375,762.47998046875,762.1849975585938,762.280029296875
1789410000,762.27001953125,762.3300170898438,762.0999755859375,762.1170043945312
1789410300,762.1300048828125,762.1900024414062,761.91748046875,762.0108032226562
1789410600,762.0399780273438,762.3499755859375,761.969970703125,762.219970703125
1789410900,762.219970703125,762.469970703125,762.1900024414062,762.3499755859375
1789411200,762.3200073242188,762.52001953125,762.25,762.3499755859375
1789411500,762.3499755859375,762.7000122070312,762.1099853515625,762.5
1789411800,762.5,762.5399780273438,762.2899780273438,762.3200073242188
1789412100,762.3099975585938,762.469970703125,762.0900268554688,762.1279907226562
1789412400,762.1400146484375,762.2100219726562,761.8400268554688,761.9299926757812
1789412700,761.9400024414062,761.97998046875,761.6099853515625,761.8300170898438
1789413000,761.8499755859375,762.0900268554688,761.8200073242188,762.030029296875
1789413300,762.0250244140625,762.0250244140625,761.77001953125,761.873779296875
1789413600,761.8599853515625,761.9299926757812,761.6489868164062,761.8099975585938
1789413900,761.7899780273438,761.8599853515625,761.6900024414062,761.7249755859375
1789414200,761.7249755859375,761.9299926757812,761.6599731445312,761.6900024414062
1789414500,761.7000122070312,761.739990234375,761.5499877929688,761.5999755859375
1789414800,761.60498046875,761.719970703125,761.5399780273438,761.5999755859375
1789415100,761.5902099609375,761.8300170898438,761.5499877929688,761.7100219726562
1789415400,761.7150268554688,761.8200073242188,761.114990234375,761.25
1789415700,761.25,761.3400268554688,760.6599731445312,760.77001953125
1789416000,760.78,761.0,760.59,760.76
1789416300,760.7546,760.84,760.6,760.66
1789416600,760.66,760.81,760.59,760.75
1789416900,760.74,764.3778,760.48,760.75
1789417200,760.75,761.0,760.74,760.95
1789417500,760.99,761.1,760.94,761.07
1789417800,761.08,761.09,760.96,760.98
1789418100,761.02,761.05,760.88,761.0399
1789418400,761.04,764.3778,761.01,761.03
1789418700,761.03,761.34,727.9723,761.3
1789419000,761.32,761.41,728.0502,760.88
1789419300,761.401,761.49,728.0502,761.49
1789419600,761.4164,761.4164,728.0502,761.36
1789419900,760.88,761.36,727.9723,761.25
1789420200,761.24,761.25,761.08,761.135
1789420500,761.15,761.15,761.1,761.1
1789420800,761.09,761.24,728.0502,761.01
1789421100,760.97,760.99,760.9316,760.99
1789421400,760.96,761.03,760.9,761.01
1789421700,761.01,761.01,760.995,761.0
1789422000,760.999,761.05,760.99,760.99
1789422300,760.95,761.11,760.88,760.88
1789422600,761.1491,761.15,761.1,761.15
1789422900,761.14,761.21,761.14,761.2
1789423200,761.29,761.44,761.15,761.2436
1789423500,761.205,761.205,761.1,761.1
1789423800,761.1,761.21,761.1,761.16
1789424100,761.2,761.25,761.08,761.09
1789424400,761.16,761.18,761.14,761.14
1789424700,761.14,761.1858,761.05,761.1858
1789425000,761.1438,761.215,761.1438,761.2
1789425300,761.19,761.24,761.145,761.16
1789425600,761.1131,761.1225,761.1,761.1
1789425900,761.25,761.2799,761.2429,761.2429
1789426200,761.28,761.33,761.28,761.28
1789426500,761.24,761.2787,761.171,761.171
1789426800,761.171,761.171,761.07,761.1
1789427100,761.105,761.16,761.08,761.16
1789427400,761.25,761.25,761.25,761.25
1789427700,761.23,761.23,761.03,761.03
1789428000,761.024,761.16,761.0,761.15
1789428300,761.15,761.169,761.02,761.02
1789428600,761.05,761.1,761.0262,761.04
1789428900,761.11,761.175,761.06,761.175
1789429200,761.1854,761.19,761.0748,761.0877
1789429500,761.065,761.1494,761.01,761.0795
1789429800,761.07,761.0755,760.9501,760.98
1789430100,761.1,761.164,761.02,761.13
1789459200,759.0,760.08,757.0,757.0
1789459500,757.0992,759.17,756.4,756.4
1789459800,756.38,756.83,756.22,756.79
1789460100,757.1,757.27,757.04,757.25
1789460400,757.5,757.62,757.18,757.18
1789460700,757.2478,757.27,756.89,757.1
1789461000,757.05,757.13,756.9,756.93
1789461300,756.85,756.95,756.76,756.84
1789461600,756.9,756.9,756.7,756.7
1789461900,756.71,756.71,756.6,756.71
1789462200,756.66,756.89,756.66,756.82
1789462500,756.75,757.03,756.73,756.78
1789462800,756.79,756.79,756.6,756.73
1789463100,757.0,757.0,756.65,756.69
1789463400,756.6,756.8,756.59,756.8
1789463700,756.66,756.67,756.3,756.36
1789464000,756.48,756.82,756.38,756.47
1789464300,756.57,756.86,756.5313,756.86
1789464600,756.96,757.0,756.845,756.845
1789464900,757.08,757.52,757.08,757.5
1789465200,757.55,757.6,757.47,757.494
1789465500,757.5,758.15,757.5,758.0207
1789465800,758.14,758.31,758.06,758.08
1789466100,758.3,758.32,758.17,758.17
1789466400,758.29,758.29,758.26,758.28
1789466700,758.19,758.4,758.15,758.4
1789467000,758.44,758.765,758.38,758.41
1789467300,758.3,758.39,758.19,758.29
1789467600,758.33,758.55,758.33,758.55
1789467900,758.51,758.52,758.45,758.48
1789468200,758.49,758.7,758.49,758.7
1789468500,758.69,758.84,758.6,758.84
1789468800,758.85,759.04,758.81,758.9335
1789469100,758.8911,758.97,758.76,758.96
1789469400,758.96,759.28,758.96,759.27
1789469700,759.3,759.52,759.3,759.32
1789470000,759.32,759.53,759.255,759.44
1789470300,759.4033,759.7,759.27,759.7
1789470600,759.67,760.0,759.58,759.619
1789470900,759.6101,759.86,759.56,759.79
1789471200,759.72,759.72,759.59,759.59
1789471500,759.6275,759.6275,759.46,759.51
1789471800,759.4873,759.53,759.35,759.53
1789472100,759.69,759.69,759.43,759.46
1789472400,759.4489,759.6,759.4109,759.6
1789472700,759.54,759.62,759.49,759.529
1789473000,759.69,759.7907,759.51,759.5728
1789473300,759.58,759.8,759.548,759.77
1789473600,759.88,759.975,759.6,759.77
1789473900,759.73,759.88,759.67,759.7
1789474200,759.77,760.105,759.76,760.05
1789474500,759.95,760.11,759.86,760.0
1789474800,760.01,760.01,759.56,759.64
1789475100,759.6062,759.95,759.6007,759.88
1789475400,759.95,760.2,759.69,760.2
1789475700,760.25,760.67,760.05,760.185
1789476000,760.13,760.1499,759.88,760.1299
1789476300,760.13,761.37,760.13,760.95
1789476600,760.84,761.2801,760.77,761.2001
1789476900,761.24,761.4,760.48,760.49
1789477200,760.57,760.85,760.49,760.85
1789477500,760.88,760.91,760.6,760.62
1789477800,760.6218,760.74,760.47,760.55
1789479000,760.1170043945312,760.3400268554688,758.72998046875,758.9199829101562
1789479300,758.9199829101562,759.8699951171875,758.9199829101562,759.8099975585938
1789479600,759.7999877929688,760.02001953125,759.4000244140625,759.9500122070312
1789479900,759.9500122070312,760.1900024414062,759.219970703125,759.3499755859375
1789480200,759.3499755859375,759.77001953125,759.1799926757812,759.6799926757812
1789480500,759.6599731445312,759.7000122070312,759.364990234375,759.5499877929688
1789480800,759.5405883789062,759.5405883789062,758.8300170898438,758.8300170898438
1789481100,758.8104858398438,759.0700073242188,758.4832763671875,758.510009765625
1789481400,758.5,758.5170288085938,757.8800048828125,757.969970703125
1789481700,757.969970703125,758.4299926757812,757.9299926757812,758.2100219726562
1789482000,758.219970703125,758.3400268554688,757.1799926757812,757.6599731445312
1789482300,757.6500244140625,757.739990234375,757.469970703125,757.47998046875
1789482600,757.469970703125,757.6500244140625,757.0800170898438,757.3499755859375
1789482900,757.3400268554688,757.6099853515625,757.0499877929688,757.1400146484375
1789483200,757.1400146484375,757.239990234375,756.8800048828125,757.2000122070312
1789483500,757.1900024414062,757.3800048828125,756.9099731445312,756.9099731445312
1789483800,756.8900146484375,757.02001953125,756.1500244140625,756.5599975585938
1789484100,756.5599975585938,756.8599853515625,756.3502807617188,756.4400024414062
1789484400,756.4500122070312,757.1900024414062,756.4349975585938,757.1900024414062
1789484700,757.1900024414062,757.27001953125,756.7999877929688,756.8699951171875
1789485000,756.864990234375,757.0499877929688,756.7000122070312,756.97998046875
1789485300,756.969970703125,757.3599853515625,756.8099975585938,757.25
1789485600,757.25,757.5,756.9827880859375,757.448974609375
1789485900,757.4500122070312,757.489990234375,757.1900024414062,757.47998046875
1789486200,757.47998046875,757.5549926757812,756.9299926757812,757.3099975585938
1789486500,757.3300170898438,757.510009765625,757.1599731445312,757.2899780273438
1789486800,757.3049926757812,757.75,757.2999877929688,757.52001953125
1789487100,757.52001953125,757.5700073242188,756.926025390625,757.0
1789487400,756.9749755859375,757.5900268554688,756.9749755859375,757.1099853515625
1789487700,757.1300048828125,757.7000122070312,756.97998046875,757.114990234375
1789488000,757.114990234375,757.35498046875,757.0123291015625,757.3300170898438
1789488300,757.291015625,757.3099975585938,756.6300048828125,756.739990234375
1789488600,756.739990234375,756.8499755859375,756.6699829101562,756.780029296875
1789488900,756.77001953125,757.0900268554688,756.7100219726562,757.0800170898438
1789489200,757.0800170898438,757.6900024414062,757.0599975585938,757.655029296875
1789489500,757.6599731445312,757.8699951171875,757.47998046875,757.5750122070312
1789489800,757.5800170898438,757.8200073242188,757.3200073242188,757.6699829101562
1789490100,757.6699829101562,757.72998046875,757.4600219726562,757.5499877929688
1789490400,757.5499877929688,757.6799926757812,757.4600219726562,757.6099853515625
1789490700,757.60498046875,757.72998046875,757.3200073242188,757.4600219726562
1789491000,757.4500122070312,758.010009765625,757.4199829101562,757.9749755859375
1789491300,757.97998046875,758.0599975585938,757.5599975585938,757.739990234375
1789491600,757.739990234375,757.8499755859375,757.1799926757812,757.1799926757812
1789491900,757.1699829101562,757.4500122070312,757.0499877929688,757.22998046875
1789492200,757.1900024414062,757.530029296875,757.0800170898438,757.0850219726562
1789492500,757.0850219726562,757.1199951171875,756.8599853515625,757.0
1789492800,756.989990234375,757.0599975585938,756.6500244140625,756.6500244140625
1789493100,756.655029296875,756.9199829101562,756.5999755859375,756.8800048828125
1789493400,756.8599853515625,757.1900024414062,756.8150024414062,757.0
1789493700,757.010009765625,757.1699829101562,756.9299926757812,757.0999755859375
1789494000,757.1099853515625,757.25,756.9000244140625,757.1300048828125
1789494300,757.1500244140625,757.27001953125,756.9299926757812,756.969970703125
1789494600,756.9650268554688,757.27001953125,756.9500122070312,757.27001953125
1789494900,757.27001953125,757.4000244140625,757.1400146484375,757.27001953125
1789495200,757.280029296875,757.5198974609375,757.1400146484375,757.4749755859375
1789495500,757.5050048828125,757.6900024414062,757.4099731445312,757.6699829101562
1789495800,757.6900024414062,757.9349975585938,757.5650024414062,757.7650146484375
1789496100,757.7750244140625,757.8300170898438,757.47998046875,757.5567016601562
1789496400,757.5700073242188,757.6517944335938,757.4199829101562,757.4799194335938
1789496700,757.47998046875,757.6900024414062,757.3599853515625,757.6699829101562
1789497000,757.6599731445312,757.6599731445312,757.1300048828125,757.219970703125
1789497300,757.2050170898438,757.3200073242188,757.1599731445312,757.260009765625
1789497600,757.260009765625,757.6199951171875,757.1300048828125,757.1900024414062
1789497900,757.2100219726562,757.2150268554688,756.739990234375,756.844970703125
1789498200,756.844970703125,757.1500244140625,756.8400268554688,757.0900268554688
1789498500,757.0850219726562,757.489990234375,757.0399780273438,757.489990234375
1789498800,757.469970703125,757.6199951171875,757.27001953125,757.3397216796875
1789499100,757.3350219726562,757.4000244140625,757.219970703125,757.3300170898438
1789499400,757.3300170898438,757.3690185546875,757.0800170898438,757.1699829101562
1789499700,757.1500244140625,757.2899780273438,757.0800170898438,757.2100219726562
1789500000,757.205078125,757.22998046875,757.0399780273438,757.0999755859375
1789500300,757.1099853515625,757.1400146484375,756.9400024414062,756.9849853515625
1789500600,756.97998046875,757.0700073242188,756.8900146484375,756.9199829101562
1789500900,756.9199829101562,756.9249877929688,756.5700073242188,756.6599731445312
1789501200,756.6599731445312,756.8049926757812,756.510009765625,756.7150268554688
1789501500,756.7100219726562,757.0,756.6199951171875,756.9600830078125
1789501800,756.9600219726562,757.0399780273438,756.5399780273438,756.9849853515625
1789502100,756.97998046875,757.4600219726562,756.8300170898438,757.4199829101562
1789502400,757.36,757.93,757.36,757.92
1789502700,757.905,757.98,757.3964,757.87
1789503000,757.87,758.2,757.3867,758.151
1789503300,758.16,758.18,757.4027,758.08
1789503600,757.39,758.13,757.39,758.1
1789503900,758.1,758.13,758.02,758.08
1789504200,758.09,758.22,758.05,758.06
1789504500,758.1046,758.13,758.0424,758.09
1789504800,758.051,760.16,758.05,760.16
1789505100,758.07,758.135,758.04,758.125
1789505400,758.12,758.12,758.04,758.04
1789505700,758.07,758.07,758.0,758.05
1789506000,758.05,758.07,757.39,757.99
1789506300,758.02,758.0394,757.39,758.0
1789506600,758.0,758.05,757.95,758.05
1789506900,757.9755,758.03,757.97,757.98
1789507200,757.97,757.99,757.97,757.99
1789507500,757.9953,757.9953,757.96,757.97
1789507800,757.95,757.96,757.9,757.96
1789508100,757.39,757.9223,757.39,757.39
1789508400,757.39,757.8705,757.39,757.87
1789508700,757.87,757.9,757.86,757.8943
1789509000,757.85,757.8765,757.85,757.85
1789509300,757.88,757.97,757.85,757.89
1789509600,757.96,758.109,757.92,758.03
1789509900,758.0,758.03,757.95,757.95
1789510200,757.99,757.99,757.871,757.871
1789510500,757.91,757.91,757.89,757.89
1789510800,757.86,758.04,757.86,758.0
1789511100,758.01,758.02,758.01,758.02
1789511400,758.13,758.15,758.07,758.15
1789511700,758.15,758.32,758.145,758.31
1789512000,758.27,758.31,758.2492,758.28
1789512300,758.2313,758.32,758.2313,758.2901
1789512600,758.35,758.36,758.34,758.35
1789512900,758.36,758.37,758.3454,758.36
1789513200,758.3019,758.34,758.21,758.21
1789513500,758.2,758.2,758.1611,758.1611
1789513800,758.22,758.23,758.1504,758.1504
1789514100,758.18,758.19,758.03,758.08
1789514400,758.0469,758.07,758.0469,758.06
1789514700,758.05,758.07,758.0,758.0
1789515000,757.99,758.04,757.99,758.04
1789515300,758.0,758.15,758.0,758.15
1789515600,758.14,758.3029,758.14,758.25
1789515900,758.265,758.28,758.16,758.16
1789516200,758.3,758.31,758.186,758.2717
1789516500,758.34,758.35,758.1982,758.23
1789545600,758.95,759.54,758.43,758.6
1789545900,758.55,758.87,758.35,758.45
1789546200,758.36,758.43,758.16,758.43
1789546500,758.43,758.97,758.43,758.61
1789546800,758.61,758.78,758.6,758.63
1789547100,758.49,758.49,758.42,758.42
1789547400,758.75,758.75,758.5,758.54
1789547700,758.4331,758.46,758.4331,758.46
1789548000,758.41,758.76,758.41,758.725
1789548300,758.84,758.85,758.75,758.75
1789548600,758.73,759.03,758.72,758.99
1789548900,758.99,759.12,758.99,759.08
1789549200,759.06,759.09,758.98,759.06
1789549500,759.08,759.15,758.93,759.04
1789549800,759.01,759.01,758.8201,758.83
1789550100,758.7,758.735,758.43,758.46
1789550400,758.54,758.59,758.44,758.44
1789550700,758.51,758.94,758.51,758.6
1789551000,758.59,758.76,758.59,758.75
1789551300,758.7,758.77,758.69,758.77
1789551600,758.97,759.28,758.94,759.2
1789551900,759.16,759.16,758.94,758.95
1789552200,759.04,759.2,759.04,759.2
1789552500,759.21,759.31,759.19,759.19
1789552800,759.11,759.15,759.02,759.02
1789553100,758.91,759.04,758.85,759.0399
1789553400,759.07,759.1,758.95,758.95
1789553700,759.06,759.06,758.89,758.94
1789554000,759.04,759.09,759.0,759.01
1789554300,759.1,759.1,759.08,759.08
1789554600,759.08,759.08,759.05,759.07
1789554900,759.03,759.12,759.03,759.12
1789555200,759.15,759.15,759.12,759.12
1789555500,759.1222,759.15,759.1222,759.15
1789555800,759.01,759.01,759.0,759.0
1789556100,759.05,759.51,759.05,759.46
1789556400,759.46,759.96,759.32,759.36
1789556700,759.47,759.6,759.25,759.5031
1789557000,759.5,759.56,759.18,759.18
1789557300,759.15,759.27,759.07,759.27
1789557600,759.25,759.35,759.1562,759.35
1789557900,759.32,759.45,759.32,759.45
1789558200,759.38,759.6,759.35,759.5601
1789558500,759.54,759.75,759.54,759.631
1789558800,759.66,759.94,759.5,759.8269
1789559100,759.86,759.96,759.82,759.911
1789559400,759.92,760.22,759.91,760.1
1789559700,760.12,760.1394,760.03,760.1394
1789560000,760.16,760.51,760.125,760.23
1789560300,760.23,760.45,760.14,760.42
1789560600,760.41,760.41,760.17,760.17
1789560900,760.141,760.23,760.0516,760.13
1789561200,760.16,760.16,759.82,759.82
1789561500,759.84,760.165,759.84,760.165
1789561800,760.14,760.21,759.8,759.96
1789562100,759.94,759.99,759.42,759.5
1789562400,759.48,759.59,758.87,759.36
1789562700,759.35,759.72,759.26,759.72
1789563000,759.73,759.9,759.46,759.46
1789563300,759.43,759.91,759.4188,759.87
1789563600,759.8,759.93,759.18,759.2
1789563900,759.23,759.55,759.19,759.55
1789564200,759.55,759.9,759.5,759.89
1789565400,759.5399780273438,759.6649780273438,759.1400146484375,759.2100219726562
1789565700,759.2100219726562,759.489990234375,758.75,758.8099975585938
1789566000,758.8200073242188,759.139892578125,758.7230224609375,758.7999877929688
1789566300,758.8099975585938,759.9290161132812,758.739990234375,759.8900146484375
1789566600,759.8900146484375,760.4299926757812,759.8499755859375,760.2371215820312
1789566900,760.2210083007812,760.4000244140625,759.969970703125,760.2000122070312
1789567200,760.22998046875,760.4199829101562,759.6300048828125,759.6799926757812
1789567500,759.6799926757812,759.8400268554688,759.3402709960938,759.7000122070312
1789567800,759.6900024414062,759.780029296875,759.0999755859375,759.5499877929688
1789568100,759.541015625,759.7213745117188,759.22998046875,759.280029296875
1789568400,759.280029296875,759.3499755859375,758.9299926757812,758.9600219726562
1789568700,758.9533081054688,759.02001953125,758.760009765625,758.9600219726562
1789569000,758.9738159179688,759.219970703125,758.7999877929688,759.1500244140625
1789569300,759.1500244140625,759.4957275390625,758.9199829101562,759.3699951171875
1789569600,759.3699951171875,759.8599853515625,759.3400268554688,759.8400268554688
1789569900,759.8400268554688,759.9500122070312,759.5999755859375,759.6199951171875
1789570200,759.6199951171875,759.8800048828125,759.5900268554688,759.6799926757812
1789570500,759.6900024414062,760.25,759.6799926757812,760.2100219726562
1789570800,760.2150268554688,760.6099853515625,760.1599731445312,760.530029296875
1789571100,760.5150146484375,761.030029296875,760.27001953125,760.9099731445312
1789571400,760.9099731445312,761.0,760.4805297851562,760.7401123046875
1789571700,760.75,760.7899780273438,760.3699951171875,760.60498046875
1789572000,760.5999755859375,760.6300048828125,760.4000244140625,760.5399780273438
1789572300,760.5399780273438,760.8300170898438,760.2899780273438,760.340087890625
1789572600,760.3699951171875,760.469970703125,760.010009765625,760.130126953125
1789572900,760.1699829101562,760.5601196289062,760.1599731445312,760.3900146484375
1789573200,760.4000244140625,760.5999755859375,760.3200073242188,760.5650024414062
1789573500,760.5599975585938,761.6699829101562,760.489990234375,761.0499877929688
1789573800,761.0599975585938,761.0999755859375,760.6799926757812,760.7899780273438
1789574100,760.780029296875,760.8599853515625,760.6500244140625,760.6900024414062
1789574400,760.6900024414062,760.739990234375,760.3300170898438,760.3300170898438
1789574700,760.3300170898438,760.510009765625,760.2800903320312,760.47998046875
1789575000,760.4840087890625,760.52001953125,760.1699829101562,760.3699951171875
1789575300,760.3972778320312,760.4749755859375,760.280029296875,760.3300170898438
1789575600,760.3200073242188,760.3200073242188,759.9400024414062,759.97998046875
1789575900,760.0,760.1799926757812,759.8599853515625,760.1400146484375
1789576200,760.1300048828125,760.219970703125,759.6699829101562,759.6900024414062
1789576500,759.7000122070312,759.9400024414062,759.7000122070312,759.8900146484375
1789576800,759.8900146484375,760.030029296875,759.8300170898438,759.9030151367188
1789577100,759.9199829101562,760.1900024414062,759.9199829101562,760.0999755859375
1789577400,760.0900268554688,760.1500244140625,759.72998046875,759.8900146484375
1789577700,759.8905029296875,760.010009765625,759.77001953125,759.77001953125
1789578000,759.7750244140625,759.7899780273438,759.260009765625,759.409912109375
1789578300,759.4099731445312,759.5900268554688,759.3909912109375,759.5700073242188
1789578600,759.5700073242188,759.8099975585938,759.4299926757812,759.7349853515625
1789578900,759.72998046875,759.8400268554688,759.6699829101562,759.760009765625
1789579200,759.7550048828125,759.9199829101562,759.5399780273438,759.635009765625
1789579500,759.6400146484375,759.9400024414062,759.6345825195312,759.9299926757812
1789579800,759.9349975585938,760.0599975585938,759.6599731445312,759.7899780273438
1789580100,759.7999877929688,759.8900146484375,759.6300048828125,759.6300048828125
1789580400,759.6300048828125,759.6400146484375,759.3099975585938,759.3400268554688
1789580700,759.3400268554688,759.760009765625,759.3400268554688,759.5700073242188
1789581000,759.5700073242188,759.8599853515625,759.5,759.7899780273438
1789581300,759.780029296875,760.280029296875,759.6599731445312,760.280029296875
1789581600,760.1815795898438,760.9788818359375,758.77001953125,760.2100219726562
1789581900,760.219970703125,761.2249755859375,760.1300048828125,760.667724609375
1789582200,760.6599731445312,760.847900390625,759.8099975585938,759.969970703125
1789582500,759.9500122070312,760.3599853515625,759.6599731445312,759.9400024414062
1789582800,759.9400024414062,760.2999877929688,759.6099853515625,759.8499755859375
1789583100,759.844970703125,759.9849853515625,758.7849731445312,759.6799926757812
1789583400,759.6400146484375,759.8900146484375,757.5399780273438,757.6500244140625
1789583700,757.6400146484375,758.030029296875,756.0499877929688,757.8900756835938
1789584000,757.8900146484375,760.2100219726562,757.7999877929688,759.0
1789584300,758.989990234375,759.5499877929688,757.4299926757812,757.5599975585938
1789584600,757.5850219726562,757.8300170898438,755.0999755859375,755.1400146484375
1789584900,755.1599731445312,755.760009765625,753.75,753.8900146484375
1789585200,753.9000244140625,755.3599853515625,753.7349853515625,754.7550048828125
1789585500,754.7451782226562,754.77001953125,752.97998046875,753.1950073242188
1789585800,753.2000122070312,753.3400268554688,751.1400146484375,751.3099975585938
1789586100,751.3200073242188,752.1199951171875,750.489990234375,750.9450073242188
1789586400,750.9500122070312,751.3400268554688,750.1300048828125,750.6799926757812
1789586700,750.6900024414062,751.3099975585938,749.5999755859375,751.260009765625
1789587000,751.239990234375,752.6199951171875,751.1099853515625,752.5650024414062
1789587300,752.5599975585938,752.6500244140625,751.469970703125,752.4249877929688
1789587600,752.4299926757812,752.8200073242188,751.7750244140625,752.0900268554688
1789587900,752.0900268554688,753.6500244140625,752.0399780273438,753.4600219726562
1789588200,753.489990234375,754.22998046875,753.3499755859375,754.0850219726562
1789588500,754.0599975585938,754.3699951171875,753.75,754.0700073242188
1789588800,754.07,754.47,753.93,754.24
1789589100,754.2313,754.32,753.9,754.1
1789589400,754.05,754.14,753.99,754.06
1789589700,754.065,754.19,753.93,754.05
1789590000,754.01,754.13,753.92,753.9427
1789590300,753.93,754.05,753.68,753.94
1789590600,753.92,754.17,753.84,754.13
1789590900,754.12,754.16,753.96,754.16
1789591200,754.12,759.87,753.84,754.06
1789591500,753.9701,754.12,753.9701,754.09
1789591800,754.12,754.179,754.0,754.03
1789592100,754.05,754.11,753.77,754.09
1789592400,754.1,754.12,754.0152,754.06
1789592700,754.07,754.1,754.0648,754.1
1789593000,754.13,754.25,754.0979,754.12
1789593300,754.1,754.12,754.04,754.12
1789593600,754.1148,754.1154,753.9801,754.02
1789593900,754.0199,754.15,754.0,754.07
1789594200,754.07,754.1453,754.0,754.13
1789594500,754.0907,754.14,754.09,754.14
1789594800,754.14,754.4,754.14,754.4
1789595100,754.44,754.44,754.3,754.33
1789595400,754.33,754.33,754.2,754.2243
1789595700,754.2378,754.34,754.15,754.3223
1789596000,754.34,754.36,753.7,753.7546
1789596300,753.83,754.49,753.83,754.39
1789596600,754.3977,754.6,754.34,754.5568
1789596900,754.54,754.62,754.48,754.6
1789597200,754.62,754.8024,754.62,754.7561
1789597500,754.7603,755.13,754.75,755.0677
1789597800,755.1,755.3577,755.1,755.29
1789598100,755.33,755.63,755.2893,755.63
1789598400,755.58,755.84,755.58,755.71
1789598700,755.715,755.75,755.44,755.46
1789599000,755.45,755.5,755.36,755.4
1789599300,755.41,755.4806,755.33,755.4806
1789599600,755.5,755.63,755.4248,755.4951
1789599900,755.52,755.8099,755.5,755.79
1789600200,755.79,755.82,755.6165,755.65
1789600500,755.69,756.14,755.69,755.9817
1789600800,755.97,756.2784,755.97,756.19
1789601100,756.22,756.5188,756.15,756.4
1789601400,756.4,756.61,756.4,756.5941
1789601700,756.5,756.56,756.33,756.4317
1789602000,756.46,757.05,756.41,757.0
1789602300,756.9615,757.4005,756.9501,757.28
1789602600,757.2893,757.44,757.19,757.3039
1789602900,757.3077,757.47,757.29,757.4662
1789632000,759.36,760.69,754.05,759.877
1789632300,759.8762,760.47,759.72,759.79
1789632600,759.8,759.8,759.2,759.33
1789632900,759.2557,759.35,759.0,759.1
1789633200,759.14,759.39,759.08,759.39
1789633500,759.37,759.625,759.37,759.625
1789633800,759.62,759.79,759.47,759.789
1789634100,759.83,759.88,759.68,759.88
1789634400,759.86,759.86,759.68,759.73
1789634700,759.76,759.94,759.7312,759.85
1789635000,759.87,760.2,759.87,760.18
1789635300,760.19,760.27,760.12,760.17
1789635600,760.19,760.45,760.18,760.34
1789635900,760.3388,760.5,760.3388,760.45
1789636200,760.5,760.72,760.48,760.52
1789636500,760.5296,760.62,760.27,760.29
1789636800,760.2895,760.43,760.24,760.33
1789637100,760.31,760.33,760.1797,760.19
1789637400,760.1995,760.47,760.18,760.4505
1789637700,760.46,760.49,760.36,760.36
1789638000,760.31,760.45,760.29,760.4088
1789638300,760.4,760.4,759.95,760.0
1789638600,760.08,760.21,760.06,760.17
1789638900,760.19,760.27,760.0503,760.08
1789639200,760.08,760.28,760.08,760.24
1789639500,760.23,760.5,760.221,760.41
1789639800,760.39,760.47,760.35,760.36
1789640100,760.33,760.53,760.18,760.2
1789640400,760.2,760.6307,760.2,760.6307
1789640700,760.68,760.75,760.579,760.6
1789641000,760.56,760.78,760.4195,760.4195
1789641300,760.41,760.63,760.41,760.54
1789641600,760.5,760.53,760.26,760.34
1789641900,760.3088,760.36,760.25,760.32
1789642200,760.3105,760.5,760.3105,760.43
1789642500,760.44,760.68,760.41,760.68
1789642800,760.63,760.87,754.05,760.645
1789643100,760.65,760.6868,760.51,760.5195
1789643400,760.51,760.66,760.39,760.6195
1789643700,760.63,760.667,760.31,760.4577
1789644000,760.45,760.676,760.45,760.45
1789644300,760.4674,760.53,760.36,760.47
1789644600,760.4,761.0,760.3617,760.41
1789644900,760.41,760.5319,760.32,760.4884
1789645200,760.4137,760.4369,760.1392,760.1392
1789645500,760.129,760.3275,660.65,760.19
1789645800,760.15,760.629,760.05,760.5577
1789646100,760.5947,761.3799,760.39,761.33
1789646400,761.32,761.41,760.8895,761.33
1789646700,761.3,761.99,761.2438,761.975
1789647000,761.99,762.15,761.9069,761.9991
1789647300,762.0,762.59,761.9667,762.58
1789647600,762.61,762.95,762.58,762.85
1789647900,762.8426,763.45,762.81,763.43
1789648200,763.41,763.9943,763.13,763.8697
1789648500,763.88,763.99,763.55,763.8379
1789648800,763.8382,763.89,763.52,763.5418
1789649100,763.53,763.57,763.28,763.4436
1789649400,763.43,763.78,763.3929,763.6195
1789649700,763.6,763.74,763.4,763.6081
1789650000,763.5786,764.0,763.47,763.65
1789650300,763.67,763.75,763.469,763.49
1789650600,763.49,763.5583,763.3,763.43
1789651800,763.1500244140625,763.4099731445312,761.3699951171875,761.3699951171875
1789652100,761.3699951171875,761.5499877929688,761.010009765625,761.125
1789652400,761.125,761.25,760.4000244140625,760.9299926757812
1789652700,760.9400024414062,761.47998046875,760.72998046875,761.3900146484375
1789653000,761.3900146484375,761.9000244140625,761.0,761.0399780273438
1789653300,761.0599975585938,761.2694702148438,760.760009765625,761.25
1789653600,761.25,761.25,760.280029296875,760.6099853515625
1789653900,760.6199951171875,760.64990234375,759.9600219726562,760.25
1789654200,760.219970703125,761.1900024414062,760.0999755859375,761.1400146484375
1789654500,761.1500244140625,761.47998046875,761.0399780273438,761.47998046875
1789654800,761.47998046875,762.0399780273438,761.2650146484375,761.9075927734375
1789655100,761.969970703125,762.27001953125,761.6400146484375,761.6749877929688
1789655400,761.6699829101562,762.0399780273438,761.5499877929688,762.0
1789655700,762.0,762.0599975585938,761.6599731445312,761.6699829101562
1789656000,761.6799926757812,762.219970703125,761.6500244140625,761.889892578125
1789656300,761.8900146484375,761.9299926757812,761.0700073242188,761.260009765625
1789656600,761.25,761.280029296875,760.530029296875,760.6099853515625
1789656900,760.6182861328125,761.1099853515625,760.4400024414062,760.7849731445312
1789657200,760.7899780273438,761.0,760.5800170898438,760.6199951171875
1789657500,760.6199951171875,760.8699951171875,760.3599853515625,760.760009765625
1789657800,760.760009765625,761.239990234375,760.6500244140625,761.1400146484375
1789658100,761.1500244140625,761.5,760.9299926757812,761.4400024414062
1789658400,761.4500122070312,761.4600219726562,761.0700073242188,761.2899780273438
1789658700,761.2899780273438,761.72998046875,761.2849731445312,761.5700073242188
1789659000,761.5700073242188,761.7899780273438,761.4849853515625,761.719970703125
1789659300,761.75,762.0399780273438,761.7000122070312,762.0198974609375
1789659600,762.010009765625,762.52001953125,762.0,762.260009765625
1789659900,762.2650146484375,762.4199829101562,762.1900024414062,762.3300170898438
1789660200,762.3699951171875,762.4561767578125,762.0900268554688,762.3800048828125
1789660500,762.3900146484375,762.5599975585938,762.0700073242188,762.5399780273438
1789660800,762.5499877929688,762.6199951171875,762.3400268554688,762.3416748046875
1789661100,762.3400268554688,762.530029296875,762.0549926757812,762.47998046875
1789661400,762.47998046875,762.510009765625,762.1500244140625,762.2999877929688
1789661700,762.2999877929688,762.4099731445312,762.2000122070312,762.3099975585938
1789662000,762.2999877929688,762.5800170898438,762.22998046875,762.489990234375
1789662300,762.47998046875,762.6300048828125,762.4000244140625,762.530029296875
1789662600,762.510009765625,762.6524047851562,761.97998046875,762.0900268554688
1789662900,762.0999755859375,762.2999877929688,762.010009765625,762.2000122070312
1789663200,762.1900024414062,762.6199951171875,762.0999755859375,762.614990234375
1789663500,762.6400146484375,762.6599731445312,762.4099731445312,762.4400024414062
1789663800,762.4550170898438,762.5499877929688,762.3800048828125,762.4099731445312
1789664100,762.3900146484375,762.4600219726562,761.6099853515625,762.4550170898438
1789664400,762.4550170898438,762.739990234375,762.3101196289062,762.6400146484375
1789664700,762.6500244140625,762.7999267578125,762.3599853515625,762.3900146484375
1789665000,762.3900146484375,762.4299926757812,762.1799926757812,762.22998046875
1789665300,762.2449951171875,762.3400268554688,762.1099853515625,762.1799926757812
1789665600,762.1799926757812,762.239990234375,761.8699951171875,761.9199829101562
1789665900,761.9099731445312,762.0999755859375,761.8150024414062,762.0349731445312
1789666200,762.0599975585938,762.3150024414062,761.9000244140625,762.3150024414062
1789666500,762.3099975585938,762.3800048828125,762.1649780273438,762.219970703125
1789666800,762.239990234375,762.469970703125,762.239990234375,762.4299926757812
1789667100,762.4299926757812,762.6400146484375,762.3800048828125,762.4600219726562
1789667400,762.4450073242188,762.4500122070312,762.2849731445312,762.375
1789667700,762.375,762.6389770507812,762.375,762.6300048828125
1789668000,762.6199951171875,762.8099975585938,762.530029296875,762.7609252929688
1789668300,762.760009765625,762.8499755859375,762.4299926757812,762.52001953125
1789668600,762.5150146484375,762.7999877929688,762.4598999023438,762.719970703125
1789668900,762.739990234375,762.9500122070312,762.6199951171875,762.8699951171875
1789669200,762.8699951171875,762.9199829101562,762.5399780273438,762.5900268554688
1789669500,762.5800170898438,762.8099975585938,762.510009765625,762.72998046875
1789669800,762.72998046875,762.8499755859375,762.469970703125,762.47998046875
1789670100,762.47998046875,762.510009765625,762.1699829101562,762.2100219726562
1789670400,762.2050170898438,762.390380859375,762.1400146484375,762.3499755859375
1789670700,762.3599853515625,762.6500244140625,762.2899780273438,762.4650268554688
1789671000,762.4650268554688,762.52001953125,762.1900024414062,762.3200073242188
1789671300,762.3104858398438,762.47998046875,762.25,762.4400024414062
1789671600,762.4450073242188,762.8699951171875,762.4400024414062,762.8699951171875
1789671900,762.8499755859375,763.0599975585938,762.75,762.7849731445312
1789672200,762.7849731445312,762.9000244140625,762.719970703125,762.77001953125
1789672500,762.760009765625,762.9400024414062,762.6699829101562,762.9000244140625
1789672800,762.905029296875,762.9099731445312,762.6099853515625,762.6199951171875
1789673100,762.6199951171875,762.780029296875,762.5499877929688,762.6099243164062
1789673400,762.5999755859375,762.9400024414062,762.5900268554688,762.8300170898438
1789673700,762.8400268554688,763.0800170898438,762.8200073242188,762.989990234375
1789674000,762.97998046875,763.1699829101562,762.75,763.1199951171875
1789674300,763.1099853515625,763.1300048828125,762.77001953125,762.8099975585938
1789674600,762.8200073242188,763.5700073242188,762.7741088867188,763.1300048828125
1789674900,763.1400146484375,763.27001953125,762.4299926757812,762.6799926757812
1789675200,762.63,763.33,754.0727,762.48
1789675500,762.4799,762.76,754.0727,762.68
1789675800,762.71,762.74,754.0727,762.43
1789676100,762.39,762.6,754.0727,754.0727
1789676400,762.12,762.6444,762.1,762.16
1789676700,762.16,762.6,762.11,762.1295
1789677000,762.12,762.174,762.05,762.12
1789677300,762.11,762.44,762.11,762.1945
1789677600,762.2,762.22,762.0736,762.09
1789677900,762.07,762.1356,710.8529,762.1
1789678200,762.061,762.23,710.8529,762.2
1789678500,762.2,762.6,725.9677,762.21
1789678800,762.2249,762.6,762.2,762.3085
1789679100,762.29,762.6,725.9677,762.3
1789679400,762.3,762.32,762.1812,762.2697
1789679700,762.2697,762.36,762.2215,762.3
1789680000,762.3239,762.33,762.21,762.21
1789680300,762.2998,762.3,762.17,762.24
1789680600,762.24,762.25,762.2077,762.21
1789680900,762.24,762.33,762.225,762.3268
1789681200,762.32,762.6,762.25,762.3304
1789681500,762.32,762.34,762.06,762.3032
1789681800,762.3168,762.34,762.3,762.3364
1789682100,762.3364,762.36,762.26,762.315
1789682400,762.31,762.315,762.06,762.1184
1789682700,762.12,762.16,761.91,761.98
1789683000,761.9876,762.1122,761.93,762.11
1789683300,762.0615,762.1069,761.95,762.02
1789683600,761.99,762.0032,761.835,761.89
1789683900,761.89,761.9488,761.76,761.76
1789684200,761.77,761.8397,761.7,761.7333
1789684500,761.74,761.871,761.7246,761.829
1789684800,761.8021,761.81,761.64,761.7568
1789685100,761.7262,761.8004,761.7,761.8004
1789685400,761.8,761.8,761.7,761.7073
1789685700,761.7073,761.8849,761.667,761.85
1789686000,761.88,762.03,761.88,762.03
1789686300,762.04,762.1352,762.03,762.1
1789686600,762.1258,762.1631,761.96,762.0
1789686900,762.0033,762.01,761.9,761.9803
1789687200,761.98,762.12,761.98,762.0632
1789687500,762.0632,762.0748,761.9293,761.9836
1789687800,761.9793,762.09,761.94,762.06
1789688100,762.059,762.1299,762.04,762.11
1789688400,762.085,762.1687,762.0466,762.0777
1789688700,762.09,762.18,762.03,762.1
1789689000,762.12,762.12,762.06,762.115
1789689300,762.12,762.13,762.01,762.0785
1789718400,763.2,764.16,761.602,763.5792
1789718700,763.5507,763.65,763.35,763.35
1789719000,763.369,763.43,763.17,763.19
1789719300,763.2253,763.31,763.13,763.31
1789719600,763.3389,763.4593,763.15,763.15
1789719900,763.22,763.25,762.8,762.86
1789720200,762.82,763.06,762.78,763.06
1789720500,763.05,763.1,762.95,763.02
1789720800,763.01,763.17,762.98,763.14
1789721100,763.2,763.25,763.08,763.1
1789721400,763.1323,763.21,763.02,763.02
1789721700,763.0297,763.19,762.99,763.0
1789722000,763.0299,763.0299,762.84,762.92
1789722300,762.901,763.11,762.88,762.99
1789722600,762.95,763.06,762.88,762.96
1789722900,762.96,763.08,762.93,763.08
1789723200,763.1,763.14,762.98,762.99
1789723500,762.999,762.999,762.6292,762.69
1789723800,762.66,762.66,762.45,762.5
1789724100,762.5,762.5769,762.14,762.1887
1789724400,762.177,762.2779,762.02,762.04
1789724700,762.02,762.18,762.0,762.16
1789725000,762.09,762.275,762.07,762.2
1789725300,762.11,762.22,762.02,762.02
1789725600,762.0,762.13,761.9407,761.9407
1789725900,762.02,762.14,761.99,762.119
1789726200,762.0992,762.13,762.04,762.13
1789726500,762.16,762.29,762.15,762.2
1789726800,762.25,762.34,762.23,762.29
1789727100,762.23,762.25,762.065,762.21
1789727400,762.2514,762.66,762.23,762.63
1789727700,762.66,762.85,762.62,762.81
1789728000,762.83,762.8775,762.8,762.82
1789728300,762.81,762.81,762.52,762.57
1789728600,762.6,762.61,762.33,762.3319
1789728900,762.3617,762.49,762.29,762.33
1789729200,762.315,762.72,762.03,762.6578
1789729500,762.7,762.7,761.69,762.07
1789729800,762.1035,762.2156,761.85,762.0201
1789730100,761.99,761.9928,761.48,761.62
1789730400,761.58,761.77,761.48,761.6099
1789730700,761.62,761.7,761.52,761.6056
1789731000,761.6026,761.94,761.5981,761.809
1789731300,761.7728,762.1,761.7726,761.9182
1789731600,761.919,761.919,761.5138,761.52
1789731900,761.5408,761.6748,761.48,761.65
1789732200,761.62,761.66,761.52,761.64
1789732500,761.64,761.65,761.3,761.4699
1789732800,761.47,761.67,761.07,761.53
1789733100,761.52,761.75,760.84,760.8499
1789733400,760.85,760.857,760.48,760.58
1789733700,760.59,760.77,760.4,760.4182
1789734000,760.39,760.7112,760.0,760.09
1789734300,760.0869,760.349,760.07,760.2
1789734600,760.23,760.5994,760.08,760.52
1789734900,760.5,760.63,760.2503,760.4992
1789735200,760.5,760.7112,760.43,760.5384
1789735500,760.4943,760.64,760.42,760.43
1789735800,760.41,760.53,760.3521,760.43
1789736100,760.41,760.4777,760.24,760.3899
1789736400,760.36,760.5,760.24,760.3166
1789736700,760.32,760.52,760.3,760.47
1789737000,760.46,760.5768,760.41,760.45
1789738200,761.3099975585938,761.760009765625,760.9500122070312,761.0800170898438
1789738500,761.0800170898438,761.1799926757812,760.5800170898438,760.9100952148438
1789738800,760.9000244140625,761.4199829101562,760.75,760.9199829101562
1789739100,760.9199829101562,761.1500244140625,760.4600219726562,760.5
1789739400,760.47998046875,760.5399780273438,759.9000244140625,759.9249877929688
1789739700,759.9249877929688,760.1199951171875,759.5599975585938,759.7100219726562
1789740000,759.7100219726562,759.9349975585938,758.9600219726562,759.0999755859375
1789740300,759.0800170898438,759.4400024414062,758.8499755859375,759.4246215820312
1789740600,759.4299926757812,759.9099731445312,759.1799926757812,759.2100219726562
1789740900,759.219970703125,759.3699951171875,758.75,759.3693237304688
1789741200,759.3499755859375,759.6199951171875,759.1099853515625,759.1599731445312
1789741500,759.1699829101562,759.64501953125,759.0800170898438,759.3399047851562
1789741800,759.3200073242188,759.4400024414062,759.0700073242188,759.2249755859375
1789742100,759.25,759.760009765625,758.97998046875,759.4949951171875
1789742400,759.489990234375,759.52001953125,758.8499755859375,758.989990234375
1789742700,759.0,759.52001953125,758.8699951171875,759.4299926757812
1789743000,759.4600219726562,759.9600219726562,759.3200073242188,759.8200073242188
1789743300,759.8400268554688,759.9500122070312,759.6199951171875,759.9299926757812
1789743600,759.9500122070312,760.0,759.4199829101562,759.6799926757812
1789743900,759.6799926757812,760.0408935546875,759.6300048828125,759.75
1789744200,759.760009765625,759.9500122070312,759.5,759.5599975585938
1789744500,759.5800170898438,759.7999877929688,759.4500122070312,759.780029296875
1789744800,759.760009765625,759.875,759.6400146484375,759.8099975585938
1789745100,759.7999877929688,760.0598754882812,759.77001953125,759.97998046875
1789745400,759.969970703125,760.0700073242188,759.5,759.780029296875
1789745700,759.780029296875,759.8900146484375,759.22998046875,759.2899780273438
1789746000,759.27001953125,759.3900146484375,759.10498046875,759.2949829101562
1789746300,759.2999877929688,759.3900146484375,759.0900268554688,759.1400146484375
1789746600,759.1400146484375,759.3300170898438,758.9000244140625,758.9450073242188
1789746900,758.9600219726562,759.2000122070312,758.8499755859375,759.0
1789747200,758.989990234375,759.010009765625,758.6799926757812,758.8400268554688
1789747500,758.8400268554688,759.2276000976562,758.7899780273438,759.14501953125
1789747800,759.1500244140625,759.2000122070312,758.9500122070312,759.010009765625
1789748100,759.030029296875,759.1738891601562,758.8800048828125,759.0900268554688
1789748400,759.0900268554688,759.0999755859375,758.2100219726562,758.2698974609375
1789748700,758.25,758.9149780273438,757.9710083007812,758.780029296875
1789749000,758.760009765625,759.2999877929688,758.5700073242188,759.1099853515625
1789749300,759.1500244140625,759.25,758.8200073242188,758.9600219726562
1789749600,758.969970703125,759.27001953125,758.8405151367188,759.0900268554688
1789749900,759.0900268554688,759.1900024414062,758.780029296875,759.1699829101562
1789750200,759.1599731445312,759.52001953125,759.1500244140625,759.469970703125
1789750500,759.4600219726562,759.5449829101562,759.3200073242188,759.3994750976562
1789750800,759.39501953125,759.4500122070312,759.1799926757812,759.3699951171875
1789751100,759.3599853515625,759.530029296875,759.260009765625,759.3099975585938
1789751400,759.3200073242188,759.330078125,759.0250244140625,759.3099975585938
1789751700,759.3099975585938,759.47998046875,759.260009765625,759.3499755859375
1789752000,759.3699951171875,759.509521484375,759.27001953125,759.509521484375
1789752300,759.489990234375,759.5798950195312,759.3699951171875,759.4000244140625
1789752600,759.405029296875,759.4600219726562,759.22998046875,759.4299926757812
1789752900,759.4500122070312,759.75,759.4299926757812,759.7100219726562
1789753200,759.697998046875,759.780029296875,759.5601196289062,759.760986328125
1789753500,759.780029296875,759.7999877929688,759.6199951171875,759.6500244140625
1789753800,759.6500244140625,759.8599853515625,759.6500244140625,759.7949829101562
1789754100,759.7899780273438,759.9000244140625,759.719970703125,759.8300170898438
1789754400,759.8300170898438,759.9650268554688,759.6799926757812,759.8909301757812
1789754700,759.89501953125,759.9600219726562,759.739990234375,759.780029296875
1789755000,759.7899780273438,759.8900146484375,759.6599731445312,759.8131713867188
1789755300,759.8099975585938,760.0999755859375,759.7899780273438,760.0999145507812
1789755600,760.0905151367188,760.6099853515625,760.0800170898438,760.3250122070312
1789755900,760.3250122070312,760.469970703125,760.2105712890625,760.469970703125
1789756200,760.47998046875,760.510009765625,760.260009765625,760.510009765625
1789756500,760.510986328125,760.530029296875,760.2338256835938,760.3599853515625
1789756800,760.3599853515625,760.5449829101562,760.2849731445312,760.5361938476562
1789757100,760.5499877929688,761.4799194335938,760.5449829101562,761.27001953125
1789757400,761.2899780273438,761.8300170898438,761.1900024414062,761.4849853515625
1789757700,761.4874877929688,761.5,761.1699829101562,761.260009765625
1789758000,761.260009765625,761.4400024414062,761.0999755859375,761.3300170898438
1789758300,761.3300170898438,761.469970703125,761.0900268554688,761.2150268554688
1789758600,761.219970703125,761.3900146484375,761.0599975585938,761.1849975585938
1789758900,761.1900024414062,761.2349853515625,761.0200805664062,761.1699829101562
1789759200,761.1699829101562,761.27001953125,761.0197143554688,761.0800170898438
1789759500,761.0800170898438,761.1300048828125,760.8350219726562,760.8599853515625
1789759800,760.8699951171875,760.9199829101562,760.6900024414062,760.7000122070312
1789760100,760.7100219726562,761.219970703125,760.6799926757812,761.1699829101562
1789760400,761.1749877929688,761.4400024414062,761.041015625,761.4299926757812
1789760700,761.4249877929688,761.6599731445312,761.2999877929688,761.6500244140625
1789761000,761.6400146484375,761.7899780273438,761.1799926757812,761.4099731445312
1789761300,761.4099731445312,762.0,761.3900146484375,761.6300048828125
1789761600,761.6,762.69,760.7421,762.59
1789761900,762.59,762.72,761.9525,762.56
1789762200,762.6,763.1702,761.69,762.85
1789762500,762.81,762.9,760.7421,762.69
1789762800,762.69,762.79,761.69,762.7667
1789763100,762.7584,762.9,762.7516,762.86
1789763400,762.89,762.92,762.75,762.8
1789763700,762.8004,762.94,762.7402,762.85
1789764000,762.86,763.0,762.86,762.97
1789764300,762.96,763.15,761.69,762.92
1789764600,762.9151,763.0284,762.76,762.83
1789764900,762.83,762.85,762.7,762.74
1789765200,762.7486,762.8,762.6,762.7
1789765500,762.6762,762.9315,761.69,762.7703
1789765800,762.77,762.99,762.6601,762.76
1789766100,762.7689,762.8739,759.3482,762.77
1789766400,762.78,762.93,762.763,762.8446
1789766700,762.78,762.8499,762.78,762.8461
1789767000,762.85,762.99,762.54,762.7832
1789767300,762.8986,762.98,762.79,762.89
1789767600,762.882,762.9001,762.75,762.84
1789767900,762.84,762.94,762.8,762.89
1789768200,762.9,763.08,762.8,763.05
1789768500,762.8947,763.22,762.8901,762.9
1789768800,762.784,762.96,762.7801,762.87
1789769100,762.82,762.94,762.7901,762.9369
1789769400,762.9399,762.96,762.84,762.86
1789769700,762.8443,762.96,762.84,762.9038
1789770000,762.94,762.95,762.84,762.9285
1789770300,762.9254,762.94,762.8747,762.9
1789770600,762.9,762.939,762.89,762.9188
1789770900,762.92,762.92,762.85,762.88
1789771200,762.89,773.87,762.7001,762.81
1789771500,762.81,762.98,762.75,762.8301
1789771800,762.8448,762.9656,762.8423,762.8459
1789772100,762.87,762.87,762.8,762.8005
1789772400,762.8647,762.98,762.8053,762.8348
1789772700,762.93,762.98,762.82,762.84
1789773000,762.84,762.8951,762.8201,762.8934
1789773300,762.8999,762.9,762.8408,762.88
1789773600,762.86,762.9799,762.81,762.85
1789773900,762.85,762.98,762.85,762.8947
1789774200,762.92,762.98,762.83,762.9
1789774500,762.9104,762.97,762.9,762.9
1789774800,762.9035,762.939,762.77,762.8201
1789775100,762.84,762.9,762.83,762.89
1789775400,762.88,762.9377,762.79,762.91
1789775700,762.87,762.99,762.86,762.94
1789977600,764.0,766.5,764.0,766.43
1789977900,766.35,766.43,764.68,766.36
1789978200,766.44,766.47,766.37,766.38
1789978500,766.43,766.43,766.35,766.37
1789978800,766.33,766.46,766.32,766.41
1789979100,766.37,766.43,766.29,766.39
1789979400,766.36,766.68,766.33,766.665
1789979700,766.59,766.62,766.56,766.56
1789980000,766.52,766.7,766.52,766.7
1789980300,766.66,766.74,766.62,766.62
1789980600,766.56,766.61,766.4037,766.43
1789980900,766.4,766.5,766.4,766.5
1789981200,766.46,766.46,766.35,766.35
1789981500,766.37,766.57,766.37,766.48
1789981800,766.38,766.4655,766.37,766.4655
1789982100,766.5365,766.5365,766.36,766.4
1789982400,766.4,766.58,766.38,766.46
1789982700,766.45,766.7,766.45,766.6399
1789983000,766.47,766.48,766.39,766.48
1789983300,766.49,766.56,766.49,766.52
1789983600,766.56,766.6,766.56,766.57
1789983900,766.59,766.6384,766.54,766.61
1789984200,766.5743,766.8,766.5743,766.76
1789984500,766.76,766.76,766.58,766.6
1789984800,766.62,766.78,766.586,766.78
1789985100,766.78,766.85,766.78,766.8399
1789985400,766.84,766.88,766.8,766.88
1789985700,766.9,766.99,766.88,766.895
1789986000,766.86,766.908,766.777,766.82
1789986300,766.87,767.02,766.8699,766.94
1789986600,766.93,767.2,766.93,767.16
1789986900,767.11,767.13,766.87,767.0
1789987200,766.97,767.0,766.9149,767.0
1789987500,766.99,767.11,766.91,766.92
1789987800,766.93,766.96,766.88,766.915
1789988100,767.0,767.0,766.8,766.83
1789988400,766.83,766.92,766.73,766.78
1789988700,766.7242,766.75,766.6,766.655
1789989000,766.57,766.69,766.55,766.66
1789989300,766.67,766.77,766.63,766.761
1789989600,766.78,766.8,766.58,766.59
1789989900,766.61,766.68,766.58,766.635
1789990200,766.68,766.87,766.68,766.86
1789990500,766.84,766.96,766.7,766.96
1789990800,766.89,767.0,766.8899,767.0
1789991100,766.98,767.035,766.9307,767.02
1789991400,767.04,767.18,766.94,767.18
1789991700,767.17,767.26,766.96,766.97
1789992000,766.98,767.05,766.66,767.05
1789992300,767.16,767.24,767.03,767.09
1789992600,767.03,767.07,766.78,766.78
1789992900,766.7462,766.83,766.68,766.79
1789993200,766.74,766.85,766.55,766.61
1789993500,766.58,766.7053,766.5,766.51
1789993800,766.59,766.65,766.531,766.56
1789994100,766.57,766.621,766.51,766.59
1789994400,766.59,766.97,766.59,766.97
1789994700,766.96,766.96,766.53,766.56
1789995000,766.59,766.6,766.49,766.51
1789995300,766.51,766.52,766.0,766.38
1789995600,766.31,766.5,766.28,766.5
1789995900,766.505,766.55,766.41,766.55
1789996200,766.61,766.65,766.37,766.48
1789997400,766.2509765625,766.6500244140625,766.030029296875,766.4349975585938
1789997700,766.4299926757812,766.72998046875,766.3599853515625,766.6649780273438
1789998000,766.6599731445312,766.85498046875,766.47998046875,766.85498046875
1789998300,766.8599853515625,767.1500244140625,766.8200073242188,767.02001953125
1789998600,767.0001220703125,767.5599975585938,766.969970703125,767.52001953125
1789998900,767.530029296875,767.719970703125,767.27001953125,767.6900024414062
1789999200,767.6849975585938,767.8099975585938,767.4400024414062,767.47998046875
1789999500,767.489990234375,767.510009765625,767.0449829101562,767.3699951171875
1789999800,767.385009765625,767.9199829101562,767.3800048828125,767.7899780273438
1790000100,767.7899780273438,768.4849853515625,767.7899780273438,768.4199829101562
1790000400,768.4299926757812,769.1483154296875,768.27001953125,769.030029296875
1790000700,769.030029296875,769.2899780273438,768.9400024414062,769.0333251953125
1790001000,769.0150146484375,769.3599853515625,768.8800048828125,769.1699829101562
1790001300,769.1599731445312,769.5499877929688,769.1400146484375,769.27001953125
1790001600,769.280029296875,769.52001953125,768.8800048828125,768.989990234375
1790001900,768.989990234375,769.3099975585938,768.72998046875,768.9949951171875
1790002200,768.989990234375,769.219970703125,768.8699951171875,769.1699829101562
1790002500,769.1900024414062,769.4400024414062,768.989990234375,769.219970703125
1790002800,769.219970703125,769.5399780273438,769.114990234375,769.530029296875
1790003100,769.530029296875,769.6300048828125,769.3499755859375,769.5499877929688
1790003400,769.5599975585938,769.8200073242188,769.3900146484375,769.7999877929688
1790003700,769.8099975585938,770.1799926757812,769.8099975585938,770.1500244140625
1790004000,770.1500244140625,770.1699829101562,769.8900146484375,769.9349975585938
1790004300,769.9299926757812,770.0800170898438,769.8200073242188,769.8599853515625
1790004600,769.8699951171875,770.030029296875,769.8099975585938,769.86376953125
1790004900,769.8800048828125,770.5599975585938,769.8699951171875,770.489990234375
1790005200,770.5,770.719970703125,770.3499755859375,770.7100219726562
1790005500,770.719970703125,771.1900024414062,770.719970703125,770.9650268554688
1790005800,770.9600219726562,771.3599853515625,770.6699829101562,770.6900024414062
1790006100,770.6900024414062,770.7899780273438,770.530029296875,770.739990234375
1790006400,770.7349853515625,771.0999755859375,770.5189819335938,771.0449829101562
1790006700,771.0499877929688,771.7100219726562,770.869873046875,771.65087890625
1790007000,771.6599731445312,771.8499755859375,771.4299926757812,771.5499877929688
1790007300,771.5700073242188,771.7999877929688,771.4199829101562,771.5999755859375
1790007600,771.6099243164062,771.719970703125,771.4498901367188,771.655029296875
1790007900,771.6599731445312,772.0399780273438,771.6099853515625,771.8200073242188
1790008200,771.8400268554688,772.6500244140625,771.8099975585938,772.4099731445312
1790008500,772.4199829101562,772.5399780273438,771.880126953125,771.8900146484375
1790008800,771.9000244140625,772.1599731445312,771.7999877929688,772.0
1790009100,772.0,772.3300170898438,772.0,772.22998046875
1790009400,772.25,772.3400268554688,771.97998046875,772.155029296875
1790009700,772.1599731445312,772.3400268554688,772.0499877929688,772.3200073242188
1790010000,772.3400268554688,772.5,772.1900024414062,772.2650146484375
1790010300,772.27001953125,772.52001953125,772.27001953125,772.3800048828125
1790010600,772.3900146484375,772.9000244140625,772.35498046875,772.8200073242188
1790010900,772.8099975585938,772.969970703125,772.6199951171875,772.8400268554688
1790011200,772.85498046875,772.97998046875,772.52001953125,772.5900268554688
1790011500,772.5999755859375,772.8049926757812,772.4199829101562,772.8049926757812
1790011800,772.8200073242188,772.8400268554688,772.3200073242188,772.364990234375
1790012100,772.3699951171875,772.5399780273438,772.25,772.2849731445312
1790012400,772.2899780273438,772.9099731445312,772.239990234375,772.8699951171875
1790012700,772.8800048828125,773.1699829101562,772.719970703125,772.7899780273438
1790013000,772.7899780273438,773.0399780273438,772.75,772.9400024414062
1790013300,772.9400024414062,772.969970703125,772.7349853515625,772.89501953125
1790013600,772.9000244140625,773.2000122070312,772.9000244140625,773.1799926757812
1790013900,773.2000122070312,773.3599853515625,773.131103515625,773.1799926757812
1790014200,773.1799926757812,773.4000244140625,773.0900268554688,773.27001953125
1790014500,773.280029296875,773.4199829101562,773.1599731445312,773.3300170898438
1790014800,773.3300170898438,773.844970703125,773.2899780273438,773.8200073242188
1790015100,773.82470703125,773.989990234375,773.719970703125,773.85498046875
1790015400,773.8599853515625,773.97998046875,773.5850219726562,773.719970703125
1790015700,773.72998046875,773.9400024414062,773.5999755859375,773.9099731445312
1790016000,773.9099731445312,774.1400146484375,773.8599853515625,774.1199951171875
1790016300,774.1300048828125,774.3599853515625,774.0650024414062,774.3499755859375
1790016600,774.344970703125,774.6199951171875,774.3099975585938,774.4500122070312
1790016900,774.4600219726562,774.5399780273438,774.1699829101562,774.2949829101562
1790017200,774.2999877929688,774.4849853515625,774.1599731445312,774.1599731445312
1790017500,774.1699829101562,774.2100219726562,773.97998046875,774.2000122070312
1790017800,774.2000122070312,774.4650268554688,773.9600219726562,774.4600219726562
1790018100,774.4500122070312,774.4650268554688,774.25,774.3699951171875
1790018400,774.3599853515625,774.3900146484375,774.0800170898438,774.0999755859375
1790018700,774.10498046875,774.3200073242188,774.02001953125,774.0999755859375
1790019000,774.0999755859375,774.5499877929688,774.0599975585938,774.489990234375
1790019300,774.489990234375,774.8900146484375,774.4199829101562,774.77001953125
1790019600,774.77001953125,774.8400268554688,774.2899780273438,774.4500122070312
1790019900,774.4500122070312,774.5499877929688,774.0999755859375,774.219970703125
1790020200,774.2100219726562,774.2100219726562,773.6900024414062,773.7000122070312
1790020500,773.7000122070312,773.9199829101562,773.4099731445312,773.52001953125
1790020800,773.49,773.67,762.0734,773.17
1790021100,773.1685,773.51,773.15,773.41
1790021400,773.42,773.4556,773.25,773.35
1790021700,773.31,773.5,772.99,773.01
1790022000,773.03,773.5,773.03,773.05
1790022300,773.07,773.27,773.07,773.25
1790022600,773.25,773.25,773.0,773.12
1790022900,773.15,773.15,773.0,773.04
1790023200,773.01,773.03,772.93,772.97
1790023500,772.98,773.5,772.89,772.94
1790023800,772.95,773.01,772.95,772.99
1790024100,773.02,773.2,773.02,773.1613
1790024400,773.16,773.5,773.1508,773.25
1790024700,773.25,773.5,773.21,773.21
1790025000,773.15,773.33,773.1,773.33
1790025300,773.3174,773.3174,773.1103,773.31
1790025600,773.31,773.32,773.23,773.32
1790025900,773.32,773.38,773.24,773.38
1790026200,773.36,773.45,773.36,773.407
1790026500,773.44,773.44,773.3503,773.44
1790026800,773.44,773.46,773.37,773.38
1790027100,773.37,773.49,773.3686,773.3686
1790027400,773.37,773.5,773.37,773.5
1790027700,773.403,773.5,773.403,773.44
1790028000,773.39,773.46,773.22,773.46
1790028300,773.51,773.59,773.442,773.5501
1790028600,773.59,773.6,773.45,773.5599
1790028900,773.51,773.65,773.45,773.5703
1790029200,773.56,773.62,773.4639,773.62
1790029500,773.65,773.7876,773.58,773.7783
1790029800,773.8,773.88,773.68,773.74
1790030100,773.72,773.7482,773.71,773.71
1790030400,773.72,773.75,773.5983,773.62
1790030700,773.67,773.74,773.56,773.74
1790031000,773.73,773.78,773.7,773.78
1790031300,773.77,773.81,773.71,773.7497
1790031600,773.7219,773.73,773.61,773.62
1790031900,773.79,773.83,773.79,773.83
1790032200,773.8,773.9204,773.77,773.92
1790032500,773.92,773.94,773.77,773.81
1790032800,773.83,773.87,773.7553,773.78
1790033100,773.76,773.78,773.67,773.72
1790033400,773.72,773.82,773.67,773.8
1790033700,773.77,773.83,773.67,773.71
1790034000,773.81,773.92,773.79,773.84
1790034300,773.82,773.87,773.74,773.75
1790034600,773.78,773.84,773.751,773.8
1790034900,773.8062,773.91,773.7944,773.83
1790064000,774.0098,774.22,772.6,772.65
1790064300,772.6,773.7,772.53,772.6
1790064600,772.55,772.5784,772.36,772.445
1790064900,772.3,772.3,771.95,772.2
1790065200,772.19,772.19,771.84,772.03
1790065500,771.95,772.37,771.55,771.615
1790065800,771.54,771.89,771.47,771.62
1790066100,771.7,772.56,771.65,772.47
1790066400,772.67,773.16,772.43,773.03
1790066700,773.12,773.63,773.05,773.61
1790067000,773.66,773.89,773.585,773.89
1790067300,773.76,773.92,773.6,773.67
1790067600,773.73,773.87,773.12,773.12
1790067900,773.01,773.33,773.01,773.29
1790068200,773.14,773.49,773.12,773.14
1790068500,773.01,773.33,773.0,773.08
1790068800,773.03,773.09,772.91,772.91
1790069100,772.975,773.06,772.975,773.06
1790069400,773.105,773.23,773.06,773.18
1790069700,773.08,773.16,773.05,773.05
1790070000,773.2,773.455,773.155,773.455
1790070300,773.6,773.61,773.475,773.475
1790070600,773.53,774.54,773.53,774.06
1790070900,773.9,774.46,773.69,774.08
1790071200,773.98,774.23,773.87,774.23
1790071500,774.265,774.36,774.15,774.29
1790071800,774.25,774.25,773.87,773.87
1790072100,774.03,774.03,773.96,773.96
1790072400,773.883,773.95,773.84,773.85
1790072700,773.83,774.04,773.8,774.04
1790073000,774.03,774.05,773.9638,774.0
1790073300,774.0093,774.16,773.94,774.16
1790073600,774.22,774.43,774.22,774.43
1790073900,774.26,774.46,774.2,774.46
1790074200,774.55,774.67,774.44,774.55
1790074500,774.56,774.56,774.175,774.175
1790074800,774.12,774.2,773.85,773.98
1790075100,774.085,774.16,773.2,773.64
1790075400,773.6872,773.88,773.39,773.68
1790075700,773.77,773.81,773.73,773.76
1790076000,773.76,774.045,773.73,774.045
1790076300,773.98,774.03,773.86,773.88
1790076600,773.9,774.05,773.88,773.9
1790076900,774.11,774.24,774.06,774.22
1790077200,774.14,774.234,774.07,774.23
1790077500,774.23,774.45,774.09,774.21
1790077800,774.16,774.16,774.04,774.04
1790078100,774.12,774.28,773.9001,773.92
1790078400,773.9,774.2,773.86,774.18
1790078700,774.25,774.25,773.735,773.8
1790079000,774.0,774.1,773.99,774.0
1790079300,774.05,774.23,773.85,773.97
1790079600,774.03,774.25,774.02,774.17
1790079900,774.24,774.34,774.169,774.34
1790080200,774.33,774.57,774.2799,774.49
1790080500,774.49,774.49,774.13,774.18
1790080800,774.14,774.5,774.14,774.17
1790081100,774.22,774.25,774.1609,774.24
1790081400,774.22,774.22,773.95,773.96
1790081700,774.0,774.09,773.9,773.97
1790082000,774.02,774.329,774.009,774.24
1790082300,774.28,774.48,774.04,774.29
1790082600,774.21,774.41,774.2,774.37
1790083800,774.030029296875,775.02001953125,773.8900146484375,774.7999877929688
1790084100,774.8099975585938,775.1400146484375,774.5900268554688,774.9600219726562
1790084400,774.9600219726562,774.9600219726562,774.4000244140625,774.6099853515625
1790084700,774.5999755859375,774.6400146484375,773.8800048828125,774.2999877929688
1790085000,774.2899780273438,774.4299926757812,773.989990234375,774.0800170898438
1790085300,774.0700073242188,774.0999755859375,773.6500244140625,773.8250122070312
1790085600,773.8250122070312,774.239990234375,773.77001953125,774.0601196289062
1790085900,774.0800170898438,774.1699829101562,773.7650146484375,773.780029296875
1790086200,773.7899780273438,774.9099731445312,773.7899780273438,774.3504028320312
1790086500,774.3400268554688,774.4500122070312,773.5499877929688,773.8300170898438
1790086800,773.8206176757812,773.9650268554688,773.5999755859375,773.75
1790087100,773.72998046875,773.8599853515625,773.5,773.5399169921875
1790087400,773.530029296875,774.0599975585938,773.4949951171875,773.72998046875
1790087700,773.72998046875,774.4199829101562,773.27001953125,773.47998046875
1790088000,773.5,773.5599975585938,773.0050048828125,773.27001953125
1790088300,773.27001953125,773.697998046875,772.969970703125,773.6900024414062
1790088600,773.6787109375,773.8699951171875,773.2999877929688,773.5399780273438
1790088900,773.5499877929688,773.739990234375,773.260009765625,773.4099731445312
1790089200,773.3800048828125,773.7000122070312,773.3200073242188,773.5
1790089500,773.510009765625,773.7899780273438,773.33642578125,773.3699951171875
1790089800,773.364990234375,773.5999755859375,773.1799926757812,773.5599975585938
1790090100,773.5615234375,773.7100219726562,773.3900146484375,773.5349731445312
1790090400,773.52001953125,773.6500244140625,773.3900146484375,773.47998046875
1790090700,773.4749755859375,773.7100219726562,773.2899780273438,773.3499755859375
1790091000,773.3400268554688,773.3400268554688,772.9099731445312,772.97998046875
1790091300,772.97998046875,773.010009765625,772.6500244140625,772.7598876953125
1790091600,772.7061157226562,772.9099731445312,772.5700073242188,772.8300170898438
1790091900,772.8300170898438,773.1099853515625,772.75,772.9400024414062
1790092200,772.9000244140625,772.9876708984375,772.7899780273438,772.8200073242188
1790092500,772.8099975585938,773.0499877929688,772.6500244140625,773.0349731445312
1790092800,773.0349731445312,773.2349853515625,772.875,773.030029296875
1790093100,773.02001953125,773.4000244140625,772.8809814453125,773.27001953125
1790093400,773.27001953125,773.3800048828125,773.1799926757812,773.3599853515625
1790093700,773.3790283203125,773.3790283203125,773.030029296875,773.0700073242188
1790094000,773.0645751953125,773.2100219726562,772.72998046875,772.760009765625
1790094300,772.75,772.9400024414062,772.6900024414062,772.9199829101562
1790094600,772.9099731445312,773.25,772.8800048828125,773.219970703125
1790094900,773.2449951171875,773.2449951171875,772.8400268554688,773.030029296875
1790095200,773.030029296875,773.0599975585938,772.7899780273438,773.0499877929688
1790095500,773.0599975585938,773.7100219726562,773.010009765625,773.6500244140625
1790095800,773.6500244140625,773.719970703125,773.4500122070312,773.52001953125
1790096100,773.5275268554688,773.6300048828125,773.3699951171875,773.5800170898438
1790096400,773.5700073242188,773.6400146484375,773.3300170898438,773.3300170898438
1790096700,773.3300170898438,773.6599731445312,773.2550048828125,773.3699951171875
1790097000,773.3800048828125,773.4500122070312,773.22998046875,773.2899780273438
1790097300,773.3099975585938,773.3400268554688,773.1699829101562,773.27001953125
1790097600,773.27001953125,773.27001953125,773.0900268554688,773.1900024414062
1790097900,773.2000122070312,773.5850219726562,773.1599731445312,773.5800170898438
1790098200,773.5499877929688,773.5800170898438,773.3099975585938,773.364990234375
1790098500,773.364990234375,773.4000244140625,773.1799926757812,773.2100219726562
1790098800,773.2000122070312,773.5,773.0999755859375,773.4949951171875
1790099100,773.5,773.5900268554688,773.3499755859375,773.469970703125
1790099400,773.4600219726562,774.3099975585938,773.3599853515625,774.0900268554688
1790099700,774.0999755859375,774.239990234375,773.969970703125,774.1099853515625
1790100000,774.1099853515625,774.1900024414062,773.719970703125,773.9000244140625
1790100300,773.9199829101562,774.1300048828125,773.8699951171875,774.1199951171875
1790100600,774.1099853515625,774.1599731445312,773.8900146484375,773.9500122070312
1790100900,773.9299926757812,774.1099853515625,773.9299926757812,774.0700073242188
1790101200,774.0549926757812,774.4099731445312,774.0399780273438,774.2899780273438
1790101500,774.280029296875,774.3400268554688,774.1199951171875,774.135009765625
1790101800,774.1400146484375,774.25,774.010009765625,774.0399780273438
1790102100,774.0599975585938,774.0800170898438,773.719970703125,773.9000244140625
1790102400,773.9000244140625,774.2000122070312,773.739990234375,774.1199951171875
1790102700,774.1300048828125,774.2100219726562,774.0700073242188,774.1599731445312
1790103000,774.1500244140625,774.1799926757812,774.010009765625,774.0700073242188
1790103300,774.0599975585938,774.0700073242188,773.6799926757812,773.760009765625
1790103600,773.77001953125,773.9400024414062,773.7100219726562,773.9000244140625
1790103900,773.885009765625,774.02001953125,773.8099975585938,773.9000244140625
1790104200,773.9000244140625,774.1099853515625,773.8699951171875,774.0349731445312
1790104500,774.0549926757812,774.280029296875,774.0,774.280029296875
1790104800,774.280029296875,774.3499755859375,774.0999755859375,774.219970703125
1790105100,774.22998046875,774.489990234375,774.2100219726562,774.3900146484375
1790105400,774.3800048828125,774.8800048828125,774.3099975585938,774.8599853515625
1790105700,774.8599853515625,774.9400024414062,774.7000122070312,774.8200073242188
1790106000,774.8300170898438,774.8499755859375,774.25,774.4500122070312
1790106300,774.469970703125,774.75,774.469970703125,774.72998046875
1790106600,774.72998046875,774.9000244140625,774.3499755859375,774.3599853515625
1790106900,774.3599853515625,774.3599853515625,773.2979736328125,773.4400024414062
1790107200,773.4,773.66,773.35,773.58
1790107500,773.59,773.72,773.4421,773.62
1790107800,773.63,773.74,773.38,773.56
1790108100,773.5145,773.56,773.38,773.469
1790108400,773.47,773.5,773.23,773.34
1790108700,773.35,773.4484,773.3,773.34
1790109000,773.32,773.37,773.3,773.3399
1790109300,773.33,773.34,773.25,773.26
1790109600,773.26,773.34,773.23,773.26
1790109900,773.26,773.26,773.12,773.12
1790110200,773.14,773.38,773.05,773.14
1790110500,773.38,773.38,773.03,773.09
1790110800,773.2345,773.38,773.19,773.25
1790111100,773.1601,773.1601,773.1601,773.1601
1790111400,773.17,773.18,773.02,773.14
1790111700,773.23,773.23,773.1,773.1
1790112000,773.13,773.2,773.13,773.2
1790112300,773.15,773.22,773.15,773.212
1790112600,773.2,773.22,773.15,773.15
1790112900,773.11,773.38,773.1,773.21
1790113200,773.12,773.27,773.12,773.27
1790113500,773.27,773.27,773.25,773.266
1790113800,773.261,773.38,773.2535,773.2923
1790114100,773.28,773.29,773.25,773.25
1790114400,773.28,773.67,773.28,773.43
1790114700,773.43,773.67,773.43,773.56
1790115000,773.46,773.58,773.44,773.58
1790115300,773.54,773.59,773.5,773.539
1790115600,773.64,773.699,773.64,773.6823
1790115900,773.6701,773.6701,773.56,773.56
1790116200,773.6297,773.73,773.5866,773.7
1790116500,773.7021,773.73,773.59,773.5931
1790116800,773.591,773.73,773.59,773.64
1790117100,773.65,773.65,773.4,773.4
1790117400,773.38,773.56,773.38,773.56
1790117700,773.58,773.58,773.5,773.5
1790118000,773.5,773.61,773.5,773.5662
1790118300,773.6483,773.6483,773.57,773.5843
1790118600,773.56,773.57,773.5598,773.5598
1790118900,773.54,773.57,773.54,773.55
1790119200,773.57,773.63,773.57,773.62
1790119500,773.61,773.61,773.59,773.59
1790119800,773.63,773.67,773.63,773.67
1790120100,773.65,773.68,773.62,773.67
1790120400,773.62,773.64,773.62,773.64
1790120700,773.605,773.605,773.51,773.51
1790121000,773.52,773.6,773.52,773.6
1790121300,773.56,773.79,773.55,773.74
1790150400,774.34,774.72,774.06,774.24
1790150700,774.23,774.57,774.16,774.42
1790151000,774.46,774.58,774.44,774.53
1790151300,774.51,774.54,774.4,774.52
1790151600,774.6,774.6,774.53,774.59
1790151900,774.61,774.64,774.45,774.47
1790152200,774.44,774.48,774.39,774.41
1790152500,774.35,774.35,774.06,774.1101
1790152800,774.09,774.16,774.0,774.035
1790153100,774.02,774.05,773.88,774.0314
1790153400,774.035,774.09,774.01,774.06
1790153700,774.0652,774.19,774.0652,774.18
1790154000,774.07,774.07,773.95,773.95
1790154300,773.92,774.145,773.92,774.145
1790154600,774.01,774.01,774.01,774.01
1790154900,773.9,773.96,773.88,773.96
1790155200,774.2,774.3,774.2,774.3
1790155500,774.22,774.23,774.22,774.23
1790155800,774.18,774.18,774.18,774.18
1790156100,774.2,774.2,774.17,774.17
1790156400,774.1,774.1063,774.02,774.02
1790156700,774.0,774.0,773.74,773.78
1790157000,773.9,773.99,773.9,773.96
1790157300,773.97,773.97,773.9,773.9
1790157600,773.95,774.13,773.95,774.13
1790158200,774.24,774.24,774.24,774.24
1790158500,774.26,774.34,774.26,774.34
1790158800,774.32,774.32,774.17,774.2
1790159100,774.24,774.26,774.18,774.2
1790159400,774.14,774.14,774.12,774.12
1790159700,774.04,774.11,774.04,774.05
1790160000,774.07,774.07,774.06,774.06
1790160300,774.04,774.04,774.0,774.01
1790160600,773.96,773.96,773.92,773.92
1790160900,774.075,774.13,774.075,774.13
1790161200,774.06,774.06,773.87,773.88
1790161500,773.8,773.86,773.7,773.86
1790161800,773.84,773.9,773.8118,773.8118
1790162100,773.86,773.931,773.7917,773.7917
1790162400,773.79,773.79,773.26,773.29
1790162700,773.35,773.3738,773.15,773.15
1790163000,773.1,773.15,772.77,772.84
1790163300,772.8654,772.8654,772.46,772.66
1790163600,772.65,772.69,772.29,772.62
1790163900,772.62,773.15,772.62,773.0614
1790164200,773.0515,773.14,772.94,773.02
1790164500,773.1,773.11,773.01,773.06
1790164800,773.06,773.21,772.69,772.7
1790165100,772.75,772.8,772.57,772.65
1790165400,772.72,772.72,772.4,772.43
1790165700,772.48,772.56,772.31,772.56
1790166000,772.47,772.68,772.42,772.68
1790166300,772.69,772.79,772.54,772.7
1790166600,772.74,772.82,772.7,772.73
1790166900,772.6977,772.8808,772.6977,772.8
1790167200,772.72,772.73,772.58,772.58
1790167500,772.62,772.74,772.535,772.59
1790167800,772.59,772.6,772.42,772.49
1790168100,772.52,772.79,772.35,772.79
1790168400,772.77,772.79,772.59,772.6511
1790168700,772.65,772.68,772.45,772.5
1790169000,772.5,772.5869,772.33,772.57
1790170200,772.7899780273438,773.0499877929688,772.4400024414062,772.4500122070312
1790170500,772.4299926757812,772.4400024414062,772.0399780273438,772.1599731445312
1790170800,772.155029296875,772.25,771.8800048828125,771.9149780273438
1790171100,771.9000244140625,771.969970703125,771.0,771.1199951171875
1790171400,771.1099853515625,771.2999877929688,770.6900024414062,770.739990234375
1790171700,770.739990234375,770.9099731445312,770.4600219726562,770.6799926757812
1790172000,770.6799926757812,771.0399780273438,770.3599853515625,770.469970703125
1790172300,770.489990234375,770.5800170898438,769.9199829101562,770.0
1790172600,770.010009765625,770.0999755859375,769.2799072265625,769.6099853515625
1790172900,769.5999755859375,769.899169921875,769.0800170898438,769.139892578125
1790173200,769.1099853515625,769.3400268554688,768.5,768.8599853515625
1790173500,768.8599853515625,769.02001953125,768.3699951171875,768.8599853515625
1790173800,768.8499755859375,769.5,768.8250122070312,769.4149780273438
1790174100,769.4038696289062,769.8699951171875,768.8599853515625,768.8599853515625
1790174400,768.864990234375,769.3400268554688,768.6799926757812,769.1900024414062
1790174700,769.1699829101562,769.3499755859375,769.0399780273438,769.239990234375
1790175000,769.22998046875,770.5999755859375,768.8577270507812,770.3800048828125
1790175300,770.3699951171875,770.489990234375,769.8499755859375,770.25
1790175600,770.239990234375,770.27001953125,769.5700073242188,769.8275756835938
1790175900,769.8300170898438,770.02001953125,769.5800170898438,769.9299926757812
1790176200,769.9600219726562,770.010009765625,769.5900268554688,769.6400146484375
1790176500,769.6400146484375,769.8250122070312,769.3200073242188,769.6400146484375
1790176800,769.60302734375,769.9600219726562,769.469970703125,769.8800048828125
1790177100,769.875,769.989990234375,768.9450073242188,769.02001953125
1790177400,769.02001953125,769.0999755859375,768.8300170898438,768.9500122070312
1790177700,768.9199829101562,769.0800170898438,768.77001953125,768.9400024414062
1790178000,768.9400024414062,769.27001953125,768.6500244140625,769.1900024414062
1790178300,769.1900024414062,769.25,768.4500122070312,768.5100708007812
1790178600,768.510009765625,768.719970703125,768.22998046875,768.719970703125
1790178900,768.7205200195312,768.8599853515625,768.5341796875,768.6300048828125
1790179200,768.6300048828125,768.6300048828125,768.25,768.4099731445312
1790179500,768.4099731445312,768.6649780273438,768.2800903320312,768.489990234375
1790179800,768.489990234375,768.7000122070312,768.4099731445312,768.6199951171875
1790180100,768.5800170898438,768.739990234375,768.1599731445312,768.375
1790180400,768.3699951171875,768.409912109375,768.1400146484375,768.3800048828125
1790180700,768.3800048828125,768.47998046875,768.2316284179688,768.4199829101562
1790181000,768.4099731445312,768.72998046875,768.3800048828125,768.4299926757812
1790181300,768.4199829101562,768.530029296875,768.1900024414062,768.2999877929688
1790181600,768.2999877929688,768.3040161132812,767.7999877929688,767.7999877929688
1790181900,767.8099975585938,768.0700073242188,767.5250244140625,767.5700073242188
1790182200,767.5800170898438,767.5900268554688,767.02001953125,767.0599975585938
1790182500,767.030029296875,767.5250244140625,767.02001953125,767.4199829101562
1790182800,767.4099731445312,767.7000122070312,766.5,766.739990234375
1790183100,766.739990234375,767.1900024414062,766.5900268554688,767.1190185546875
1790183400,767.1199951171875,767.260009765625,766.8200073242188,767.1099853515625
1790183700,767.0999755859375,767.9199829101562,766.9400024414062,767.875
1790184000,767.8900146484375,767.9299926757812,767.1799926757812,767.1799926757812
1790184300,767.1699829101562,767.3994750976562,767.1099853515625,767.27001953125
1790184600,767.260009765625,767.5800170898438,767.0599975585938,767.5449829101562
1790184900,767.5499877929688,767.6099853515625,767.280029296875,767.3577270507812
1790185200,767.3641967773438,768.594970703125,767.1699829101562,768.489990234375
1790185500,768.47998046875,768.8400268554688,768.239990234375,768.4099731445312
1790185800,768.4199829101562,768.5900268554688,768.22998046875,768.4500122070312
1790186100,768.5,769.0449829101562,768.3699951171875,769.0
1790186400,768.9849853515625,769.0087890625,768.1300048828125,768.1799926757812
1790186700,768.1799926757812,768.47998046875,768.0499877929688,768.3900146484375
1790187000,768.4149780273438,768.5399780273438,768.2899780273438,768.469970703125
1790187300,768.4699096679688,768.7449951171875,768.27001953125,768.530029296875
1790187600,768.530029296875,768.5800170898438,768.3099975585938,768.5150146484375
1790187900,768.52001953125,768.5999755859375,768.1900024414062,768.27001953125
1790188200,768.280029296875,768.3499755859375,767.9199829101562,768.0999755859375
1790188500,768.0900268554688,768.1699829101562,767.5800170898438,767.6799926757812
1790188800,767.6900024414062,768.0399780273438,767.6900024414062,767.8323974609375
1790189100,767.85498046875,768.10498046875,767.7899780273438,768.0999755859375
1790189400,768.0999755859375,768.1699829101562,767.7899780273438,767.9299926757812
1790189700,767.9299926757812,768.3099975585938,767.8599853515625,768.1799926757812
1790190000,768.1849975585938,768.3200073242188,767.760009765625,767.7899780273438
1790190300,767.7999877929688,768.3200073242188,767.7100219726562,768.125
1790190600,768.125,768.2061157226562,767.8200073242188,767.9349975585938
1790190900,767.9500122070312,768.0,767.5999755859375,767.8200073242188
1790191200,767.7999877929688,767.7999877929688,767.5599975585938,767.6749877929688
1790191500,767.6749877929688,767.8150024414062,767.4299926757812,767.6400756835938
1790191800,767.6599731445312,768.02001953125,767.5399780273438,767.989990234375
1790192100,767.989990234375,768.02001953125,767.7999877929688,768.0050048828125
1790192400,768.0050048828125,768.1500244140625,767.2999877929688,767.5700073242188
1790192700,767.5399780273438,768.010009765625,767.52001953125,767.97998046875
1790193000,767.9600219726562,767.989990234375,766.5700073242188,766.8400268554688
1790193300,766.8400268554688,767.97998046875,766.8200073242188,767.780029296875
1790193600,767.79,767.89,767.5984,767.61
1790193900,767.63,773.4474,767.47,767.68
1790194200,767.69,773.4474,767.59,767.59
1790194500,767.56,767.7154,767.52,767.6305
1790194800,767.81,767.81,767.63,767.71
1790195100,767.73,767.81,767.55,767.62
1790195400,767.67,767.81,767.56,767.589
1790195700,767.59,767.79,767.58,767.79
1790196000,767.79,767.8,767.72,767.72
1790196300,767.8,767.81,767.62,767.63
1790196600,767.64,767.81,767.64,767.73
1790196900,767.81,767.81,767.64,767.69
1790197200,767.66,767.81,767.66,767.71
1790197500,767.75,767.75,767.6728,767.72
1790197800,767.7,767.72,767.7,767.72
1790198100,767.72,767.81,767.7,767.7
1790198400,767.72,767.78,767.72,767.74
1790198700,767.7152,767.74,767.55,767.67
1790199000,767.7323,767.7323,767.6,767.6
1790199300,767.63,767.68,767.63,767.68
1790199600,767.6244,767.78,767.61,767.78
1790199900,767.79,767.79,767.78,767.79
1790200200,767.8,767.81,767.8,767.81
1790200500,767.79,767.79,767.79,767.79
1790200800,767.79,768.25,767.79,768.15
1790201100,768.05,768.22,768.0,768.21
1790201400,768.23,768.24,768.21,768.22
1790201700,768.26,768.399,768.16,768.22
1790202000,768.15,768.19,768.14,768.1506
1790202300,768.17,768.22,768.11,768.18
1790202600,768.06,768.19,768.03,768.06
1790202900,767.95,768.01,767.91,767.9792
1790203200,767.9501,768.05,767.9501,768.05
1790203500,768.05,768.05,767.9793,767.99
1790203800,768.03,768.05,767.9787,767.9787
1790204100,767.98,768.01,767.98,767.98
1790204400,767.9962,768.05,767.9962,768.01
1790204700,767.99,767.99,767.99,767.99
1790205000,767.97,767.97,767.8,767.81
1790205300,767.79,767.91,767.7,767.7
1790205600,767.63,767.67,767.5,767.5
1790205900,767.51,767.51,767.43,767.43
1790206200,767.42,767.4693,767.36,767.38
1790206500,767.4,767.48,767.4,767.48
1790206800,767.4221,767.5,767.36,767.36
1790207100,767.42,767.43,767.25,767.25
1790207400,767.2294,767.45,767.22,767.4
1790207700,767.36,767.37,767.29,767.32
1790236800,764.53,766.48,763.67,764.19
1790237100,764.29,765.89,763.83,763.93
1790237400,763.95,763.97,763.14,763.26
1790237700,763.3,763.58,763.18,763.4
1790238000,763.34,763.34,763.06,763.21
1790238300,763.3,763.43,762.9,762.91
1790238600,763.03,763.69,762.87,762.87
1790238900,762.91,763.12,762.76,763.0872
1790239200,763.0,763.32,762.83,763.18
1790239500,763.24,763.33,762.9,762.9
1790239800,762.88,763.04,762.8,762.84
1790240100,762.84,762.93,762.73,762.85
1790240400,762.97,763.35,762.97,763.08
1790240700,763.25,763.5559,763.06,763.4156
1790241000,763.4,763.5129,763.0,763.12
1790241300,763.12,763.23,762.99,763.23
1790241600,763.29,763.41,763.1,763.36
1790241900,763.52,763.52,763.1,763.1
1790242200,763.13,763.13,762.77,763.08
1790242500,763.12,763.19,762.565,762.69
1790242800,762.7328,762.78,761.81,761.96
1790243100,761.96,762.58,761.86,762.55
1790243400,762.53,762.66,762.47,762.48
1790243700,762.71,763.105,762.71,763.054
1790244000,763.08,763.245,763.05,763.05
1790244300,762.83,762.83,762.77,762.78
1790244600,763.17,763.17,762.87,762.87
1790244900,763.11,763.39,763.09,763.3
1790245200,763.3,763.39,762.76,762.76
1790245500,762.72,763.08,762.45,762.82
1790245800,762.87,763.19,762.65,763.19
1790246100,763.13,763.63,763.125,763.6
1790246400,763.6,763.77,763.6,763.71
1790246700,763.7,764.28,763.63,764.21
1790247000,764.37,764.38,763.76,763.76
1790247300,763.7,763.97,763.56,763.9
1790247600,763.969,764.18,763.71,763.71
1790247900,763.66,763.8,763.46,763.6
1790248200,763.56,763.85,763.28,763.79
1790248500,763.75,764.25,763.59,763.93
1790248800,763.87,764.24,763.8,764.13
1790249100,764.0,764.0,763.739,763.739
1790249400,763.73,764.07,763.7,763.8
1790249700,763.53,763.68,763.25,763.32
1790250000,763.3323,763.35,763.21,763.25
1790250300,763.27,763.27,762.855,762.8795
1790250600,762.89,763.21,762.84,763.2
1790250900,763.26,763.99,763.13,763.83
1790251200,763.8,763.88,763.3,763.39
1790251500,763.43,763.7,763.41,763.615
1790251800,763.62,764.05,763.62,764.0
1790252100,764.0,764.39,763.98,764.31
1790252400,764.37,764.51,764.1662,764.4
1790252700,764.3908,764.43,763.75,763.96
1790253000,764.0,764.1,763.36,763.37
1790253300,763.41,763.4451,763.09,763.3077
1790253600,763.38,764.09,763.345,763.9806
1790253900,764.0,764.1397,763.82,763.8301
1790254200,763.78,764.03,763.6,764.03
1790254500,764.06,764.27,763.99,764.12
1790254800,764.19,764.46,764.15,764.23
1790255100,764.25,764.26,764.05,764.17
1790255400,764.1609,764.58,764.1599,764.44
1790256600,764.0650024414062,764.8499755859375,763.6199951171875,764.7000122070312
1790256900,764.70361328125,765.0599975585938,764.47998046875,765.0120239257812
1790257200,765.0150146484375,765.030029296875,764.3599853515625,764.6500244140625
1790257500,764.6599731445312,765.364990234375,764.489990234375,764.9600219726562
1790257800,764.9849853515625,765.22998046875,764.75048828125,764.9199829101562
1790258100,764.9000244140625,765.489990234375,764.75,765.3800048828125
1790258400,765.3699951171875,765.97998046875,765.25,765.97998046875
1790258700,765.969970703125,766.4324951171875,765.942626953125,766.1900024414062
1790259000,766.2000122070312,766.21142578125,765.7999877929688,766.010009765625
1790259300,766.0150146484375,766.3687133789062,765.6199951171875,766.2000122070312
1790259600,766.2100219726562,766.22998046875,765.7999877929688,765.8400268554688
1790259900,765.8400268554688,766.3200073242188,765.6599731445312,766.0399780273438
1790260200,766.0850219726562,766.1099853515625,765.52001953125,765.9299926757812
1790260500,765.9299926757812,766.1400146484375,765.7000122070312,765.9000244140625
1790260800,765.9099731445312,766.0250244140625,765.1799926757812,765.2899780273438
1790261100,765.260009765625,765.52001953125,764.969970703125,765.2999877929688
1790261400,765.2899780273438,765.6699829101562,764.8049926757812,764.8800048828125
1790261700,764.8800048828125,764.9000244140625,764.1799926757812,764.489990234375
1790262000,764.5,764.77001953125,764.3150024414062,764.3699951171875
1790262300,764.3699951171875,764.4600219726562,764.02001953125,764.0800170898438
1790262600,764.0999755859375,764.2650146484375,763.2449951171875,763.364990234375
1790262900,763.364990234375,764.1599731445312,763.260009765625,763.85498046875
1790263200,763.85498046875,764.5599975585938,763.6699829101562,764.4650268554688
1790263500,764.4699096679688,764.47998046875,763.530029296875,763.6400146484375
1790263800,763.5999755859375,763.760009765625,763.3900146484375,763.510009765625
1790264100,763.510009765625,764.0399780273438,763.510009765625,763.77001953125
1790264400,763.7401123046875,764.1749877929688,763.5650024414062,764.0499877929688
1790264700,764.0650024414062,764.2999877929688,763.4299926757812,763.5700073242188
1790265000,763.5700073242188,764.4299926757812,763.5050048828125,764.2899780273438
1790265300,764.2999877929688,764.3800048828125,763.9600219726562,764.2849731445312
1790265600,764.27001953125,764.3150024414062,763.7000122070312,764.1099853515625
1790265900,764.0999755859375,764.1900024414062,763.75,763.8900146484375
1790266200,763.8800048828125,764.6699829101562,763.6500244140625,764.6199951171875
1790266500,764.6199951171875,768.4000244140625,764.5499877929688,766.8499755859375
1790266800,766.8499755859375,767.3300170898438,766.5999755859375,766.97998046875
1790267100,767.010009765625,767.3579711914062,766.280029296875,767.1500244140625
1790267400,767.1699829101562,767.2550048828125,766.3900146484375,766.8599853515625
1790267700,766.89501953125,767.7899169921875,766.75,767.7698974609375
1790268000,767.77001953125,768.8800048828125,767.5999755859375,767.6300048828125
1790268300,767.6400146484375,768.64501953125,767.2100219726562,768.5499877929688
1790268600,768.5599975585938,768.75,767.8599853515625,768.0800170898438
1790268900,768.0800170898438,768.9500122070312,768.0150146484375,768.260009765625
1790269200,768.260009765625,768.6599731445312,767.530029296875,768.25
1790269500,768.260009765625,768.6599731445312,768.02001953125,768.239990234375
1790269800,768.219970703125,768.530029296875,767.6500244140625,768.3900146484375
1790270100,768.3800048828125,768.4199829101562,767.5050048828125,767.510009765625
1790270400,767.5,767.8599853515625,767.25,767.3624877929688
1790270700,767.3499755859375,767.3800048828125,766.594970703125,767.2249755859375
1790271000,767.219970703125,767.6599731445312,766.8099975585938,766.8499755859375
1790271300,766.8400268554688,767.02001953125,766.530029296875,766.8599853515625
1790271600,766.8800048828125,767.0700073242188,766.1500244140625,766.219970703125
1790271900,766.2100219726562,766.8300170898438,766.0250244140625,766.6599731445312
1790272200,766.655029296875,766.8099975585938,766.4000244140625,766.5399780273438
1790272500,766.5349731445312,767.0800170898438,766.4299926757812,766.9299926757812
1790272800,766.9500122070312,767.010009765625,765.6199951171875,765.6900024414062
1790273100,765.7000122070312,766.969970703125,765.6849975585938,766.7650146484375
1790273400,766.760009765625,767.1099853515625,766.594970703125,767.0150146484375
1790273700,767.0,767.530029296875,766.8499755859375,767.260009765625
1790274000,767.25,767.3099975585938,766.8300170898438,767.1900024414062
1790274300,767.1799926757812,768.030029296875,767.1500244140625,767.6099853515625
1790274600,767.5999755859375,767.6900024414062,767.0999755859375,767.1119995117188
1790274900,767.0999755859375,768.3800048828125,766.9099731445312,767.8200073242188
1790275200,767.7999877929688,767.7999877929688,767.1799926757812,767.489990234375
1790275500,767.5,767.6900024414062,767.4299926757812,767.52001953125
1790275800,767.530029296875,768.0599975585938,767.4849853515625,767.739990234375
1790276100,767.739990234375,768.2849731445312,767.72998046875,767.9400024414062
1790276400,767.9400024414062,768.0399780273438,767.0499877929688,767.2100219726562
1790276700,767.2000122070312,767.5900268554688,767.1799926757812,767.4400024414062
1790277000,767.4500122070312,767.5700073242188,767.22998046875,767.3099975585938
1790277300,767.3099975585938,767.739990234375,767.3099975585938,767.6799926757812
1790277600,767.6799926757812,767.8699951171875,767.510009765625,767.8009033203125
1790277900,767.8099975585938,767.8900146484375,767.47998046875,767.5750122070312
1790278200,767.5800170898438,767.75,767.4199829101562,767.75
1790278500,767.739990234375,767.77001953125,767.4299926757812,767.7650146484375
1790278800,767.7650146484375,767.889892578125,767.530029296875,767.5900268554688
1790279100,767.5800170898438,767.7100219726562,767.3400268554688,767.35498046875
1790279400,767.3699951171875,768.1500244140625,767.3699951171875,767.97998046875
1790279700,767.969970703125,767.97998046875,767.239990234375,767.239990234375
1790280000,767.23,767.617,766.76,766.86
1790280300,766.8692,767.4411,766.8,766.88
1790280600,766.9,767.617,766.51,766.52
1790280900,766.52,767.617,765.89,766.06
1790281200,766.05,767.617,765.87,765.9
1790281500,765.9,765.97,765.66,765.72
1790281800,765.73,767.18,765.72,767.18
1790282100,766.03,767.18,765.92,766.1
1790282400,766.09,766.29,766.01,766.24
1790282700,766.27,766.52,766.27,766.52
1790283000,766.52,767.18,766.51,766.56
1790283300,766.59,766.79,766.56,766.76
1790283600,766.75,767.44,766.43,766.44
1790283900,766.5801,766.5801,766.4301,766.5
1790284200,766.53,766.6002,766.47,766.54
1790284500,766.5,766.5,766.47,766.47
1790284800,766.4467,766.4986,766.43,766.45
1790285100,766.4385,766.46,766.43,766.43
1790285400,766.44,766.49,766.44,766.46
1790285700,766.49,766.49,766.44,766.47
1790286000,766.48,766.54,766.48,766.54
1790286300,766.6,766.6139,766.51,766.51
1790286600,766.66,766.66,766.54,766.65
1790286900,767.18,767.18,766.54,766.54
1790287200,766.57,767.05,766.48,766.95
1790287500,766.89,766.89,766.4,766.67
1790287800,766.68,766.71,766.59,766.59
1790288100,766.5861,766.5861,766.47,766.49
1790288400,766.47,766.47,766.32,766.32
1790288700,766.27,766.27,766.18,766.24
1790289000,766.25,766.4,766.23,766.36
1790289300,766.36,766.4,766.36,766.4
1790289600,766.38,766.55,766.37,766.54
1790289900,766.52,766.52,766.41,766.46
1790290200,766.51,766.51,766.49,766.49
1790290500,766.4652,766.5,766.4,766.45
1790290800,766.45,766.52,766.4,766.5
1790291100,766.54,766.6,766.3,766.3
1790291400,766.32,766.32,766.3142,766.3142
1790291700,766.29,766.32,766.29,766.32
1790292000,766.3,766.42,766.28,766.42
1790292300,766.44,766.61,766.44,766.52
1790292600,766.52,766.63,766.52,766.63
1790292900,766.57,766.64,766.56,766.6
1790293200,766.61,766.64,766.5,766.5
1790293500,766.36,766.36,766.24,766.35
1790293800,766.28,766.28,765.98,766.03
1790294100,765.97,766.01,765.87,765.9
1790323200,768.47,769.11,766.9,768.25
1790323500,768.42,768.44,767.15,768.43
1790323800,768.55,769.04,768.55,768.91
1790324100,769.0,769.12,768.83,768.87
1790324400,769.04,769.195,768.9,769.195
1790324700,769.24,769.4,769.075,769.4
1790325000,769.39,769.64,769.35,769.59
1790325300,769.5999,769.6,769.365,769.4
1790325600,769.43,769.69,769.43,769.69
1790325900,769.795,769.88,769.73,769.73
1790326200,769.72,769.85,769.7,769.85
1790326500,769.9,770.08,769.9,769.955
1790326800,769.9,770.1,769.89,770.04
1790327100,770.01,770.22,770.01,770.2
1790327400,770.18,770.18,770.04,770.1
1790327700,770.01,770.77,769.972,769.98
1790328000,769.8,769.93,769.8,769.93
1790328300,769.86,769.92,769.8,769.8
1790328600,769.8,770.0,769.66,769.94
1790328900,769.98,770.04,769.94,769.97
1790329200,770.03,770.07,769.95,769.99
1790329500,769.89,769.89,769.62,769.78
1790329800,769.75,769.75,769.6,769.7
1790330100,769.83,769.84,769.725,769.73
1790330400,769.74,769.74,769.5056,769.5056
1790330700,769.53,769.6001,769.45,769.6001
1790331000,769.6,769.95,769.6,769.91
1790331300,769.99,770.09,769.93,769.96
1790331600,769.92,769.99,769.84,769.85
1790331900,769.85,769.8933,769.85,769.8817
1790332200,769.89,769.91,769.77,769.79
1790332500,769.92,769.92,769.63,769.65
1790332800,769.545,769.62,769.5,769.58
1790333100,769.53,769.63,769.37,769.42
1790333400,769.51,769.69,769.51,769.6899
1790333700,769.66,769.66,769.52,769.53
1790334000,769.54,769.84,769.51,769.61
1790334300,769.63,770.29,769.63,770.29
1790334600,770.2823,770.5,770.2823,770.5
1790334900,770.63,770.79,770.5,770.63
1790335200,770.6112,770.64,770.52,770.6
1790335500,770.59,770.77,770.57,770.59
1790335800,770.57,770.69,770.469,770.66
1790336100,770.66,771.03,770.4,770.45
1790336400,770.44,770.53,770.4,770.48
1790336700,770.48,770.55,770.4,770.46
1790337000,770.37,770.61,770.34,770.6
1790337300,770.54,770.54,770.28,770.28
1790337600,770.31,770.52,770.24,770.5
1790337900,770.5,770.6,770.37,770.37
1790338200,770.5,770.55,770.11,770.23
1790338500,770.255,770.26,769.81,769.85
1790338800,769.92,770.37,769.92,770.36
1790339100,770.19,770.46,770.19,770.23
1790339400,770.18,770.19,769.73,770.01
1790339700,769.95,770.02,769.73,769.8
1790340000,769.82,769.89,769.32,769.74
1790340300,769.7,770.28,769.06,769.58
1790340600,769.54,769.54,769.295,769.47
1790340900,769.44,769.55,769.3599,769.43
1790341200,769.42,769.65,769.21,769.55
1790341500,769.56,769.74,769.51,769.72
1790341800,769.75,769.98,769.68,769.9
1790343000,768.780029296875,769.52001953125,767.75,769.4400024414062
1790343300,769.4400024414062,769.780029296875,769.25,769.7680053710938
1790343600,769.72998046875,770.0549926757812,769.3300170898438,769.489990234375
1790343900,769.5,769.655029296875,769.0,769.510009765625
1790344200,769.5,770.2550048828125,769.375,770.0900268554688
1790344500,770.094970703125,770.3099975585938,769.5327758789062,769.72998046875
1790344800,769.7249755859375,769.8400268554688,767.530029296875,767.60498046875
1790345100,767.5900268554688,767.75,766.5419921875,767.6599731445312
1790345400,767.6799926757812,767.9299926757812,766.8099975585938,766.9299926757812
1790345700,766.923583984375,767.22998046875,766.2899780273438,767.0499877929688
1790346000,767.0211791992188,767.6599731445312,766.9199829101562,767.469970703125
1790346300,767.5150146484375,767.969970703125,767.2000122070312,767.3900146484375
1790346600,767.4000244140625,767.97998046875,767.219970703125,767.77001953125
1790346900,767.77001953125,768.530029296875,767.6599731445312,768.239990234375
1790347200,768.239990234375,768.3099975585938,767.4749755859375,767.9400024414062
1790347500,767.9199829101562,768.4299926757812,767.5999755859375,768.3499755859375
1790347800,768.2999877929688,768.3300170898438,767.5250244140625,768.2050170898438
1790348100,768.1699829101562,768.8599853515625,768.1599731445312,768.775390625
1790348400,768.77001953125,769.5999755859375,768.6500244140625,769.3499755859375
1790348700,769.3699951171875,769.7999877929688,769.0700073242188,769.0900268554688
1790349000,769.0900268554688,769.1400146484375,768.3350219726562,768.9349975585938
1790349300,768.9500122070312,769.1798706054688,768.4299926757812,768.52001953125
1790349600,768.530029296875,769.3095092773438,768.4099731445312,768.6290283203125
1790349900,768.6099853515625,769.0499877929688,768.530029296875,768.72998046875
1790350200,768.75,769.780029296875,768.72998046875,769.0800170898438
1790350500,769.0800170898438,769.1300048828125,768.1300048828125,768.2100219726562
1790350800,768.2100219726562,768.5449829101562,767.6849975585938,767.739990234375
1790351100,767.7623901367188,768.3250122070312,767.4450073242188,768.2949829101562
1790351400,768.2949829101562,768.614990234375,767.5,768.4000244140625
1790351700,768.3900146484375,769.969970703125,768.3900146484375,769.9400024414062
1790352000,769.9500122070312,771.4400024414062,769.7899780273438,771.2706298828125
1790352300,771.280029296875,771.760009765625,771.1199951171875,771.47998046875
1790352600,771.5,771.97998046875,771.25,771.52001953125
1790352900,771.530029296875,771.8300170898438,770.7265014648438,770.97998046875
1790353200,771.0,771.0800170898438,769.989990234375,770.39501953125
1790353500,770.4400024414062,771.5999755859375,770.3300170898438,771.541015625
1790353800,771.5549926757812,771.719970703125,770.3599853515625,770.6599731445312
1790354100,770.6649780273438,771.3400268554688,770.6400146484375,770.982177734375
1790354400,770.9749755859375,771.4299926757812,770.6699829101562,771.1599731445312
1790354700,771.1300048828125,771.1400146484375,770.280029296875,770.6799926757812
1790355000,770.6799926757812,770.8800048828125,770.5360107421875,770.8300170898438
1790355300,770.8400268554688,770.989990234375,770.1400146484375,770.4400024414062
1790355600,770.4400024414062,771.1694946289062,770.3300170898438,771.0299072265625
1790355900,771.0333862304688,771.1799926757812,770.5349731445312,771.0549926757812
1790356200,771.0399780273438,771.280029296875,770.6799926757812,771.22998046875
1790356500,771.27001953125,771.2999877929688,770.8099975585938,770.9000244140625
1790356800,770.9000244140625,771.219970703125,770.8099975585938,771.2000122070312
1790357100,771.2100219726562,771.2899780273438,771.1099853515625,771.260009765625
1790357400,771.27001953125,771.3699951171875,770.5800170898438,770.75
1790357700,770.780029296875,771.1599731445312,770.5059204101562,770.880126953125
1790358000,770.9199829101562,771.2100219726562,770.8699951171875,770.9400024414062
1790358300,770.9400024414062,771.1799926757812,770.8099975585938,771.1199951171875
1790358600,771.1300048828125,771.1300048828125,770.5999755859375,770.7849731445312
1790358900,770.7849731445312,771.1599731445312,770.7214965820312,771.155029296875
1790359200,771.1500244140625,771.260009765625,771.030029296875,771.0700073242188
1790359500,771.0700073242188,771.1300048828125,770.8300170898438,771.0800170898438
1790359800,771.0800170898438,771.4600219726562,770.9450073242188,771.4600219726562
1790360100,771.4600219726562,771.510009765625,771.22998046875,771.280029296875
1790360400,771.3099975585938,771.3599853515625,771.0999755859375,771.317626953125
1790360700,771.3099975585938,771.4000244140625,770.4199829101562,770.9000244140625
1790361000,770.9099731445312,771.344970703125,770.8900146484375,771.1799926757812
1790361300,771.1799926757812,771.219970703125,770.5,770.6300048828125
1790361600,770.6599731445312,771.030029296875,770.4910278320312,771.030029296875
1790361900,771.0250244140625,771.0999755859375,770.6900024414062,770.8599853515625
1790362200,770.8499755859375,770.9099731445312,770.6199951171875,770.6199951171875
1790362500,770.6300048828125,770.8300170898438,770.5999755859375,770.6699829101562
1790362800,770.7000122070312,771.0,770.4299926757812,770.5900268554688
1790363100,770.5999755859375,770.8699951171875,770.5399780273438,770.6950073242188
1790363400,770.6950073242188,771.10498046875,770.6300048828125,771.0800170898438
1790363700,771.0900268554688,771.1599731445312,770.780029296875,770.7949829101562
1790364000,770.7999877929688,770.864990234375,770.480224609375,770.5599975585938
1790364300,770.5499877929688,770.5499877929688,770.1799926757812,770.3300170898438
1790364600,770.3300170898438,770.5,770.219970703125,770.22998046875
1790364900,770.25,770.9550170898438,770.2100219726562,770.9349975585938
1790365200,770.9400024414062,771.3300170898438,770.75,771.1799926757812
1790365500,771.1900024414062,771.969970703125,771.1900024414062,771.7100219726562
1790365800,771.7100219726562,772.280029296875,771.7100219726562,771.7999877929688
1790366100,771.8200073242188,771.9099731445312,771.1500244140625,771.2999877929688
1790366400,771.31,771.59,771.17,771.5
1790366700,771.48,771.55,767.4413,771.36
1790367000,771.37,771.38,771.23,771.23
1790367300,771.23,771.3632,771.12,771.23
1790367600,771.27,771.3,771.1275,771.17
1790367900,771.13,771.2,771.09,771.17
1790368200,771.18,771.4,771.18,771.37
1790368500,771.36,771.43,771.36,771.38
1790368800,771.39,771.53,771.37,771.53
1790369100,771.52,771.52,771.4732,771.48
1790369400,771.47,771.6,771.35,771.5
1790369700,771.477,771.49,771.44,771.45
1790370000,771.56,771.68,746.6931,771.61
1790370300,771.62,771.62,771.35,771.55
1790370600,771.5417,771.61,771.35,771.35
1790370900,771.6229,771.6229,771.4277,771.53
1790371200,771.43,771.5,771.3938,771.4088
1790371500,771.4015,772.5,771.35,772.1
1790371800,772.1,772.4133,768.3,772.3
1790372100,772.3,773.32,772.3,772.41
1790372400,772.43,772.43,772.02,772.02
1790372700,772.11,772.36,772.11,772.35
1790373000,772.3,772.4,772.3,772.3
1790373300,772.3,772.3031,772.05,772.05
1790373600,772.09,772.33,771.35,772.3289
1790373900,772.33,772.35,771.35,772.33
1790374200,772.33,772.4,772.33,772.33
1790374500,772.33,772.3408,772.33,772.33
1790374800,772.33,772.38,772.33,772.33
1790375100,772.33,772.4,772.33,772.4
1790375400,772.36,772.38,772.33,772.38
1790375700,772.27,772.3566,772.27,772.31
1790376000,772.3,772.3,772.3,772.3
1790376300,772.3001,772.3001,772.3,772.3
1790376600,772.31,772.34,772.3,772.34
1790376900,772.3,772.31,772.3,772.3
1790377200,772.3,772.31,772.3,772.3
1790377500,772.3,772.3012,772.3,772.3012
1790378100,772.3,772.35,772.3,772.35
1790378400,772.3,772.34,772.3,772.34
1790378700,772.3615,772.3615,772.3,772.3
1790379000,772.3,772.36,772.3,772.3
1790379300,772.3301,772.3301,772.3,772.3
1790379600,772.3,772.3001,772.3,772.3
1790379900,772.3,772.3,772.02,772.02
1790380200,772.09,772.15,772.0,772.0
1790380500,771.99,772.0997,771.9101,772.04
1790582400,768.69,769.32,767.64,768.08
1790582700,768.14,768.62,767.87,768.22
1790583000,768.1662,768.64,768.11,768.64
1790583300,768.52,768.52,768.0,768.16
1790583600,768.13,768.255,768.0,768.0
1790583900,768.42,768.48,768.245,768.397
1790584200,768.3,768.3,768.24,768.24
1790584500,768.22,768.22,767.6,767.655
1790584800,767.81,767.98,767.73,767.73
1790585100,767.78,767.94,767.7,767.88
1790585400,767.88,768.05,767.88,767.93
1790585700,767.7748,767.96,767.7748,767.86
1790586000,767.77,768.13,767.5,767.57
1790586300,767.5,767.52,767.21,767.25
1790586600,767.23,767.23,767.09,767.15
1790586900,767.2,767.51,767.09,767.5
1790587200,767.55,767.88,767.55,767.7
1790587500,767.69,767.74,767.45,767.6465
1790587800,767.57,767.62,767.31,767.31
1790588100,767.18,767.47,767.18,767.38
1790588400,767.68,767.75,767.52,767.75
1790588700,767.78,767.9,767.78,767.79
1790589000,767.94,767.94,767.68,767.68
1790589300,767.63,767.64,767.4392,767.4392
1790589600,767.77,767.77,767.6,767.6
1790589900,767.61,767.61,767.08,767.15
1790590200,767.1887,767.4,766.82,767.13
1790590500,767.27,767.35,767.12,767.12
1790590800,767.11,767.225,767.05,767.05
1790591100,767.1105,767.23,767.0,767.06
1790591400,767.08,767.23,767.04,767.16
1790591700,767.26,767.26,767.05,767.13
1790592000,767.29,767.3,767.13,767.15
1790592300,767.24,767.3201,767.19,767.32
1790592600,767.28,767.93,767.28,767.5
1790592900,767.47,767.47,767.17,767.21
1790593200,767.21,768.04,767.195,767.38
1790593500,767.46,767.5,767.21,767.5
1790593800,767.5,767.52,767.319,767.45
1790594100,767.45,768.06,767.34,767.34
1790594400,767.39,768.1,767.33,768.1
1790594700,768.0338,768.07,767.95,768.01
1790595000,768.09,768.09,767.72,767.82
1790595300,767.86,767.97,767.8109,767.91
1790595600,767.88,768.07,767.72,767.85
1790595900,767.95,768.02,767.86,767.92
1790596200,767.885,767.92,767.735,767.77
1790596500,767.764,768.09,767.764,767.87
1790596800,767.9,768.8,767.4,768.65
1790597100,768.5668,769.04,768.4212,768.66
1790597400,768.83,768.96,768.46,768.65
1790597700,768.69,768.99,768.6231,768.95
1790598000,769.0046,769.155,768.43,768.72
1790598300,768.58,769.11,768.52,768.52
1790598600,768.53,768.91,768.4548,768.91
1790598900,768.75,768.97,768.59,768.76
1790599200,768.66,768.88,768.46,768.88
1790599500,768.96,769.12,768.73,768.78
1790599800,768.77,769.14,768.7,769.12
1790600100,769.09,769.21,768.83,769.1585
1790600400,769.08,769.08,768.57,768.61
1790600700,768.56,768.74,768.53,768.68
1790601000,768.67,768.77,768.65,768.66
1790602200,768.3499755859375,768.6099853515625,767.489990234375,767.77001953125
1790602500,767.72998046875,767.740478515625,766.969970703125,767.469970703125
1790602800,767.4600219726562,767.780029296875,767.030029296875,767.6300048828125
1790603100,767.5999755859375,768.3400268554688,767.3599853515625,768.0407104492188
1790603400,768.0399780273438,768.5,767.5700073242188,768.239990234375
1790603700,768.2100219726562,768.4000244140625,767.6300048828125,768.3599853515625
1790604000,768.3400268554688,768.4193725585938,767.6799926757812,767.7100219726562
1790604300,767.719970703125,768.02001953125,767.4500122070312,767.77001953125
1790604600,767.75,767.7999877929688,766.97998046875,767.25
1790604900,767.2501220703125,767.6900024414062,767.030029296875,767.489990234375
1790605200,767.4799194335938,767.9199829101562,767.1900024414062,767.7000122070312
1790605500,767.7000122070312,767.8200073242188,767.3350219726562,767.4500122070312
1790605800,767.4401245117188,767.4600219726562,767.0700073242188,767.1699829101562
1790606100,767.1500244140625,767.22998046875,766.3499755859375,766.4376831054688
1790606400,766.4400024414062,766.5599975585938,765.219970703125,765.259521484375
1790606700,765.2650146484375,765.3400268554688,763.7899780273438,764.260009765625
1790607000,764.239990234375,764.8099975585938,763.9349975585938,763.9349975585938
1790607300,763.9299926757812,764.4600219726562,763.7150268554688,764.1500244140625
1790607600,764.155029296875,764.72998046875,764.1199951171875,764.614990234375
1790607900,764.6099853515625,765.6599731445312,764.3599853515625,765.6586303710938
1790608200,765.6599731445312,765.77001953125,765.0399780273438,765.1400146484375
1790608500,765.1500244140625,765.2449951171875,764.7520141601562,765.0850219726562
1790608800,765.0800170898438,765.0800170898438,764.6217041015625,764.8350219726562
1790609100,764.8300170898438,765.239990234375,764.6199951171875,765.0700073242188
1790609400,765.0900268554688,765.1799926757812,764.719970703125,765.0449829101562
1790609700,765.0599975585938,765.72998046875,764.9299926757812,765.719970703125
1790610000,765.719970703125,765.72998046875,764.6599731445312,764.9500122070312
1790610300,764.9500122070312,765.0800170898438,764.739990234375,764.9400024414062
1790610600,764.9149780273438,765.22998046875,764.8200073242188,765.22998046875
1790610900,765.22998046875,765.5700073242188,765.1900024414062,765.5050048828125
1790611200,765.489990234375,765.6400146484375,765.1502075195312,765.2999877929688
1790611500,765.2899780273438,765.6950073242188,765.1400146484375,765.6005249023438
1790611800,765.5938720703125,765.8300170898438,765.3200073242188,765.4000244140625
1790612100,765.3900146484375,766.8699951171875,765.3333740234375,766.5499877929688
1790612400,766.5399780273438,767.9500122070312,766.4000244140625,767.7901000976562
1790612700,767.8099975585938,769.5399780273438,767.7600708007812,768.7100219726562
1790613000,768.7000122070312,768.77001953125,767.4400024414062,767.8300170898438
1790613300,767.8499755859375,768.1900024414062,767.3599853515625,767.47998046875
1790613600,767.5,767.6649780273438,766.6400146484375,766.989990234375
1790613900,766.989990234375,767.4500122070312,766.6699829101562,766.8800048828125
1790614200,766.8800048828125,767.2999877929688,766.6799926757812,767.219970703125
1790614500,767.2150268554688,767.3099975585938,767.0449829101562,767.1967163085938
1790614800,767.1199951171875,767.1500244140625,766.6300048828125,766.8599853515625
1790615100,766.8699951171875,766.9199829101562,766.4600219726562,766.6199951171875
1790615400,766.6300048828125,769.280029296875,766.5900268554688,768.8900146484375
1790615700,768.89501953125,768.89501953125,767.281005859375,767.2849731445312
1790616000,767.2849731445312,767.4749755859375,767.0599975585938,767.3145141601562
1790616300,767.3300170898438,767.489990234375,766.8800048828125,767.0599975585938
1790616600,767.0399780273438,767.52001953125,766.9249877929688,767.1699829101562
1790616900,767.1900024414062,767.4500122070312,766.8499755859375,767.1900024414062
1790617200,767.2100219726562,767.3499755859375,767.0349731445312,767.1699829101562
1790617500,767.1749877929688,767.4409790039062,767.0,767.3800048828125
1790617800,767.3599853515625,767.47998046875,767.1400146484375,767.4400024414062
1790618100,767.4500122070312,767.489990234375,767.0399780273438,767.2899780273438
1790618400,767.2999877929688,767.4600219726562,766.8900146484375,767.4099731445312
1790618700,767.4299926757812,767.4600219726562,767.1099853515625,767.2899169921875
1790619000,767.280029296875,767.530029296875,767.1900024414062,767.4400024414062
1790619300,767.4500122070312,767.5599975585938,767.02001953125,767.02001953125
1790619600,767.02001953125,767.25,766.6799926757812,766.8400268554688
1790619900,766.8699951171875,767.0499877929688,766.8300170898438,766.9000244140625
1790620200,766.905029296875,767.0700073242188,766.5,766.7899780273438
1790620500,766.780029296875,766.9199829101562,766.3400268554688,766.4000854492188
1790620800,766.4199829101562,767.155029296875,766.3200073242188,767.1099853515625
1790621100,767.1199951171875,767.2562255859375,766.7999877929688,767.1500244140625
1790621400,767.1400146484375,767.3049926757812,766.760009765625,767.0499877929688
1790621700,767.0399780273438,767.1799926757812,766.8599853515625,766.97998046875
1790622000,767.0,767.030029296875,766.25,766.5599975585938
1790622300,766.5399780273438,766.6599731445312,766.27001953125,766.280029296875
1790622600,766.280029296875,766.2899169921875,765.780029296875,765.8699951171875
1790622900,765.8499755859375,766.0900268554688,765.6300048828125,765.9099731445312
1790623200,765.9298706054688,766.1099853515625,765.8099975585938,766.0499877929688
1790623500,766.0399780273438,766.239990234375,765.8200073242188,765.989990234375
1790623800,766.0,766.0549926757812,765.5599975585938,765.8699951171875
1790624100,765.8599853515625,766.0399780273438,765.125,765.1849975585938
1790624400,765.1900024414062,765.5800170898438,765.1300048828125,765.4500122070312
1790624700,765.4400024414062,765.6900024414062,765.219970703125,765.2899780273438
1790625000,765.280029296875,765.5700073242188,764.8599853515625,764.8699951171875
1790625300,764.8599853515625,765.6799926757812,764.8300170898438,765.5
1790625600,765.54,765.76,765.44,765.71
1790625900,765.6845,765.6845,765.26,765.4
1790626200,765.4,765.61,765.2,765.38
1790626500,765.27,765.3793,765.2,765.37
1790626800,765.61,765.61,765.34,765.39
1790627100,765.4,765.52,765.39,765.51
1790627400,765.41,771.3549,765.38,765.42
1790627700,765.4,765.44,765.37,765.4
1790628000,765.38,765.41,765.29,765.31
1790628300,765.29,765.29,765.16,765.18
1790628600,765.16,765.1938,765.0,765.17
1790628900,765.2,765.62,765.2,765.5
1790629200,765.51,765.65,765.5,765.63
1790629500,765.6301,765.95,765.63,765.95
1790629800,765.9,765.95,765.7,765.76
1790630100,765.72,765.8318,765.72,765.8318
1790630400,765.84,765.84,765.75,765.82
1790630700,765.84,765.87,765.82,765.87
1790631000,765.8,765.87,765.62,765.66
1790631300,765.66,765.75,765.61,765.75
1790631600,765.77,765.85,765.77,765.85
1790631900,765.82,765.86,765.7,765.76
1790632200,765.8,765.8,765.73,765.77
1790632500,765.72,765.75,765.67,765.67
1790632800,765.68,765.74,765.08,765.26
1790633100,765.15,765.82,765.13,765.82
1790633400,765.89,766.16,765.72,766.0977
1790633700,765.95,766.11,765.95,766.01
1790634000,765.96,765.96,765.85,765.8999
1790634300,765.89,766.0,765.83,766.0
1790634600,765.9,765.9,765.61,765.85
1790634900,765.8909,765.92,765.89,765.92
1790635200,765.87,765.92,765.87,765.8938
1790635500,765.91,765.93,765.85,765.85
1790635800,765.9069,765.95,765.88,765.8808
1790636100,765.88,765.99,765.88,765.92
1790636400,765.94,765.94,765.83,765.83
1790636700,765.8652,765.89,765.8652,765.89
1790637000,765.924,765.96,765.8405,765.8405
1790637300,765.89,765.989,765.8777,765.89
1790637600,765.92,765.92,765.92,765.92
1790637900,766.03,766.03,765.99,765.99
1790638200,765.95,765.95,765.88,765.88
1790638500,765.81,765.85,765.81,765.85
1790638800,765.96,766.01,765.939,765.939
1790639100,765.84,765.84,765.57,765.62
1790639400,765.6,765.84,765.5704,765.84
1790639700,765.96,765.96,765.8,765.8
1790668800,765.31,766.43,762.7,765.37
1790669100,765.37,765.45,765.11,765.1305
1790669400,765.2,765.22,765.14,765.14
1790669700,765.23,765.49,765.23,765.49
1790670000,765.71,765.8,765.575,765.575
1790670300,765.45,765.52,765.44,765.52
1790670600,765.45,765.51,765.38,765.38
1790670900,765.44,765.76,765.31,765.71
1790671200,765.68,765.86,765.49,765.86
1790671500,765.76,765.89,765.61,765.84
1790671800,765.81,765.81,765.23,765.27
1790672100,765.32,765.44,765.32,765.44
1790672400,765.58,765.62,765.35,765.35
1790672700,765.36,765.4,765.36,765.39
1790673000,765.36,765.49,765.31,765.32
1790673300,765.27,765.27,765.09,765.27
1790673600,765.28,765.28,764.85,764.86
1790673900,764.87,764.95,764.83,764.83
1790674200,764.81,764.92,764.68,764.89
1790674500,764.91,764.99,764.91,764.99
1790674800,764.89,765.33,764.89,765.33
1790675100,765.33,765.6,765.18,765.33
1790675400,765.27,765.5,764.9799,765.32
1790675700,765.22,765.33,764.75,764.83
1790676000,764.9539,765.23,764.95,765.15
1790676300,765.23,765.5843,765.23,765.58
1790676600,765.5751,765.72,765.5751,765.62
1790676900,765.42,765.4296,765.42,765.4296
1790677200,765.38,765.52,765.35,765.4134
1790677500,765.45,765.55,765.43,765.5201
1790677800,765.755,765.89,765.38,765.38
1790678100,765.48,765.69,765.45,765.58
1790678400,765.73,765.73,765.66,765.67
1790678700,765.8505,765.8505,765.74,765.83
1790679000,765.77,766.0,765.72,766.0
1790679300,765.83,766.3,765.79,766.3
1790679600,766.3113,766.82,766.3113,766.5
1790679900,766.67,766.85,766.38,766.38
1790680200,766.37,766.39,766.27,766.39
1790680500,766.38,766.69,766.38,766.6
1790680800,766.5683,766.78,766.5196,766.78
1790681100,766.77,766.87,766.68,766.75
1790681400,766.71,767.03,766.69,766.92
1790681700,766.91,767.05,766.91,767.0
1790682000,767.03,767.03,766.72,766.88
1790682300,766.91,767.88,766.58,767.69
1790682600,767.44,767.72,767.06,767.2534
1790682900,767.4,767.5,767.25,767.34
1790683200,767.32,767.74,767.32,767.67
1790683500,767.6,767.605,767.45,767.49
1790683800,767.45,767.6,767.35,767.37
1790684100,767.5,767.73,767.27,767.27
1790684400,767.29,767.38,766.93,767.0062
1790684700,767.05,767.05,766.65,766.96
1790685000,766.92,767.0,766.7,766.85
1790685300,766.85,766.87,766.65,766.65
1790685600,766.64,766.88,766.63,766.81
1790685900,766.78,766.8,766.435,766.57
1790686200,766.6077,766.69,766.36,766.36
1790686500,766.4056,766.48,766.3,766.37
1790686800,766.34,766.61,766.32,766.385
1790687100,766.38,766.67,766.38,766.67
1790687400,766.68,766.76,765.41,766.76
1790688600,766.8300170898438,766.97998046875,765.1199951171875,765.385009765625
1790688900,765.3900146484375,765.8300170898438,765.2899780273438,765.8099975585938
1790689200,765.8699951171875,765.9299926757812,764.9349975585938,765.114990234375
1790689500,765.114990234375,765.5,764.6400146484375,764.9901123046875
1790689800,765.010009765625,765.530029296875,764.8798828125,765.2550048828125
1790690100,765.260009765625,765.6589965820312,764.5999755859375,764.719970703125
1790690400,764.6900024414062,765.6300048828125,764.6799926757812,764.905029296875
1790690700,764.8900146484375,765.1199951171875,764.6099853515625,765.030029296875
1790691000,765.030029296875,765.4600219726562,764.6699829101562,765.1649780273438
1790691300,765.1699829101562,765.5399780273438,764.8200073242188,765.3800048828125
1790691600,765.4400024414062,765.5449829101562,764.77001953125,765.030029296875
1790691900,765.02001953125,765.75,764.9600219726562,765.3099975585938
1790692200,765.2999877929688,765.6300048828125,764.9400024414062,765.3300170898438
1790692500,765.3250122070312,765.4500122070312,764.9500122070312,765.3599853515625
1790692800,765.3499755859375,765.75,764.7999877929688,765.0800170898438
1790693100,765.0900268554688,765.27001953125,764.489990234375,764.52001953125
1790693400,764.52001953125,765.5499877929688,764.5,765.5499877929688
1790693700,765.530029296875,765.5750122070312,764.8117065429688,764.8599853515625
1790694000,764.8699951171875,764.9500122070312,764.2001953125,764.239990234375
1790694300,764.22998046875,764.419921875,763.8599853515625,764.0499877929688
1790694600,764.0499877929688,764.2698974609375,763.5800170898438,764.1599731445312
1790694900,764.1599731445312,764.3300170898438,763.280029296875,763.2849731445312
1790695200,763.2999267578125,763.3900146484375,762.6400146484375,762.9000244140625
1790695500,762.9000244140625,763.1199951171875,762.5700073242188,762.9398193359375
1790695800,762.989990234375,763.8599853515625,762.864990234375,763.7899780273438
1790696100,763.8074951171875,764.1199951171875,763.6199951171875,763.8400268554688
1790696400,763.8499755859375,763.9000244140625,763.4400024414062,763.7349853515625
1790696700,763.739990234375,764.2899780273438,763.3099975585938,763.9000244140625
1790697000,763.905029296875,764.0999755859375,762.89501953125,763.105712890625
1790697300,763.1199951171875,763.3200073242188,762.9650268554688,763.2999877929688
1790697600,763.25,763.280029296875,762.6699829101562,762.7899780273438
1790697900,762.77001953125,763.3499755859375,762.6500244140625,763.2739868164062
1790698200,763.27001953125,763.4600219726562,762.8599853515625,762.97998046875
1790698500,762.989990234375,763.1900024414062,762.9000244140625,763.1400146484375
1790698800,763.1699829101562,763.4299926757812,762.87060546875,763.1400146484375
1790699100,763.14501953125,763.5599975585938,763.1099853515625,763.39501953125
1790699400,763.3795166015625,763.4000244140625,763.0900268554688,763.22998046875
1790699700,763.219970703125,763.47998046875,763.219970703125,763.4099731445312
1790700000,763.4099731445312,763.4149780273438,762.65478515625,762.6699829101562
1790700300,762.6749877929688,763.1300048828125,762.4000244140625,763.02001953125
1790700600,763.02001953125,763.3300170898438,762.8701171875,763.0513916015625
1790700900,763.0599975585938,763.0599975585938,762.5700073242188,762.9948120117188
1790701200,762.989990234375,762.989990234375,762.3699951171875,762.7000122070312
1790701500,762.6699829101562,762.8099975585938,762.510009765625,762.52001953125
1790701800,762.5399780273438,762.885009765625,762.469970703125,762.760009765625
1790702100,762.77001953125,762.8400268554688,762.3499755859375,762.5700073242188
1790702400,762.5800170898438,763.030029296875,762.4299926757812,763.0225219726562
1790702700,763.030029296875,763.1599731445312,762.905029296875,763.0800170898438
1790703000,763.0700073242188,763.25,762.9099731445312,763.2000122070312
1790703300,763.2100219726562,763.2999877929688,763.0349731445312,763.1799926757812
1790703600,763.1799926757812,763.3250122070312,762.7999877929688,763.2700805664062
1790703900,763.2899780273438,763.469970703125,763.02001953125,763.0499877929688
1790704200,763.0599975585938,763.1400146484375,762.5700073242188,762.7449951171875
1790704500,762.75,762.75,762.385009765625,762.6199951171875
1790704800,762.6500244140625,763.8800048828125,762.6400146484375,763.714111328125
1790705100,763.719970703125,764.019775390625,762.969970703125,763.030029296875
1790705400,763.030029296875,763.8294067382812,762.97998046875,763.739990234375
1790705700,763.7449951171875,763.9600219726562,763.6651000976562,763.9000244140625
1790706000,763.9000244140625,764.3900146484375,763.7999877929688,763.9099731445312
1790706300,763.9199829101562,764.2100830078125,763.8400268554688,763.969970703125
1790706600,763.9650268554688,764.4000244140625,763.5700073242188,763.8800048828125
1790706900,763.8900146484375,764.9600219726562,763.7999877929688,764.8800048828125
1790707200,764.8800048828125,765.2999877929688,764.6400146484375,764.844970703125
1790707500,764.8499755859375,764.97998046875,764.3900146484375,764.6793212890625
1790707800,764.6599731445312,764.8300170898438,764.5399780273438,764.6300048828125
1790708100,764.6199951171875,764.9199829101562,764.510009765625,764.8699951171875
1790708400,764.8599853515625,765.0499877929688,764.7100219726562,765.0100708007812
1790708700,765.02001953125,765.0599975585938,764.719970703125,764.72998046875
1790709000,764.719970703125,764.8200073242188,764.3400268554688,764.3699951171875
1790709300,764.3800048828125,764.5800170898438,764.280029296875,764.530029296875
1790709600,764.52001953125,764.8300170898438,764.3800048828125,764.5599975585938
1790709900,764.5599975585938,764.6749877929688,764.4099731445312,764.5700073242188
1790710200,764.5900268554688,764.8300170898438,764.3900146484375,764.5449829101562
1790710500,764.5399780273438,764.6799926757812,764.4199829101562,764.510009765625
1790710800,764.489990234375,764.5399780273438,764.02001953125,764.1099853515625
1790711100,764.1199951171875,764.3599853515625,763.9099731445312,764.219970703125
1790711400,764.2100219726562,764.7999877929688,764.1599731445312,764.5700073242188
1790711700,764.5800170898438,764.5900268554688,763.760009765625,764.2899780273438
1790712000,764.23,765.4053,764.2,764.7
1790712300,764.68,764.7,764.2,764.59
1790712600,764.59,764.74,764.1255,764.65
1790712900,764.64,764.72,764.2,764.7191
1790713200,764.7311,764.74,764.64,764.71
1790713500,764.72,765.4053,764.68,764.91
1790713800,764.92,765.4053,764.2,765.06
1790714100,764.9995,765.0894,764.93,765.0894
1790714400,765.12,765.4053,765.06,765.14
1790714700,765.13,765.1331,764.99,765.02
1790715000,764.92,764.98,764.92,764.96
1790715300,764.97,764.97,764.85,764.92
1790715600,764.86,764.89,764.2,764.6
1790715900,764.6,764.88,764.6,764.85
1790716200,764.75,764.8215,764.64,764.8077
1790716500,764.85,764.96,764.8,764.87
1790716800,764.76,764.9318,764.76,764.9318
1790717100,764.86,764.95,764.8025,764.8025
1790717400,764.95,764.95,764.9,764.9
1790717700,764.94,764.94,764.94,764.94
1790718000,764.92,764.95,764.92,764.95
1790718300,764.9,764.9342,764.9,764.9342
1790718600,764.94,764.9442,764.2,764.2
1790718900,764.93,764.94,764.93,764.94
1790719200,764.95,765.443,764.95,765.437
1790719500,765.46,765.57,765.46,765.57
1790719800,765.56,765.68,765.51,765.51
1790720100,765.47,765.87,765.46,765.86
1790720400,765.94,765.94,765.6485,765.6485
1790720700,765.63,765.69,765.36,765.38
1790721000,765.39,765.42,765.15,765.2918
1790721300,765.31,765.32,765.23,765.2512
1790721600,765.3,765.37,765.3,765.34
1790721900,765.35,765.35,765.3,765.3
1790722200,765.31,765.33,765.3,765.3262
1790722500,765.2877,765.32,765.2877,765.3
1790722800,765.25,765.2911,765.2,765.287
1790723100,765.23,765.36,765.23,765.3138
1790723400,765.37,765.42,765.37,765.42
1790723700,765.45,765.48,765.43,765.43
1790724000,765.47,765.47,765.3777,765.42
1790724300,765.39,765.55,765.39,765.501
1790724600,765.5,765.58,765.47,765.58
1790724900,765.583,765.88,765.583,765.85
1790725200,765.77,765.8576,765.73,765.75
1790725500,765.76,766.01,765.75,766.0
1790725800,765.91,766.01,765.86,765.9
1790726100,765.95,766.099,765.95,766.0693
1790726396,766.0693,766.0693,766.0693,766.0693
